id,paper_id,method,k,nDCG@10,R@5,R@10,Success@5,Success@10,RR@10,hit,complete,union_complete,union_recall,max_recall,max_f1,union_f1,hit_without_complete,complete_without_union
000549a217ea24432c0656598279dbb85378c113,1804.05253,bm25,5,1.0,1.0,1.0,1.0,1.0,1.0,1,1,1,1.0,1.0,0.3333333333333333,0.3333333333333333,0,0
00341a46a67d31d36e6dc54d5297626319584891,1604.02201,bm25,5,1.0,1.0,1.0,1.0,1.0,1.0,1,1,1,1.0,1.0,0.3333333333333333,0.3333333333333333,0,0
00aea97f69290b496ed11eb45a201ad28d741460,1909.01860,bm25,5,0.6309297535714575,1.0,1.0,1.0,1.0,0.5,1,1,1,1.0,1.0,0.3333333333333333,0.3333333333333333,0,0
00c443f8d32d6baf7c7cea8f4ca9fa749532ccfd,1612.00866,bm25,5,0.43067655807339306,1.0,1.0,1.0,1.0,0.25,1,1,1,1.0,1.0,0.3333333333333333,0.3333333333333333,0,0
00db191facf903cef18fb1727d1cab638c277e0a,1906.05506,bm25,5,0.3065735963827292,0.5,0.5,1.0,1.0,0.3333333333333333,1,1,0,0.5,1.0,0.3333333333333333,0.2857142857142857,0,1
00df1ff914956d4d23299d02fd44e4c985bb61fa,1903.10318,bm25,5,1.0,1.0,1.0,1.0,1.0,1.0,1,1,1,1.0,1.0,0.3333333333333333,0.3333333333333333,0,0
00e4c9aa87411dfc5455fc92f10e5c9266e7b95e,1710.06923,bm25,5,0.0,0.0,0.0,0.0,0.0,0.0,0,0,0,0.0,0.0,0.0,0.0,0,0
00f507053c47e55d7e72bebdbd8a75b3ca88cf85,1806.07042,bm25,5,0.6309297535714575,1.0,1.0,1.0,1.0,0.5,1,1,1,1.0,1.0,0.3333333333333333,0.3333333333333333,0,0
00ffe2c59a3ba18d6d2b353d6ab062a152c88526,1709.05453,bm25,5,0.48381288316677695,0.5,1.0,1.0,1.0,0.3333333333333333,1,1,0,0.5,1.0,0.3333333333333333,0.2857142857142857,0,1
014a3aa07686ee18a86c977bf0701db082e8480b,1908.06493,bm25,5,0.11751610475642714,0.0,0.25,0.0,1.0,0.1111111111111111,0,0,0,0.0,0.0,0.0,0.0,0,0
018b81f810a39b3f437a85573d24531efccd835f,1906.11085,bm25,5,0.0,0.0,0.0,0.0,0.0,0.0,0,0,0,0.0,0.0,0.0,0.0,0,0
01c8c3836467a4399cc37e86244b5bdc5dda2401,1804.09692,bm25,5,0.6309297535714575,1.0,1.0,1.0,1.0,0.5,1,1,1,1.0,1.0,0.3333333333333333,0.3333333333333333,0,0
028d0d9b7a71133e51a14a32cd09dea1e2f39f05,1804.01155,bm25,5,0.0,0.0,0.0,0.0,0.0,0.0,0,0,0,0.0,0.0,0.0,0.0,0,0
02a5acb484bda77ef32a13f5d93d336472cf8cd4,1612.04118,bm25,5,0.0,0.0,0.0,0.0,0.0,0.0,0,0,0,0.0,0.0,0.0,0.0,0,0
036c400424357457e42b22df477b7c3cdc2eefe9,1711.11118,bm25,5,0.6309297535714575,1.0,1.0,1.0,1.0,0.5,1,1,1,1.0,1.0,0.3333333333333333,0.3333333333333333,0,0
042800c3336ed5f4826203616a39747c61382ba6,1709.05453,bm25,5,0.38685280723454163,0.5,0.5,1.0,1.0,0.5,1,1,0,0.5,1.0,0.3333333333333333,0.2857142857142857,0,1
04796aaa59eeb2176339c0651838670fd916074d,1906.11085,bm25,5,0.38685280723454163,1.0,1.0,1.0,1.0,0.2,1,1,1,1.0,1.0,0.3333333333333333,0.3333333333333333,0,0
051034cc94f2c02d3041575c53f969b3311c9ea1,1804.07445,bm25,5,0.6045093387918965,0.3333333333333333,1.0,1.0,1.0,0.5,1,1,0,0.3333333333333333,1.0,0.3333333333333333,0.25,0,1
058b6e3fdbb607fa7dbfc688628b3e13e130c35a,1912.00239,bm25,5,0.0,0.0,0.0,0.0,0.0,0.0,0,0,0,0.0,0.0,0.0,0.0,0,0
065623cc1d5f5b19ec1f84d286522fc2f805c6ce,1706.04206,bm25,5,0.0,0.0,0.0,0.0,0.0,0.0,0,0,0,0.0,0.0,0.0,0.0,0,0
07104dd36a0e7fdd2c211ad710de9a605495b697,1908.05908,bm25,5,0.49661976912920763,0.4,0.6,1.0,1.0,0.5,1,1,0,0.4,1.0,0.5714285714285714,0.4,0,1
075d6ab5dd132666e85d0b6ad238118271dfc147,1909.00786,bm25,5,1.0,1.0,1.0,1.0,1.0,1.0,1,1,1,1.0,1.0,0.3333333333333333,0.3333333333333333,0,0
0778cbbd093f8b779f7cf26302b2a8e081ccfb40,1703.10152,bm25,5,0.43067655807339306,1.0,1.0,1.0,1.0,0.25,1,1,1,1.0,1.0,0.3333333333333333,0.3333333333333333,0,0
079e654c97508c521c07ab4d24cdaaede5602c61,1605.05156,bm25,5,0.6309297535714575,1.0,1.0,1.0,1.0,0.5,1,1,1,1.0,1.0,0.3333333333333333,0.3333333333333333,0,0
07a214748a69b31400585aef7aba6af3e3d9cce2,1612.05202,bm25,5,0.3562071871080222,0.0,1.0,0.0,1.0,0.16666666666666666,0,0,0,0.0,0.0,0.0,0.0,0,0
07d98dfa88944abd12acd45e98fb7d3719986aeb,1909.07873,bm25,5,0.5999767516907479,0.14285714285714285,0.5,1.0,1.0,0.5,1,0,0,0.14285714285714285,0.15384615384615385,0.2222222222222222,0.21052631578947367,1,0
08561f6ba578ce8f8d284abf90f5b24eb1f804d3,1901.03253,bm25,5,0.0,0.0,0.0,0.0,0.0,0.0,0,0,0,0.0,0.0,0.0,0.0,0,0
088d42ecb1e15515f6a97a0da2fed81b61d61a23,1909.00437,bm25,5,0.9558295932317544,1.0,1.0,1.0,1.0,1.0,1,1,1,1.0,1.0,0.75,0.8888888888888888,0,0
08b77c52676167af72581079adf1ca2b994ce251,2002.10210,bm25,5,0.16207343047068856,0.0,0.2222222222222222,0.0,1.0,0.16666666666666666,0,0,0,0.0,0.0,0.0,0.0,0,0
08c0d4db14773cbed8a63e69381a2265e85f8765,1901.05389,bm25,5,0.5,1.0,1.0,1.0,1.0,0.3333333333333333,1,1,1,1.0,1.0,0.3333333333333333,0.3333333333333333,0,0
0a5fd0e5f4ab12be57be20416a5ea7c3db5fb662,1912.10162,bm25,5,0.8539316501572937,0.8,0.8,1.0,1.0,1.0,1,1,0,0.8,1.0,0.8,0.8,0,1
0a70af6ba334dfd3574991b1dd06f54fc6a700f2,1910.01160,bm25,5,0.3065735963827292,0.5,0.5,1.0,1.0,0.3333333333333333,1,1,0,0.5,1.0,0.3333333333333333,0.2857142857142857,0,1
0abc2499195185c94837e0340d00cd3b83ee795e,1909.13184,bm25,5,0.33457045281810915,0.1111111111111111,0.4444444444444444,1.0,1.0,0.3333333333333333,1,1,0,0.1111111111111111,1.0,0.3333333333333333,0.14285714285714285,0,1
0ac6fbd81e2dd95b800283dc7e59ce969d45fc02,1708.05521,bm25,5,0.0,0.0,0.0,0.0,0.0,0.0,0,0,0,0.0,0.0,0.0,0.0,0,0
0aca0a208a1e28857fab44e397dc7880e010dbca,2003.12139,bm25,5,0.6509209298071326,1.0,1.0,1.0,1.0,0.5,1,1,1,1.0,1.0,0.3333333333333333,0.5714285714285714,0,0
0b10cfa61595b21bf3ff13b4df0fe1c17bbbf4e9,1908.07721,bm25,5,0.0,0.0,0.0,0.0,0.0,0.0,0,0,0,0.0,0.0,0.0,0.0,0,0
0b1cc6c0de286eb724b1fd18dbc93e67ab89a236,1908.11664,bm25,5,0.4716276524567204,0.0,1.0,0.0,1.0,0.16666666666666666,0,0,0,0.0,0.0,0.0,0.0,0,0
0b5a7ccf09810ff5a86162d502697d16b3536249,1911.03353,bm25,5,0.5078961547485289,0.25,0.5,1.0,1.0,1.0,1,0,0,0.25,0.5,0.2857142857142857,0.2222222222222222,1,0
0b5bf00d2788c534c4c6c007b72290c48be21e16,1806.07042,bm25,5,0.5,1.0,1.0,1.0,1.0,0.3333333333333333,1,1,1,1.0,1.0,0.3333333333333333,0.3333333333333333,0,0
0b5c599195973c563c4b1a0fe5d8fc77204d71a0,1811.01183,bm25,5,0.0,0.0,0.0,0.0,0.0,0.0,0,0,0,0.0,0.0,0.0,0.0,0,0
0bc305d6b90f77f835bc4c904b22a4be07f963b2,1606.02601,bm25,5,1.0,1.0,1.0,1.0,1.0,1.0,1,1,1,1.0,1.0,0.3333333333333333,0.3333333333333333,0,0
0bd3bea892c34a3820e98c4a42cdeda03753146b,1805.04558,bm25,5,0.14606834984270645,0.2,0.2,1.0,1.0,0.25,1,0,0,0.2,0.25,0.2222222222222222,0.2,1,0
0bde3ecfdd7c4a9af23f53da2cda6cd7a8398220,1804.07445,bm25,5,0.3065735963827292,0.5,0.5,1.0,1.0,0.3333333333333333,1,1,0,0.5,1.0,0.3333333333333333,0.2857142857142857,0,1
0c4e419fe57bf01d58a44f3e263777c22cdd90dc,1911.06815,bm25,5,0.0,0.0,0.0,0.0,0.0,0.0,0,0,0,0.0,0.0,0.0,0.0,0,0
0d3193d17c0a4edc8fa9854f279c2a1b878e8b29,2002.00175,bm25,5,0.17723928678404774,0.0,0.5,0.0,1.0,0.1,0,0,0,0.0,0.0,0.0,0.0,0,0
0d9241e904bd2bbf5b9a6ed7b5fc929651d3e28e,1910.13793,bm25,5,0.38685280723454163,1.0,1.0,1.0,1.0,0.2,1,1,1,1.0,1.0,0.3333333333333333,0.3333333333333333,0,0
0dbb5309d2be97f6eda29d7ae220aa16cafbabb7,1610.00479,bm25,5,0.2640681225725909,0.5,0.5,1.0,1.0,0.25,1,1,0,0.5,1.0,0.3333333333333333,0.2857142857142857,0,1
0dc9050c832a6091bc9db3f7fa7be72139f51177,1902.08830,bm25,5,0.0,0.0,0.0,0.0,0.0,0.0,0,0,0,0.0,0.0,0.0,0.0,0,0
0dfe43985dea45d93ae2504cccca15ae1e207ccf,2002.00175,bm25,5,0.38685280723454163,0.5,0.5,1.0,1.0,0.5,1,1,0,0.5,1.0,0.3333333333333333,0.2857142857142857,0,1
0ef114d24a7a32821967e912dff23c016c4eab41,1901.09501,bm25,5,0.19305050952434957,0.14285714285714285,0.2857142857142857,1.0,1.0,0.2,1,0,0,0.14285714285714285,0.14285714285714285,0.16666666666666666,0.16666666666666666,1,0
0f1f81b6d4aa0da38b4cc8b060926e7df61bb646,1909.05190,bm25,5,0.0,0.0,0.0,0.0,0.0,0.0,0,0,0,0.0,0.0,0.0,0.0,0,0
0f9c1586f1b4b531fa4fd113e767d06af90b1ae8,1603.07252,bm25,5,0.8451850618939637,0.6666666666666666,1.0,1.0,1.0,1.0,1,0,0,0.6666666666666666,0.5,0.2857142857142857,0.5,1,0
0fe49431db5ffaa24372919daf24d8f84117bfda,1603.07252,bm25,5,0.0,0.0,0.0,0.0,0.0,0.0,0,0,0,0.0,0.0,0.0,0.0,0,0
0fee37ebe0a010cf8bd665fa566306d8e7d12631,1709.06365,bm25,5,0.0,0.0,0.0,0.0,0.0,0.0,0,0,0,0.0,0.0,0.0,0.0,0,0
1002bd01372eba0f3078fb4a951505278ed45f2e,1906.01076,bm25,5,0.2529427027676571,0.125,0.125,1.0,1.0,1.0,1,1,0,0.125,1.0,0.3333333333333333,0.15384615384615385,0,1
10edfb9428b8a4652274c13962917662fdf84f8a,1911.07620,bm25,5,0.31546487678572877,0.0,1.0,0.0,1.0,0.125,0,0,0,0.0,0.0,0.0,0.0,0,0
1100e442e00c9914538a32aca7af994ce42e1b66,1911.03854,bm25,5,0.11706259313796354,0.16666666666666666,0.16666666666666666,1.0,1.0,0.2,1,0,0,0.16666666666666666,0.16666666666666666,0.18181818181818182,0.18181818181818182,1,0
1128a600a813116cba9a2cf99d8568ae340f327a,1802.08969,bm25,5,0.5773584151532217,0.4,0.6,1.0,1.0,1.0,1,0,0,0.4,0.4,0.4,0.4,1,0
11679d1feba747c64bbbc62939a20fbb69ada0f3,1902.06734,bm25,5,0.0,0.0,0.0,0.0,0.0,0.0,0,0,0,0.0,0.0,0.0,0.0,0,0
119c404da6e42d4879eee10edeab4b2851162659,1910.10762,bm25,5,0.3152014104491349,0.0,0.6666666666666666,0.0,1.0,0.16666666666666666,0,0,0,0.0,0.0,0.0,0.0,0,0
11a3af3f056e0fb5559fe5cbff1640e022732735,1612.05202,bm25,5,0.0,0.0,0.0,0.0,0.0,0.0,0,0,0,0.0,0.0,0.0,0.0,0,0
11a8531699952f5a2286a4311f0fe80ed1befa1e,1905.07562,bm25,5,0.6934264036172708,1.0,1.0,1.0,1.0,0.5,1,1,1,1.0,1.0,0.3333333333333333,0.5714285714285714,0,0
11c4071d9d7efeede84f47892b1fa0c6a93667eb,2004.02334,bm25,5,0.5,1.0,1.0,1.0,1.0,0.3333333333333333,1,1,1,1.0,1.0,0.3333333333333333,0.3333333333333333,0,0
11ef46187a5bf15e89d63220fdeaecbeb92d818e,1610.06510,bm25,5,0.0,0.0,0.0,0.0,0.0,0.0,0,0,0,0.0,0.0,0.0,0.0,0,0
11f9c207476af75a9272105e646df02594059c3f,1603.09381,bm25,5,0.6309297535714575,1.0,1.0,1.0,1.0,0.5,1,1,1,1.0,1.0,0.3333333333333333,0.3333333333333333,0,0
12dc04e0ec1d3ba5ec543069fe457dfa4a1cac07,1910.13793,bm25,5,0.3562071871080222,0.0,1.0,0.0,1.0,0.16666666666666666,0,0,0,0.0,0.0,0.0,0.0,0,0
130d73400698e2b3c6860b07f2e957e3ff022d48,1909.00871,bm25,5,0.38685280723454163,1.0,1.0,1.0,1.0,0.2,1,1,1,1.0,1.0,0.3333333333333333,0.3333333333333333,0,0
138ad61b43c85d5db166ea9bd3d3b19bb2e2bbfb,1909.13184,bm25,5,0.8503449055347546,1.0,1.0,1.0,1.0,1.0,1,1,1,1.0,1.0,0.3333333333333333,0.5714285714285714,0,0
141f23e87c10c2d54d559881e641c983e3ec8ef3,1911.09241,bm25,5,0.3333333333333333,0.0,1.0,0.0,1.0,0.14285714285714285,0,0,0,0.0,0.0,0.0,0.0,0,0
14fdc8087f2a62baea9d50c4aa3a3f8310b38d17,1909.12208,bm25,5,0.6816587806335841,0.5,0.75,1.0,1.0,1.0,1,1,0,0.5,1.0,0.4444444444444444,0.4444444444444444,0,1
157284acedf13377cbc6d58c8f3648d3a62f5db5,1905.05644,bm25,5,0.0,0.0,0.0,0.0,0.0,0.0,0,0,0,0.0,0.0,0.0,0.0,0,0
157de5175259d6f25db703efb299f948dae597b7,1708.07690,bm25,5,0.21840743681816419,0.0,0.5,0.0,1.0,0.16666666666666666,0,0,0,0.0,0.0,0.0,0.0,0,0
15aeda407ae3912419fd89211cdb98989d9cde58,1908.08788,bm25,5,0.3379680345449381,0.3333333333333333,0.6666666666666666,1.0,1.0,0.2,1,0,0,0.3333333333333333,0.5,0.2857142857142857,0.25,1,0
16a10c1681dc5a399b6d34b4eed7bb1fef816dd0,1910.02001,bm25,5,0.0,0.0,0.0,0.0,0.0,0.0,0,0,0,0.0,0.0,0.0,0.0,0,0
16cc37e4f8e2db99eaf89337a3d9ada431170d5b,1907.08540,bm25,5,0.0,0.0,0.0,0.0,0.0,0.0,0,0,0,0.0,0.0,0.0,0.0,0,0
16edc21a6abc89ee2280dccf1c867c2ac4552524,1809.03695,bm25,5,0.6871475159848289,0.6666666666666666,1.0,1.0,1.0,0.5,1,0,0,0.6666666666666666,0.6666666666666666,0.5,0.5,1,0
1702985a3528e876bb19b8e223399729d778b4e4,2003.12450,bm25,5,0.3562071871080222,0.0,1.0,0.0,1.0,0.16666666666666666,0,0,0,0.0,0.0,0.0,0.0,0,0
175cddfd0bcd77b7327b62f99e57d8ea93f8d8ba,1906.05685,bm25,5,0.6309297535714575,1.0,1.0,1.0,1.0,0.5,1,1,1,1.0,1.0,0.3333333333333333,0.3333333333333333,0,0
17fd6deb9e10707f9d1b70165dedb045e1889aac,1908.11053,bm25,5,0.3065735963827292,0.5,0.5,1.0,1.0,0.3333333333333333,1,1,0,0.5,1.0,0.3333333333333333,0.2857142857142857,0,1
180c7bea8caf05ca97d9962b90eb454be4176425,1910.01160,bm25,5,1.0,1.0,1.0,1.0,1.0,1.0,1,1,1,1.0,1.0,0.3333333333333333,0.3333333333333333,0,0
182eb91090017a7c8ea38a88b219b641842664e4,1901.09501,bm25,5,0.6131471927654584,0.5,0.5,1.0,1.0,1.0,1,1,0,0.5,1.0,0.3333333333333333,0.2857142857142857,0,1
183b385fb59ff1e3f658d4555a08b67c005a8734,1809.03391,bm25,5,0.23719771276929622,0.5,0.5,1.0,1.0,0.2,1,1,0,0.5,1.0,0.3333333333333333,0.2857142857142857,0,1
19ebfba9aa5a9596b09a0cfb084ff8ebf24a3b91,1602.03483,bm25,5,0.6934264036172708,1.0,1.0,1.0,1.0,0.5,1,1,1,1.0,1.0,0.3333333333333333,0.5714285714285714,0,0
1a2b69dfa81dfeadd67b133229476086f2cc74a8,1712.00733,bm25,5,0.6309297535714575,1.0,1.0,1.0,1.0,0.5,1,1,1,1.0,1.0,0.3333333333333333,0.3333333333333333,0,0
1a419468d255d40ae82ed7777618072a48f0091b,1704.06851,bm25,5,0.7928654229965442,0.3333333333333333,1.0,1.0,1.0,1.0,1,0,0,0.3333333333333333,0.5,0.2857142857142857,0.25,1,0
1a6156189297b2fe17f174ef55cbd20341bb7dbf,1611.06322,bm25,5,0.5,1.0,1.0,1.0,1.0,0.3333333333333333,1,1,1,1.0,1.0,0.3333333333333333,0.3333333333333333,0,0
1acf06105f6c1930f869347ef88160f55cbf382b,1909.00871,bm25,5,0.5640920940185894,0.5,1.0,1.0,1.0,0.5,1,1,0,0.5,1.0,0.3333333333333333,0.2857142857142857,0,1
1c182b4805b336bd6e1a3f43dc84b07db3908d4a,1910.12203,bm25,5,0.5413996682199069,0.5,0.5,1.0,1.0,1.0,1,0,0,0.5,0.5,0.4444444444444444,0.4444444444444444,1,0
1ce6c09cf886df41a3d3c52ce82f370c5a30334a,1905.01347,bm25,5,1.0,1.0,1.0,1.0,1.0,1.0,1,1,1,1.0,1.0,0.3333333333333333,0.3333333333333333,0,0
1d047286ac63e5dca1ab811172b89d7d125679e5,1910.03943,bm25,5,0.6309297535714575,1.0,1.0,1.0,1.0,0.5,1,1,1,1.0,1.0,0.3333333333333333,0.3333333333333333,0,0
1d10e069b4304fabfbed69acf409f0a311bdc441,1806.09652,bm25,5,1.0,1.0,1.0,1.0,1.0,1.0,1,1,1,1.0,1.0,0.3333333333333333,0.3333333333333333,0,0
1d263356692ed8cdee2a13f103a82d98f43d66eb,2003.11528,bm25,5,0.6340499455108034,0.6666666666666666,1.0,1.0,1.0,0.5,1,1,0,0.6666666666666666,1.0,0.5714285714285714,0.5,0,1
1d6d21043b9fd0ed3ccccdc6317dcf5a1347ef03,1802.09059,bm25,5,0.21840743681816419,0.0,0.5,0.0,1.0,0.16666666666666666,0,0,0,0.0,0.0,0.0,0.0,0,0
1d7b99646a1bc05beec633d7a3beb083ad1e8734,1803.02155,bm25,5,0.0,0.0,0.0,0.0,0.0,0.0,0,0,0,0.0,0.0,0.0,0.0,0,0
1d9d7c96c5e826ac06741eb40e89fca6b4b022bd,1603.00957,bm25,5,0.35853358850813305,0.3333333333333333,0.6666666666666666,1.0,1.0,0.25,1,0,0,0.3333333333333333,0.5,0.2857142857142857,0.25,1,0
1dc5bf9dca7de2ba21db10e9056d3906267ef5d5,1912.07940,bm25,5,0.6509209298071326,1.0,1.0,1.0,1.0,0.5,1,1,1,1.0,1.0,0.3333333333333333,0.5714285714285714,0,0
1dcfcfa46dbcffc2fc7be92dd57df9620258097b,1908.11046,bm25,5,0.38685280723454163,0.5,0.5,1.0,1.0,0.5,1,0,0,0.5,0.5,0.2857142857142857,0.2857142857142857,1,0
1e11e74481ead4b7635922bbe0de041dc2dde28d,1610.03807,bm25,5,0.6052602440527057,0.5,1.0,1.0,1.0,0.5,1,0,0,0.5,0.5,0.2857142857142857,0.2857142857142857,1,0
1e7e3f0f760cd628f698b73d82c0f946707855ca,1710.07695,bm25,5,1.0,1.0,1.0,1.0,1.0,1.0,1,1,1,1.0,1.0,0.3333333333333333,0.3333333333333333,0,0
1ec0be667a6594eb2e07c50258b120e693e040a8,1805.11598,bm25,5,0.0,0.0,0.0,0.0,0.0,0.0,0,0,0,0.0,0.0,0.0,0.0,0,0
1ecbbb60dc44a701e9c57c22167dd412711bb0be,1812.00382,bm25,5,0.6934264036172708,1.0,1.0,1.0,1.0,0.5,1,1,1,1.0,1.0,0.5714285714285714,0.5714285714285714,0,0
1f011fa772ce802e74eda89f706cdb1aa2833686,1910.01340,bm25,5,0.24703059344735182,0.1,0.3,1.0,1.0,0.3333333333333333,1,0,0,0.1,0.1111111111111111,0.14285714285714285,0.13333333333333333,1,0
1f053f338df6d238cb163af1a0b1b073e749ed8a,1806.09652,bm25,5,0.20438239758848611,0.0,0.5,0.0,1.0,0.14285714285714285,0,0,0,0.0,0.0,0.0,0.0,0,0
1f8044487af39244d723582b8a68f94750eed2cc,1910.01340,bm25,5,0.14126697285982898,0.0,0.3333333333333333,0.0,1.0,0.1111111111111111,0,0,0,0.0,0.0,0.0,0.0,0,0
1faccdc78bbd99320c160ac386012720a0552119,1908.11053,bm25,5,0.38685280723454163,0.5,0.5,1.0,1.0,0.5,1,0,0,0.5,0.5,0.2857142857142857,0.2857142857142857,1,0
1fcd25e9a63a53451cac9ad2b8a1b529aff44a97,1910.01992,bm25,5,1.0,1.0,1.0,1.0,1.0,1.0,1,1,1,1.0,1.0,0.3333333333333333,0.3333333333333333,0,0
1fd31fdfff93d65f36e93f6919f6976f5f172197,1709.05295,bm25,5,0.5249810332008933,0.5,1.0,1.0,1.0,0.3333333333333333,1,1,0,0.5,1.0,0.3333333333333333,0.2857142857142857,0,1
200c37060d037dee33f3b7c8b1a2aaa58376566e,1903.04329,bm25,5,0.2890648263178879,0.0,1.0,0.0,1.0,0.1,0,0,0,0.0,0.0,0.0,0.0,0,0
20632fc4d2b693b5aabfbbc99ee5c1e9fc485dea,1912.02866,bm25,5,0.10122860821230018,0.1111111111111111,0.1111111111111111,1.0,1.0,0.25,1,0,0,0.1111111111111111,0.25,0.2222222222222222,0.14285714285714285,1,0
21c89ee0281f093b209533453196306b9699b552,1706.00188,bm25,5,0.48381288316677695,0.5,1.0,1.0,1.0,0.3333333333333333,1,1,0,0.5,1.0,0.3333333333333333,0.2857142857142857,0,1
21f6cb3819c85312364dd17dd4091df946591ef0,1704.08390,bm25,5,0.38685280723454163,1.0,1.0,1.0,1.0,0.2,1,1,1,1.0,1.0,0.3333333333333333,0.3333333333333333,0,0
22225ba18a6efe74b1315cc08405011d5431498e,1705.00571,bm25,5,0.6333518746717375,0.25,0.75,1.0,1.0,1.0,1,0,0,0.25,0.3333333333333333,0.25,0.2222222222222222,1,0
22488c8628b6db5fd708b6471c31a8eac31f66df,1906.01749,bm25,5,0.9197207891481876,1.0,1.0,1.0,1.0,1.0,1,1,1,1.0,1.0,0.3333333333333333,0.5714285714285714,0,0
2280ed1e2b3e99921e2bca21231af43b58ca04f0,1911.09247,bm25,5,0.6309297535714575,1.0,1.0,1.0,1.0,0.5,1,1,1,1.0,1.0,0.3333333333333333,0.3333333333333333,0,0
22c125c461f565f5437dac74bf19c2ef317bad86,1703.04009,bm25,5,0.31546487678572877,0.0,1.0,0.0,1.0,0.125,0,0,0,0.0,0.0,0.0,0.0,0,0
2301424672cb79297cf7ad95f23b58515e4acce8,1911.05652,bm25,5,0.6131471927654584,0.5,0.5,1.0,1.0,1.0,1,1,0,0.5,1.0,0.3333333333333333,0.2857142857142857,0,1
230f127e83ac62dd65fccf6b1a4960cf0f7316c7,2004.02401,bm25,5,0.45221360703148816,0.2,0.4,1.0,1.0,1.0,1,0,0,0.2,0.2,0.2,0.2,1,0
230ff86b7b90b87c33c53014bb1e9c582dfc107f,1805.11937,bm25,5,0.2960819109658652,0.3333333333333333,0.3333333333333333,1.0,1.0,0.5,1,1,0,0.3333333333333333,1.0,0.3333333333333333,0.25,0,1
23252644c04a043f630a855b563666dd57179d98,2002.00175,bm25,5,0.6309297535714575,1.0,1.0,1.0,1.0,0.5,1,1,1,1.0,1.0,0.3333333333333333,0.3333333333333333,0,0
235c7c7ca719068136928b18e19f9661e0f72806,2004.01820,bm25,5,0.0,0.0,0.0,0.0,0.0,0.0,0,0,0,0.0,0.0,0.0,0.0,0,0
23cbf6ab365c1eb760b565d8ba51fb3f06257d62,1910.02677,bm25,5,0.14465249243306436,0.0,0.14285714285714285,0.0,1.0,0.16666666666666666,0,0,0,0.0,0.0,0.0,0.0,0,0
23fe8431058f2a7b7588745766fc715f271aad07,2004.02334,bm25,5,0.38685280723454163,1.0,1.0,1.0,1.0,0.2,1,1,1,1.0,1.0,0.3333333333333333,0.3333333333333333,0,0
243cf21c4e34c4b91fcc4905aa4dc15a72087f0c,1903.02930,bm25,5,0.5,1.0,1.0,1.0,1.0,0.3333333333333333,1,1,1,1.0,1.0,0.3333333333333333,0.3333333333333333,0,0
246e924017c48fa1f069361c44133fdf4f0386e1,1909.01720,bm25,5,0.2890648263178879,0.0,1.0,0.0,1.0,0.1,0,0,0,0.0,0.0,0.0,0.0,0,0
252599e53f52b3375b26d4e8e8b66322a42d2563,1709.06365,bm25,5,0.46927872602275644,0.3333333333333333,0.3333333333333333,1.0,1.0,1.0,1,1,0,0.3333333333333333,1.0,0.3333333333333333,0.25,0,1
25a8d432bf94af1662837877bc6c284e2fc3fbe2,1908.10001,bm25,5,1.0,1.0,1.0,1.0,1.0,1.0,1,1,1,1.0,1.0,0.3333333333333333,0.3333333333333333,0,0
25e6ba07285155266c3154d3e2ca1ae05c2f7f2d,2004.03090,bm25,5,0.3171937659698004,0.3333333333333333,0.6666666666666666,1.0,1.0,0.2,1,1,0,0.3333333333333333,1.0,0.3333333333333333,0.25,0,1
26844cec57df6ff0f02245ea862af316b89edffe,1808.10290,bm25,5,0.6934264036172708,1.0,1.0,1.0,1.0,0.5,1,1,1,1.0,1.0,0.3333333333333333,0.5714285714285714,0,0
2686e8d51caff9a19684e0c9984bcb5a1937d08d,1606.02892,bm25,5,1.0,1.0,1.0,1.0,1.0,1.0,1,1,1,1.0,1.0,0.3333333333333333,0.3333333333333333,0,0
26e32f24fe0c31ef25de78935daa479534b9dd58,1911.01940,bm25,5,0.5780136823717549,0.6666666666666666,1.0,1.0,1.0,0.3333333333333333,1,1,0,0.6666666666666666,1.0,0.3333333333333333,0.5,0,1
26eceba0e6e4c0b6dfa94e5708dd74b63f701731,1712.02555,bm25,5,1.0,1.0,1.0,1.0,1.0,1.0,1,1,1,1.0,1.0,0.3333333333333333,0.3333333333333333,0,0
2711ae6dd532d136295c95253dbf202e37ecd3e7,1909.06708,bm25,5,1.0,1.0,1.0,1.0,1.0,1.0,1,1,1,1.0,1.0,0.5714285714285714,0.75,0,0
2749fb1725a2c4bdba5848e2fc424a43e7c4be51,2004.04498,bm25,5,0.7585866543655181,0.3333333333333333,1.0,1.0,1.0,1.0,1,1,0,0.3333333333333333,1.0,0.3333333333333333,0.25,0,1
27d7a30e42921e77cfffafac5cb0d16ce5a7df99,1707.02892,bm25,5,0.2890648263178879,0.0,1.0,0.0,1.0,0.1,0,0,0,0.0,0.0,0.0,0.0,0,0
2834a340116026d5995e537d474a47d6a74c3745,1705.01306,bm25,5,0.6309297535714575,1.0,1.0,1.0,1.0,0.5,1,1,1,1.0,1.0,0.3333333333333333,0.3333333333333333,0,0
283d358606341c399e369f2ba7952cd955326f73,1611.02378,bm25,5,0.0,0.0,0.0,0.0,0.0,0.0,0,0,0,0.0,0.0,0.0,0.0,0,0
28847b20ca63dc56f2545e6f6ec3082d9dbe1b3f,2003.12660,bm25,5,0.23719771276929622,0.5,0.5,1.0,1.0,0.2,1,0,0,0.5,0.5,0.2857142857142857,0.2857142857142857,1,0
2895a3fc63f6f403445c11043460584e949fb16c,1710.07695,bm25,5,0.4227898344066503,0.0,1.0,0.0,1.0,0.16666666666666666,0,0,0,0.0,0.0,0.0,0.0,0,0
28a8a1542b45f67674a2f1d54fff7a1e45bfad66,2002.04326,bm25,5,0.5437713091520254,1.0,1.0,1.0,1.0,0.3333333333333333,1,1,1,1.0,1.0,0.3333333333333333,0.5714285714285714,0,0
2929e92f9b4939297b4d0f799d464d46e8d52063,1908.11046,bm25,5,0.8315546295836225,0.5,1.0,1.0,1.0,1.0,1,1,0,0.5,1.0,0.3333333333333333,0.2857142857142857,0,1
2974237446d04da33b78ce6d22a477cdf80877b7,1611.06322,bm25,5,0.0,0.0,0.0,0.0,0.0,0.0,0,0,0,0.0,0.0,0.0,0.0,0,0
29794bda61665a1fbe736111e107fd181eacba1b,1911.01214,bm25,5,0.0,0.0,0.0,0.0,0.0,0.0,0,0,0,0.0,0.0,0.0,0.0,0,0
2a120f358f50c377b5b63fb32633223fa4ee2149,1803.05160,bm25,5,0.3065735963827292,0.5,0.5,1.0,1.0,0.3333333333333333,1,1,0,0.5,1.0,0.3333333333333333,0.2857142857142857,0,1
2a9c7243744b42f1e9fed9ff2ab17c6f156b1ba4,1804.05306,bm25,5,0.6309297535714575,1.0,1.0,1.0,1.0,0.5,1,1,1,1.0,1.0,0.3333333333333333,0.3333333333333333,0,0
2abcff4fdedf9b17f76875cc338ba4ab8d1eccd3,2003.11687,bm25,5,0.0,0.0,0.0,0.0,0.0,0.0,0,0,0,0.0,0.0,0.0,0.0,0,0
2abf916bc03222d3b2a3d66851d87921ff35c0d2,1803.06745,bm25,5,0.23719771276929622,0.5,0.5,1.0,1.0,0.2,1,0,0,0.5,0.5,0.2857142857142857,0.2857142857142857,1,0
2ae66798333b905172e2c0954e9808662ab7f221,1903.00384,bm25,5,0.6049306994552042,0.3333333333333333,0.6666666666666666,1.0,1.0,1.0,1,1,0,0.3333333333333333,1.0,0.3333333333333333,0.25,0,1
2aeabec8a734a6e8ca9e7a308dd8c9a1011b3d6e,1801.05617,bm25,5,0.0,0.0,0.0,0.0,0.0,0.0,0,0,0,0.0,0.0,0.0,0.0,0,0
2b32cf05c5e736f764ceecc08477e20ab9f2f5d7,1908.06493,bm25,5,0.0,0.0,0.0,0.0,0.0,0.0,0,0,0,0.0,0.0,0.0,0.0,0,0
2ba2ff6c21a16bd295b07af1ef635b3b4c5bd17e,1912.04979,bm25,5,0.23719771276929622,0.5,0.5,1.0,1.0,0.2,1,1,0,0.5,1.0,0.3333333333333333,0.2857142857142857,0,1
2bd702174e915d97884d1571539fb1b5b0b7123a,1802.02614,bm25,5,0.45560514958746035,0.5,1.0,1.0,1.0,0.2,1,1,0,0.5,1.0,0.3333333333333333,0.2857142857142857,0,1
2c60628d54f2492e0cbf0fb8bacd8e54117f0c18,1902.10246,bm25,5,0.8772153153380493,1.0,1.0,1.0,1.0,1.0,1,1,1,1.0,1.0,0.5714285714285714,0.5714285714285714,0,0
2ca3ca39d59f448e30be6798514709be7e3c62d8,1603.01547,bm25,5,0.18154179253735267,0.3333333333333333,0.3333333333333333,1.0,1.0,0.2,1,0,0,0.3333333333333333,0.3333333333333333,0.25,0.25,1,0
2cb20bae085b67e357ab1e18ebafeac4bbde5b4a,1901.05389,bm25,5,0.3010299956639812,0.0,1.0,0.0,1.0,0.1111111111111111,0,0,0,0.0,0.0,0.0,0.0,0,0
2d5d0b0c54105717bf48559b914fefd0c94964a6,2003.12660,bm25,5,0.6131471927654584,0.5,0.5,1.0,1.0,1.0,1,1,0,0.5,1.0,0.3333333333333333,0.2857142857142857,0,1
2d91554c3f320a4bcfeb00aa466309074a206712,1903.01411,bm25,5,0.06362078819895171,0.0,0.1,0.0,1.0,0.1,0,0,0,0.0,0.0,0.0,0.0,0,0
2dba0b83fc22995f83e7ac66cc8f68bcdcc70ee9,1909.04251,bm25,5,1.0,1.0,1.0,1.0,1.0,1.0,1,1,1,1.0,1.0,0.3333333333333333,0.3333333333333333,0,0
2ddfb40a9e73f382a2eb641c8e22bbb80cef017b,1906.01502,bm25,5,0.49818925746641285,0.6666666666666666,0.6666666666666666,1.0,1.0,0.5,1,1,0,0.6666666666666666,1.0,0.5714285714285714,0.5,0,1
2e37eb2a2a9ad80391e57acb53616eab048ab640,2003.13028,bm25,5,0.2960819109658652,0.3333333333333333,0.3333333333333333,1.0,1.0,0.5,1,0,0,0.3333333333333333,0.5,0.2857142857142857,0.25,1,0
2e4688205c8e344cded7a053b6014cce04ef1bd5,1611.04234,bm25,5,1.0,1.0,1.0,1.0,1.0,1.0,1,1,1,1.0,1.0,0.3333333333333333,0.3333333333333333,0,0
2ecd12069388fd58ad5f8f4ae7ac1bb4f56497b9,1905.08067,bm25,5,0.38685280723454163,1.0,1.0,1.0,1.0,0.2,1,1,1,1.0,1.0,0.3333333333333333,0.3333333333333333,0,0
2ee4ecf98ef7d02c9e4d103968098fe35f067bbb,1908.07491,bm25,5,0.23463936301137822,0.3333333333333333,0.3333333333333333,1.0,1.0,0.3333333333333333,1,0,0,0.3333333333333333,0.3333333333333333,0.25,0.25,1,0
2f23bd86a9e27dcd88007c9058ddfce78a1a377b,1707.07568,bm25,5,1.0,1.0,1.0,1.0,1.0,1.0,1,1,1,1.0,1.0,0.3333333333333333,0.3333333333333333,0,0
2f75b0498cf6a1fc35f1fb1cac44fc2fbd3d7878,2002.00175,bm25,5,0.3235866969737877,0.0,0.6666666666666666,0.0,1.0,0.16666666666666666,0,0,0,0.0,0.0,0.0,0.0,0,0
301a453abaa3bc15976817fefce7a41f3b779907,1805.04558,bm25,5,0.8772153153380493,1.0,1.0,1.0,1.0,1.0,1,1,1,1.0,1.0,0.5714285714285714,0.5714285714285714,0,0
30870a962cf88ac8c8e6b7b795936fd62214f507,1709.06136,bm25,5,0.0,0.0,0.0,0.0,0.0,0.0,0,0,0,0.0,0.0,0.0,0.0,0,0
311f9971d61b91c7d76bba1ad6f038390977a8be,1910.02677,bm25,5,0.0,0.0,0.0,0.0,0.0,0.0,0,0,0,0.0,0.0,0.0,0.0,0,0
31894361833b3e329a1fb9ebf85a78841cff229f,1905.08067,bm25,5,0.38685280723454163,1.0,1.0,1.0,1.0,0.2,1,1,1,1.0,1.0,0.3333333333333333,0.3333333333333333,0,0
31a3ec8d550054465e55a26b0136f4d50d72d354,1608.01972,bm25,5,0.23719771276929622,0.5,0.5,1.0,1.0,0.2,1,1,0,0.5,1.0,0.3333333333333333,0.2857142857142857,0,1
31e6062ba45d8956791e1b86bad7efcb6d1b191a,1703.10152,bm25,5,0.1208113026994942,0.0,0.2,0.0,1.0,0.16666666666666666,0,0,0,0.0,0.0,0.0,0.0,0,0
32f2aa2df0152050cbcd27dd2f408b2fa5894031,1711.01567,bm25,5,0.19342640361727081,0.0,0.5,0.0,1.0,0.125,0,0,0,0.0,0.0,0.0,0.0,0,0
3319d56556ae1597a86384057db0831e32774b90,1611.06322,bm25,5,0.2640681225725909,0.5,0.5,1.0,1.0,0.25,1,1,0,0.5,1.0,0.3333333333333333,0.2857142857142857,0,1
334aa5540c207768931a0fe78aa4981a895ba37c,1909.11980,bm25,5,0.40179981797758046,0.3333333333333333,0.6666666666666666,1.0,1.0,0.3333333333333333,1,0,0,0.3333333333333333,0.3333333333333333,0.25,0.25,1,0
338a3758dccfa438a52d173fbe23a165ef74a0f0,1909.12016,bm25,5,0.37590633587120725,0.3333333333333333,0.6666666666666666,1.0,1.0,0.3333333333333333,1,0,0,0.3333333333333333,0.3333333333333333,0.25,0.25,1,0
3435e365adf7866e45670c865dc33bb7d2a6a0c6,1911.03642,bm25,5,0.0,0.0,0.0,0.0,0.0,0.0,0,0,0,0.0,0.0,0.0,0.0,0,0
344238de7208902f7b3a46819cc6d83cc37448a0,1908.06024,bm25,5,0.0,0.0,0.0,0.0,0.0,0.0,0,0,0,0.0,0.0,0.0,0.0,0,0
3450723bf66956486de777f141bde5073e4a7694,1906.01076,bm25,5,1.0,1.0,1.0,1.0,1.0,1.0,1,1,1,1.0,1.0,0.3333333333333333,0.3333333333333333,0,0
34b434825f0ca3225dc8914f9da865d2b4674f08,1912.08084,bm25,5,0.32097939710179135,0.2,0.4,1.0,1.0,0.5,1,0,0,0.2,0.25,0.2222222222222222,0.2,1,0
34e9e54fa79e89ecacac35f97b33ef3ca3a00f85,1909.02855,bm25,5,0.43067655807339306,1.0,1.0,1.0,1.0,0.25,1,1,1,1.0,1.0,0.3333333333333333,0.3333333333333333,0,0
351f7b254e80348221e0654478663a5e53d3fe65,1810.12897,bm25,5,0.0,0.0,0.0,0.0,0.0,0.0,0,0,0,0.0,0.0,0.0,0.0,0,0
3588988f2230f3329d7523fbb881b20bf177280d,1811.00051,bm25,5,0.5,1.0,1.0,1.0,1.0,0.3333333333333333,1,1,1,1.0,1.0,0.3333333333333333,0.3333333333333333,0,0
35e0e6f89b010f34cfb69309b85db524a419c862,1911.10401,bm25,5,1.0,1.0,1.0,1.0,1.0,1.0,1,1,1,1.0,1.0,0.3333333333333333,0.3333333333333333,0,0
35f48b8f73728fbdeb271b170804190b5448485a,1809.03695,bm25,5,0.9674679834891693,1.0,1.0,1.0,1.0,1.0,1,1,1,1.0,1.0,0.5714285714285714,0.75,0,0
361f330d3232681f1a13c6d59abb6c18246e7b35,1909.00369,bm25,5,0.45749452618986164,0.5,1.0,1.0,1.0,0.25,1,0,0,0.5,0.5,0.2857142857142857,0.2857142857142857,1,0
363a24ecb8ab45215134935e7e8165fff72ff90f,2004.01970,bm25,5,0.17723928678404774,0.0,0.5,0.0,1.0,0.1,0,0,0,0.0,0.0,0.0,0.0,0,0
3699927c6c1146f5057576034d226a99946d52cb,1902.08830,bm25,5,0.38685280723454163,0.5,0.5,1.0,1.0,0.5,1,1,0,0.5,1.0,0.3333333333333333,0.2857142857142857,0,1
369d7bc5351409910c7a5e05c0cbb5abab8e50ec,2004.03090,bm25,5,0.0,0.0,0.0,0.0,0.0,0.0,0,0,0,0.0,0.0,0.0,0.0,0,0
36cb7ebdd39e0b8a89ff946d3a3aef8a76a6bb43,1908.09919,bm25,5,0.7486761295186739,0.75,1.0,1.0,1.0,0.5,1,1,0,0.75,1.0,0.3333333333333333,0.6666666666666666,0,1
371433bd3fb5042bacec4dfad3cfff66147c14f0,1909.04387,bm25,5,0.35583551398877844,0.3333333333333333,0.5,1.0,1.0,0.3333333333333333,1,1,0,0.3333333333333333,1.0,0.36363636363636365,0.36363636363636365,0,1
376e8ed6e039e07c892c77b7525778178d56acb7,1908.07491,bm25,5,1.0,1.0,1.0,1.0,1.0,1.0,1,1,1,1.0,1.0,0.3333333333333333,0.3333333333333333,0,0
37ac705166fa87dc74fe86575bf04bea56cc4930,2004.02363,bm25,5,0.6309297535714575,1.0,1.0,1.0,1.0,0.5,1,1,1,1.0,1.0,0.3333333333333333,0.3333333333333333,0,0
37b972a3afae04193411dc569f672d802c16ad71,1911.06815,bm25,5,0.0,0.0,0.0,0.0,0.0,0.0,0,0,0,0.0,0.0,0.0,0.0,0,0
37e6ce5cfc9d311e760dad8967d5085446125408,2002.08902,bm25,5,0.0,0.0,0.0,0.0,0.0,0.0,0,0,0,0.0,0.0,0.0,0.0,0,0
38055717edf833566d912f14137b92a1d9c4f65a,1909.10481,bm25,5,0.5437713091520254,1.0,1.0,1.0,1.0,0.3333333333333333,1,1,1,1.0,1.0,0.3333333333333333,0.5714285714285714,0,0
380e71848d4b0d1e983d504b1249119612f00bcb,1706.00188,bm25,5,0.2640681225725909,0.5,0.5,1.0,1.0,0.25,1,1,0,0.5,1.0,0.3333333333333333,0.2857142857142857,0,1
38289bd9592db4d3670b65a0fef1fe8a309fee61,1603.08868,bm25,5,0.0,0.0,0.0,0.0,0.0,0.0,0,0,0,0.0,0.0,0.0,0.0,0,0
38363a7ed250bc729508c4c1dc975696a65c53cb,1911.04873,bm25,5,0.0,0.0,0.0,0.0,0.0,0.0,0,0,0,0.0,0.0,0.0,0.0,0,0
389cc454ac97609e9d0f2b2fe70bf43218dd8ba7,1911.03324,bm25,5,1.0,1.0,1.0,1.0,1.0,1.0,1,1,1,1.0,1.0,0.3333333333333333,0.3333333333333333,0,0
389ff1927ba9fc8bac50959fc09f30c2143cc14e,1804.09692,bm25,5,0.5912352048230277,0.5,1.0,1.0,1.0,0.5,1,0,0,0.5,0.5,0.2857142857142857,0.2857142857142857,1,0
38af3f25c36c3725a31304ab96e2c200c55792b4,1806.03369,bm25,5,0.18457569677956817,0.0,0.5,0.0,1.0,0.1111111111111111,0,0,0,0.0,0.0,0.0,0.0,0,0
397a1e851aab41c455c2b284f5e4947500d797f0,1911.10742,bm25,5,0.0,0.0,0.0,0.0,0.0,0.0,0,0,0,0.0,0.0,0.0,0.0,0,0
3a06d40a4bf5ba6e26d9138434e9139a014deb40,1908.09283,bm25,5,0.38685280723454163,1.0,1.0,1.0,1.0,0.2,1,1,1,1.0,1.0,0.3333333333333333,0.3333333333333333,0,0
3a19dc6999aeb936d8a1c4509ebd5bfcda50f0f1,1909.12016,bm25,5,0.0,0.0,0.0,0.0,0.0,0.0,0,0,0,0.0,0.0,0.0,0.0,0,0
3a25f82512d56d9e1ffba72f977f515ae3ba3cca,2003.09244,bm25,5,0.11706259313796354,0.16666666666666666,0.16666666666666666,1.0,1.0,0.2,1,1,0,0.16666666666666666,1.0,0.3333333333333333,0.18181818181818182,0,1
3a33512d253005ac280ee9ca4f9dfa69aa38d48f,1910.07973,bm25,5,0.6309297535714575,1.0,1.0,1.0,1.0,0.5,1,1,1,1.0,1.0,0.3333333333333333,0.3333333333333333,0,0
3c414f7fbf577dfd3363be6bbc9eba8bdd01f45f,1610.03955,bm25,5,0.6131471927654584,0.5,0.5,1.0,1.0,1.0,1,0,0,0.5,0.5,0.2857142857142857,0.2857142857142857,1,0
3cc0d773085dc175b85955e95911a2cfaab2cdc4,1707.06519,bm25,5,0.3065735963827292,0.5,0.5,1.0,1.0,0.3333333333333333,1,1,0,0.5,1.0,0.3333333333333333,0.2857142857142857,0,1
3cc9a820c4a2cd2ff61da920c41ed09f3c0135be,1911.00461,bm25,5,0.2856436410275446,0.25,0.5,1.0,1.0,0.25,1,0,0,0.25,0.5,0.2857142857142857,0.2222222222222222,1,0
3ccc4ccebc3b0de5546b1208e8094a839fd4a4ab,1808.09180,bm25,5,0.8772153153380493,1.0,1.0,1.0,1.0,1.0,1,1,1,1.0,1.0,0.3333333333333333,0.5714285714285714,0,0
3cfe464052f0a248b6e22c9351279403dfe34f3c,1910.10762,bm25,5,0.6131471927654584,0.5,0.5,1.0,1.0,1.0,1,1,0,0.5,1.0,0.3333333333333333,0.2857142857142857,0,1
3d5b4aa1ce99903b1fcd257c1e394f7990431d13,1810.13414,bm25,5,0.0,0.0,0.0,0.0,0.0,0.0,0,0,0,0.0,0.0,0.0,0.0,0,0
3d662fb442d5fc332194770aac835f401c2148d9,1911.09247,bm25,5,0.4869696878675221,0.25,0.75,1.0,1.0,0.5,1,1,0,0.25,1.0,0.3333333333333333,0.2222222222222222,0,1
3d73cb92d866448ec72a571331967da5d34dfbb1,1910.09916,bm25,5,0.5,1.0,1.0,1.0,1.0,0.3333333333333333,1,1,1,1.0,1.0,0.3333333333333333,0.3333333333333333,0,0
3de3a083b8ba3086792d38ae9667e095070f7f37,1905.00472,bm25,5,0.0,0.0,0.0,0.0,0.0,0.0,0,0,0,0.0,0.0,0.0,0.0,0,0
3df6d18d7b25d1c814e9dcc8ba78b3cdfe15edcd,1605.05195,bm25,5,1.0,1.0,1.0,1.0,1.0,1.0,1,1,1,1.0,1.0,0.3333333333333333,0.3333333333333333,0,0
3e0fd1a3944e207edbbe7c7108239dbaf3bccd4f,2004.02105,bm25,5,0.43067655807339306,1.0,1.0,1.0,1.0,0.25,1,1,1,1.0,1.0,0.3333333333333333,0.3333333333333333,0,0
3e23cc3c5e4d5cec51d158130d6aeae120e94fc8,1610.07149,bm25,5,0.0,0.0,0.0,0.0,0.0,0.0,0,0,0,0.0,0.0,0.0,0.0,0,0
3e5162e6399c7d03ecc7007efd21d06c04cf2843,1911.11025,bm25,5,1.0,1.0,1.0,1.0,1.0,1.0,1,1,1,1.0,1.0,0.3333333333333333,0.3333333333333333,0,0
3e88fcc94d0f451e87b65658751834f6103b2030,1908.05908,bm25,5,0.5912352048230277,0.5,1.0,1.0,1.0,0.5,1,0,0,0.5,0.5,0.2857142857142857,0.2857142857142857,1,0
3ea82a5ca495ffbd1e30e8655aef1be4ba423efe,1911.12559,bm25,5,0.6508205185601091,0.6666666666666666,0.6666666666666666,1.0,1.0,1.0,1,1,0,0.6666666666666666,1.0,0.5714285714285714,0.5,0,1
3eb107f35f4f5f5f527a93ffb487aa2e3fe51efd,1805.07882,bm25,5,0.0,0.0,0.0,0.0,0.0,0.0,0,0,0,0.0,0.0,0.0,0.0,0,0
3ed8ac1ba4df6609fa7de5077d83e820641edc5e,1707.09816,bm25,5,0.21840743681816419,0.0,0.5,0.0,1.0,0.16666666666666666,0,0,0,0.0,0.0,0.0,0.0,0,0
3f717e6eceab0a066af65ddf782c1ebc502c28c0,1909.12079,bm25,5,0.43067655807339306,1.0,1.0,1.0,1.0,0.25,1,1,1,1.0,1.0,0.3333333333333333,0.3333333333333333,0,0
3f8a42eb0e904ce84c3fded2103f674e9cbc893d,1911.00202,bm25,5,0.2960819109658652,0.3333333333333333,0.3333333333333333,1.0,1.0,0.5,1,1,0,0.3333333333333333,1.0,0.3333333333333333,0.25,0,1
3fd8eab282569b1c18b82f20d579b335ae70e79f,1906.01502,bm25,5,0.41443699955334395,0.5,1.0,1.0,1.0,0.2,1,1,0,0.5,1.0,0.3333333333333333,0.2857142857142857,0,1
4137a82d7752be7a6c142ceb48ce784fd475fb06,1708.05521,bm25,5,1.0,1.0,1.0,1.0,1.0,1.0,1,1,1,1.0,1.0,0.3333333333333333,0.3333333333333333,0,0
420862798054f736128a6f0c4393c7f9cc648b40,1603.09405,bm25,5,0.3333333333333333,0.0,1.0,0.0,1.0,0.14285714285714285,0,0,0,0.0,0.0,0.0,0.0,0,0
42269ed04e986ec5dc4164bf57ef306aec4a1ae1,1608.01972,bm25,5,0.0,0.0,0.0,0.0,0.0,0.0,0,0,0,0.0,0.0,0.0,0.0,0,0
42279c3a202a93cfb4aef49212ccaf401a3f8761,1803.05160,bm25,5,0.5399294342072939,0.2857142857142857,0.42857142857142855,1.0,1.0,1.0,1,0,0,0.2857142857142857,0.2,0.2,0.3333333333333333,1,0
425d17465ff91019eb87c28ff3942f781ba1bbcb,1901.03253,bm25,5,0.38685280723454163,0.5,0.5,1.0,1.0,0.5,1,1,0,0.5,1.0,0.3333333333333333,0.2857142857142857,0,1
4288621e960ffbfce59ef1c740d30baac1588b9b,1611.04887,bm25,5,0.4705561169627617,0.2,0.3333333333333333,1.0,1.0,0.5,1,1,0,0.2,1.0,0.3333333333333333,0.3,0,1
42a4ab4607a9eec42c427a817b7e898230d26444,1909.09070,bm25,5,0.36005461457723403,0.4,0.4,1.0,1.0,0.5,1,1,0,0.4,1.0,0.3333333333333333,0.4,0,1
42dcf1bb19b8470993c05e55413eed487b0f2559,1905.08067,bm25,5,0.6309297535714575,1.0,1.0,1.0,1.0,0.5,1,1,1,1.0,1.0,0.3333333333333333,0.3333333333333333,0,0
42eb7c5311fc1ac0344f0b38d3184ccd4faad3be,2004.01820,bm25,5,0.0,0.0,0.0,0.0,0.0,0.0,0,0,0,0.0,0.0,0.0,0.0,0,0
430ad71a0fd715a038f3c0fe8d7510e9730fba23,1805.09960,bm25,5,0.5307212739772434,0.6666666666666666,0.6666666666666666,1.0,1.0,0.5,1,1,0,0.6666666666666666,1.0,0.5,0.5,0,1
43729be0effb5defc62bae930ceacf7219934f1e,2003.07568,bm25,5,0.4792350074047671,0.3333333333333333,1.0,1.0,1.0,0.2,1,1,0,0.3333333333333333,1.0,0.3333333333333333,0.25,0,1
43f43b135109ebd1d2d1f9af979c64ce550b5f0f,1804.05253,bm25,5,0.0,0.0,0.0,0.0,0.0,0.0,0,0,0,0.0,0.0,0.0,0.0,0,0
441a2b80e82266c2cc2b306c0069f2b564813fed,1906.04236,bm25,5,0.0,0.0,0.0,0.0,0.0,0.0,0,0,0,0.0,0.0,0.0,0.0,0,0
4485e32052741972877375667901f61e602ec4de,1805.11850,bm25,5,0.5,1.0,1.0,1.0,1.0,0.3333333333333333,1,1,1,1.0,1.0,0.3333333333333333,0.3333333333333333,0,0
452e2d7d7d9e1bb4914903479cd7caff9f6fae42,1706.00188,bm25,5,0.5,1.0,1.0,1.0,1.0,0.3333333333333333,1,1,1,1.0,1.0,0.3333333333333333,0.3333333333333333,0,0
458e5ed506883bfec6623102ec9f43c071f0616f,1801.05617,bm25,5,0.0,0.0,0.0,0.0,0.0,0.0,0,0,0,0.0,0.0,0.0,0.0,0,0
45aab23790161cbc55f78e16fdf5678a3f5b4b92,1610.06510,bm25,5,0.0,0.0,0.0,0.0,0.0,0.0,0,0,0,0.0,0.0,0.0,0.0,0,0
45e6532ac06a59cb6a90624513242b06d7391501,1912.11637,bm25,5,0.6447841584694202,0.6666666666666666,1.0,1.0,1.0,0.5,1,1,0,0.6666666666666666,1.0,0.5714285714285714,0.5,0,1
4683812cba21c92319be68c03260b5a8175bbb6e,1602.07563,bm25,5,0.3065735963827292,0.5,0.5,1.0,1.0,0.3333333333333333,1,1,0,0.5,1.0,0.3333333333333333,0.2857142857142857,0,1
468eb961215a554ace8088fa9097a7ad239f2d71,2004.04478,bm25,5,0.38685280723454163,1.0,1.0,1.0,1.0,0.2,1,1,1,1.0,1.0,0.3333333333333333,0.3333333333333333,0,0
46aa61557c8d20b1223a30366a0704d7af68bbbe,1910.07924,bm25,5,0.20483424751859086,0.2,0.2,1.0,1.0,0.3333333333333333,1,0,0,0.2,0.2,0.26666666666666666,0.26666666666666666,1,0
46d051b8924ad0ef8cfba9c7b5b84707ee72f26a,1907.04072,bm25,5,0.0,0.0,0.0,0.0,0.0,0.0,0,0,0,0.0,0.0,0.0,0.0,0,0
46e660becd727c994a2a35c6587e15ea8bf8272d,1809.08935,bm25,5,0.6309297535714575,1.0,1.0,1.0,1.0,0.5,1,1,1,1.0,1.0,0.3333333333333333,0.3333333333333333,0,0
471683ba6251b631f38a24d42b6dba6f52dee429,2003.12139,bm25,5,0.0,0.0,0.0,0.0,0.0,0.0,0,0,0,0.0,0.0,0.0,0.0,0,0
4748a50c96acb1aa03f7efd1b43376c193b2450a,1709.04491,bm25,5,0.5249810332008933,0.5,1.0,1.0,1.0,0.3333333333333333,1,1,0,0.5,1.0,0.3333333333333333,0.2857142857142857,0,1
475e698a801be0ad9e4f74756d1fff4fe0728009,1805.11598,bm25,5,0.16812753627111746,0.25,0.25,1.0,1.0,0.25,1,1,0,0.25,1.0,0.3333333333333333,0.2222222222222222,0,1
475ef4ad32a8589dae9d97048166d732ae5d7beb,1906.01502,bm25,5,0.2893079283427616,0.0,0.6666666666666666,0.0,1.0,0.125,0,0,0,0.0,0.0,0.0,0.0,0,0
477da8d997ff87400c6aad19dcc74f8998bc89c3,1805.11850,bm25,5,0.3706656904013186,0.0,1.0,0.0,1.0,0.125,0,0,0,0.0,0.0,0.0,0.0,0,0
47b7bc232af7bf93338bd3926345e23e9e80c0c1,1811.01183,bm25,5,0.43067655807339306,1.0,1.0,1.0,1.0,0.25,1,1,1,1.0,1.0,0.3333333333333333,0.3333333333333333,0,0
47ffc9811b037613c9c4d1ec1e4f13c08396ed1c,1603.03876,bm25,5,0.43067655807339306,1.0,1.0,1.0,1.0,0.25,1,1,1,1.0,1.0,0.3333333333333333,0.3333333333333333,0,0
488e3c4fd1103c46e12815d1bf414a0356fb0d0e,1903.02930,bm25,5,1.0,1.0,1.0,1.0,1.0,1.0,1,1,1,1.0,1.0,0.3333333333333333,0.3333333333333333,0,0
48ff9645a506aa2c17810d2654d1f0f0d9e609ee,1910.01108,bm25,5,0.5714285040141098,0.5,1.0,1.0,1.0,0.5,1,1,0,0.5,1.0,0.3333333333333333,0.2857142857142857,0,1
4999da863ecbd40378505bfb1f4e395061a3f559,1911.06919,bm25,5,0.0,0.0,0.0,0.0,0.0,0.0,0,0,0,0.0,0.0,0.0,0.0,0,0
49cd18448101da146c3187a44412628f8c722d7b,1705.01306,bm25,5,0.5,1.0,1.0,1.0,1.0,0.3333333333333333,1,1,1,1.0,1.0,0.3333333333333333,0.3333333333333333,0,0
4a093a9af4903a59057a4372ac1b01603467ca58,1602.07563,bm25,5,0.18457569677956817,0.0,0.5,0.0,1.0,0.1111111111111111,0,0,0,0.0,0.0,0.0,0.0,0,0
4a91432abe3f54fcbdd00bb85dc0df95b16edf42,1703.04009,bm25,5,0.0,0.0,0.0,0.0,0.0,0.0,0,0,0,0.0,0.0,0.0,0.0,0,0
4ae0b50c88a174cfc283b90cd3c9407de13fd370,1802.09059,bm25,5,0.4227898344066503,0.0,1.0,0.0,1.0,0.16666666666666666,0,0,0,0.0,0.0,0.0,0.0,0,0
4afd4cfcb30433714b135b977baff346323af1e3,1911.02747,bm25,5,0.6309297535714575,1.0,1.0,1.0,1.0,0.5,1,1,1,1.0,1.0,0.3333333333333333,0.3333333333333333,0,0
4b6745982aa64fbafe09f7c88c8d54d520b3f687,1805.09960,bm25,5,0.0,0.0,0.0,0.0,0.0,0.0,0,0,0,0.0,0.0,0.0,0.0,0,0
4d5b74499804ea5bc5520beb88d0f9816f67205a,1907.04072,bm25,5,0.5078961547485289,0.25,0.5,1.0,1.0,1.0,1,0,0,0.25,0.5,0.2857142857142857,0.2222222222222222,1,0
4d824b49728649432371ecb08f66ba44e50569e0,1612.04118,bm25,5,0.6934264036172708,1.0,1.0,1.0,1.0,0.5,1,1,1,1.0,1.0,0.3333333333333333,0.5714285714285714,0,0
4ddc53afffaf1622d97695347dd1b3190d156dee,1808.07231,bm25,5,0.6309297535714575,1.0,1.0,1.0,1.0,0.5,1,1,1,1.0,1.0,0.3333333333333333,0.3333333333333333,0,0
4de6bcddd46726bf58326304b0490fdb9e7e86ec,1908.07491,bm25,5,0.3065735963827292,0.5,0.5,1.0,1.0,0.3333333333333333,1,1,0,0.5,1.0,0.3333333333333333,0.2857142857142857,0,1
4e106b03cc2f54373e73d5922e97f7e5e9bf03e4,1906.00424,bm25,5,0.5,1.0,1.0,1.0,1.0,0.3333333333333333,1,1,1,1.0,1.0,0.3333333333333333,0.3333333333333333,0,0
4e59808a7f73ac499b9838d3c0ce814196a02473,1908.06259,bm25,5,1.0,1.0,1.0,1.0,1.0,1.0,1,1,1,1.0,1.0,0.3333333333333333,0.5714285714285714,0,0
4eb42c5d56d695030dd47ea7f6d65164924c4017,1910.09387,bm25,5,0.3010299956639812,0.0,1.0,0.0,1.0,0.1111111111111111,0,0,0,0.0,0.0,0.0,0.0,0,0
4f57ac24f3f4689a2f885715cd84b7d867fe3f12,1908.06893,bm25,5,0.0,0.0,0.0,0.0,0.0,0.0,0,0,0,0.0,0.0,0.0,0.0,0,0
5096aaea2d0f4bea4c12e14f4f7735e1aea1bfa6,1706.00188,bm25,5,0.6240505200038379,1.0,1.0,1.0,1.0,0.5,1,1,1,1.0,1.0,0.3333333333333333,0.5714285714285714,0,0
50bcbb730aa74637503c227f022a10f57d43f1f7,1703.05320,bm25,5,0.6131471927654584,0.5,0.5,1.0,1.0,1.0,1,1,0,0.5,1.0,0.3333333333333333,0.2857142857142857,0,1
50c1bf8b928069f3ffc7f0cb00aa056a163ef336,1906.01502,bm25,5,0.23330247263525344,0.2,0.4,1.0,1.0,0.2,1,0,0,0.2,0.25,0.2222222222222222,0.2,1,0
50c441a9cc7345a0fa408d1ce2e13f194c1e82a8,1911.11161,bm25,5,0.6052602440527057,0.5,1.0,1.0,1.0,0.5,1,0,0,0.5,0.5,0.2857142857142857,0.2857142857142857,1,0
5102dc911913e9ca0311253e44fd31c73eed0a57,1909.07158,bm25,5,0.38685280723454163,1.0,1.0,1.0,1.0,0.2,1,1,1,1.0,1.0,0.3333333333333333,0.3333333333333333,0,0
511e46b5aa8e1ee9e7dc890f47fa15ef94d4a0af,1804.07445,bm25,5,0.38685280723454163,1.0,1.0,1.0,1.0,0.2,1,1,1,1.0,1.0,0.3333333333333333,0.3333333333333333,0,0
5154f63c50729b8ac04939588c2f5ffeb916e3df,1801.05617,bm25,5,0.16716045496620227,0.0,0.3333333333333333,0.0,1.0,0.16666666666666666,0,0,0,0.0,0.0,0.0,0.0,0,0
5181527e6a61a9a192db5f8064e56ec263c42661,1909.11980,bm25,5,0.3333333333333333,0.0,1.0,0.0,1.0,0.14285714285714285,0,0,0,0.0,0.0,0.0,0.0,0,0
51e9f446d987219bc069222731dfc1081957ce1f,1910.03355,bm25,5,0.0,0.0,0.0,0.0,0.0,0.0,0,0,0,0.0,0.0,0.0,0.0,0,0
521a3e7300567f6e8e4c531f223dbc9fc306c393,1911.00202,bm25,5,0.9325210919548239,0.6666666666666666,1.0,1.0,1.0,1.0,1,1,0,0.6666666666666666,1.0,0.5714285714285714,0.5,0,1
52868394eb2b3b37eb5f47f51c06ad53061f4495,2002.06854,bm25,5,0.10086747116627115,0.0,0.16666666666666666,0.0,1.0,0.14285714285714285,0,0,0,0.0,0.0,0.0,0.0,0,0
52faf319e37aa15fff1ab47f634a5a584dc42e75,1708.00549,bm25,5,0.7238619723738529,0.6,1.0,1.0,1.0,0.5,1,1,0,0.6,1.0,0.5714285714285714,0.6,0,1
5370a0062aae7fa4e700ae47aa143be5c5fc6b22,1811.04791,bm25,5,0.3295827480202853,0.3333333333333333,0.6666666666666666,1.0,1.0,0.2,1,1,0,0.3333333333333333,1.0,0.3333333333333333,0.25,0,1
539f5c27e1a2d240e52b711d0a50a3a6ddfa5cb2,1911.04128,bm25,5,0.5,1.0,1.0,1.0,1.0,0.3333333333333333,1,1,1,1.0,1.0,0.3333333333333333,0.3333333333333333,0,0
53a8c3cf22d6bf6477bc576a85a83d8447ee0484,1910.07973,bm25,5,0.3065735963827292,0.5,0.5,1.0,1.0,0.3333333333333333,1,0,0,0.5,0.5,0.2857142857142857,0.2857142857142857,1,0
54002c15493d4082d352a66fb9465d65bfe9ddca,1911.03977,bm25,5,1.0,1.0,1.0,1.0,1.0,1.0,1,1,1,1.0,1.0,0.3333333333333333,0.3333333333333333,0,0
5422a3f2a083395416d6f99c57d28335eb2e44e1,1911.09709,bm25,5,0.8772153153380493,1.0,1.0,1.0,1.0,1.0,1,1,1,1.0,1.0,0.3333333333333333,0.5714285714285714,0,0
5499440674f0e4a9d6912b9ac29fa1f7b7cd5253,1811.01183,bm25,5,0.6131471927654584,0.5,0.5,1.0,1.0,1.0,1,1,0,0.5,1.0,0.3333333333333333,0.2857142857142857,0,1
5522a9eeb06221722052e3c38f9b0d0dbe7c13e6,1709.06136,bm25,5,0.43067655807339306,1.0,1.0,1.0,1.0,0.25,1,1,1,1.0,1.0,0.3333333333333333,0.3333333333333333,0,0
552b1c813f25bf39ace6cd5eefa56f4e4dd70c84,1911.03854,bm25,5,0.0,0.0,0.0,0.0,0.0,0.0,0,0,0,0.0,0.0,0.0,0.0,0,0
554d798e4ce58fd30820200c474d7e796dc8ba89,1810.02268,bm25,5,0.0,0.0,0.0,0.0,0.0,0.0,0,0,0,0.0,0.0,0.0,0.0,0,0
55612e92791296baf18013d2c8dd0474f35af770,1707.07568,bm25,5,0.3562071871080222,0.0,1.0,0.0,1.0,0.16666666666666666,0,0,0,0.0,0.0,0.0,0.0,0,0
556782bb96f8fc07d14865f122362ebcc79134ec,1909.11706,bm25,5,0.36181498356361597,0.0,1.0,0.0,1.0,0.1111111111111111,0,0,0,0.0,0.0,0.0,0.0,0,0
55bde89fc5822572f794614df3130d23537f7cf2,2002.04745,bm25,5,0.0,0.0,0.0,0.0,0.0,0.0,0,0,0,0.0,0.0,0.0,0.0,0,0
568466c62dd73a025bfd9643417cdb7a611f23a1,1909.12016,bm25,5,0.5,1.0,1.0,1.0,1.0,0.3333333333333333,1,1,1,1.0,1.0,0.3333333333333333,0.3333333333333333,0,0
5695908a8c6beb0e3863a1458a1b93aab508fd34,1910.10670,bm25,5,1.0,1.0,1.0,1.0,1.0,1.0,1,1,1,1.0,1.0,0.5714285714285714,0.5714285714285714,0,0
56d41e0fcc288c1e65806ae77097d685c83e22db,1709.09749,bm25,5,1.0,1.0,1.0,1.0,1.0,1.0,1,1,1,1.0,1.0,0.3333333333333333,0.5714285714285714,0,0
56d788af4694c1cd1eebee0b83c585836d1f5f99,1912.08084,bm25,5,0.19342640361727081,0.0,0.5,0.0,1.0,0.125,0,0,0,0.0,0.0,0.0,0.0,0,0
573b8b1ad919d3fd0ef7df84e55e5bfd165b3e84,1909.07873,bm25,5,0.43067655807339306,1.0,1.0,1.0,1.0,0.25,1,1,1,1.0,1.0,0.3333333333333333,0.3333333333333333,0,0
5752c8d333afc1e6c666b18d1477c8f669b7a602,1707.02892,bm25,5,0.6309297535714575,1.0,1.0,1.0,1.0,0.5,1,1,1,1.0,1.0,0.3333333333333333,0.3333333333333333,0,0
576a3ed6e4faa4c3893db632e97a52ac6e864aac,1605.04278,bm25,5,0.0,0.0,0.0,0.0,0.0,0.0,0,0,0,0.0,0.0,0.0,0.0,0,0
578add9d3dadf86cd0876d42b03bf0114f83d0e7,1907.04072,bm25,5,0.0,0.0,0.0,0.0,0.0,0.0,0,0,0,0.0,0.0,0.0,0.0,0,0
57d07d2b509c5860880583efe2ed4c5620a96747,2004.04478,bm25,5,0.6131471927654584,0.5,0.5,1.0,1.0,1.0,1,1,0,0.5,1.0,0.3333333333333333,0.2857142857142857,0,1
57ee20f494d8ce3fae46028c3f3551d180dba3e0,1611.06322,bm25,5,0.0,0.0,0.0,0.0,0.0,0.0,0,0,0,0.0,0.0,0.0,0.0,0,0
58a3cfbbf209174fcffe44ce99840c758b448364,1707.05589,bm25,5,0.5449960234716782,0.3333333333333333,0.5,1.0,1.0,1.0,1,0,0,0.3333333333333333,0.5,0.2857142857142857,0.36363636363636365,1,0
59a3d4cdd1c3797962bf8d72c226c847e06e1d44,1908.05925,bm25,5,0.2741708125981702,0.25,0.5,1.0,1.0,0.2,1,0,0,0.25,0.3333333333333333,0.25,0.2222222222222222,1,0
5a7d1ae6796e09299522ebda7bfcfad312d6d128,1912.07076,bm25,5,0.3391602052736161,0.2,0.2,1.0,1.0,1.0,1,1,0,0.2,1.0,0.3333333333333333,0.2,0,1
5ae005917efc17a505ba1ba5e996c4266d6c74b6,1806.06571,bm25,5,0.19519002499605084,0.25,0.25,1.0,1.0,0.3333333333333333,1,0,0,0.25,0.3333333333333333,0.25,0.2222222222222222,1,0
5b2839bef513e5d441f0bb8352807f673f4b2070,1803.06745,bm25,5,0.4632423659320675,0.3333333333333333,0.6666666666666666,1.0,1.0,0.5,1,0,0,0.3333333333333333,0.3333333333333333,0.25,0.25,1,0
5bfbc9ca7fd41be9627f6ef587bb7e21c7983be0,2002.06851,bm25,5,0.17723928678404774,0.0,0.5,0.0,1.0,0.1,0,0,0,0.0,0.0,0.0,0.0,0,0
5c17559749810c67c50a7dbe34580d5e3b4f9acb,1706.04206,bm25,5,0.3065735963827292,0.5,0.5,1.0,1.0,0.3333333333333333,1,1,0,0.5,1.0,0.3333333333333333,0.2857142857142857,0,1
5cc5e2db82f5d40a5244224dad94da50b4f673db,1804.03839,bm25,5,1.0,1.0,1.0,1.0,1.0,1.0,1,1,1,1.0,1.0,0.3333333333333333,0.3333333333333333,0,0
5d0a3f8ca3882f87773cf8c2ef1b4f72b9cc241e,1808.10006,bm25,5,0.0,0.0,0.0,0.0,0.0,0.0,0,0,0,0.0,0.0,0.0,0.0,0,0
5d3e87937ecebf0695bece08eccefb2f88ad4a0f,1907.05338,bm25,5,0.5400753810454857,0.6666666666666666,1.0,1.0,1.0,0.25,1,0,0,0.6666666666666666,0.6666666666666666,0.5,0.5,1,0
5d93245832d90b31aee42ea2bf1e7704c22ebeca,1808.07231,bm25,5,0.6309297535714575,1.0,1.0,1.0,1.0,0.5,1,1,1,1.0,1.0,0.3333333333333333,0.3333333333333333,0,0
5da9e2eef741bd7efccec8e441b8e52e906b2d2d,1804.00982,bm25,5,0.0,0.0,0.0,0.0,0.0,0.0,0,0,0,0.0,0.0,0.0,0.0,0,0
5db47bbb97282983e10414240db78154ea7ac75f,1909.07873,bm25,5,0.5413996682199069,0.5,0.5,1.0,1.0,1.0,1,1,0,0.5,1.0,0.4444444444444444,0.4444444444444444,0,1
5dfd58f91e7740899c23ebfe04b7176edce9ead2,1809.03391,bm25,5,1.0,1.0,1.0,1.0,1.0,1.0,1,1,1,1.0,1.0,0.3333333333333333,0.5714285714285714,0,0
5e4eac0b0a73d465d74568c21819acaec557b700,1809.03680,bm25,5,0.43067655807339306,1.0,1.0,1.0,1.0,0.25,1,1,1,1.0,1.0,0.3333333333333333,0.3333333333333333,0,0
5f6c1513cbda9ae711bc38df08fe72e3d3028af2,1802.06053,bm25,5,0.3562071871080222,0.0,1.0,0.0,1.0,0.16666666666666666,0,0,0,0.0,0.0,0.0,0.0,0,0
5f7f4a1d4380c118a58ed506c057d3b7aa234c1e,1906.04287,bm25,5,0.0,0.0,0.0,0.0,0.0,0.0,0,0,0,0.0,0.0,0.0,0.0,0,0
5fd112980d0dd7f7ce30e6273fe6e7b230b13225,1910.14589,bm25,5,0.0,0.0,0.0,0.0,0.0,0.0,0,0,0,0.0,0.0,0.0,0.0,0,0
610fc593638c5e9809ea9839912d0b282541d42d,1804.08000,bm25,5,1.0,1.0,1.0,1.0,1.0,1.0,1,1,1,1.0,1.0,0.3333333333333333,0.3333333333333333,0,0
6167618e0c53964f3a706758bdf5e807bc5d7760,1909.01860,bm25,5,0.2890648263178879,0.0,1.0,0.0,1.0,0.1,0,0,0,0.0,0.0,0.0,0.0,0,0
61a2599acfbd3d75de58e97ecdba2d9cf0978324,1912.08084,bm25,5,0.19342640361727081,0.0,0.5,0.0,1.0,0.125,0,0,0,0.0,0.0,0.0,0.0,0,0
61e96abdc924c34c6b82a587168ea3d14fe792d1,1911.10401,bm25,5,0.6131471927654584,0.5,0.5,1.0,1.0,1.0,1,1,0,0.5,1.0,0.3333333333333333,0.2857142857142857,0,1
620b6c410a055295d137511d3c99207a47c03b5e,1908.09590,bm25,5,0.3010299956639812,0.0,1.0,0.0,1.0,0.1111111111111111,0,0,0,0.0,0.0,0.0,0.0,0,0
627ce8a1db08a732d5a8f7e1f8a72e3de89847e6,1911.09247,bm25,5,0.5307212739772434,0.6666666666666666,0.6666666666666666,1.0,1.0,0.5,1,1,0,0.6666666666666666,1.0,0.3333333333333333,0.5,0,1
62edffd051d056cf60e17deafcc55a8c9af398cb,1908.10461,bm25,5,0.43067655807339306,1.0,1.0,1.0,1.0,0.25,1,1,1,1.0,1.0,0.3333333333333333,0.3333333333333333,0,0
6371c6863fe9a14bf67560e754ce531d70de10ab,2002.04326,bm25,5,0.0,0.0,0.0,0.0,0.0,0.0,0,0,0,0.0,0.0,0.0,0.0,0,0
63cdac43a643fc1e06da44910458e89b2c7cd921,1904.03670,bm25,5,1.0,1.0,1.0,1.0,1.0,1.0,1,1,1,1.0,1.0,0.3333333333333333,0.3333333333333333,0,0
63d2e97657419a0185127534f4ff9d0039cb1a63,1804.05253,bm25,5,0.9197207891481876,1.0,1.0,1.0,1.0,1.0,1,1,1,1.0,1.0,0.3333333333333333,0.5714285714285714,0,0
63eda2af88c35a507fbbfda0ec1082f58091883a,1711.11118,bm25,5,0.38685280723454163,1.0,1.0,1.0,1.0,0.2,1,1,1,1.0,1.0,0.3333333333333333,0.3333333333333333,0,0
641fe5dc93611411582e6a4a0ea2d5773eaf0310,1802.03052,bm25,5,0.6309297535714575,1.0,1.0,1.0,1.0,0.5,1,1,1,1.0,1.0,0.3333333333333333,0.3333333333333333,0,0
643527e94e8eed1e2229915fcf8cd74d769173fc,1908.09283,bm25,5,0.6309297535714575,1.0,1.0,1.0,1.0,0.5,1,1,1,1.0,1.0,0.3333333333333333,0.3333333333333333,0,0
643645e02ffe8fde45918615ec92013a035d1b92,1704.03279,bm25,5,0.6309297535714575,1.0,1.0,1.0,1.0,0.5,1,1,1,1.0,1.0,0.3333333333333333,0.3333333333333333,0,0
64632981279c7aa16ffc1a44ffc31f4520f5559e,1710.07695,bm25,5,1.0,1.0,1.0,1.0,1.0,1.0,1,1,1,1.0,1.0,0.3333333333333333,0.3333333333333333,0,0
647f6e6b168ec38fcdb737d3b276f78402282f9d,1910.13793,bm25,5,0.3562071871080222,0.0,1.0,0.0,1.0,0.16666666666666666,0,0,0,0.0,0.0,0.0,0.0,0,0
64c45fdb536ae294cf06716ac20d08b5fdb7944d,1710.01789,bm25,5,0.2960819109658652,0.3333333333333333,0.3333333333333333,1.0,1.0,0.5,1,0,0,0.3333333333333333,0.5,0.2857142857142857,0.25,1,0
64f7337970e8d1989b2e1f7106d86f73c4a3d0af,1803.08419,bm25,5,0.9060254355346823,1.0,1.0,1.0,1.0,1.0,1,1,1,1.0,1.0,0.5714285714285714,0.75,0,0
654fe0109502f2ed2dc8dad359dbbce4393e03dc,1908.09892,bm25,5,0.3294836243397122,0.125,0.375,1.0,1.0,0.5,1,0,0,0.125,0.5,0.2857142857142857,0.15384615384615385,1,0
6590055fb033cb32826f2afecb3d7f607dd97d57,1911.03642,bm25,5,1.0,1.0,1.0,1.0,1.0,1.0,1,1,1,1.0,1.0,0.3333333333333333,0.3333333333333333,0,0
65b39676db60f914f29f74b7c1264422ee42ad5c,1611.00440,bm25,5,0.3171937659698004,0.3333333333333333,0.6666666666666666,1.0,1.0,0.2,1,0,0,0.3333333333333333,0.5,0.2857142857142857,0.25,1,0
65c7a2b734dab51c4c81f722527424ff33b023f8,1610.06510,bm25,5,0.0,0.0,0.0,0.0,0.0,0.0,0,0,0,0.0,0.0,0.0,0.0,0,0
65e26b15e087bedb6e8782d91596b35e7454b16b,1611.01116,bm25,5,0.6049306994552042,0.3333333333333333,0.6666666666666666,1.0,1.0,1.0,1,0,0,0.3333333333333333,0.5,0.2857142857142857,0.25,1,0
6606160e210d05b94f7cbd9c5ff91947339f9d02,1902.08830,bm25,5,0.0,0.0,0.0,0.0,0.0,0.0,0,0,0,0.0,0.0,0.0,0.0,0,0
6656a9472499331f4eda45182ea697a4d63e943c,1805.09960,bm25,5,1.0,1.0,1.0,1.0,1.0,1.0,1,1,1,1.0,1.0,0.3333333333333333,0.3333333333333333,0,0
6657ece018b1455035421b822ea2d7961557c645,1906.05685,bm25,5,0.0,0.0,0.0,0.0,0.0,0.0,0,0,0,0.0,0.0,0.0,0.0,0,0
6683008e0a8c4583058d38e185e2e2e18ac6cf50,2002.08902,bm25,5,0.5,1.0,1.0,1.0,1.0,0.3333333333333333,1,1,1,1.0,1.0,0.3333333333333333,0.3333333333333333,0,0
66dfcdab1db6a8fcdf392157a478b4cca0d87961,1910.12203,bm25,5,0.8772153153380493,1.0,1.0,1.0,1.0,1.0,1,1,1,1.0,1.0,0.5714285714285714,0.5714285714285714,0,0
67672648e7ebcbef18921006e2c8787966f8cdf2,1901.09501,bm25,5,1.0,1.0,1.0,1.0,1.0,1.0,1,1,1,1.0,1.0,0.3333333333333333,0.3333333333333333,0,0
67c16ba64fe27838b1034d15194c07a9c98cdebe,1708.05482,bm25,5,0.0,0.0,0.0,0.0,0.0,0.0,0,0,0,0.0,0.0,0.0,0.0,0,0
67cb001f8ca122ea859724804b41529fea5faeef,1805.07882,bm25,5,0.5012658353418871,1.0,1.0,1.0,1.0,0.25,1,1,1,1.0,1.0,0.5714285714285714,0.5714285714285714,0,0
67f1b8a9f72e62cd74ec42e9631ef763a9b098c7,1908.10001,bm25,5,1.0,1.0,1.0,1.0,1.0,1.0,1,1,1,1.0,1.0,0.3333333333333333,0.3333333333333333,0,0
6883767bbdf14e124c61df4f76335d3e91bfcb03,1902.06734,bm25,5,1.0,1.0,1.0,1.0,1.0,1.0,1,1,1,1.0,1.0,0.3333333333333333,0.3333333333333333,0,0
68aa460ad357b4228b16b31b2cbec986215813bf,1911.12893,bm25,5,0.11305340175787204,0.0,0.2,0.0,1.0,0.14285714285714285,0,0,0,0.0,0.0,0.0,0.0,0,0
68f1df3fb0703ff694a055d23e7ec3f6fb449b8d,1801.03615,bm25,5,0.16812753627111746,0.25,0.25,1.0,1.0,0.25,1,0,0,0.25,0.5,0.2857142857142857,0.2222222222222222,1,0
69a46a227269c3aac9bf9d7c3d698c787642f806,1911.11025,bm25,5,0.0,0.0,0.0,0.0,0.0,0.0,0,0,0,0.0,0.0,0.0,0.0,0,0
6a20a3220c4edad758b912e2d3e5b99b0b295d96,1805.04579,bm25,5,0.2663675653175515,0.125,0.375,1.0,1.0,0.25,1,0,0,0.125,0.25,0.2222222222222222,0.15384615384615385,1,0
6b1a6517b343fdb79f246955091ff25e440b9511,1902.04094,bm25,5,0.2406672991267921,0.0,0.5,0.0,1.0,0.125,0,0,0,0.0,0.0,0.0,0.0,0,0
6b4006a90aeaaff8914052d72d28851a9c0c0146,1804.07445,bm25,5,0.5,1.0,1.0,1.0,1.0,0.3333333333333333,1,1,1,1.0,1.0,0.3333333333333333,0.3333333333333333,0,0
6bce04570d4745dcfaca5cba64075242308b65cf,2002.08902,bm25,5,1.0,1.0,1.0,1.0,1.0,1.0,1,1,1,1.0,1.0,0.3333333333333333,0.3333333333333333,0,0
6c1614991647705265fb348d28ba60dd3b63b799,1908.10090,bm25,5,1.0,1.0,1.0,1.0,1.0,1.0,1,1,1,1.0,1.0,0.3333333333333333,0.3333333333333333,0,0
6cad6f074b0486210ffa4982c8d1632f5aa91d91,1912.10162,bm25,5,0.2960819109658652,0.3333333333333333,0.3333333333333333,1.0,1.0,0.5,1,0,0,0.3333333333333333,0.5,0.2857142857142857,0.25,1,0
6cb3007a09ab0f1602cdad20cc0437fbdd4d7f3e,2003.07459,bm25,5,0.4415801103577823,0.5,1.0,1.0,1.0,0.2,1,0,0,0.5,0.5,0.2857142857142857,0.2857142857142857,1,0
6d17dc00f7e5331128b6b585e78cac0b9082e13d,1911.12722,bm25,5,1.0,1.0,1.0,1.0,1.0,1.0,1,1,1,1.0,1.0,0.3333333333333333,0.3333333333333333,0,0
6d55e377335815b7ad134d1a2977d231ad34a25b,1701.03578,bm25,5,0.38268031849431083,0.3333333333333333,0.6666666666666666,1.0,1.0,0.3333333333333333,1,0,0,0.3333333333333333,0.5,0.2857142857142857,0.25,1,0
6d8a51e2790043497ed2637a1abc36bdffb39b71,1911.02747,bm25,5,0.8988898126139723,0.5,1.0,1.0,1.0,1.0,1,1,0,0.5,1.0,0.3333333333333333,0.4444444444444444,0,1
6e134d51a795c385d72f38f36bca4259522bcf51,1703.10152,bm25,5,0.16812753627111746,0.25,0.25,1.0,1.0,0.25,1,1,0,0.25,1.0,0.3333333333333333,0.2222222222222222,0,1
6e3e9818551fc2f8450bbf09b0fe82ac2506bc7a,1906.06349,bm25,5,0.3903800499921017,0.25,0.25,1.0,1.0,1.0,1,0,0,0.25,0.25,0.2222222222222222,0.2222222222222222,1,0
6e63db22a2a34c20ad341eb33f3422f40d0001d3,1909.02855,bm25,5,1.0,1.0,1.0,1.0,1.0,1.0,1,1,1,1.0,1.0,0.3333333333333333,0.3333333333333333,0,0
6e80386b33fbfba8bc1ab811a597d844ae67c578,1910.12203,bm25,5,0.6309297535714575,1.0,1.0,1.0,1.0,0.5,1,1,1,1.0,1.0,0.3333333333333333,0.3333333333333333,0,0
70512cc9dcd45157e40c8d1f85e82d21ade7645b,1603.01547,bm25,5,0.16812753627111746,0.25,0.25,1.0,1.0,0.25,1,1,0,0.25,1.0,0.3333333333333333,0.2222222222222222,0,1
708f5f83a3c356b23b27a9175f5c35ac00cdf5db,1910.09916,bm25,5,0.38685280723454163,1.0,1.0,1.0,1.0,0.2,1,1,1,1.0,1.0,0.3333333333333333,0.3333333333333333,0,0
70abb108c3170e81f8725ddc1a3f2357be5a4959,1708.09025,bm25,5,0.3065735963827292,0.5,0.5,1.0,1.0,0.3333333333333333,1,1,0,0.5,1.0,0.3333333333333333,0.2857142857142857,0,1
713e1c7b0ab17759ba85d7cd2041e387831661df,2002.06854,bm25,5,0.6509209298071326,1.0,1.0,1.0,1.0,0.5,1,1,1,1.0,1.0,0.3333333333333333,0.5714285714285714,0,0
71413505d7d6579e2a453a1f09f4efd20197ab4b,1612.03762,bm25,5,0.4367467095119258,0.6666666666666666,0.6666666666666666,1.0,1.0,0.3333333333333333,1,1,0,0.6666666666666666,1.0,0.5,0.5,0,1
718c0232b1f15ddb73d40c3afbd6c5c0d0354566,1806.09652,bm25,5,0.5,1.0,1.0,1.0,1.0,0.3333333333333333,1,1,1,1.0,1.0,0.3333333333333333,0.3333333333333333,0,0
71b07d08fb6ac8732aa4060ae94ec7c0657bb1db,1910.01160,bm25,5,0.9197207891481876,1.0,1.0,1.0,1.0,1.0,1,1,1,1.0,1.0,0.5714285714285714,0.5714285714285714,0,0
71b29ab3ddcdd11dcc63b0bb55e75914c07a2217,1908.06024,bm25,5,0.3333333333333333,0.0,1.0,0.0,1.0,0.14285714285714285,0,0,0,0.0,0.0,0.0,0.0,0,0
71fd0efea1b441d86d9a75255815ba3efe09779b,1905.07562,bm25,5,0.9134015924715543,0.6666666666666666,1.0,1.0,1.0,1.0,1,0,0,0.6666666666666666,0.5,0.2857142857142857,0.5,1,0
7239c02a0dcc0c3c9d9cddb5e895bcf9cfcefee6,1602.03483,bm25,5,0.0,0.0,0.0,0.0,0.0,0.0,0,0,0,0.0,0.0,0.0,0.0,0,0
726c5c1b6951287f4bae22978f9a91d22d9bef61,1610.09722,bm25,5,0.0,0.0,0.0,0.0,0.0,0.0,0,0,0,0.0,0.0,0.0,0.0,0,0
72dbdd11b655b25b2b254e39689a7d912f334b71,1909.03553,bm25,5,0.38121301394452073,0.2857142857142857,0.2857142857142857,1.0,1.0,1.0,1,0,0,0.2857142857142857,0.3333333333333333,0.3333333333333333,0.3333333333333333,1,0
732bd97ae34541f215c436e2a1b98db1649cba27,1809.03391,bm25,5,0.5,1.0,1.0,1.0,1.0,0.3333333333333333,1,1,1,1.0,1.0,0.3333333333333333,0.3333333333333333,0,0
7380e62edcb11f728f6d617ee332dc8b5752b185,1612.07486,bm25,5,0.20438239758848611,0.0,0.5,0.0,1.0,0.14285714285714285,0,0,0,0.0,0.0,0.0,0.0,0,0
73c535a7b46f0c2408ea2b1da0a878b376a2bca5,1605.04278,bm25,5,0.0,0.0,0.0,0.0,0.0,0.0,0,0,0,0.0,0.0,0.0,0.0,0,0
740cc392c0c8bfadfe6b3a60c0be635c03e17f2a,2004.00809,bm25,5,0.43067655807339306,1.0,1.0,1.0,1.0,0.25,1,1,1,1.0,1.0,0.3333333333333333,0.3333333333333333,0,0
742d5e182b57bfa5f589fde645717ed0ac3f49c2,1610.09722,bm25,5,1.0,1.0,1.0,1.0,1.0,1.0,1,1,1,1.0,1.0,0.5714285714285714,0.5714285714285714,0,0
74a17eb3bf1d4f36e2db1459a342c529b9785f6e,1805.09960,bm25,5,0.38685280723454163,0.5,0.5,1.0,1.0,0.5,1,1,0,0.5,1.0,0.3333333333333333,0.2857142857142857,0,1
74acaa205a5998af4ad7edbed66837a6f2b5c58b,1712.00733,bm25,5,0.10209739512291163,0.0,0.2,0.0,1.0,0.1111111111111111,0,0,0,0.0,0.0,0.0,0.0,0,0
74cef0205e0f31d0ab28d0e4d96c1e8ef62d4cce,1903.04329,bm25,5,1.0,1.0,1.0,1.0,1.0,1.0,1,1,1,1.0,1.0,0.3333333333333333,0.3333333333333333,0,0
74ebfba06f37cc95dfe59c3790ebe6165e6be19c,1702.02584,bm25,5,0.8175295903539445,0.5,1.0,1.0,1.0,1.0,1,1,0,0.5,1.0,0.3333333333333333,0.2857142857142857,0,1
74fcb741d29892918903702dbb145fef372d1de3,1909.02322,bm25,5,0.38138086433316765,0.25,0.75,1.0,1.0,0.2,1,0,0,0.25,0.3333333333333333,0.25,0.2222222222222222,1,0
753a187c1dd8d96353187fbb193b5f86293a796c,1911.01214,bm25,5,0.0,0.0,0.0,0.0,0.0,0.0,0,0,0,0.0,0.0,0.0,0.0,0,0
754d7475b8bf50499ed77328b4b0eeedf9cb2623,1806.09652,bm25,5,1.0,1.0,1.0,1.0,1.0,1.0,1,1,1,1.0,1.0,0.3333333333333333,0.3333333333333333,0,0
7557f2c3424ae70e2a79c51f9752adc99a9bdd39,1901.05389,bm25,5,0.0,0.0,0.0,0.0,0.0,0.0,0,0,0,0.0,0.0,0.0,0.0,0,0
7561bd3b8ba7829b3a01ff07f9f3e93a7b8869cc,2002.06851,bm25,5,0.0,0.0,0.0,0.0,0.0,0.0,0,0,0,0.0,0.0,0.0,0.0,0,0
756a8a9125e6984e0ca768b653c6c760efa3db66,1905.00840,bm25,5,0.5437713091520254,1.0,1.0,1.0,1.0,0.3333333333333333,1,1,1,1.0,1.0,0.5714285714285714,0.5714285714285714,0,0
7572f6e68a2ed2c41b87c5088ba8680afa0c0a0b,1808.07231,bm25,5,0.15101961822780524,0.25,0.25,1.0,1.0,0.2,1,1,0,0.25,1.0,0.3333333333333333,0.2222222222222222,0,1
75b3e2d2caec56e5c8fbf6532070b98d70774b95,1911.12237,bm25,5,0.8503449055347546,1.0,1.0,1.0,1.0,1.0,1,1,1,1.0,1.0,0.5714285714285714,0.5714285714285714,0,0
75c221920bee14a6153bd5f4c1179591b2f48d59,2004.02401,bm25,5,0.37800210039683896,0.0,1.0,0.0,1.0,0.125,0,0,0,0.0,0.0,0.0,0.0,0,0
7625068cc22a095109580b83eff48616387167c2,2004.03090,bm25,5,0.5012658353418871,1.0,1.0,1.0,1.0,0.25,1,1,1,1.0,1.0,0.3333333333333333,0.5714285714285714,0,0
76ae794ced3b5ae565f361451813f2f3bc85b214,1605.05156,bm25,5,0.5456389949864534,0.2857142857142857,0.7142857142857143,1.0,1.0,0.5,1,0,0,0.2857142857142857,0.2857142857142857,0.3333333333333333,0.3333333333333333,1,0
76e17e648a4d1f386eb6bf61b0c24f134af872be,1808.07231,bm25,5,1.0,1.0,1.0,1.0,1.0,1.0,1,1,1,1.0,1.0,0.3333333333333333,0.5714285714285714,0,0
76f90c88926256e7f90d2104a88acfdd7fc5475e,1910.07154,bm25,5,0.6309297535714575,1.0,1.0,1.0,1.0,0.5,1,1,1,1.0,1.0,0.3333333333333333,0.3333333333333333,0,0
7748c072e07d6c6db5a34be38b4a5e97ac6d7999,1905.00840,bm25,5,0.9197207891481876,1.0,1.0,1.0,1.0,1.0,1,1,1,1.0,1.0,0.5714285714285714,0.5714285714285714,0,0
778c6a27182349dc5275282c3e9577bda2555c3d,1905.08067,bm25,5,0.2640681225725909,0.5,0.5,1.0,1.0,0.25,1,0,0,0.5,0.5,0.2857142857142857,0.2857142857142857,1,0
77a331d4d909d92fab9552b429adde5379b2ae69,1706.02222,bm25,5,0.0,0.0,0.0,0.0,0.0,0.0,0,0,0,0.0,0.0,0.0,0.0,0,0
77bbe1698e001c5889217be3164982ea36e85752,1908.11046,bm25,5,0.17723928678404774,0.0,0.5,0.0,1.0,0.1,0,0,0,0.0,0.0,0.0,0.0,0,0
77bc886478925c8e9fb369b1ba5d05c42b3cd79a,1804.00982,bm25,5,0.5,1.0,1.0,1.0,1.0,0.3333333333333333,1,1,1,1.0,1.0,0.3333333333333333,0.3333333333333333,0,0
77c3416578b52994227bae7f2529600f02183e12,2003.11687,bm25,5,1.0,1.0,1.0,1.0,1.0,1.0,1,1,1,1.0,1.0,0.3333333333333333,0.3333333333333333,0,0
78c7318b2218b906a67d8854f3e511034075f79a,1909.03087,bm25,5,0.7039180890341347,0.6666666666666666,0.6666666666666666,1.0,1.0,1.0,1,1,0,0.6666666666666666,1.0,0.3333333333333333,0.5,0,1
78f8dad0f1acf024f69b3218b2d204b8019bb0d2,1901.05415,bm25,5,0.0,0.0,0.0,0.0,0.0,0.0,0,0,0,0.0,0.0,0.0,0.0,0,0
79258cea30cd6c0662df4bb712bf667589498a1f,1707.07568,bm25,5,0.6309297535714575,1.0,1.0,1.0,1.0,0.5,1,1,1,1.0,1.0,0.3333333333333333,0.3333333333333333,0,0
7969b8d80e12aa3ebb89b5622bc564f44e98329f,1909.11706,bm25,5,0.37800210039683896,0.0,1.0,0.0,1.0,0.125,0,0,0,0.0,0.0,0.0,0.0,0,0
79885526713cc16eb734c88ff1169ae802cad589,2002.00175,bm25,5,1.0,1.0,1.0,1.0,1.0,1.0,1,1,1,1.0,1.0,0.5714285714285714,0.5714285714285714,0,0
79e61134a6e29141cd19252571ffc92a0b4bc97f,1907.05338,bm25,5,0.2640681225725909,0.5,0.5,1.0,1.0,0.25,1,0,0,0.5,0.5,0.2857142857142857,0.2857142857142857,1,0
7a212a34e9dbb0ba52c40471842b2e0e3e14f276,1908.09355,bm25,5,0.21840743681816419,0.0,0.5,0.0,1.0,0.16666666666666666,0,0,0,0.0,0.0,0.0,0.0,0,0
7a84fed904acc1e0380deb6e5a2e1daacfb5907a,2001.04346,bm25,5,1.0,1.0,1.0,1.0,1.0,1.0,1,1,1,1.0,1.0,0.3333333333333333,0.3333333333333333,0,0
7a8b24062a5bb63a8b4c729f6247a7fd2fec7f07,1907.08540,bm25,5,0.5802792108518124,0.5,1.0,1.0,1.0,0.5,1,0,0,0.5,0.5,0.2857142857142857,0.2857142857142857,1,0
7ae95716977d39d96e871e552c35ca0753115229,1610.09722,bm25,5,0.43067655807339306,1.0,1.0,1.0,1.0,0.25,1,1,1,1.0,1.0,0.3333333333333333,0.3333333333333333,0,0
7b76b8b69246525a48c0a8ca0c42db3319cd10a5,1704.08390,bm25,5,0.9197207891481876,1.0,1.0,1.0,1.0,1.0,1,1,1,1.0,1.0,0.3333333333333333,0.5714285714285714,0,0
7ba6330d105f49c7f71dba148bb73245a8ef2966,1708.07690,bm25,5,0.0,0.0,0.0,0.0,0.0,0.0,0,0,0,0.0,0.0,0.0,0.0,0,0
7c2d6bc913523d77e8fdc82c60598ee95b445d84,1911.09709,bm25,5,0.6257049680303419,0.3333333333333333,0.6666666666666666,1.0,1.0,1.0,1,0,0,0.3333333333333333,0.5,0.2857142857142857,0.25,1,0
7caeb5ef6f2985b2cf383cd01765d247c936605f,1910.01992,bm25,5,0.5531464700081437,0.4,0.4,1.0,1.0,1.0,1,1,0,0.4,1.0,0.3333333333333333,0.4,0,1
7cf44877dae8873139aede381fb9908dd0c546c4,1703.04357,bm25,5,0.5109559939712153,0.5,1.0,1.0,1.0,0.3333333333333333,1,1,0,0.5,1.0,0.3333333333333333,0.2857142857142857,0,1
7d34cdd9cb1c988e218ce0fd59ba6a3b5de2024a,1802.03052,bm25,5,0.38685280723454163,1.0,1.0,1.0,1.0,0.2,1,1,1,1.0,1.0,0.3333333333333333,0.3333333333333333,0,0
7d503b3d4d415cf3e91ab08bd5a1a2474dd1047b,1909.08357,bm25,5,0.2890648263178879,0.0,1.0,0.0,1.0,0.1,0,0,0,0.0,0.0,0.0,0.0,0,0
7d8cd7d6c86349ef0bd4fdbd84c8dc49c7678f46,1709.06365,bm25,5,0.0761433407173835,0.0,0.125,0.0,1.0,0.1111111111111111,0,0,0,0.0,0.0,0.0,0.0,0,0
7de0b2df60d3161dd581ed7915837d460020bc11,1909.06502,bm25,5,0.23719771276929622,0.5,0.5,1.0,1.0,0.2,1,1,0,0.5,1.0,0.3333333333333333,0.2857142857142857,0,1
7e906dc00e92088a25df3719104d1750e5a27485,1909.13184,bm25,5,1.0,1.0,1.0,1.0,1.0,1.0,1,1,1,1.0,1.0,0.3333333333333333,0.3333333333333333,0,0
7e9aec2bdf4256c6249cad9887c168d395b35270,1909.00871,bm25,5,1.0,1.0,1.0,1.0,1.0,1.0,1,1,1,1.0,1.0,0.3333333333333333,0.3333333333333333,0,0
7ece07a84635269bb19796497847e4517d1e3e61,1709.06136,bm25,5,0.9197207891481876,1.0,1.0,1.0,1.0,1.0,1,1,1,1.0,1.0,0.5714285714285714,0.5714285714285714,0,0
7ef7a5867060f91eac8ad857c186e51b767c734b,1908.06259,bm25,5,0.5,1.0,1.0,1.0,1.0,0.3333333333333333,1,1,1,1.0,1.0,0.3333333333333333,0.3333333333333333,0,0
7f958017cbb08962c80e625c2fd7a1e2375f27a3,1809.08899,bm25,5,1.0,1.0,1.0,1.0,1.0,1.0,1,1,1,1.0,1.0,0.3333333333333333,0.3333333333333333,0,0
7ff7c286d3118a8be5688e2d18e9a56fe83679ad,1812.00382,bm25,5,0.3065735963827292,0.5,0.5,1.0,1.0,0.3333333333333333,1,1,0,0.5,1.0,0.3333333333333333,0.2857142857142857,0,1
800fcd8b08d36c5276f9e5e1013208d41b46de59,1805.04558,bm25,5,0.8315546295836225,0.5,1.0,1.0,1.0,1.0,1,1,0,0.5,1.0,0.3333333333333333,0.2857142857142857,0,1
803babb71e1bdaf507847d6c712585f4128e9f47,1910.14589,bm25,5,0.0,0.0,0.0,0.0,0.0,0.0,0,0,0,0.0,0.0,0.0,0.0,0,0
804466848f4fa1c552f0d971dce226cd18b9edda,1908.11053,bm25,5,1.0,1.0,1.0,1.0,1.0,1.0,1,1,1,1.0,1.0,0.3333333333333333,0.3333333333333333,0,0
804bf5adc6dc5dd52f8079cf041ed3a710e03f8a,1805.04833,bm25,5,1.0,1.0,1.0,1.0,1.0,1.0,1,1,1,1.0,1.0,0.3333333333333333,0.3333333333333333,0,0
80bb07e553449bde9ac0ff35fcc718d7c161f2d4,2003.12660,bm25,5,0.6309297535714575,1.0,1.0,1.0,1.0,0.5,1,1,1,1.0,1.0,0.3333333333333333,0.3333333333333333,0,0
80d6b9123a10358f57f259b8996a792cac08cb88,1809.06083,bm25,5,0.3562071871080222,0.0,1.0,0.0,1.0,0.16666666666666666,0,0,0,0.0,0.0,0.0,0.0,0,0
811b67460e65232b8f363dc3f329ffecdfcc4ab2,1911.12893,bm25,5,0.27487633291429087,0.14285714285714285,0.14285714285714285,1.0,1.0,1.0,1,1,0,0.14285714285714285,1.0,0.3333333333333333,0.16666666666666666,0,1
813a8156f9ed8ead53dda60ef54601f6ca8076e9,1607.00167,bm25,5,1.0,1.0,1.0,1.0,1.0,1.0,1,1,1,1.0,1.0,0.5714285714285714,0.5714285714285714,0,0
814e945668e2b6f31b088918758b120fb00ada7d,2003.11687,bm25,5,0.43067655807339306,1.0,1.0,1.0,1.0,0.25,1,1,1,1.0,1.0,0.3333333333333333,0.3333333333333333,0,0
81e101b2c803257492d67a00e8a1d9a07cbab136,1909.05372,bm25,5,1.0,1.0,1.0,1.0,1.0,1.0,1,1,1,1.0,1.0,0.3333333333333333,0.5714285714285714,0,0
824629b36a75753b1500d9dcaee0fc3c758297b1,1905.08067,bm25,5,0.5,1.0,1.0,1.0,1.0,0.3333333333333333,1,1,1,1.0,1.0,0.3333333333333333,0.3333333333333333,0,0
8246d1eee1482555d075127ac84f2e1d0781a446,1805.11598,bm25,5,0.41183384043543503,0.0,1.0,0.0,1.0,0.16666666666666666,0,0,0,0.0,0.0,0.0,0.0,0,0
8276671a4d4d1fbc097cd4a4b7f5e7fadd7b9833,2002.00175,bm25,5,0.8772153153380493,1.0,1.0,1.0,1.0,1.0,1,1,1,1.0,1.0,0.5714285714285714,0.5714285714285714,0,0
82f8843b59668567bba09fc8f93963ca7d1fe107,1908.07491,bm25,5,0.3984887823764799,0.25,0.75,1.0,1.0,0.25,1,0,0,0.25,0.3333333333333333,0.25,0.2222222222222222,1,0
83db51da819adf6faeb950fe04b4df942a887fb5,1809.08899,bm25,5,0.19519002499605084,0.25,0.25,1.0,1.0,0.3333333333333333,1,0,0,0.25,0.3333333333333333,0.25,0.2222222222222222,1,0
845bdcd900c0f96b2ae091d086fb1ab8bb1063f0,2004.00809,bm25,5,0.6871475159848289,0.6666666666666666,1.0,1.0,1.0,0.5,1,1,0,0.6666666666666666,1.0,0.3333333333333333,0.5,0,1
84765903b8c7234ca2919d0a40e3c6a5bcedf45d,1911.04873,bm25,5,0.6934264036172708,1.0,1.0,1.0,1.0,0.5,1,1,1,1.0,1.0,0.3333333333333333,0.5714285714285714,0,0
8599d6d14ac157169920c73b98a79737c7a68cf5,1909.00437,bm25,5,0.8772153153380493,1.0,1.0,1.0,1.0,1.0,1,1,1,1.0,1.0,0.3333333333333333,0.5714285714285714,0,0
85e417231a4bbb6691f7a89bd81710525f8fec4c,1611.06322,bm25,5,0.27487633291429087,0.14285714285714285,0.14285714285714285,1.0,1.0,1.0,1,1,0,0.14285714285714285,1.0,0.3333333333333333,0.16666666666666666,0,1
860257956b83099cccf1359e5d960289d7d50265,1702.02367,bm25,5,0.23719771276929622,0.5,0.5,1.0,1.0,0.2,1,0,0,0.5,0.5,0.2857142857142857,0.2857142857142857,1,0
863b3f29f8c59f224b4cbdb5f1097b45a25f1d88,2001.04346,bm25,5,0.3065735963827292,0.5,0.5,1.0,1.0,0.3333333333333333,1,1,0,0.5,1.0,0.3333333333333333,0.2857142857142857,0,1
865811dcf63a1dd3f22c62ec39ffbca4b182de31,1709.05295,bm25,5,0.8772153153380493,1.0,1.0,1.0,1.0,1.0,1,1,1,1.0,1.0,0.3333333333333333,0.5714285714285714,0,0
86656aae3c27c6ea108f5600dd09ab7e421d876a,1906.01749,bm25,5,1.0,1.0,1.0,1.0,1.0,1.0,1,1,1,1.0,1.0,0.3333333333333333,0.3333333333333333,0,0
867b1bb1e6a38de525be7757d49928a132d0dbd8,1912.00342,bm25,5,1.0,1.0,1.0,1.0,1.0,1.0,1,1,1,1.0,1.0,0.3333333333333333,0.5714285714285714,0,0
86c867b393db0ec4ad09abb48cc1353cac47ea4c,1806.07042,bm25,5,0.9197207891481876,1.0,1.0,1.0,1.0,1.0,1,1,1,1.0,1.0,0.3333333333333333,0.5714285714285714,0,0
86d1c990c1639490c239c3dbf5492ecc44ab6652,1708.01065,bm25,5,0.6131471927654584,0.5,0.5,1.0,1.0,1.0,1,1,0,0.5,1.0,0.3333333333333333,0.2857142857142857,0,1
8701ec7345ccc2c35eca4e132a8e16d58585cd63,1908.05731,bm25,5,0.1480409554829326,0.0,0.3333333333333333,0.0,1.0,0.125,0,0,0,0.0,0.0,0.0,0.0,0,0
871f7661f5a3da366b0b5feaa36f54fd3dedae8e,2003.09244,bm25,5,0.0,0.0,0.0,0.0,0.0,0.0,0,0,0,0.0,0.0,0.0,0.0,0,0
8795bb1f874e5f3337710d8c3d5be49e672ab43a,1908.05803,bm25,5,0.6309297535714575,1.0,1.0,1.0,1.0,0.5,1,1,1,1.0,1.0,0.3333333333333333,0.3333333333333333,0,0
88757bc49ccab76e587fba7521f0981d6a1af2f7,1702.02584,bm25,5,0.0,0.0,0.0,0.0,0.0,0.0,0,0,0,0.0,0.0,0.0,0.0,0,0
887d7f3edf37ccc6bf2e755dae418b04d2309686,1805.11937,bm25,5,0.6364391809889587,0.3333333333333333,0.6666666666666666,1.0,1.0,1.0,1,1,0,0.3333333333333333,1.0,0.3333333333333333,0.25,0,1
89373db8ced1fe420eae0093b2736f06b565616e,1901.02780,bm25,5,0.7541985434892589,0.5,0.75,1.0,1.0,1.0,1,0,0,0.5,0.6666666666666666,0.5,0.4444444444444444,1,0
894bbb1e42540894deb31c04cba0e6cfb10ea912,1911.12237,bm25,5,0.8175295903539445,0.5,1.0,1.0,1.0,1.0,1,1,0,0.5,1.0,0.3333333333333333,0.2857142857142857,0,1
8a0e1a298716698a305153c524bf03d18969b1c6,2001.11316,bm25,5,0.38685280723454163,0.5,0.5,1.0,1.0,0.5,1,1,0,0.5,1.0,0.3333333333333333,0.2857142857142857,0,1
8ad5ebca2f69023b60ccfa3aac0ed426234437ac,1911.02747,bm25,5,0.8772153153380493,1.0,1.0,1.0,1.0,1.0,1,1,1,1.0,1.0,0.5714285714285714,0.5714285714285714,0,0
8b1af67e3905244653b4cf66ba0acec8d6bff81f,1704.08390,bm25,5,0.0,0.0,0.0,0.0,0.0,0.0,0,0,0,0.0,0.0,0.0,0.0,0,0
8b49423b7d1fa834128aa5038aa16c6ef3fdfa32,1909.04242,bm25,5,0.31546487678572877,0.0,1.0,0.0,1.0,0.125,0,0,0,0.0,0.0,0.0,0.0,0,0
8b8adb1d5a1824c8995b3eba668745c44f61c9c6,1903.04329,bm25,5,0.715696758318853,0.5,0.75,1.0,1.0,1.0,1,0,0,0.5,0.6666666666666666,0.5,0.4444444444444444,1,0
8c288120139615532838f21094bba62a77f92617,1802.06053,bm25,5,0.0,0.0,0.0,0.0,0.0,0.0,0,0,0,0.0,0.0,0.0,0.0,0,0
8c89f1d1b3c2a45c0254c4c8d6e700ab9a4b4ffb,1703.10090,bm25,5,0.5658397677886082,0.2857142857142857,0.5714285714285714,1.0,1.0,1.0,1,0,0,0.2857142857142857,0.5,0.4444444444444444,0.3333333333333333,1,0
8cbe3fa4ec0f66071e3d6b829b09b6395b631c44,1611.06322,bm25,5,0.0,0.0,0.0,0.0,0.0,0.0,0,0,0,0.0,0.0,0.0,0.0,0,0
8cf52ba480d372fc15024b3db704952f10fdca27,1802.02614,bm25,5,0.0,0.0,0.0,0.0,0.0,0.0,0,0,0,0.0,0.0,0.0,0.0,0,0
8cf5abf0126f19253930478b02f0839af28e4093,1805.04558,bm25,5,0.0,0.0,0.0,0.0,0.0,0.0,0,0,0,0.0,0.0,0.0,0.0,0,0
8d3f79620592d040f9f055b4fce0f73cc45aab63,1711.04964,bm25,5,0.23719771276929622,0.5,0.5,1.0,1.0,0.2,1,1,0,0.5,1.0,0.3333333333333333,0.2857142857142857,0,1
8d683d2e1f46626ceab60ee4ab833b50b346c29e,1908.11053,bm25,5,1.0,1.0,1.0,1.0,1.0,1.0,1,1,1,1.0,1.0,0.3333333333333333,0.3333333333333333,0,0
8db11d9166474a0e98b99ac7f81d1f14539d79ec,1910.10487,bm25,5,0.48381288316677695,0.5,1.0,1.0,1.0,0.3333333333333333,1,1,0,0.5,1.0,0.3333333333333333,0.2857142857142857,0,1
8ddf78dbdc6ac964a7102ae84df18582841f2e3c,1605.05156,bm25,5,0.6309297535714575,1.0,1.0,1.0,1.0,0.5,1,1,1,1.0,1.0,0.3333333333333333,0.3333333333333333,0,0
8de0e1fdcca81b49615a6839076f8d42226bf1fe,1908.07888,bm25,5,0.3562071871080222,0.0,1.0,0.0,1.0,0.16666666666666666,0,0,0,0.0,0.0,0.0,0.0,0,0
8dfdd1ed805bb23c774fbb032ef1d97c6802e07c,1706.02427,bm25,5,0.6871475159848289,0.6666666666666666,1.0,1.0,1.0,0.5,1,1,0,0.6666666666666666,1.0,0.3333333333333333,0.5,0,1
8e113fd9661bc8af97e30c75a20712f01fc4520a,1911.10401,bm25,5,0.3333333333333333,0.0,1.0,0.0,1.0,0.14285714285714285,0,0,0,0.0,0.0,0.0,0.0,0,0
8e26c471ca0ee1b9779da04c0b81918fd310d0f3,1906.05506,bm25,5,0.19342640361727081,0.0,0.5,0.0,1.0,0.125,0,0,0,0.0,0.0,0.0,0.0,0,0
8f6b11413a19fe4639b3fba88fc6b3678286fa0c,1911.09241,bm25,5,0.0,0.0,0.0,0.0,0.0,0.0,0,0,0,0.0,0.0,0.0,0.0,0,0
8faec509406d33444bd620afc829adc9eae97644,1912.07940,bm25,5,0.3065735963827292,0.5,0.5,1.0,1.0,0.3333333333333333,1,1,0,0.5,1.0,0.3333333333333333,0.2857142857142857,0,1
8ffae517bc0efa453b7e316d41bd9f1b6679b158,1909.05372,bm25,5,0.23719771276929622,0.5,0.5,1.0,1.0,0.2,1,1,0,0.5,1.0,0.3333333333333333,0.2857142857142857,0,1
903ac8686ed7e6e3269a5d863f06ff11c50e49e8,1907.00168,bm25,5,0.6309297535714575,1.0,1.0,1.0,1.0,0.5,1,1,1,1.0,1.0,0.3333333333333333,0.3333333333333333,0,0
90756bdcd812b7ecc1c5df2298aa7561fd2eb02c,1804.01155,bm25,5,0.7903864795495061,0.5,1.0,1.0,1.0,1.0,1,1,0,0.5,1.0,0.3333333333333333,0.2857142857142857,0,1
908ba58d26d15c14600623498d4e86c9b73b14b2,2004.02105,bm25,5,0.38685280723454163,0.5,0.5,1.0,1.0,0.5,1,1,0,0.5,1.0,0.3333333333333333,0.2857142857142857,0,1
909ecf675f874421eecc926a9f7486475aa1423c,1908.07888,bm25,5,0.38685280723454163,0.5,0.5,1.0,1.0,0.5,1,1,0,0.5,1.0,0.3333333333333333,0.2857142857142857,0,1
90aba75508aa145475d7cc9a501bbe987c0e8413,2004.02363,bm25,5,0.0,0.0,0.0,0.0,0.0,0.0,0,0,0,0.0,0.0,0.0,0.0,0,0
90dde59e1857a0d2b1ee4615ab017fee0741f29f,1911.12893,bm25,5,0.0,0.0,0.0,0.0,0.0,0.0,0,0,0,0.0,0.0,0.0,0.0,0,0
9119fbfba84d298014d1b74e0e3d30330320002c,1912.00239,bm25,5,0.5,1.0,1.0,1.0,1.0,0.3333333333333333,1,1,1,1.0,1.0,0.3333333333333333,0.3333333333333333,0,0
91336f12ab94a844b66b607f8621eb8bbd209f32,1909.09070,bm25,5,0.6131471927654584,0.5,0.5,1.0,1.0,1.0,1,0,0,0.5,0.5,0.2857142857142857,0.2857142857142857,1,0
9133a85730c4090fe8b8d08eb3d9146efe7d7037,1803.05160,bm25,5,0.34762911100514515,0.16666666666666666,0.5,1.0,1.0,0.3333333333333333,1,0,0,0.16666666666666666,0.5,0.2857142857142857,0.18181818181818182,1,0
915e4d0b3cb03789a20380ead961d473cb95bfc3,1710.11027,bm25,5,1.0,1.0,1.0,1.0,1.0,1.0,1,1,1,1.0,1.0,0.3333333333333333,0.3333333333333333,0,0
919681faa9731057b3fae5052b7da598abd3e04b,2004.04498,bm25,5,0.3727892582642586,0.14285714285714285,0.2857142857142857,1.0,1.0,1.0,1,0,0,0.14285714285714285,0.14285714285714285,0.16666666666666666,0.16666666666666666,1,0
91e361e85c6d3884694f3c747d61bfcef171bab0,1909.12079,bm25,5,0.2960819109658652,0.3333333333333333,0.3333333333333333,1.0,1.0,0.5,1,0,0,0.3333333333333333,0.3333333333333333,0.25,0.25,1,0
9207f19e65422bdf28f20e270ede6c725a38e5f9,1605.05156,bm25,5,0.38162168437253385,0.0,1.0,0.0,1.0,0.14285714285714285,0,0,0,0.0,0.0,0.0,0.0,0,0
92fc94a4999d1b25a0593904025eb7b8953bb28b,1909.06708,bm25,5,0.3764290720714305,0.25,0.5,1.0,1.0,0.5,1,0,0,0.25,0.5,0.2857142857142857,0.2222222222222222,1,0
9489b0ecb643c1fc95c001c65d4e9771315989aa,1704.04451,bm25,5,0.0,0.0,0.0,0.0,0.0,0.0,0,0,0,0.0,0.0,0.0,0.0,0,0
949a2bc34176e47a4d895bcc3223f2a960f15a81,1708.09025,bm25,5,0.0,0.0,0.0,0.0,0.0,0.0,0,0,0,0.0,0.0,0.0,0.0,0,0
95646d0ac798dcfc15b43fa97a1908df9f7b9681,1910.13793,bm25,5,0.43067655807339306,1.0,1.0,1.0,1.0,0.25,1,1,1,1.0,1.0,0.3333333333333333,0.3333333333333333,0,0
9595fdf7b51251679cd39bc4f6befc81f09c853c,1901.05389,bm25,5,0.3010299956639812,0.0,1.0,0.0,1.0,0.1111111111111111,0,0,0,0.0,0.0,0.0,0.0,0,0
95af7aaea3ce9dab4cf64e2229ce9b98381dd050,1612.03762,bm25,5,0.10086747116627115,0.0,0.16666666666666666,0.0,1.0,0.14285714285714285,0,0,0,0.0,0.0,0.0,0.0,0,0
95ef89dc29ff291bdbe48cb956329a6a06d36db8,1911.00461,bm25,5,0.0,0.0,0.0,0.0,0.0,0.0,0,0,0,0.0,0.0,0.0,0.0,0,0
961a97149127e1123c94fbf7e2021eb1aa580ecb,1911.09247,bm25,5,0.3391602052736161,0.2,0.2,1.0,1.0,1.0,1,0,0,0.2,0.25,0.2222222222222222,0.2,1,0
96459b02efa82993a0b413530ed0b517c6633eea,1908.10090,bm25,5,0.5109559939712153,0.5,1.0,1.0,1.0,0.3333333333333333,1,1,0,0.5,1.0,0.3333333333333333,0.2857142857142857,0,1
965e0ce975a0b8612a30cfc31bbfd4b8a57aa138,1706.02427,bm25,5,0.5714285040141098,0.5,1.0,1.0,1.0,0.5,1,1,0,0.5,1.0,0.3333333333333333,0.2857142857142857,0,1
97055ab0227ed6ac7a8eba558b94f01867bb9562,1610.07149,bm25,5,0.6309297535714575,1.0,1.0,1.0,1.0,0.5,1,1,1,1.0,1.0,0.3333333333333333,0.3333333333333333,0,0
97708d93bccc832ea671dc31a76dad6a121fcd60,1707.06875,bm25,5,0.0,0.0,0.0,0.0,0.0,0.0,0,0,0,0.0,0.0,0.0,0.0,0,0
9887ca3d25e2109f41d1da80eeea05c465053fbc,1911.12722,bm25,5,0.8772153153380493,1.0,1.0,1.0,1.0,1.0,1,1,1,1.0,1.0,0.5714285714285714,0.5714285714285714,0,0
98b97d24f31e9c535997e9b6cb126eb99fc72a90,1910.01160,bm25,5,0.0,0.0,0.0,0.0,0.0,0.0,0,0,0,0.0,0.0,0.0,0.0,0,0
991ea04072b3412928be5e6e903cfa54eeac3951,1808.10006,bm25,5,0.6131471927654584,0.5,0.5,1.0,1.0,1.0,1,1,0,0.5,1.0,0.3333333333333333,0.2857142857142857,0,1
9925e7d8757e8fd7411bcb5250bc08158a244fb3,1911.05652,bm25,5,0.5,1.0,1.0,1.0,1.0,0.3333333333333333,1,1,1,1.0,1.0,0.3333333333333333,0.3333333333333333,0,0
992e67f706c728bc0e534f974c1656da10e7a724,1911.10401,bm25,5,0.43067655807339306,1.0,1.0,1.0,1.0,0.25,1,1,1,1.0,1.0,0.3333333333333333,0.3333333333333333,0,0
998fa38634000f2d7b52d16518b9e18e898ce933,1908.05758,bm25,5,0.0,0.0,0.0,0.0,0.0,0.0,0,0,0,0.0,0.0,0.0,0.0,0,0
99e99f2c25706085cd4de4d55afe0ac43213d7c8,2002.09616,bm25,5,0.6309297535714575,1.0,1.0,1.0,1.0,0.5,1,1,1,1.0,1.0,0.3333333333333333,0.3333333333333333,0,0
99f898eb91538cb82bc9a00892d54ae2a740961e,1710.10380,bm25,5,0.43067655807339306,1.0,1.0,1.0,1.0,0.25,1,1,1,1.0,1.0,0.3333333333333333,0.3333333333333333,0,0
9a7aeecbecf5e30ffa595c233fca31719c9b429f,1704.08390,bm25,5,0.43067655807339306,1.0,1.0,1.0,1.0,0.25,1,1,1,1.0,1.0,0.3333333333333333,0.3333333333333333,0,0
9aabcba3d44ee7d0bbf6a2c019ab9e0f02fab244,1605.05195,bm25,5,0.2960819109658652,0.3333333333333333,0.3333333333333333,1.0,1.0,0.5,1,0,0,0.3333333333333333,0.5,0.2857142857142857,0.25,1,0
9b05d5f723a8a452522907778a084b52e27fd924,1803.08614,bm25,5,0.0,0.0,0.0,0.0,0.0,0.0,0,0,0,0.0,0.0,0.0,0.0,0,0
9b1382b44dc69f7ee20acf952f7ceb1c3ef83965,1610.03955,bm25,5,0.5,0.5,1.0,1.0,1.0,0.3333333333333333,1,1,0,0.5,1.0,0.3333333333333333,0.2857142857142857,0,1
9b536f4428206ef7afabc4ff0a2ebcbabd68b985,2001.11316,bm25,5,0.8065735963827293,0.5,1.0,1.0,1.0,1.0,1,1,0,0.5,1.0,0.3333333333333333,0.2857142857142857,0,1
9b6339e24f58b576143d2adf599cfc4a31fd3b0c,2003.11531,bm25,5,1.0,1.0,1.0,1.0,1.0,1.0,1,1,1,1.0,1.0,0.3333333333333333,0.5714285714285714,0,0
9b868c7d17852f46a8fe725f24cb9548fdbd2b05,1903.02930,bm25,5,0.9197207891481876,1.0,1.0,1.0,1.0,1.0,1,1,1,1.0,1.0,0.3333333333333333,0.5714285714285714,0,0
9baca9bdb8e7d5a750f8cbe3282beb371347c164,1901.05389,bm25,5,1.0,1.0,1.0,1.0,1.0,1.0,1,1,1,1.0,1.0,0.3333333333333333,0.3333333333333333,0,0
9be9354eeb2bb1827eeb1e23a20cfdca59fb349a,2002.03056,bm25,5,1.0,1.0,1.0,1.0,1.0,1.0,1,1,1,1.0,1.0,0.3333333333333333,0.3333333333333333,0,0
9c2cacf77041e02d38f92a4c490df1e04552f96f,1905.00472,bm25,5,0.5205067333228022,0.25,0.5,1.0,1.0,1.0,1,1,0,0.25,1.0,0.3333333333333333,0.2222222222222222,0,1
9c529bd3f7565b2178a79aae01c98c90f9d372ad,1705.00571,bm25,5,0.6309297535714575,1.0,1.0,1.0,1.0,0.5,1,1,1,1.0,1.0,0.3333333333333333,0.3333333333333333,0,0
9ca85242ebeeafa88a0246986aa760014f6094f2,1803.05160,bm25,5,0.0,0.0,0.0,0.0,0.0,0.0,0,0,0,0.0,0.0,0.0,0.0,0,0
9ce90f4132b34a328fa49a63e897f376a3ad3ca8,1909.00871,bm25,5,0.8772153153380493,1.0,1.0,1.0,1.0,1.0,1,1,1,1.0,1.0,0.3333333333333333,0.5714285714285714,0,0
9d6b2672b11d49c37a6bfb06172d39742d48aef4,1705.10272,bm25,5,1.0,1.0,1.0,1.0,1.0,1.0,1,1,1,1.0,1.0,0.3333333333333333,0.3333333333333333,0,0
9d6d17120c42a834b2b5d96f2120d646218ed4bb,1706.02427,bm25,5,0.0,0.0,0.0,0.0,0.0,0.0,0,0,0,0.0,0.0,0.0,0.0,0,0
9d963d385bd495a7e193f8a498d64c1612e6c20c,1907.01339,bm25,5,0.3889580943680543,0.0,1.0,0.0,1.0,0.14285714285714285,0,0,0,0.0,0.0,0.0,0.0,0,0
9da181ac8f2600eb19364c1b1e3cdeb569811a11,1908.10001,bm25,5,0.369453583111095,0.25,0.5,1.0,1.0,0.5,1,0,0,0.25,0.5,0.2857142857142857,0.2222222222222222,1,0
9dcc10a4a325d4c9cb3bb8134831ee470be47e93,1602.03483,bm25,5,0.0,0.0,0.0,0.0,0.0,0.0,0,0,0,0.0,0.0,0.0,0.0,0,0
9dd8ce48a2a59a63ae6366ab8b2b8828e5ae7f35,1904.02954,bm25,5,0.21840743681816419,0.0,0.5,0.0,1.0,0.16666666666666666,0,0,0,0.0,0.0,0.0,0.0,0,0
9e9aa8af4b49e2e1e8cd9995293a7982ea1aba0e,1910.09387,bm25,5,0.33775931993299535,0.3333333333333333,0.6666666666666666,1.0,1.0,0.25,1,1,0,0.3333333333333333,1.0,0.3333333333333333,0.25,0,1
9ec0527bda2c302f4e82949cc0ae7f7769b7bfb8,2003.00864,bm25,5,0.0,0.0,0.0,0.0,0.0,0.0,0,0,0,0.0,0.0,0.0,0.0,0,0
9eec16e560f9ccafd7ba6f1e0db742b330b42ba9,1710.11334,bm25,5,0.6131471927654584,0.5,0.5,1.0,1.0,1.0,1,1,0,0.5,1.0,0.3333333333333333,0.2857142857142857,0,1
9ef0d2365bde0d18054511fbb53cec5fa2cda5ee,1908.11049,bm25,5,0.40298313359773236,0.0,1.0,0.0,1.0,0.16666666666666666,0,0,0,0.0,0.0,0.0,0.0,0,0
9f065e787a0d40bb4550be1e0d64796925459005,1708.07252,bm25,5,0.0,0.0,0.0,0.0,0.0,0.0,0,0,0,0.0,0.0,0.0,0.0,0,0
9f1d81b2a6fe6835042a5229690e1951b97ff671,1806.04387,bm25,5,0.43067655807339306,1.0,1.0,1.0,1.0,0.25,1,1,1,1.0,1.0,0.3333333333333333,0.3333333333333333,0,0
9f1e60ee86a5c46abe75b67ef369bf92a5090568,1911.11899,bm25,5,0.6934264036172708,1.0,1.0,1.0,1.0,0.5,1,1,1,1.0,1.0,0.5714285714285714,0.5714285714285714,0,0
9f74f3991b8681619d95ab93a7c8733a843ddffe,1907.10676,bm25,5,0.23386470445736623,0.0,0.4,0.0,1.0,0.16666666666666666,0,0,0,0.0,0.0,0.0,0.0,0,0
a064337bafca8cf01e222950ea97ebc184c47bc0,1609.02075,bm25,5,0.16812753627111746,0.25,0.25,1.0,1.0,0.25,1,0,0,0.25,0.3333333333333333,0.25,0.2222222222222222,1,0
a064d01d45a33814947161ff208abb88d4353b26,1711.03759,bm25,5,1.0,1.0,1.0,1.0,1.0,1.0,1,1,1,1.0,1.0,0.3333333333333333,0.3333333333333333,0,0
a0fd0c0fe042ad045b8d5095c81643ef3a352b81,1604.02038,bm25,5,0.0,0.0,0.0,0.0,0.0,0.0,0,0,0,0.0,0.0,0.0,0.0,0,0
a18d74109ed55ed14c33913efa62e12f207279c0,1802.09059,bm25,5,0.3333333333333333,0.0,1.0,0.0,1.0,0.14285714285714285,0,0,0,0.0,0.0,0.0,0.0,0,0
a1ac4463031bbc42c80893b57c0055b860f12e10,1908.06893,bm25,5,1.0,1.0,1.0,1.0,1.0,1.0,1,1,1,1.0,1.0,0.3333333333333333,0.3333333333333333,0,0
a24b2269b292fd0ee81d50303d1315383c594382,2004.03090,bm25,5,0.6309297535714575,1.0,1.0,1.0,1.0,0.5,1,1,1,1.0,1.0,0.3333333333333333,0.3333333333333333,0,0
a28c73a6a8c46a43a1eec2b42b542dd7fde1e30e,1906.05506,bm25,5,0.43067655807339306,1.0,1.0,1.0,1.0,0.25,1,1,1,1.0,1.0,0.3333333333333333,0.3333333333333333,0,0
a2baa8e266318f23f43321c4b2b9cf467718c94a,1611.00440,bm25,5,0.5,1.0,1.0,1.0,1.0,0.3333333333333333,1,1,1,1.0,1.0,0.3333333333333333,0.3333333333333333,0,0
a2edd0454026811223b8f31512bdae91159677be,2002.03056,bm25,5,0.5205067333228022,0.25,0.5,1.0,1.0,1.0,1,0,0,0.25,0.25,0.2222222222222222,0.2222222222222222,1,0
a3705b53c6710b41154c65327b7bbec175bdfae7,1910.03355,bm25,5,0.5,0.5,1.0,1.0,1.0,0.3333333333333333,1,0,0,0.5,0.5,0.2857142857142857,0.2857142857142857,1,0
a398c9b061f28543bc77c2951d0dfc5d1bee9e87,1808.00957,bm25,5,0.5,1.0,1.0,1.0,1.0,0.3333333333333333,1,1,1,1.0,1.0,0.3333333333333333,0.3333333333333333,0,0
a3a867f7b3557c168d05c517c468ff6c7337bff9,1701.03578,bm25,5,0.3571610374319355,0.2,0.6,1.0,1.0,0.25,1,0,0,0.2,0.3333333333333333,0.25,0.2,1,0
a3ba21341f0cb79d068d24de33b23c36fa646752,2002.06851,bm25,5,1.0,1.0,1.0,1.0,1.0,1.0,1,1,1,1.0,1.0,0.3333333333333333,0.3333333333333333,0,0
a3e7d7389228a197c8c44e0c504a791b60f2c80d,1909.00091,bm25,5,0.2591217516005785,0.2,0.4,1.0,1.0,0.25,1,0,0,0.2,0.2,0.2,0.2,1,0
a464052fd11af1d2d99e407c11791269533d43d1,1802.06053,bm25,5,1.0,1.0,1.0,1.0,1.0,1.0,1,1,1,1.0,1.0,0.5714285714285714,0.5714285714285714,0,0
a4a9971799c8860b50f219c93f050ebf6a627b3d,1905.08067,bm25,5,0.15642624200758548,0.0,0.3333333333333333,0.0,1.0,0.14285714285714285,0,0,0,0.0,0.0,0.0,0.0,0,0
a4b77a20e067789691e0ab246bc5b11913d77ae1,1703.04009,bm25,5,0.5,1.0,1.0,1.0,1.0,0.3333333333333333,1,1,1,1.0,1.0,0.3333333333333333,0.3333333333333333,0,0
a4cf0cf372f62b2dbc7f31c600c6c66246263328,1912.11980,bm25,5,0.0,0.0,0.0,0.0,0.0,0.0,0,0,0,0.0,0.0,0.0,0.0,0,0
a59e86a15405c8a11890db072b99fda3173e5ab2,1704.04451,bm25,5,0.0,0.0,0.0,0.0,0.0,0.0,0,0,0,0.0,0.0,0.0,0.0,0,0
a5df7361ae37b9512fb57cb93efbece9ded8cab1,1710.11027,bm25,5,0.9197207891481876,1.0,1.0,1.0,1.0,1.0,1,1,1,1.0,1.0,0.3333333333333333,0.5714285714285714,0,0
a606bffed3bfeebd1b66125be580f908244e5d92,1911.09753,bm25,5,0.37800210039683896,0.0,1.0,0.0,1.0,0.125,0,0,0,0.0,0.0,0.0,0.0,0,0
a67a2d9acad1787b636ca2681330f4c29a0b0254,1606.07043,bm25,5,0.6309297535714575,1.0,1.0,1.0,1.0,0.5,1,1,1,1.0,1.0,0.3333333333333333,0.3333333333333333,0,0
a71fb012631e6a8854d5945b6d0ab2ab8e7b7ee6,1611.04234,bm25,5,0.6309297535714575,1.0,1.0,1.0,1.0,0.5,1,1,1,1.0,1.0,0.3333333333333333,0.3333333333333333,0,0
a7313c29b154e84b571322532f5cab08e9d49e51,2003.13028,bm25,5,1.0,1.0,1.0,1.0,1.0,1.0,1,1,1,1.0,1.0,0.5714285714285714,0.5714285714285714,0,0
a77d38427639d54461ae308f3045434f81e497d0,1906.08871,bm25,5,0.8838242945899706,0.75,1.0,1.0,1.0,1.0,1,1,0,0.75,1.0,0.75,0.6666666666666666,0,1
a786cceba4372f6041187c426432853eda03dca6,1910.02001,bm25,5,0.3010299956639812,0.0,1.0,0.0,1.0,0.1111111111111111,0,0,0,0.0,0.0,0.0,0.0,0,0
a79a23573d74ec62cbed5d5457a51419a66f6296,1906.04287,bm25,5,0.6309297535714575,1.0,1.0,1.0,1.0,0.5,1,1,1,1.0,1.0,0.3333333333333333,0.3333333333333333,0,0
a7e1b13cc42bfe78d37b9c943de6288e5f00f01b,1608.01972,bm25,5,0.0,0.0,0.0,0.0,0.0,0.0,0,0,0,0.0,0.0,0.0,0.0,0,0
a836ab8eb5a72af4b0a0c83bf42a2a14d1b38763,1911.07620,bm25,5,0.23719771276929622,0.5,0.5,1.0,1.0,0.2,1,1,0,0.5,1.0,0.3333333333333333,0.2857142857142857,0,1
a837dcbd339e27a974e28944178c790a5b0b37c0,1910.02001,bm25,5,0.0,0.0,0.0,0.0,0.0,0.0,0,0,0,0.0,0.0,0.0,0.0,0,0
a8cc891bb8dccf0d32c1c9cd1699d5ead0eed711,1909.04251,bm25,5,0.123151194370365,0.0,0.25,0.0,1.0,0.125,0,0,0,0.0,0.0,0.0,0.0,0,0
a8e5e10d13b3f21dd11e8eb58e30cc25efc56e93,1708.09025,bm25,5,0.6309297535714575,1.0,1.0,1.0,1.0,0.5,1,1,1,1.0,1.0,0.3333333333333333,0.3333333333333333,0,0
a8f189fad8b72f8b2b4d2da4ed8475d31642d9e7,1611.01116,bm25,5,0.5714285040141098,0.5,1.0,1.0,1.0,0.5,1,1,0,0.5,1.0,0.3333333333333333,0.2857142857142857,0,1
a98ae529b47362f917a398015c8525af3646abf0,1912.11637,bm25,5,0.45905478457279136,0.5,0.75,1.0,1.0,0.3333333333333333,1,1,0,0.5,1.0,0.5714285714285714,0.4444444444444444,0,1
a994cc18046912a8c9328dc572f4e4310736c0e2,1704.03279,bm25,5,0.2890648263178879,0.0,1.0,0.0,1.0,0.1,0,0,0,0.0,0.0,0.0,0.0,0,0
a9cae57f494deb0245b40217d699e9a22db0ea6e,1611.02378,bm25,5,0.6309297535714575,1.0,1.0,1.0,1.0,0.5,1,1,1,1.0,1.0,0.3333333333333333,0.3333333333333333,0,0
a9d5f83f4b32c52105f2ae1c570f1c590ac52487,1909.08211,bm25,5,0.9197207891481876,1.0,1.0,1.0,1.0,1.0,1,1,1,1.0,1.0,0.5714285714285714,0.5714285714285714,0,0
a9eb8039431e2cb885cfcf96eb58c0675b36b3bd,1908.05758,bm25,5,0.6131471927654584,0.5,0.5,1.0,1.0,1.0,1,1,0,0.5,1.0,0.3333333333333333,0.2857142857142857,0,1
a9ff35f77615b3a4e7fd7b3a53d0b288a46f06ce,1911.11025,bm25,5,0.0,0.0,0.0,0.0,0.0,0.0,0,0,0,0.0,0.0,0.0,0.0,0,0
aa287673534fc05d8126c8e3486ca28821827034,1607.00167,bm25,5,0.3853585682515056,0.25,0.5,1.0,1.0,0.5,1,0,0,0.25,0.3333333333333333,0.25,0.2222222222222222,1,0
aa7c5386aedfb13a361a2629b67cb54277e208d2,1911.04128,bm25,5,0.3065735963827292,0.5,0.5,1.0,1.0,0.3333333333333333,1,1,0,0.5,1.0,0.3333333333333333,0.2857142857142857,0,1
ab8b0e6912a7ca22cf39afdac5531371cda66514,1912.03010,bm25,5,0.21840743681816419,0.0,0.5,0.0,1.0,0.16666666666666666,0,0,0,0.0,0.0,0.0,0.0,0,0
ab975efc916c34f55e1144b1d28e7dfdc257e371,1804.03839,bm25,5,0.30281242839865,0.0,0.6666666666666666,0.0,1.0,0.16666666666666666,0,0,0,0.0,0.0,0.0,0.0,0,0
ac87dd34d28c3edd9419fa0145f3d38c87d696aa,1807.08089,bm25,5,0.0,0.0,0.0,0.0,0.0,0.0,0,0,0,0.0,0.0,0.0,0.0,0,0
acac0606aab83cae5d13047863c7af542d58e54c,1908.07491,bm25,5,0.31546487678572877,0.0,1.0,0.0,1.0,0.125,0,0,0,0.0,0.0,0.0,0.0,0,0
ae1c4f9e33d0cd64d9a313c318ad635620303cdd,1906.11085,bm25,5,0.7903864795495061,0.5,1.0,1.0,1.0,1.0,1,1,0,0.5,1.0,0.3333333333333333,0.2857142857142857,0,1
ae7c5cf9c2c121097eb00d389cfd7cc2a5a7d577,2004.02143,bm25,5,0.3379680345449381,0.3333333333333333,0.6666666666666666,1.0,1.0,0.2,1,0,0,0.3333333333333333,0.5,0.2857142857142857,0.25,1,0
ae89eed483c11ccd70a34795e9fe416af8a35da2,1911.01214,bm25,5,0.9217868789962071,0.6666666666666666,1.0,1.0,1.0,1.0,1,1,0,0.6666666666666666,1.0,0.5714285714285714,0.5,0,1
aebd1f0d728d0de5f76238844da044a44109f76f,1911.04474,bm25,5,0.6762210079725931,0.3333333333333333,0.6666666666666666,1.0,1.0,1.0,1,1,0,0.3333333333333333,1.0,0.5714285714285714,0.42857142857142855,0,1
af45ff2c4209f14235482329d0729864fb2bd4b0,1911.12893,bm25,5,0.35853358850813305,0.3333333333333333,0.6666666666666666,1.0,1.0,0.25,1,1,0,0.3333333333333333,1.0,0.3333333333333333,0.25,0,1
af948ea91136c700957b438d927f58d9b051c97c,2004.02143,bm25,5,0.6309297535714575,1.0,1.0,1.0,1.0,0.5,1,1,1,1.0,1.0,0.3333333333333333,0.3333333333333333,0,0
afad388a0141bdda5ca9586803ac53d5f10f41f6,1908.08917,bm25,5,0.0874717141014082,0.0,0.16666666666666666,0.0,1.0,0.1,0,0,0,0.0,0.0,0.0,0.0,0,0
b012df09fa2a3d6b581032d68991768cf4bc9d7b,1908.10461,bm25,5,0.0,0.0,0.0,0.0,0.0,0.0,0,0,0,0.0,0.0,0.0,0.0,0,0
b03249984c26baffb67e7736458b320148675900,1901.05389,bm25,5,1.0,1.0,1.0,1.0,1.0,1.0,1,1,1,1.0,1.0,0.3333333333333333,0.3333333333333333,0,0
b065c2846817f3969b39e355d5d017e326d6f42e,1708.01065,bm25,5,0.0,0.0,0.0,0.0,0.0,0.0,0,0,0,0.0,0.0,0.0,0.0,0,0
b10388e343868ca8e5c7c601ebb903f52e756e61,1803.08419,bm25,5,0.9197207891481876,1.0,1.0,1.0,1.0,1.0,1,1,1,1.0,1.0,0.3333333333333333,0.5714285714285714,0,0
b160bfb341f24ae42a268aa18641237a4b3a6457,2003.03728,bm25,5,0.6240505200038379,1.0,1.0,1.0,1.0,0.5,1,1,1,1.0,1.0,0.5714285714285714,0.5714285714285714,0,0
b1fe6a39b474933038b44b6d45e5ca32af7c3e36,2004.04498,bm25,5,1.0,1.0,1.0,1.0,1.0,1.0,1,1,1,1.0,1.0,0.3333333333333333,0.3333333333333333,0,0
b210c3e48c15cdc8c47cf6f4b6eb1c29a1933654,1604.02201,bm25,5,0.5912352048230277,0.5,1.0,1.0,1.0,0.5,1,1,0,0.5,1.0,0.3333333333333333,0.2857142857142857,0,1
b21245212244ad7adf7d321420f2239a0f0fe56b,1908.10149,bm25,5,0.2640681225725909,0.5,0.5,1.0,1.0,0.25,1,1,0,0.5,1.0,0.3333333333333333,0.2857142857142857,0,1
b32de10d84b808886d7a91ab0c423d4fc751384c,1603.09381,bm25,5,0.0,0.0,0.0,0.0,0.0,0.0,0,0,0,0.0,0.0,0.0,0.0,0,0
b3432f52af0b95929e6723dd1f01ce029d90a268,1808.07733,bm25,5,0.8065735963827293,0.5,1.0,1.0,1.0,1.0,1,1,0,0.5,1.0,0.3333333333333333,0.2857142857142857,0,1
b39b278aa1cf2f87ad4159725dff77b387f2df84,2003.11687,bm25,5,1.0,1.0,1.0,1.0,1.0,1.0,1,1,1,1.0,1.0,0.3333333333333333,0.3333333333333333,0,0
b3b9d7c8722e8ec41cbbae40e68458485a5ba25c,1910.07924,bm25,5,0.16958010263680806,0.2,0.2,1.0,1.0,0.3333333333333333,1,0,0,0.2,0.25,0.2222222222222222,0.2,1,0
b3dc9a35e8c3ed7abcc4ca0bf308dea75be9c016,1708.01065,bm25,5,0.0,0.0,0.0,0.0,0.0,0.0,0,0,0,0.0,0.0,0.0,0.0,0,0
b424ad7f9214076b963a0077d7345d7bb5a7a205,2002.00175,bm25,5,0.2640681225725909,0.5,0.5,1.0,1.0,0.25,1,1,0,0.5,1.0,0.3333333333333333,0.2857142857142857,0,1
b4b7333805cb6fdde44907747887a971422dc298,2003.09244,bm25,5,0.38685280723454163,1.0,1.0,1.0,1.0,0.2,1,1,1,1.0,1.0,0.3333333333333333,0.3333333333333333,0,0
b537832bba2eb6d34702a9d71138e661c05a7c3a,1906.01076,bm25,5,0.2890648263178879,0.0,1.0,0.0,1.0,0.1,0,0,0,0.0,0.0,0.0,0.0,0,0
b57ad10468e1ba2a7a34396688dbb10a575d89f5,1706.02427,bm25,5,1.0,1.0,1.0,1.0,1.0,1.0,1,1,1,1.0,1.0,0.3333333333333333,0.3333333333333333,0,0
b59f3a58939f7ac007d3263a459c56ebefc4b49a,2003.09244,bm25,5,0.19958818982773852,0.125,0.25,1.0,1.0,0.3333333333333333,1,0,0,0.125,0.3333333333333333,0.25,0.15384615384615385,1,0
b62b7ec5128219f04be41854247d5af992797937,1910.03355,bm25,5,0.0,0.0,0.0,0.0,0.0,0.0,0,0,0,0.0,0.0,0.0,0.0,0,0
b6aa5665c981e3b582db4760759217e2979d5626,1909.10481,bm25,5,0.48247555939075504,0.5,1.0,1.0,1.0,0.25,1,1,0,0.5,1.0,0.3333333333333333,0.2857142857142857,0,1
b6c2a391c4a94eaa768150f151040bb67872c0bf,1605.05195,bm25,5,0.6131471927654584,0.5,0.5,1.0,1.0,1.0,1,1,0,0.5,1.0,0.3333333333333333,0.2857142857142857,0,1
b6e97d1b1565732b1b3f1d74e6d2800dd21be37a,1707.05589,bm25,5,0.2303612461053624,0.0,0.5,0.0,1.0,0.1111111111111111,0,0,0,0.0,0.0,0.0,0.0,0,0
b70e4c49300dc3eab18e907ab903afd2a0c6075a,1909.00437,bm25,5,0.43067655807339306,1.0,1.0,1.0,1.0,0.25,1,1,1,1.0,1.0,0.3333333333333333,0.3333333333333333,0,0
b783ec5cb9ad595da7db2c0ddf871152ae382c5f,1805.04833,bm25,5,0.21840743681816419,0.0,0.5,0.0,1.0,0.16666666666666666,0,0,0,0.0,0.0,0.0,0.0,0,0
b78bb6fe817c2d4bc69236df998f546e94c3ee21,1704.06851,bm25,5,0.7003502195797513,0.6,1.0,1.0,1.0,0.5,1,0,0,0.6,0.6,0.6,0.6,1,0
b79c85fa84712d3028cb5be2af873c634e51140e,1605.05156,bm25,5,1.0,1.0,1.0,1.0,1.0,1.0,1,1,1,1.0,1.0,0.3333333333333333,0.3333333333333333,0,0
b79ff0a50bf9f361c5e5fed68525283856662076,1805.09960,bm25,5,0.0,0.0,0.0,0.0,0.0,0.0,0,0,0,0.0,0.0,0.0,0.0,0,0
b8b79a6123716cb9fabf751b31dff424235a2ee2,1812.05813,bm25,5,0.8065735963827293,0.5,1.0,1.0,1.0,1.0,1,1,0,0.5,1.0,0.3333333333333333,0.2857142857142857,0,1
b8bbdc3987bb456739544426c6037c78ede01b77,1909.11980,bm25,5,0.46927872602275644,0.3333333333333333,0.3333333333333333,1.0,1.0,1.0,1,0,0,0.3333333333333333,0.3333333333333333,0.25,0.25,1,0
b942d94e4187e4fdc706cfdf92e3a869fc294911,1909.05372,bm25,5,0.3980628465882808,0.16666666666666666,0.3333333333333333,1.0,1.0,1.0,1,0,0,0.16666666666666666,0.2,0.2,0.18181818181818182,1,0
b948bb86855b2c0bfc8fad88ff1e29cd94bb6ada,1905.05644,bm25,5,0.8175295903539445,0.5,1.0,1.0,1.0,1.0,1,1,0,0.5,1.0,0.3333333333333333,0.2857142857142857,0,1
b968bd264995cd03d7aaad1baba1838c585ec909,1804.09692,bm25,5,0.09803928583135704,0.0,0.2,0.0,1.0,0.1,0,0,0,0.0,0.0,0.0,0.0,0,0
b9d9803ba24127f91ba4d7cff4da11492da20f09,2004.03090,bm25,5,0.38685280723454163,1.0,1.0,1.0,1.0,0.2,1,1,1,1.0,1.0,0.3333333333333333,0.3333333333333333,0,0
ba39317e918b4386765f88e8c8ae99f9a098c935,1703.04009,bm25,5,0.3562071871080222,0.0,1.0,0.0,1.0,0.16666666666666666,0,0,0,0.0,0.0,0.0,0.0,0,0
ba406e07c33a9161e29c75d292c82a15503beae5,1907.12984,bm25,5,0.5437713091520254,1.0,1.0,1.0,1.0,0.3333333333333333,1,1,1,1.0,1.0,0.3333333333333333,0.5714285714285714,0,0
ba7fea78b0b888a714cb7d89944b69c5038a1ef1,1806.03369,bm25,5,0.0,0.0,0.0,0.0,0.0,0.0,0,0,0,0.0,0.0,0.0,0.0,0,0
baaa6ad7148b785429a20f38786cd03ab9a2646e,1908.08917,bm25,5,1.0,1.0,1.0,1.0,1.0,1.0,1,1,1,1.0,1.0,0.5714285714285714,0.5714285714285714,0,0
baad4b6f834d5944f61bd12f30908e3cf3739dcd,1911.06815,bm25,5,0.39866240631493294,0.25,0.75,1.0,1.0,0.2,1,0,0,0.25,0.25,0.2222222222222222,0.2222222222222222,1,0
bab4ae97afd598a11d1fc7c05c6fdb98c30cafe0,1711.03759,bm25,5,0.6309297535714575,1.0,1.0,1.0,1.0,0.5,1,1,1,1.0,1.0,0.3333333333333333,0.3333333333333333,0,0
bab4e8881f4d75e266bce6fbfa4c3bcd3eacf30f,1708.03312,bm25,5,0.9674679834891693,1.0,1.0,1.0,1.0,1.0,1,1,1,1.0,1.0,0.75,0.75,0,0
baec99756b80eec7c0234a08bc2855e6770bcaeb,1907.04072,bm25,5,0.0,0.0,0.0,0.0,0.0,0.0,0,0,0,0.0,0.0,0.0,0.0,0,0
bbfe7e131ed776c85f2359b748db1325386c1af5,1807.03674,bm25,5,0.3333333333333333,0.0,1.0,0.0,1.0,0.14285714285714285,0,0,0,0.0,0.0,0.0,0.0,0,0
bc6ad5964f444cf414b661a4b942dafb7640c564,1809.03680,bm25,5,0.0,0.0,0.0,0.0,0.0,0.0,0,0,0,0.0,0.0,0.0,0.0,0,0
bc8526d4805e2554adb2e9c01736d3f3a3b19895,1604.02038,bm25,5,0.19092086617893467,0.16666666666666666,0.16666666666666666,1.0,1.0,0.5,1,0,0,0.16666666666666666,0.2,0.2,0.18181818181818182,1,0
bcf222ad4bb537b01019ed354ea03cd6bf2c1f8e,1905.07562,bm25,5,0.38364913903790027,0.6666666666666666,0.6666666666666666,1.0,1.0,0.25,1,1,0,0.6666666666666666,1.0,0.3333333333333333,0.5,0,1
bd191d95806cee4cf80295e9ce1cd227aba100ab,1912.07076,bm25,5,0.0,0.0,0.0,0.0,0.0,0.0,0,0,0,0.0,0.0,0.0,0.0,0,0
bd255aadf099854541d06997f83a0e478f526120,1911.11025,bm25,5,0.3562071871080222,0.0,1.0,0.0,1.0,0.16666666666666666,0,0,0,0.0,0.0,0.0,0.0,0,0
bd3562d2b3c162e9d27404d56b77e15f707d8b0f,1705.00571,bm25,5,0.9197207891481876,1.0,1.0,1.0,1.0,1.0,1,1,1,1.0,1.0,0.5714285714285714,0.5714285714285714,0,0
bd53399be8ff59060792da4c8e42a7fc1e6cbd85,2003.13028,bm25,5,1.0,1.0,1.0,1.0,1.0,1.0,1,1,1,1.0,1.0,0.3333333333333333,0.5714285714285714,0,0
bda21bfb2dd74085cbc355c70dab5984ef41dba7,1906.04236,bm25,5,0.38685280723454163,1.0,1.0,1.0,1.0,0.2,1,1,1,1.0,1.0,0.3333333333333333,0.3333333333333333,0,0
bdae851d4cf1d05506cf3e8359786031ac4f756f,1911.12237,bm25,5,0.0,0.0,0.0,0.0,0.0,0.0,0,0,0,0.0,0.0,0.0,0.0,0,0
be632f0246c2e5f049d12e796812f496e083c33e,1908.10001,bm25,5,0.9469024295259745,1.0,1.0,1.0,1.0,1.0,1,1,1,1.0,1.0,0.5714285714285714,0.75,0,0
bfd55ae9630a08a9e287074fff3691dfbffc3258,1908.09283,bm25,5,0.19092086617893467,0.16666666666666666,0.16666666666666666,1.0,1.0,0.5,1,0,0,0.16666666666666666,0.25,0.2222222222222222,0.18181818181818182,1,0
c01a8b42fd27b0a3bec717ededd98b6d085a0f5c,1710.11027,bm25,5,0.8175295903539445,0.5,1.0,1.0,1.0,1.0,1,1,0,0.5,1.0,0.3333333333333333,0.2857142857142857,0,1
c0355afc7871bf2e12260592873ffdb5c0c4c919,1909.10481,bm25,5,0.0,0.0,0.0,0.0,0.0,0.0,0,0,0,0.0,0.0,0.0,0.0,0,0
c035a011b737b0a10deeafc3abe6a282b389d48b,1707.07212,bm25,5,0.0,0.0,0.0,0.0,0.0,0.0,0,0,0,0.0,0.0,0.0,0.0,0,0
c0847af3958d791beaa14c4040ada2d364251c4d,2004.02105,bm25,5,0.0,0.0,0.0,0.0,0.0,0.0,0,0,0,0.0,0.0,0.0,0.0,0,0
c0af44ebd7cd81270d9b5b54d4a40feed162fa54,1801.05617,bm25,5,0.0,0.0,0.0,0.0,0.0,0.0,0,0,0,0.0,0.0,0.0,0.0,0,0
c0dbf3f1957f3bff3ced5b48aff60097f3eac7bb,1808.07231,bm25,5,0.0,0.0,0.0,0.0,0.0,0.0,0,0,0,0.0,0.0,0.0,0.0,0,0
c135e1f8ecaf7965f6a6d3e30b537eb37ad74230,1910.02001,bm25,5,0.21840743681816419,0.0,0.5,0.0,1.0,0.16666666666666666,0,0,0,0.0,0.0,0.0,0.0,0,0
c138a45301713c1a9f6edafeef338ba2f99220ce,1912.08084,bm25,5,0.0,0.0,0.0,0.0,0.0,0.0,0,0,0,0.0,0.0,0.0,0.0,0,0
c176eb1ccaa0e50fb7512153f0716e60bf74aa53,1910.01340,bm25,5,0.312706129752478,0.25,0.5,1.0,1.0,0.3333333333333333,1,1,0,0.25,1.0,0.3333333333333333,0.2222222222222222,0,1
c17ece1dad42d92c78fca2e3d8afa9a20ff19598,1906.01010,bm25,5,0.9197207891481876,1.0,1.0,1.0,1.0,1.0,1,1,1,1.0,1.0,0.3333333333333333,0.5714285714285714,0,0
c2037887945abbdf959389dc839a86bc82594505,1803.06745,bm25,5,0.5640920940185894,0.5,1.0,1.0,1.0,0.5,1,1,0,0.5,1.0,0.3333333333333333,0.2857142857142857,0,1
c25014b7e57bb2949138d64d49f356d69838bc25,1908.10001,bm25,5,1.0,1.0,1.0,1.0,1.0,1.0,1,1,1,1.0,1.0,0.3333333333333333,0.3333333333333333,0,0
c2ce25878a17760c79031a426b6f38931cd854b2,2003.11528,bm25,5,0.2591217516005785,0.2,0.4,1.0,1.0,0.25,1,0,0,0.2,0.5,0.2857142857142857,0.2,1,0
c30b0d6b23f0f01573eea315176c5ffe4e0c6b5c,1910.02677,bm25,5,1.0,1.0,1.0,1.0,1.0,1.0,1,1,1,1.0,1.0,0.3333333333333333,0.3333333333333333,0,0
c3befe7006ca81ce64397df654c31c11482dafbe,1611.04887,bm25,5,1.0,1.0,1.0,1.0,1.0,1.0,1,1,1,1.0,1.0,0.5714285714285714,0.5714285714285714,0,0
c3ce95658eea1e62193570955f105839de3d7e2d,1911.03324,bm25,5,0.6934264036172708,1.0,1.0,1.0,1.0,0.5,1,1,1,1.0,1.0,0.5714285714285714,0.5714285714285714,0,0
c47312f2ca834ee75fa9bfbf912ea04239064117,1907.00937,bm25,5,0.5,1.0,1.0,1.0,1.0,0.3333333333333333,1,1,1,1.0,1.0,0.3333333333333333,0.3333333333333333,0,0
c4b621f573bbb411bdaa84a7562c9c4795a7eb3a,1808.09180,bm25,5,0.4911492931622974,0.5,1.0,1.0,1.0,0.3333333333333333,1,1,0,0.5,1.0,0.3333333333333333,0.2857142857142857,0,1
c5221bb28e58a4f13cf2eccce0e1b1bec7dd3c13,1909.09070,bm25,5,0.17342765698823945,0.14285714285714285,0.14285714285714285,1.0,1.0,0.5,1,1,0,0.14285714285714285,1.0,0.3333333333333333,0.16666666666666666,0,1
c53b036eff430a9d0449fb50b8d2dc9d2679d9fe,1706.02222,bm25,5,0.3299018301896696,0.0,0.6,0.0,1.0,0.16666666666666666,0,0,0,0.0,0.0,0.0,0.0,0,0
c589d83565f528b87e355b9280c1e7143a42401d,1909.07873,bm25,5,0.5640920940185894,0.5,1.0,1.0,1.0,0.5,1,1,0,0.5,1.0,0.3333333333333333,0.2857142857142857,0,1
c59d67930edd3d369bd51a619849facdd0770644,1705.10272,bm25,5,0.6309297535714575,1.0,1.0,1.0,1.0,0.5,1,1,1,1.0,1.0,0.3333333333333333,0.3333333333333333,0,0
c5ea4da3c760ba89194ad807bc1ef60e1761429f,1602.07563,bm25,5,0.43067655807339306,1.0,1.0,1.0,1.0,0.25,1,1,1,1.0,1.0,0.3333333333333333,0.3333333333333333,0,0
c68946ae2e548ec8517c7902585c032b3f3876e6,1901.05389,bm25,5,0.2811463015585058,0.25,0.5,1.0,1.0,0.2,1,0,0,0.25,0.5,0.2857142857142857,0.2222222222222222,1,0
c6f2598b85dc74123fe879bf23aafc7213853f5b,1911.12237,bm25,5,0.0,0.0,0.0,0.0,0.0,0.0,0,0,0,0.0,0.0,0.0,0.0,0,0
c72e05dd41ed5a85335ffeca5a03e71514e60e84,1911.12559,bm25,5,0.11751610475642714,0.0,0.25,0.0,1.0,0.1111111111111111,0,0,0,0.0,0.0,0.0,0.0,0,0
c79f168503a60d1b08bb2c9aac124199d210b06d,1904.02954,bm25,5,0.0,0.0,0.0,0.0,0.0,0.0,0,0,0,0.0,0.0,0.0,0.0,0,0
c7d3bccee59ab683e6bf047579bc6eab9de9d973,1705.10272,bm25,5,0.19342640361727081,0.0,0.5,0.0,1.0,0.125,0,0,0,0.0,0.0,0.0,0.0,0,0
c7f43c95db3d0c870407cd0e7becdd802463683b,1910.09362,bm25,5,0.46927872602275644,0.3333333333333333,0.3333333333333333,1.0,1.0,1.0,1,0,0,0.3333333333333333,0.5,0.2857142857142857,0.25,1,0
c7ffef8bf0100eb6148bd932d0409b21759060b1,1707.06519,bm25,5,0.23719771276929622,0.5,0.5,1.0,1.0,0.2,1,0,0,0.5,0.5,0.2857142857142857,0.2857142857142857,1,0
c845110efee2f633d47f5682573bc6091e8f5023,1911.05652,bm25,5,0.43067655807339306,1.0,1.0,1.0,1.0,0.25,1,1,1,1.0,1.0,0.3333333333333333,0.3333333333333333,0,0
c87966e7f497975b76a60f6be50c33d296a4a4e7,2004.01820,bm25,5,0.10893649261775588,0.125,0.125,1.0,1.0,0.25,1,0,0,0.125,0.16666666666666666,0.18181818181818182,0.15384615384615385,1,0
c8f8ecac23a991bceb8387e68b3b3f2a5d8cf029,2003.12660,bm25,5,0.3562071871080222,0.0,1.0,0.0,1.0,0.16666666666666666,0,0,0,0.0,0.0,0.0,0.0,0,0
c97306c1be5d59cf27b1054adfa8f1da47d292ce,1810.02229,bm25,5,1.0,1.0,1.0,1.0,1.0,1.0,1,1,1,1.0,1.0,0.3333333333333333,0.3333333333333333,0,0
c9a323c152c5d9bc2d244e0ed10afbdb0f93062a,1909.00369,bm25,5,0.6240505200038379,1.0,1.0,1.0,1.0,0.5,1,1,1,1.0,1.0,0.5714285714285714,0.5714285714285714,0,0
c9eae337edea0edb12030a7d4b01c3a3c73c16d3,1806.04387,bm25,5,0.0,0.0,0.0,0.0,0.0,0.0,0,0,0,0.0,0.0,0.0,0.0,0,0
caebea05935cae1f5d88749a2fc748e62976eab7,1710.11334,bm25,5,0.6934264036172708,1.0,1.0,1.0,1.0,0.5,1,1,1,1.0,1.0,0.3333333333333333,0.5714285714285714,0,0
cb58605a7c230043bd0d6e8d5b068f8b533f45fe,1909.11706,bm25,5,0.0,0.0,0.0,0.0,0.0,0.0,0,0,0,0.0,0.0,0.0,0.0,0,0
cb7a00233502c4b7801d34bc95d6d22d79776ae8,1603.08868,bm25,5,0.0,0.0,0.0,0.0,0.0,0.0,0,0,0,0.0,0.0,0.0,0.0,0,0
cbb3c1c1e6e1818b6480f929f1c299eaa5ffd07a,1907.10676,bm25,5,0.22578419899983795,0.16666666666666666,0.3333333333333333,1.0,1.0,0.25,1,0,0,0.16666666666666666,0.25,0.2222222222222222,0.18181818181818182,1,0
cbe42bf7c99ee248cdb2c5d6cf86b41106e66863,1908.02284,bm25,5,0.6309297535714575,1.0,1.0,1.0,1.0,0.5,1,1,1,1.0,1.0,0.3333333333333333,0.3333333333333333,0,0
cc3dd701f3a674618de95a4196e9c7f4c8fbf1e5,1805.04833,bm25,5,0.43067655807339306,1.0,1.0,1.0,1.0,0.25,1,1,1,1.0,1.0,0.3333333333333333,0.3333333333333333,0,0
cc78a08f5bfe233405c99cb3dac1f11f3a9268b1,1907.08540,bm25,5,0.0,0.0,0.0,0.0,0.0,0.0,0,0,0,0.0,0.0,0.0,0.0,0,0
cc8bcea4052bf92f249dda276acc5fd16cac6fb4,1809.03695,bm25,5,0.6309297535714575,1.0,1.0,1.0,1.0,0.5,1,1,1,1.0,1.0,0.3333333333333333,0.3333333333333333,0,0
ccec4f8deff651858f44553f8daa5a19e8ed8d3b,1909.05190,bm25,5,0.0,0.0,0.0,0.0,0.0,0.0,0,0,0,0.0,0.0,0.0,0.0,0,0
cd82bdaa0c94330f8cccfb1c59b4e6761a5a4f4d,1911.01214,bm25,5,0.0,0.0,0.0,0.0,0.0,0.0,0,0,0,0.0,0.0,0.0,0.0,0,0
cdbbba22e62bc9402aea74ac5960503f59e984ff,1805.04558,bm25,5,1.0,1.0,1.0,1.0,1.0,1.0,1,1,1,1.0,1.0,0.5714285714285714,0.5714285714285714,0,0
ce23849e9e9a22626965f1ca8ca948a5c87280e9,1909.01720,bm25,5,0.0,0.0,0.0,0.0,0.0,0.0,0,0,0,0.0,0.0,0.0,0.0,0,0
ce504a7ee2c1f068ef4dde8d435245b4e77bb0b5,1708.09025,bm25,5,0.16958010263680806,0.2,0.2,1.0,1.0,0.3333333333333333,1,0,0,0.2,0.2,0.2,0.2,1,0
ce8d8de78a21a3ba280b658ac898f73d0b52bf1b,1910.10487,bm25,5,0.33424620450682646,0.25,0.5,1.0,1.0,0.3333333333333333,1,1,0,0.25,1.0,0.3333333333333333,0.2222222222222222,0,1
ced63053eb631c78a4ddd8c85ec0f3323a631a54,1708.05482,bm25,5,0.38685280723454163,1.0,1.0,1.0,1.0,0.2,1,1,1,1.0,1.0,0.3333333333333333,0.3333333333333333,0,0
cf0b7d8a2449d04078f69ec9717a547adfb67d17,1801.04433,bm25,5,0.0,0.0,0.0,0.0,0.0,0.0,0,0,0,0.0,0.0,0.0,0.0,0,0
cf3fab54b2b289b66e7dba4706c47a62569627c5,1708.07690,bm25,5,0.47254583883871204,0.5,0.5,1.0,1.0,0.5,1,0,0,0.5,0.5,0.4444444444444444,0.5454545454545454,1,0
cf58d25bfa2561a359fdd7b6b20aef0b41dc634e,1912.08084,bm25,5,0.21840743681816419,0.0,0.5,0.0,1.0,0.16666666666666666,0,0,0,0.0,0.0,0.0,0.0,0,0
cf68906b7d96ca0c13952a6597d1f23e5184c304,1710.10380,bm25,5,0.6309297535714575,1.0,1.0,1.0,1.0,0.5,1,1,1,1.0,1.0,0.3333333333333333,0.3333333333333333,0,0
cf82251a6a5a77e29627560eb7c05c3eddc20825,2004.04498,bm25,5,0.2890648263178879,0.0,1.0,0.0,1.0,0.1,0,0,0,0.0,0.0,0.0,0.0,0,0
cfa44bb587b0c05906d8325491ca9e0f024269e8,1708.01065,bm25,5,0.38685280723454163,0.5,0.5,1.0,1.0,0.5,1,1,0,0.5,1.0,0.3333333333333333,0.2857142857142857,0,1
cfcf94b81589e7da215b4f743a3f8de92a6dda7a,1712.00733,bm25,5,0.4227898344066503,0.0,1.0,0.0,1.0,0.16666666666666666,0,0,0,0.0,0.0,0.0,0.0,0,0
cfdd583d01abaca923f5c466bb20e1d4b8c749ff,1810.02268,bm25,5,0.19518900079066107,0.16666666666666666,0.16666666666666666,1.0,1.0,0.3333333333333333,1,0,0,0.16666666666666666,0.1111111111111111,0.14285714285714285,0.23529411764705882,1,0
cfe21b979a6c851bdafb2e414622f61e62b1d98c,2003.13028,bm25,5,0.6131471927654584,0.5,0.5,1.0,1.0,1.0,1,0,0,0.5,0.5,0.2857142857142857,0.2857142857142857,1,0
d0dc6729b689561370b6700b892c9de8871bb44d,1604.02201,bm25,5,1.0,1.0,1.0,1.0,1.0,1.0,1,1,1,1.0,1.0,0.5714285714285714,0.5714285714285714,0,0
d147117ef24217c43252d917d45dff6e66ff807c,1712.00733,bm25,5,0.0,0.0,0.0,0.0,0.0,0.0,0,0,0,0.0,0.0,0.0,0.0,0,0
d1a4529ea32aaab5ca3b9d9ae5c16f146c23af6b,1809.08935,bm25,5,0.38685280723454163,1.0,1.0,1.0,1.0,0.2,1,1,1,1.0,1.0,0.3333333333333333,0.3333333333333333,0,0
d206f2cbcc3d2a6bd0ccaa3b57fece396159f609,1805.00195,bm25,5,0.38685280723454163,0.5,0.5,1.0,1.0,0.5,1,1,0,0.5,1.0,0.3333333333333333,0.2857142857142857,0,1
d207f78beb6cd754268881bf575c8f98000667ea,1705.02023,bm25,5,0.43067655807339306,1.0,1.0,1.0,1.0,0.25,1,1,1,1.0,1.0,0.3333333333333333,0.3333333333333333,0,0
d211a37830c59aeab4970fdb2e03d9b7368b421c,1805.04558,bm25,5,0.23504554941448536,0.1111111111111111,0.1111111111111111,1.0,1.0,1.0,1,0,0,0.1111111111111111,0.1111111111111111,0.14285714285714285,0.14285714285714285,1,0
d2d9c7177728987d9e8b0c44549bbe03c8c00ef2,1906.05685,bm25,5,0.0,0.0,0.0,0.0,0.0,0.0,0,0,0,0.0,0.0,0.0,0.0,0,0
d2f91303cec132750a416192f67c8ac1d3cf6fc0,1708.07252,bm25,5,0.5833416105149332,0.6666666666666666,1.0,1.0,1.0,0.3333333333333333,1,1,0,0.6666666666666666,1.0,0.5714285714285714,0.5,0,1
d323f0d65b57b30ae85fb9f24298927a3d1216e9,1810.12897,bm25,5,0.6934264036172708,1.0,1.0,1.0,1.0,0.5,1,1,1,1.0,1.0,0.5714285714285714,0.5714285714285714,0,0
d36a6447bfe58204e0d29f9213d84be04d875624,1906.08871,bm25,5,0.11284514134893527,0.0,0.25,0.0,1.0,0.1,0,0,0,0.0,0.0,0.0,0.0,0,0
d38b3e0896b105d171e69ce34c689e4a7e934522,1912.10162,bm25,5,0.3065735963827292,0.5,0.5,1.0,1.0,0.3333333333333333,1,1,0,0.5,1.0,0.3333333333333333,0.2857142857142857,0,1
d3cfbe497a30b750a8de3ea7f2cecf4753a4e1f9,1905.09439,bm25,5,0.5,1.0,1.0,1.0,1.0,0.3333333333333333,1,1,1,1.0,1.0,0.3333333333333333,0.3333333333333333,0,0
d3fb0d84d763cb38f400b7de3daaa59ed2a1b0ab,1707.07212,bm25,5,0.31546487678572877,0.0,1.0,0.0,1.0,0.125,0,0,0,0.0,0.0,0.0,0.0,0,0
d418bf6595b1b51a114f28ac8a6909c278838aeb,1908.10149,bm25,5,0.0,0.0,0.0,0.0,0.0,0.0,0,0,0,0.0,0.0,0.0,0.0,0,0
d4b84f48460517bc0a6d4e0c38f6853c58081166,1804.01155,bm25,5,0.46927872602275644,0.3333333333333333,0.3333333333333333,1.0,1.0,1.0,1,1,0,0.3333333333333333,1.0,0.3333333333333333,0.25,0,1
d5c393df758dec6ea6827ae5b887eb6c303a4f4d,1612.05202,bm25,5,0.5,1.0,1.0,1.0,1.0,0.3333333333333333,1,1,1,1.0,1.0,0.3333333333333333,0.3333333333333333,0,0
d622564b250cffbb9ebbe6636326b15ec3c622d9,1902.10246,bm25,5,0.31546487678572877,0.0,1.0,0.0,1.0,0.125,0,0,0,0.0,0.0,0.0,0.0,0,0
d64fa192a7e9918c6a22d819abad581af0644c7d,1802.08969,bm25,5,0.1480409554829326,0.0,0.3333333333333333,0.0,1.0,0.125,0,0,0,0.0,0.0,0.0,0.0,0,0
d66550f65484696c1284903708b87809ea705786,1805.04833,bm25,5,0.639945385422766,0.6,0.6,1.0,1.0,1.0,1,0,0,0.6,0.6,0.6,0.6,1,0
d66c31f24f582c499309a435ec3c688dc3a41313,1907.00937,bm25,5,0.2890648263178879,0.0,1.0,0.0,1.0,0.1,0,0,0,0.0,0.0,0.0,0.0,0,0
d68cc9aaf0466b97354600a5646c3be4512fc096,2004.03090,bm25,5,0.5706417189553201,1.0,1.0,1.0,1.0,0.3333333333333333,1,1,1,1.0,1.0,0.3333333333333333,0.5714285714285714,0,0
d6a815d24c46557827d8aca65d3ffd008ac1bc07,1803.02914,bm25,5,0.41443699955334395,0.5,1.0,1.0,1.0,0.2,1,0,0,0.5,0.5,0.2857142857142857,0.2857142857142857,1,0
d6b0c71721ed24ef1d9bd31ed3a266b0c7fc9b57,1704.06960,bm25,5,0.20438239758848611,0.0,0.5,0.0,1.0,0.14285714285714285,0,0,0,0.0,0.0,0.0,0.0,0,0
d7799d26fe39302c4aff5b530aa691e8653fffe8,1803.09000,bm25,5,0.0,0.0,0.0,0.0,0.0,0.0,0,0,0,0.0,0.0,0.0,0.0,0,0
d8ae36ae1b4d3af5b59ebd24efe94796101c1c12,1802.02614,bm25,5,1.0,1.0,1.0,1.0,1.0,1.0,1,1,1,1.0,1.0,0.3333333333333333,0.3333333333333333,0,0
d9354c0bb32ec037ff2aacfed58d57887a713163,1707.07212,bm25,5,0.0,0.0,0.0,0.0,0.0,0.0,0,0,0,0.0,0.0,0.0,0.0,0,0
d976c22e9d068e4e31fb46e929023459f8290a63,1903.10548,bm25,5,1.0,1.0,1.0,1.0,1.0,1.0,1,1,1,1.0,1.0,0.3333333333333333,0.3333333333333333,0,0
d97843afec733410d2c580b4ec98ebca5abf2631,1607.00167,bm25,5,0.31546487678572877,0.0,1.0,0.0,1.0,0.125,0,0,0,0.0,0.0,0.0,0.0,0,0
d98148f65d893101fa9e18aaf549058712485436,1709.04005,bm25,5,0.6309297535714575,1.0,1.0,1.0,1.0,0.5,1,1,1,1.0,1.0,0.3333333333333333,0.3333333333333333,0,0
d9949dd4865e79c53284932d868ca8fd10d55e70,2003.07459,bm25,5,0.5706417189553201,1.0,1.0,1.0,1.0,0.3333333333333333,1,1,1,1.0,1.0,0.5714285714285714,0.5714285714285714,0,0
d9a45fea8539aac01dec01f29b7d04b44b9c2ca6,1909.01720,bm25,5,0.20438239758848611,0.0,0.5,0.0,1.0,0.14285714285714285,0,0,0,0.0,0.0,0.0,0.0,0,0
d9e7633004ed1bc1ee45be58409bcc1fa6db59b2,1908.11049,bm25,5,0.18154179253735267,0.3333333333333333,0.3333333333333333,1.0,1.0,0.2,1,1,0,0.3333333333333333,1.0,0.3333333333333333,0.25,0,1
da077b385d619305033785af5b204696d6145bd8,1911.02747,bm25,5,0.16716045496620227,0.0,0.3333333333333333,0.0,1.0,0.16666666666666666,0,0,0,0.0,0.0,0.0,0.0,0,0
da0a2195bbf6736119ff32493898d2aadffcbcb8,1605.05166,bm25,5,0.45749452618986164,0.5,1.0,1.0,1.0,0.25,1,1,0,0.5,1.0,0.3333333333333333,0.2857142857142857,0,1
da21bcaa8e3a9eadc8a5194fd57ae797e93c3049,2004.01970,bm25,5,1.0,1.0,1.0,1.0,1.0,1.0,1,1,1,1.0,1.0,0.3333333333333333,0.3333333333333333,0,0
dc473819b196c0ea922773e173a6b283fa778791,1605.05156,bm25,5,0.8772153153380493,1.0,1.0,1.0,1.0,1.0,1,1,1,1.0,1.0,0.3333333333333333,0.5714285714285714,0,0
dce27c49b9bf1919ca545e04663507d83bb42dbe,1808.10006,bm25,5,0.14606834984270645,0.2,0.2,1.0,1.0,0.25,1,0,0,0.2,0.25,0.2222222222222222,0.2,1,0
dd81f58c782169886235c48b8f9a08e0954dd3ae,2003.12660,bm25,5,0.20438239758848611,0.0,0.5,0.0,1.0,0.14285714285714285,0,0,0,0.0,0.0,0.0,0.0,0,0
de0154affd86c608c457bf83d888bbd1f879df93,1911.12722,bm25,5,0.36926780146674987,0.3333333333333333,0.6666666666666666,1.0,1.0,0.25,1,0,0,0.3333333333333333,0.3333333333333333,0.25,0.25,1,0
de0d135b94ba3b3a4f4a0fb03df38a84f9dc9da4,1909.02322,bm25,5,1.0,1.0,1.0,1.0,1.0,1.0,1,1,1,1.0,1.0,0.3333333333333333,0.3333333333333333,0,0
de313b5061fc22e8ffef1706445728de298eae31,1811.01183,bm25,5,0.0,0.0,0.0,0.0,0.0,0.0,0,0,0,0.0,0.0,0.0,0.0,0,0
de344aeb089affebd15a8c370ae9ab5734e99203,1803.06745,bm25,5,0.6309297535714575,1.0,1.0,1.0,1.0,0.5,1,1,1,1.0,1.0,0.3333333333333333,0.3333333333333333,0,0
de580e43614ee38d2d9fc6263ff96e6ca2b54eb5,1911.01214,bm25,5,0.5,1.0,1.0,1.0,1.0,0.3333333333333333,1,1,1,1.0,1.0,0.3333333333333333,0.3333333333333333,0,0
de689a17b0b9fb6bbb80e9b85fb44b36b56de2fd,2003.07459,bm25,5,0.3333333333333333,0.0,1.0,0.0,1.0,0.14285714285714285,0,0,0,0.0,0.0,0.0,0.0,0,0
df01e98095ba8765d9ab0d40c9e8ef34b64d3700,2002.04815,bm25,5,0.8315546295836225,0.5,1.0,1.0,1.0,1.0,1,1,0,0.5,1.0,0.3333333333333333,0.2857142857142857,0,1
df4895c6ae426006e75c511a304d56d37c42a1c7,1805.11850,bm25,5,0.6309297535714575,1.0,1.0,1.0,1.0,0.5,1,1,1,1.0,1.0,0.3333333333333333,0.3333333333333333,0,0
df623717255ea2c9e0f846859d8a9ef51dc1102b,1606.02892,bm25,5,0.0,0.0,0.0,0.0,0.0,0.0,0,0,0,0.0,0.0,0.0,0.0,0,0
dfaeb8faf04505a4178945c933ba217e472979d8,1708.01065,bm25,5,0.0,0.0,0.0,0.0,0.0,0.0,0,0,0,0.0,0.0,0.0,0.0,0,0
dfdd309e56b71589b25412ba85b0a5d79a467ceb,1610.09722,bm25,5,0.5,1.0,1.0,1.0,1.0,0.3333333333333333,1,1,1,1.0,1.0,0.3333333333333333,0.3333333333333333,0,0
e0b54906184a4ad87d127bed22194e62de38222b,1910.01340,bm25,5,0.21840743681816419,0.0,0.5,0.0,1.0,0.16666666666666666,0,0,0,0.0,0.0,0.0,0.0,0,0
e0b8a2649e384bbdb17472f8da2c3df4134b1e57,1707.07568,bm25,5,0.6967728672917264,0.3333333333333333,0.6666666666666666,1.0,1.0,1.0,1,0,0,0.3333333333333333,0.5,0.4444444444444444,0.36363636363636365,1,0
e12166fa9d6f63c4e92252c95c6a7bc96977ebf4,1901.10619,bm25,5,1.0,1.0,1.0,1.0,1.0,1.0,1,1,1,1.0,1.0,0.3333333333333333,0.3333333333333333,0,0
e14e3e0944ec3290d1985e9a3da82a7df17575cd,1806.07042,bm25,5,0.16716045496620227,0.0,0.3333333333333333,0.0,1.0,0.16666666666666666,0,0,0,0.0,0.0,0.0,0.0,0,0
e1ab241059ef1700738f885f051d724a7fcf283a,1707.09816,bm25,5,0.3333333333333333,0.0,1.0,0.0,1.0,0.14285714285714285,0,0,0,0.0,0.0,0.0,0.0,0,0
e381f1811774806be109f9b05896a2a3c5e1ef43,1710.11334,bm25,5,1.0,1.0,1.0,1.0,1.0,1.0,1,1,1,1.0,1.0,0.3333333333333333,0.3333333333333333,0,0
e3bafa432cd3e1225170ff04de2fdf1ede38c6ef,1805.11598,bm25,5,0.3333333333333333,0.0,1.0,0.0,1.0,0.14285714285714285,0,0,0,0.0,0.0,0.0,0.0,0,0
e3c44964eb6ddc554901244eb6595f26a9bae47e,1910.07154,bm25,5,0.0,0.0,0.0,0.0,0.0,0.0,0,0,0,0.0,0.0,0.0,0.0,0,0
e459760879f662b2205cbdc0f5396dbfe41323ae,1908.09590,bm25,5,0.8175295903539445,0.5,1.0,1.0,1.0,1.0,1,1,0,0.5,1.0,0.3333333333333333,0.2857142857142857,0,1
e462efb58c71f186cd6b315a2d861cbb7171f65b,1906.04236,bm25,5,0.0,0.0,0.0,0.0,0.0,0.0,0,0,0,0.0,0.0,0.0,0.0,0,0
e56c1f0e9eabda41f929d0dfd5cfa50edd69fa89,1909.06708,bm25,5,0.6309297535714575,1.0,1.0,1.0,1.0,0.5,1,1,1,1.0,1.0,0.3333333333333333,0.3333333333333333,0,0
e5b2eb6a49c163872054333f8670dd3f9563046a,2004.02334,bm25,5,0.38685280723454163,1.0,1.0,1.0,1.0,0.2,1,1,1,1.0,1.0,0.3333333333333333,0.3333333333333333,0,0
e5be900e70ea86c019efb06438ba200e11773a7c,1909.13466,bm25,5,0.0,0.0,0.0,0.0,0.0,0.0,0,0,0,0.0,0.0,0.0,0.0,0,0
e5f8d2fc1332e982a54ee4b4c1f7f55e900d0b86,1811.04791,bm25,5,0.16812753627111746,0.25,0.25,1.0,1.0,0.25,1,1,0,0.25,1.0,0.3333333333333333,0.2222222222222222,0,1
e6204daf4efeb752fdbd5c26e179efcb8ddd2807,1601.03313,bm25,5,0.6309297535714575,1.0,1.0,1.0,1.0,0.5,1,1,1,1.0,1.0,0.3333333333333333,0.3333333333333333,0,0
e6bc11bd6cfd4b2138c29602b9b56fc5378a4293,1709.04491,bm25,5,0.0,0.0,0.0,0.0,0.0,0.0,0,0,0,0.0,0.0,0.0,0.0,0,0
e6f5444b7c08d79d4349e35d5298a63bb30e7004,1708.07252,bm25,5,0.2640681225725909,0.5,0.5,1.0,1.0,0.25,1,1,0,0.5,1.0,0.3333333333333333,0.2857142857142857,0,1
e797634fa77e490783b349034f9e095ee570b7a9,1804.05253,bm25,5,0.6934264036172708,1.0,1.0,1.0,1.0,0.5,1,1,1,1.0,1.0,0.5714285714285714,0.5714285714285714,0,0
e831ce6c406bf5d1c493162732e1b320abb71b6f,1908.07491,bm25,5,0.7328286204777911,1.0,1.0,1.0,1.0,0.5,1,1,1,1.0,1.0,0.75,0.75,0,0
e8c3f59313df20db0cdd49b84a37c44da849fe17,2003.07459,bm25,5,0.5912352048230277,0.5,1.0,1.0,1.0,0.5,1,0,0,0.5,0.5,0.2857142857142857,0.2857142857142857,1,0
e90425ac05a15dc145bbf3034e78b56e7cec36ac,1803.09000,bm25,5,0.44149241373678083,0.5,0.5,1.0,1.0,0.5,1,0,0,0.5,0.5,0.4444444444444444,0.4444444444444444,1,0
e96b0d64c8d9fdd90235c499bf1ec562d2cbb8b2,1605.04278,bm25,5,0.0,0.0,0.0,0.0,0.0,0.0,0,0,0,0.0,0.0,0.0,0.0,0,0
e9a0a69eacd554141f56b60ab2d1912cc33f526a,1803.06745,bm25,5,1.0,1.0,1.0,1.0,1.0,1.0,1,1,1,1.0,1.0,0.3333333333333333,0.3333333333333333,0,0
ea6edf45f094586caf4684463287254d44b00e95,1907.12984,bm25,5,0.0,0.0,0.0,0.0,0.0,0.0,0,0,0,0.0,0.0,0.0,0.0,0,0
eaacee4246f003d29a108fe857b5dd317287ecf1,1911.12559,bm25,5,0.2640681225725909,0.5,0.5,1.0,1.0,0.25,1,0,0,0.5,0.5,0.2857142857142857,0.2857142857142857,1,0
eaae11ffd4ff955de2cd6389b888f5fd2c660a32,1910.14589,bm25,5,0.23719771276929622,0.5,0.5,1.0,1.0,0.2,1,1,0,0.5,1.0,0.3333333333333333,0.2857142857142857,0,1
ead7704a64447dccd504951618d3be463eba86bf,1807.03674,bm25,5,0.3333333333333333,0.0,1.0,0.0,1.0,0.14285714285714285,0,0,0,0.0,0.0,0.0,0.0,0,0
eaed0b721cc3137b964f5265c7ecf76f565053e9,1806.03369,bm25,5,0.0,0.0,0.0,0.0,0.0,0.0,0,0,0,0.0,0.0,0.0,0.0,0,0
eafea4a24d103fdecf8f347c7d84daff6ef828a3,1611.01116,bm25,5,0.5109559939712153,0.5,1.0,1.0,1.0,0.3333333333333333,1,1,0,0.5,1.0,0.3333333333333333,0.2857142857142857,0,1
eb653a5c59851eda313ece0bcd8c589b6155d73e,1908.02284,bm25,5,0.0,0.0,0.0,0.0,0.0,0.0,0,0,0,0.0,0.0,0.0,0.0,0,0
ebb4db9c24aa36db9954dd65ea079a798df80558,1908.09355,bm25,5,0.5,1.0,1.0,1.0,1.0,0.3333333333333333,1,1,1,1.0,1.0,0.3333333333333333,0.3333333333333333,0,0
ebe1084a06abdabefffc66f029eeb0b69f114fd9,1810.02268,bm25,5,0.3647442587311445,0.09090909090909091,0.2727272727272727,1.0,1.0,1.0,1,0,0,0.09090909090909091,0.1111111111111111,0.14285714285714285,0.125,1,0
ebe6b8ec141172f7fea66f0a896b3124276d4884,1911.11025,bm25,5,0.0,0.0,0.0,0.0,0.0,0.0,0,0,0,0.0,0.0,0.0,0.0,0,0
ec2045e0da92989642a5b5f2b1130c8bd765bcc5,1901.03253,bm25,5,0.3562071871080222,0.0,1.0,0.0,1.0,0.16666666666666666,0,0,0,0.0,0.0,0.0,0.0,0,0
ec39120fb879ae10452d3f244e1e32237047005a,2004.04060,bm25,5,0.14126697285982898,0.0,0.3333333333333333,0.0,1.0,0.1111111111111111,0,0,0,0.0,0.0,0.0,0.0,0,0
ec54ae2f4811196fcaafa45e76130239e69995f9,1909.07158,bm25,5,1.0,1.0,1.0,1.0,1.0,1.0,1,1,1,1.0,1.0,0.3333333333333333,0.3333333333333333,0,0
ec62df859ad901bf0848f0a8b91eedc78dba5657,1909.05190,bm25,5,0.0,0.0,0.0,0.0,0.0,0.0,0,0,0,0.0,0.0,0.0,0.0,0,0
ec70c7c560e08cff2820bad93f5216bc0a469f5a,1908.11664,bm25,5,0.0,0.0,0.0,0.0,0.0,0.0,0,0,0,0.0,0.0,0.0,0.0,0,0
ec8f39d32084996ab825debd7113c71daac38b06,1606.07043,bm25,5,0.19342640361727081,0.0,0.5,0.0,1.0,0.125,0,0,0,0.0,0.0,0.0,0.0,0,0
ecaa10a2d9927fa6ab6a954488f12aa6b42ddc1a,1909.04242,bm25,5,0.2442584792702138,0.2,0.4,1.0,1.0,0.2,1,0,0,0.2,0.5,0.2857142857142857,0.2,1,0
ed15a593d64a5ba58f63c021ae9fd8f50051a667,2001.05540,bm25,5,0.0979129253499678,0.0,0.14285714285714285,0.0,1.0,0.16666666666666666,0,0,0,0.0,0.0,0.0,0.0,0,0
ed44f7e698d6124cb86791841d02fc6f8b4d862a,1908.11049,bm25,5,0.8175295903539445,0.5,1.0,1.0,1.0,1.0,1,1,0,0.5,1.0,0.3333333333333333,0.2857142857142857,0,1
ed7ce13cd95f7664a5e4fc530dcf72dc3808dced,1712.02555,bm25,5,0.0,0.0,0.0,0.0,0.0,0.0,0,0,0,0.0,0.0,0.0,0.0,0,0
ee2c2fb01d67f4c58855bf23186cbd45cecbfa56,1606.07947,bm25,5,0.6309297535714575,1.0,1.0,1.0,1.0,0.5,1,1,1,1.0,1.0,0.3333333333333333,0.3333333333333333,0,0
ef6304512652ba56bd13dbe282a5ce1d41a4f171,1909.03553,bm25,5,0.19958818982773852,0.125,0.25,1.0,1.0,0.3333333333333333,1,0,0,0.125,0.14285714285714285,0.16666666666666666,0.15384615384615385,1,0
eff9192e05d23e9a67d10be0c89a7ab2b873995b,1910.09387,bm25,5,0.23719771276929622,0.5,0.5,1.0,1.0,0.2,1,0,0,0.5,0.5,0.2857142857142857,0.2857142857142857,1,0
f0404673085517eea708c5e91f32fb0f7728fa08,1607.03895,bm25,5,0.0,0.0,0.0,0.0,0.0,0.0,0,0,0,0.0,0.0,0.0,0.0,0,0
f0afc116809b70528226d37190e8e79e1e9cd11e,1906.05685,bm25,5,0.38685280723454163,0.5,0.5,1.0,1.0,0.5,1,1,0,0.5,1.0,0.3333333333333333,0.2857142857142857,0,1
f11856814a57b86667179e1e275e4f99ff1bcad8,1707.06875,bm25,5,0.17833927279888334,0.0,0.2857142857142857,0.0,1.0,0.14285714285714285,0,0,0,0.0,0.0,0.0,0.0,0,0
f15bc40960bd3f81bc791f43ab5c94c52378692d,1804.00982,bm25,5,0.2640681225725909,0.5,0.5,1.0,1.0,0.25,1,1,0,0.5,1.0,0.3333333333333333,0.2857142857142857,0,1
f1a50f88898556ecdba8e9cac13ae54c11835945,1909.03553,bm25,5,0.3333333333333333,0.0,1.0,0.0,1.0,0.14285714285714285,0,0,0,0.0,0.0,0.0,0.0,0,0
f1d61b44105e651925d02a51e6d7ea10ea28ebd8,1909.00437,bm25,5,0.4525081529734507,0.3333333333333333,0.6666666666666666,1.0,1.0,0.5,1,0,0,0.3333333333333333,0.5,0.2857142857142857,0.25,1,0
f1f7a040545c9501215d3391e267c7874f9a6004,1612.09535,bm25,5,0.3065735963827292,0.5,0.5,1.0,1.0,0.3333333333333333,1,0,0,0.5,0.5,0.2857142857142857,0.2857142857142857,1,0
f264612db9096caf938bd8ee4085848143b34f81,1605.05166,bm25,5,0.31546487678572877,0.0,1.0,0.0,1.0,0.125,0,0,0,0.0,0.0,0.0,0.0,0,0
f2b1e87f61c65aaa99bcf9825de11ae237260270,1909.00786,bm25,5,0.2960819109658652,0.3333333333333333,0.3333333333333333,1.0,1.0,0.5,1,1,0,0.3333333333333333,1.0,0.3333333333333333,0.25,0,1
f2b8a2ed5916d75cf568a931829a5a3cde2fc345,1801.05617,bm25,5,0.0,0.0,0.0,0.0,0.0,0.0,0,0,0,0.0,0.0,0.0,0.0,0,0
f2bcfdbebb418e7da165c19b8c7167719432ee48,1603.07252,bm25,5,0.0,0.0,0.0,0.0,0.0,0.0,0,0,0,0.0,0.0,0.0,0.0,0,0
f381b0ef693243d67657f6c34bbce015f6b1fd07,1603.08868,bm25,5,1.0,1.0,1.0,1.0,1.0,1.0,1,1,1,1.0,1.0,0.3333333333333333,0.3333333333333333,0,0
f3b4e52ba962a0004064132d123fd9b78d9e12e2,1907.12984,bm25,5,0.24630238874073,0.25,0.25,1.0,1.0,0.5,1,1,0,0.25,1.0,0.3333333333333333,0.2222222222222222,0,1
f3b851c9063192c86a3cc33b2328c02efa41b668,2003.08769,bm25,5,0.0,0.0,0.0,0.0,0.0,0.0,0,0,0,0.0,0.0,0.0,0.0,0,0
f40e23adc8245562c8677f0f86fa5175179b5422,1807.08089,bm25,5,0.19342640361727081,0.0,0.5,0.0,1.0,0.125,0,0,0,0.0,0.0,0.0,0.0,0,0
f4e16b185b506713ff99acc4dbd9ec3208e4997b,1602.07563,bm25,5,0.22290869782240583,0.0,0.4,0.0,1.0,0.16666666666666666,0,0,0,0.0,0.0,0.0,0.0,0,0
f52c9744a371104eb2677c181a7004f7a77d9dd3,1912.00342,bm25,5,0.0,0.0,0.0,0.0,0.0,0.0,0,0,0,0.0,0.0,0.0,0.0,0,0
f5513f9314b9d7b41518f98c6bc6d42b8555258d,1605.05166,bm25,5,0.0,0.0,0.0,0.0,0.0,0.0,0,0,0,0.0,0.0,0.0,0.0,0,0
f5913e37039b9517a323ec700b712e898316161b,1711.03759,bm25,5,1.0,1.0,1.0,1.0,1.0,1.0,1,1,1,1.0,1.0,0.3333333333333333,0.3333333333333333,0,0
f5bc07df5c61dcb589a848bd36f4ce9c22abd46a,1703.10090,bm25,5,0.5039163329697344,0.42857142857142855,0.5714285714285714,1.0,1.0,0.5,1,0,0,0.42857142857142855,0.5,0.5454545454545454,0.5,1,0
f61268905626c0b2a715282478a5e373adda516c,2003.07459,bm25,5,0.5912352048230277,0.5,1.0,1.0,1.0,0.5,1,1,0,0.5,1.0,0.3333333333333333,0.2857142857142857,0,1
f637bba86cfb94ca8ac4b058faf839c257d5eaa0,1806.07042,bm25,5,0.0,0.0,0.0,0.0,0.0,0.0,0,0,0,0.0,0.0,0.0,0.0,0,0
f64449a21c452bc5395a0f0a49fb49825e6385f4,1909.04387,bm25,5,0.8503449055347546,1.0,1.0,1.0,1.0,1.0,1,1,1,1.0,1.0,0.3333333333333333,0.5714285714285714,0,0
f71b95001dce46ee35cdbd8d177676de19ca2611,1911.07620,bm25,5,0.21840743681816419,0.0,0.5,0.0,1.0,0.16666666666666666,0,0,0,0.0,0.0,0.0,0.0,0,0
f741d32b92630328df30f674af16fbbefcad3f93,1805.09821,bm25,5,0.4525081529734507,0.3333333333333333,0.6666666666666666,1.0,1.0,0.5,1,1,0,0.3333333333333333,1.0,0.3333333333333333,0.25,0,1
f7662b11e87c1e051e13799413f3db459ac3e19c,1911.10742,bm25,5,0.09803928583135704,0.0,0.2,0.0,1.0,0.1,0,0,0,0.0,0.0,0.0,0.0,0,0
f77d7cddef3e021d70e16b9e16cecfd4b8ee80d3,1606.07947,bm25,5,0.18457569677956817,0.0,0.5,0.0,1.0,0.1111111111111111,0,0,0,0.0,0.0,0.0,0.0,0,0
f7b91b99279833f9f489635eb8f77c6d13136098,1912.11980,bm25,5,0.3065735963827292,0.5,0.5,1.0,1.0,0.3333333333333333,1,1,0,0.5,1.0,0.3333333333333333,0.2857142857142857,0,1
f7d61648ae4bd46c603a271185c3adfac5fc5114,1909.00369,bm25,5,0.6509209298071326,1.0,1.0,1.0,1.0,0.5,1,1,1,1.0,1.0,0.5714285714285714,0.5714285714285714,0,0
f7ee48dd32c666ef83a4ae4aa06bcde85dd8ec4b,1804.07445,bm25,5,0.0,0.0,0.0,0.0,0.0,0.0,0,0,0,0.0,0.0,0.0,0.0,0,0
f88f45ef563ea9e40c5767ab2eaa77f4700f95f8,2002.09616,bm25,5,0.38685280723454163,1.0,1.0,1.0,1.0,0.2,1,1,1,1.0,1.0,0.3333333333333333,0.3333333333333333,0,0
f8bba20d1781ce2b14fad28d6eff024e5a6c2c02,1709.06365,bm25,5,0.5640920940185894,0.5,1.0,1.0,1.0,0.5,1,1,0,0.5,1.0,0.3333333333333333,0.2857142857142857,0,1
f8f64da7172e72e684f0e024a19411b43629ff55,1804.05306,bm25,5,0.5706417189553201,1.0,1.0,1.0,1.0,0.3333333333333333,1,1,1,1.0,1.0,0.5714285714285714,0.5714285714285714,0,0
f92c344e9b1a986754277fd0f08a47dc3e5f9feb,1803.08419,bm25,5,0.7598336331031966,0.5,0.75,1.0,1.0,1.0,1,0,0,0.5,0.5,0.4444444444444444,0.4444444444444444,1,0
f93bad406e004014618dd64f6c604b1a9ee6a371,1811.00127,bm25,5,0.0,0.0,0.0,0.0,0.0,0.0,0,0,0,0.0,0.0,0.0,0.0,0,0
f9ae1b31c1a60aacb9ef869e1cc6b0e70c6e5d8e,2002.04374,bm25,5,0.0,0.0,0.0,0.0,0.0,0.0,0,0,0,0.0,0.0,0.0,0.0,0,0
fa5f5f58f6277a1e433f80c9a92a5629d6d9a271,2002.09616,bm25,5,1.0,1.0,1.0,1.0,1.0,1.0,1,1,1,1.0,1.0,0.3333333333333333,0.3333333333333333,0,0
fa800a21469a70fa6490bfc67cabdcc8bf086fb5,1902.06734,bm25,5,0.20438239758848611,0.0,0.5,0.0,1.0,0.14285714285714285,0,0,0,0.0,0.0,0.0,0.0,0,0
fac273ecb3e72f2dc94cdbc797582d7225a8e070,1703.05320,bm25,5,0.18154179253735267,0.3333333333333333,0.3333333333333333,1.0,1.0,0.2,1,1,0,0.3333333333333333,1.0,0.3333333333333333,0.25,0,1
faffcc6ef27c1441e6528f924e320368430d8da3,1908.08917,bm25,5,0.13905617951077562,0.0,0.25,0.0,1.0,0.16666666666666666,0,0,0,0.0,0.0,0.0,0.0,0,0
fb06ed5cf9f04ff2039298af33384ca71ddbb461,1806.09652,bm25,5,0.0,0.0,0.0,0.0,0.0,0.0,0,0,0,0.0,0.0,0.0,0.0,0,0
fcb0ac1934e2fd9f58f4b459e6853999a27844f9,2004.02214,bm25,5,0.0,0.0,0.0,0.0,0.0,0.0,0,0,0,0.0,0.0,0.0,0.0,0,0
fcdafaea5b1c9edee305b81f6865efc8b8dc50d3,1707.02892,bm25,5,0.14126697285982898,0.0,0.3333333333333333,0.0,1.0,0.1111111111111111,0,0,0,0.0,0.0,0.0,0.0,0,0
fd651d19046966ca65d4bcf6f6ae9c66cdf13777,2002.10210,bm25,5,0.6309297535714575,1.0,1.0,1.0,1.0,0.5,1,1,1,1.0,1.0,0.3333333333333333,0.3333333333333333,0,0
fd8a8eb69f07c584a76633f8802c2746f7236d64,1911.03642,bm25,5,0.6309297535714575,1.0,1.0,1.0,1.0,0.5,1,1,1,1.0,1.0,0.3333333333333333,0.3333333333333333,0,0
fda47c68fd5f7b44bd539f83ded5882b96c36dd7,1704.03279,bm25,5,0.0,0.0,0.0,0.0,0.0,0.0,0,0,0,0.0,0.0,0.0,0.0,0,0
fe1a74449847755cd7a46647cc9d384abfee789e,1901.03253,bm25,5,0.0,0.0,0.0,0.0,0.0,0.0,0,0,0,0.0,0.0,0.0,0.0,0,0
fe52b093735bb456d7e699aa9a2b806d2b498ba0,1905.00840,bm25,5,0.9709286432396583,0.75,1.0,1.0,1.0,1.0,1,0,0,0.75,0.5,0.2857142857142857,0.6666666666666666,1,0
fe6181ab0aecf5bc8c3def843f82e530347d918b,1911.09753,bm25,5,0.5,1.0,1.0,1.0,1.0,0.3333333333333333,1,1,1,1.0,1.0,0.3333333333333333,0.3333333333333333,0,0
fea9b4d136156f23a88e5c7841874a467f2ba86d,1908.06259,bm25,5,1.0,1.0,1.0,1.0,1.0,1.0,1,1,1,1.0,1.0,0.3333333333333333,0.3333333333333333,0,0
fee498457774d9617068890ff29528e9fa05a2ac,2003.03728,bm25,5,0.0,0.0,0.0,0.0,0.0,0.0,0,0,0,0.0,0.0,0.0,0.0,0,0
fef5b65263c81299acc350a101dabaf5a8cb9c6e,1807.08089,bm25,5,1.0,1.0,1.0,1.0,1.0,1.0,1,1,1,1.0,1.0,0.3333333333333333,0.3333333333333333,0,0
ff36168caf48161db7039e3bd4732cef31d4de99,1909.11706,bm25,5,0.6309297535714575,1.0,1.0,1.0,1.0,0.5,1,1,1,1.0,1.0,0.3333333333333333,0.3333333333333333,0,0
000549a217ea24432c0656598279dbb85378c113,1804.05253,tfidf,5,0.6309297535714575,1.0,1.0,1.0,1.0,0.5,1,1,1,1.0,1.0,0.3333333333333333,0.3333333333333333,0,0
00341a46a67d31d36e6dc54d5297626319584891,1604.02201,tfidf,5,1.0,1.0,1.0,1.0,1.0,1.0,1,1,1,1.0,1.0,0.3333333333333333,0.3333333333333333,0,0
00aea97f69290b496ed11eb45a201ad28d741460,1909.01860,tfidf,5,1.0,1.0,1.0,1.0,1.0,1.0,1,1,1,1.0,1.0,0.3333333333333333,0.3333333333333333,0,0
00c443f8d32d6baf7c7cea8f4ca9fa749532ccfd,1612.00866,tfidf,5,0.5,1.0,1.0,1.0,1.0,0.3333333333333333,1,1,1,1.0,1.0,0.3333333333333333,0.3333333333333333,0,0
00db191facf903cef18fb1727d1cab638c277e0a,1906.05506,tfidf,5,0.2640681225725909,0.5,0.5,1.0,1.0,0.25,1,1,0,0.5,1.0,0.3333333333333333,0.2857142857142857,0,1
00df1ff914956d4d23299d02fd44e4c985bb61fa,1903.10318,tfidf,5,1.0,1.0,1.0,1.0,1.0,1.0,1,1,1,1.0,1.0,0.3333333333333333,0.3333333333333333,0,0
00e4c9aa87411dfc5455fc92f10e5c9266e7b95e,1710.06923,tfidf,5,0.0,0.0,0.0,0.0,0.0,0.0,0,0,0,0.0,0.0,0.0,0.0,0,0
00f507053c47e55d7e72bebdbd8a75b3ca88cf85,1806.07042,tfidf,5,1.0,1.0,1.0,1.0,1.0,1.0,1,1,1,1.0,1.0,0.3333333333333333,0.3333333333333333,0,0
00ffe2c59a3ba18d6d2b353d6ab062a152c88526,1709.05453,tfidf,5,0.48381288316677695,0.5,1.0,1.0,1.0,0.3333333333333333,1,1,0,0.5,1.0,0.3333333333333333,0.2857142857142857,0,1
014a3aa07686ee18a86c977bf0701db082e8480b,1908.06493,tfidf,5,0.11751610475642714,0.0,0.25,0.0,1.0,0.1111111111111111,0,0,0,0.0,0.0,0.0,0.0,0,0
018b81f810a39b3f437a85573d24531efccd835f,1906.11085,tfidf,5,0.0,0.0,0.0,0.0,0.0,0.0,0,0,0,0.0,0.0,0.0,0.0,0,0
01c8c3836467a4399cc37e86244b5bdc5dda2401,1804.09692,tfidf,5,1.0,1.0,1.0,1.0,1.0,1.0,1,1,1,1.0,1.0,0.3333333333333333,0.3333333333333333,0,0
028d0d9b7a71133e51a14a32cd09dea1e2f39f05,1804.01155,tfidf,5,0.0,0.0,0.0,0.0,0.0,0.0,0,0,0,0.0,0.0,0.0,0.0,0,0
02a5acb484bda77ef32a13f5d93d336472cf8cd4,1612.04118,tfidf,5,0.0,0.0,0.0,0.0,0.0,0.0,0,0,0,0.0,0.0,0.0,0.0,0,0
036c400424357457e42b22df477b7c3cdc2eefe9,1711.11118,tfidf,5,0.43067655807339306,1.0,1.0,1.0,1.0,0.25,1,1,1,1.0,1.0,0.3333333333333333,0.3333333333333333,0,0
042800c3336ed5f4826203616a39747c61382ba6,1709.05453,tfidf,5,0.6131471927654584,0.5,0.5,1.0,1.0,1.0,1,1,0,0.5,1.0,0.3333333333333333,0.2857142857142857,0,1
04796aaa59eeb2176339c0651838670fd916074d,1906.11085,tfidf,5,0.43067655807339306,1.0,1.0,1.0,1.0,0.25,1,1,1,1.0,1.0,0.3333333333333333,0.3333333333333333,0,0
051034cc94f2c02d3041575c53f969b3311c9ea1,1804.07445,tfidf,5,0.5508095940041026,0.6666666666666666,1.0,1.0,1.0,0.25,1,1,0,0.6666666666666666,1.0,0.3333333333333333,0.5,0,1
058b6e3fdbb607fa7dbfc688628b3e13e130c35a,1912.00239,tfidf,5,0.0,0.0,0.0,0.0,0.0,0.0,0,0,0,0.0,0.0,0.0,0.0,0,0
065623cc1d5f5b19ec1f84d286522fc2f805c6ce,1706.04206,tfidf,5,0.0,0.0,0.0,0.0,0.0,0.0,0,0,0,0.0,0.0,0.0,0.0,0,0
07104dd36a0e7fdd2c211ad710de9a605495b697,1908.05908,tfidf,5,0.6739577727076379,0.4,0.6,1.0,1.0,1.0,1,1,0,0.4,1.0,0.5714285714285714,0.4,0,1
075d6ab5dd132666e85d0b6ad238118271dfc147,1909.00786,tfidf,5,0.5,1.0,1.0,1.0,1.0,0.3333333333333333,1,1,1,1.0,1.0,0.3333333333333333,0.3333333333333333,0,0
0778cbbd093f8b779f7cf26302b2a8e081ccfb40,1703.10152,tfidf,5,0.3010299956639812,0.0,1.0,0.0,1.0,0.1111111111111111,0,0,0,0.0,0.0,0.0,0.0,0,0
079e654c97508c521c07ab4d24cdaaede5602c61,1605.05156,tfidf,5,0.6309297535714575,1.0,1.0,1.0,1.0,0.5,1,1,1,1.0,1.0,0.3333333333333333,0.3333333333333333,0,0
07a214748a69b31400585aef7aba6af3e3d9cce2,1612.05202,tfidf,5,0.31546487678572877,0.0,1.0,0.0,1.0,0.125,0,0,0,0.0,0.0,0.0,0.0,0,0
07d98dfa88944abd12acd45e98fb7d3719986aeb,1909.07873,tfidf,5,0.5559026721867443,0.14285714285714285,0.5,1.0,1.0,0.3333333333333333,1,0,0,0.14285714285714285,0.15384615384615385,0.2222222222222222,0.21052631578947367,1,0
08561f6ba578ce8f8d284abf90f5b24eb1f804d3,1901.03253,tfidf,5,0.0,0.0,0.0,0.0,0.0,0.0,0,0,0,0.0,0.0,0.0,0.0,0,0
088d42ecb1e15515f6a97a0da2fed81b61d61a23,1909.00437,tfidf,5,0.8485833840018,0.75,1.0,1.0,1.0,1.0,1,1,0,0.75,1.0,0.75,0.6666666666666666,0,1
08b77c52676167af72581079adf1ca2b994ce251,2002.10210,tfidf,5,0.18495352221149364,0.1111111111111111,0.2222222222222222,1.0,1.0,0.25,1,0,0,0.1111111111111111,0.1111111111111111,0.14285714285714285,0.14285714285714285,1,0
08c0d4db14773cbed8a63e69381a2265e85f8765,1901.05389,tfidf,5,0.6309297535714575,1.0,1.0,1.0,1.0,0.5,1,1,1,1.0,1.0,0.3333333333333333,0.3333333333333333,0,0
0a5fd0e5f4ab12be57be20416a5ea7c3db5fb662,1912.10162,tfidf,5,0.8539316501572937,0.8,0.8,1.0,1.0,1.0,1,1,0,0.8,1.0,0.8,0.8,0,1
0a70af6ba334dfd3574991b1dd06f54fc6a700f2,1910.01160,tfidf,5,0.6131471927654584,0.5,0.5,1.0,1.0,1.0,1,1,0,0.5,1.0,0.3333333333333333,0.2857142857142857,0,1
0abc2499195185c94837e0340d00cd3b83ee795e,1909.13184,tfidf,5,0.39790583709582256,0.1111111111111111,0.5555555555555556,1.0,1.0,0.2,1,0,0,0.1111111111111111,0.125,0.15384615384615385,0.14285714285714285,1,0
0ac6fbd81e2dd95b800283dc7e59ce969d45fc02,1708.05521,tfidf,5,0.0,0.0,0.0,0.0,0.0,0.0,0,0,0,0.0,0.0,0.0,0.0,0,0
0aca0a208a1e28857fab44e397dc7880e010dbca,2003.12139,tfidf,5,0.6934264036172708,1.0,1.0,1.0,1.0,0.5,1,1,1,1.0,1.0,0.3333333333333333,0.5714285714285714,0,0
0b10cfa61595b21bf3ff13b4df0fe1c17bbbf4e9,1908.07721,tfidf,5,0.0,0.0,0.0,0.0,0.0,0.0,0,0,0,0.0,0.0,0.0,0.0,0,0
0b1cc6c0de286eb724b1fd18dbc93e67ab89a236,1908.11664,tfidf,5,0.29769321486741446,0.0,0.6666666666666666,0.0,1.0,0.14285714285714285,0,0,0,0.0,0.0,0.0,0.0,0,0
0b5a7ccf09810ff5a86162d502697d16b3536249,1911.03353,tfidf,5,0.3903800499921017,0.25,0.25,1.0,1.0,1.0,1,0,0,0.25,0.5,0.2857142857142857,0.2222222222222222,1,0
0b5bf00d2788c534c4c6c007b72290c48be21e16,1806.07042,tfidf,5,0.5,1.0,1.0,1.0,1.0,0.3333333333333333,1,1,1,1.0,1.0,0.3333333333333333,0.3333333333333333,0,0
0b5c599195973c563c4b1a0fe5d8fc77204d71a0,1811.01183,tfidf,5,0.0,0.0,0.0,0.0,0.0,0.0,0,0,0,0.0,0.0,0.0,0.0,0,0
0bc305d6b90f77f835bc4c904b22a4be07f963b2,1606.02601,tfidf,5,1.0,1.0,1.0,1.0,1.0,1.0,1,1,1,1.0,1.0,0.3333333333333333,0.3333333333333333,0,0
0bd3bea892c34a3820e98c4a42cdeda03753146b,1805.04558,tfidf,5,0.16958010263680806,0.2,0.2,1.0,1.0,0.3333333333333333,1,0,0,0.2,0.25,0.2222222222222222,0.2,1,0
0bde3ecfdd7c4a9af23f53da2cda6cd7a8398220,1804.07445,tfidf,5,0.45749452618986164,0.5,1.0,1.0,1.0,0.25,1,1,0,0.5,1.0,0.3333333333333333,0.2857142857142857,0,1
0c4e419fe57bf01d58a44f3e263777c22cdd90dc,1911.06815,tfidf,5,0.0,0.0,0.0,0.0,0.0,0.0,0,0,0,0.0,0.0,0.0,0.0,0,0
0d3193d17c0a4edc8fa9854f279c2a1b878e8b29,2002.00175,tfidf,5,0.0,0.0,0.0,0.0,0.0,0.0,0,0,0,0.0,0.0,0.0,0.0,0,0
0d9241e904bd2bbf5b9a6ed7b5fc929651d3e28e,1910.13793,tfidf,5,0.3562071871080222,0.0,1.0,0.0,1.0,0.16666666666666666,0,0,0,0.0,0.0,0.0,0.0,0,0
0dbb5309d2be97f6eda29d7ae220aa16cafbabb7,1610.00479,tfidf,5,0.17723928678404774,0.0,0.5,0.0,1.0,0.1,0,0,0,0.0,0.0,0.0,0.0,0,0
0dc9050c832a6091bc9db3f7fa7be72139f51177,1902.08830,tfidf,5,0.0,0.0,0.0,0.0,0.0,0.0,0,0,0,0.0,0.0,0.0,0.0,0,0
0dfe43985dea45d93ae2504cccca15ae1e207ccf,2002.00175,tfidf,5,0.3065735963827292,0.5,0.5,1.0,1.0,0.3333333333333333,1,1,0,0.5,1.0,0.3333333333333333,0.2857142857142857,0,1
0ef114d24a7a32821967e912dff23c016c4eab41,1901.09501,tfidf,5,0.4639590352498407,0.2857142857142857,0.42857142857142855,1.0,1.0,1.0,1,0,0,0.2857142857142857,0.5,0.3333333333333333,0.3333333333333333,1,0
0f1f81b6d4aa0da38b4cc8b060926e7df61bb646,1909.05190,tfidf,5,0.0,0.0,0.0,0.0,0.0,0.0,0,0,0,0.0,0.0,0.0,0.0,0,0
0f9c1586f1b4b531fa4fd113e767d06af90b1ae8,1603.07252,tfidf,5,0.4632423659320675,0.3333333333333333,0.6666666666666666,1.0,1.0,0.5,1,0,0,0.3333333333333333,0.5,0.2857142857142857,0.25,1,0
0fe49431db5ffaa24372919daf24d8f84117bfda,1603.07252,tfidf,5,0.0,0.0,0.0,0.0,0.0,0.0,0,0,0,0.0,0.0,0.0,0.0,0,0
0fee37ebe0a010cf8bd665fa566306d8e7d12631,1709.06365,tfidf,5,0.0,0.0,0.0,0.0,0.0,0.0,0,0,0,0.0,0.0,0.0,0.0,0,0
1002bd01372eba0f3078fb4a951505278ed45f2e,1906.01076,tfidf,5,0.2529427027676571,0.125,0.125,1.0,1.0,1.0,1,1,0,0.125,1.0,0.3333333333333333,0.15384615384615385,0,1
10edfb9428b8a4652274c13962917662fdf84f8a,1911.07620,tfidf,5,0.31546487678572877,0.0,1.0,0.0,1.0,0.125,0,0,0,0.0,0.0,0.0,0.0,0,0
1100e442e00c9914538a32aca7af994ce42e1b66,1911.03854,tfidf,5,0.11706259313796354,0.16666666666666666,0.16666666666666666,1.0,1.0,0.2,1,0,0,0.16666666666666666,0.16666666666666666,0.18181818181818182,0.18181818181818182,1,0
1128a600a813116cba9a2cf99d8568ae340f327a,1802.08969,tfidf,5,0.5296347172140421,0.6,0.6,1.0,1.0,0.5,1,0,0,0.6,0.6,0.6,0.6,1,0
11679d1feba747c64bbbc62939a20fbb69ada0f3,1902.06734,tfidf,5,0.0,0.0,0.0,0.0,0.0,0.0,0,0,0,0.0,0.0,0.0,0.0,0,0
119c404da6e42d4879eee10edeab4b2851162659,1910.10762,tfidf,5,0.37590633587120725,0.3333333333333333,0.6666666666666666,1.0,1.0,0.3333333333333333,1,0,0,0.3333333333333333,0.5,0.2857142857142857,0.25,1,0
11a3af3f056e0fb5559fe5cbff1640e022732735,1612.05202,tfidf,5,0.31546487678572877,0.0,1.0,0.0,1.0,0.125,0,0,0,0.0,0.0,0.0,0.0,0,0
11a8531699952f5a2286a4311f0fe80ed1befa1e,1905.07562,tfidf,5,0.6934264036172708,1.0,1.0,1.0,1.0,0.5,1,1,1,1.0,1.0,0.3333333333333333,0.5714285714285714,0,0
11c4071d9d7efeede84f47892b1fa0c6a93667eb,2004.02334,tfidf,5,0.5,1.0,1.0,1.0,1.0,0.3333333333333333,1,1,1,1.0,1.0,0.3333333333333333,0.3333333333333333,0,0
11ef46187a5bf15e89d63220fdeaecbeb92d818e,1610.06510,tfidf,5,0.0,0.0,0.0,0.0,0.0,0.0,0,0,0,0.0,0.0,0.0,0.0,0,0
11f9c207476af75a9272105e646df02594059c3f,1603.09381,tfidf,5,0.38685280723454163,1.0,1.0,1.0,1.0,0.2,1,1,1,1.0,1.0,0.3333333333333333,0.3333333333333333,0,0
12dc04e0ec1d3ba5ec543069fe457dfa4a1cac07,1910.13793,tfidf,5,0.3333333333333333,0.0,1.0,0.0,1.0,0.14285714285714285,0,0,0,0.0,0.0,0.0,0.0,0,0
130d73400698e2b3c6860b07f2e957e3ff022d48,1909.00871,tfidf,5,0.3333333333333333,0.0,1.0,0.0,1.0,0.14285714285714285,0,0,0,0.0,0.0,0.0,0.0,0,0
138ad61b43c85d5db166ea9bd3d3b19bb2e2bbfb,1909.13184,tfidf,5,0.8175295903539445,0.5,1.0,1.0,1.0,1.0,1,1,0,0.5,1.0,0.3333333333333333,0.2857142857142857,0,1
141f23e87c10c2d54d559881e641c983e3ec8ef3,1911.09241,tfidf,5,0.3562071871080222,0.0,1.0,0.0,1.0,0.16666666666666666,0,0,0,0.0,0.0,0.0,0.0,0,0
14fdc8087f2a62baea9d50c4aa3a3f8310b38d17,1909.12208,tfidf,5,0.7246262544989281,0.5,0.75,1.0,1.0,1.0,1,1,0,0.5,1.0,0.4444444444444444,0.4444444444444444,0,1
157284acedf13377cbc6d58c8f3648d3a62f5db5,1905.05644,tfidf,5,0.0,0.0,0.0,0.0,0.0,0.0,0,0,0,0.0,0.0,0.0,0.0,0,0
157de5175259d6f25db703efb299f948dae597b7,1708.07690,tfidf,5,0.40298313359773236,0.0,1.0,0.0,1.0,0.16666666666666666,0,0,0,0.0,0.0,0.0,0.0,0,0
15aeda407ae3912419fd89211cdb98989d9cde58,1908.08788,tfidf,5,0.47084972088011423,0.3333333333333333,1.0,1.0,1.0,0.2,1,0,0,0.3333333333333333,0.5,0.2857142857142857,0.25,1,0
16a10c1681dc5a399b6d34b4eed7bb1fef816dd0,1910.02001,tfidf,5,0.0,0.0,0.0,0.0,0.0,0.0,0,0,0,0.0,0.0,0.0,0.0,0,0
16cc37e4f8e2db99eaf89337a3d9ada431170d5b,1907.08540,tfidf,5,0.0,0.0,0.0,0.0,0.0,0.0,0,0,0,0.0,0.0,0.0,0.0,0,0
16edc21a6abc89ee2280dccf1c867c2ac4552524,1809.03695,tfidf,5,0.38364913903790027,0.6666666666666666,0.6666666666666666,1.0,1.0,0.25,1,0,0,0.6666666666666666,0.6666666666666666,0.5,0.5,1,0
1702985a3528e876bb19b8e223399729d778b4e4,2003.12450,tfidf,5,0.3562071871080222,0.0,1.0,0.0,1.0,0.16666666666666666,0,0,0,0.0,0.0,0.0,0.0,0,0
175cddfd0bcd77b7327b62f99e57d8ea93f8d8ba,1906.05685,tfidf,5,0.43067655807339306,1.0,1.0,1.0,1.0,0.25,1,1,1,1.0,1.0,0.3333333333333333,0.3333333333333333,0,0
17fd6deb9e10707f9d1b70165dedb045e1889aac,1908.11053,tfidf,5,0.3065735963827292,0.5,0.5,1.0,1.0,0.3333333333333333,1,1,0,0.5,1.0,0.3333333333333333,0.2857142857142857,0,1
180c7bea8caf05ca97d9962b90eb454be4176425,1910.01160,tfidf,5,1.0,1.0,1.0,1.0,1.0,1.0,1,1,1,1.0,1.0,0.3333333333333333,0.3333333333333333,0,0
182eb91090017a7c8ea38a88b219b641842664e4,1901.09501,tfidf,5,0.6131471927654584,0.5,0.5,1.0,1.0,1.0,1,1,0,0.5,1.0,0.3333333333333333,0.2857142857142857,0,1
183b385fb59ff1e3f658d4555a08b67c005a8734,1809.03391,tfidf,5,0.5640920940185894,0.5,1.0,1.0,1.0,0.5,1,1,0,0.5,1.0,0.3333333333333333,0.2857142857142857,0,1
19ebfba9aa5a9596b09a0cfb084ff8ebf24a3b91,1602.03483,tfidf,5,0.6509209298071326,1.0,1.0,1.0,1.0,0.5,1,1,1,1.0,1.0,0.3333333333333333,0.5714285714285714,0,0
1a2b69dfa81dfeadd67b133229476086f2cc74a8,1712.00733,tfidf,5,0.43067655807339306,1.0,1.0,1.0,1.0,0.25,1,1,1,1.0,1.0,0.3333333333333333,0.3333333333333333,0,0
1a419468d255d40ae82ed7777618072a48f0091b,1704.06851,tfidf,5,0.7844801364718913,0.3333333333333333,1.0,1.0,1.0,1.0,1,0,0,0.3333333333333333,0.5,0.2857142857142857,0.25,1,0
1a6156189297b2fe17f174ef55cbd20341bb7dbf,1611.06322,tfidf,5,0.5,1.0,1.0,1.0,1.0,0.3333333333333333,1,1,1,1.0,1.0,0.3333333333333333,0.3333333333333333,0,0
1acf06105f6c1930f869347ef88160f55cbf382b,1909.00871,tfidf,5,0.5437713091520254,1.0,1.0,1.0,1.0,0.3333333333333333,1,1,1,1.0,1.0,0.3333333333333333,0.5714285714285714,0,0
1c182b4805b336bd6e1a3f43dc84b07db3908d4a,1910.12203,tfidf,5,0.3903800499921017,0.25,0.25,1.0,1.0,1.0,1,0,0,0.25,0.25,0.2222222222222222,0.2222222222222222,1,0
1ce6c09cf886df41a3d3c52ce82f370c5a30334a,1905.01347,tfidf,5,1.0,1.0,1.0,1.0,1.0,1.0,1,1,1,1.0,1.0,0.3333333333333333,0.3333333333333333,0,0
1d047286ac63e5dca1ab811172b89d7d125679e5,1910.03943,tfidf,5,0.3562071871080222,0.0,1.0,0.0,1.0,0.16666666666666666,0,0,0,0.0,0.0,0.0,0.0,0,0
1d10e069b4304fabfbed69acf409f0a311bdc441,1806.09652,tfidf,5,1.0,1.0,1.0,1.0,1.0,1.0,1,1,1,1.0,1.0,0.3333333333333333,0.3333333333333333,0,0
1d263356692ed8cdee2a13f103a82d98f43d66eb,2003.11528,tfidf,5,0.4790262927928244,0.3333333333333333,1.0,1.0,1.0,0.25,1,0,0,0.3333333333333333,0.5,0.2857142857142857,0.25,1,0
1d6d21043b9fd0ed3ccccdc6317dcf5a1347ef03,1802.09059,tfidf,5,0.21840743681816419,0.0,0.5,0.0,1.0,0.16666666666666666,0,0,0,0.0,0.0,0.0,0.0,0,0
1d7b99646a1bc05beec633d7a3beb083ad1e8734,1803.02155,tfidf,5,0.0,0.0,0.0,0.0,0.0,0.0,0,0,0,0.0,0.0,0.0,0.0,0,0
1d9d7c96c5e826ac06741eb40e89fca6b4b022bd,1603.00957,tfidf,5,0.3152014104491349,0.0,0.6666666666666666,0.0,1.0,0.16666666666666666,0,0,0,0.0,0.0,0.0,0.0,0,0
1dc5bf9dca7de2ba21db10e9056d3906267ef5d5,1912.07940,tfidf,5,0.5249810332008933,0.5,1.0,1.0,1.0,0.3333333333333333,1,1,0,0.5,1.0,0.3333333333333333,0.2857142857142857,0,1
1dcfcfa46dbcffc2fc7be92dd57df9620258097b,1908.11046,tfidf,5,0.23719771276929622,0.5,0.5,1.0,1.0,0.2,1,0,0,0.5,0.5,0.2857142857142857,0.2857142857142857,1,0
1e11e74481ead4b7635922bbe0de041dc2dde28d,1610.03807,tfidf,5,0.6052602440527057,0.5,1.0,1.0,1.0,0.5,1,0,0,0.5,0.5,0.2857142857142857,0.2857142857142857,1,0
1e7e3f0f760cd628f698b73d82c0f946707855ca,1710.07695,tfidf,5,1.0,1.0,1.0,1.0,1.0,1.0,1,1,1,1.0,1.0,0.3333333333333333,0.3333333333333333,0,0
1ec0be667a6594eb2e07c50258b120e693e040a8,1805.11598,tfidf,5,0.13012668333070054,0.0,0.25,0.0,1.0,0.14285714285714285,0,0,0,0.0,0.0,0.0,0.0,0,0
1ecbbb60dc44a701e9c57c22167dd412711bb0be,1812.00382,tfidf,5,0.8772153153380493,1.0,1.0,1.0,1.0,1.0,1,1,1,1.0,1.0,0.5714285714285714,0.5714285714285714,0,0
1f011fa772ce802e74eda89f706cdb1aa2833686,1910.01340,tfidf,5,0.3557772116892465,0.1,0.3,1.0,1.0,1.0,1,0,0,0.1,0.1111111111111111,0.14285714285714285,0.13333333333333333,1,0
1f053f338df6d238cb163af1a0b1b073e749ed8a,1806.09652,tfidf,5,0.21840743681816419,0.0,0.5,0.0,1.0,0.16666666666666666,0,0,0,0.0,0.0,0.0,0.0,0,0
1f8044487af39244d723582b8a68f94750eed2cc,1910.01340,tfidf,5,0.13565197343244778,0.0,0.3333333333333333,0.0,1.0,0.1,0,0,0,0.0,0.0,0.0,0.0,0,0
1faccdc78bbd99320c160ac386012720a0552119,1908.11053,tfidf,5,0.5714285040141098,0.5,1.0,1.0,1.0,0.5,1,0,0,0.5,0.5,0.2857142857142857,0.2857142857142857,1,0
1fcd25e9a63a53451cac9ad2b8a1b529aff44a97,1910.01992,tfidf,5,1.0,1.0,1.0,1.0,1.0,1.0,1,1,1,1.0,1.0,0.3333333333333333,0.3333333333333333,0,0
1fd31fdfff93d65f36e93f6919f6976f5f172197,1709.05295,tfidf,5,0.6509209298071326,1.0,1.0,1.0,1.0,0.5,1,1,1,1.0,1.0,0.3333333333333333,0.5714285714285714,0,0
200c37060d037dee33f3b7c8b1a2aaa58376566e,1903.04329,tfidf,5,0.0,0.0,0.0,0.0,0.0,0.0,0,0,0,0.0,0.0,0.0,0.0,0,0
20632fc4d2b693b5aabfbbc99ee5c1e9fc485dea,1912.02866,tfidf,5,0.15448067472027407,0.0,0.2222222222222222,0.0,1.0,0.16666666666666666,0,0,0,0.0,0.0,0.0,0.0,0,0
21c89ee0281f093b209533453196306b9699b552,1706.00188,tfidf,5,0.48381288316677695,0.5,1.0,1.0,1.0,0.3333333333333333,1,1,0,0.5,1.0,0.3333333333333333,0.2857142857142857,0,1
21f6cb3819c85312364dd17dd4091df946591ef0,1704.08390,tfidf,5,0.3562071871080222,0.0,1.0,0.0,1.0,0.16666666666666666,0,0,0,0.0,0.0,0.0,0.0,0,0
22225ba18a6efe74b1315cc08405011d5431498e,1705.00571,tfidf,5,0.6542448095688422,0.5,0.75,1.0,1.0,1.0,1,0,0,0.5,0.6666666666666666,0.5,0.4444444444444444,1,0
22488c8628b6db5fd708b6471c31a8eac31f66df,1906.01749,tfidf,5,0.6934264036172708,1.0,1.0,1.0,1.0,0.5,1,1,1,1.0,1.0,0.3333333333333333,0.5714285714285714,0,0
2280ed1e2b3e99921e2bca21231af43b58ca04f0,1911.09247,tfidf,5,0.5,1.0,1.0,1.0,1.0,0.3333333333333333,1,1,1,1.0,1.0,0.3333333333333333,0.3333333333333333,0,0
22c125c461f565f5437dac74bf19c2ef317bad86,1703.04009,tfidf,5,0.3562071871080222,0.0,1.0,0.0,1.0,0.16666666666666666,0,0,0,0.0,0.0,0.0,0.0,0,0
2301424672cb79297cf7ad95f23b58515e4acce8,1911.05652,tfidf,5,0.6131471927654584,0.5,0.5,1.0,1.0,1.0,1,1,0,0.5,1.0,0.3333333333333333,0.2857142857142857,0,1
230f127e83ac62dd65fccf6b1a4960cf0f7316c7,2004.02401,tfidf,5,0.32097939710179135,0.2,0.4,1.0,1.0,0.5,1,0,0,0.2,0.2,0.2,0.2,1,0
230ff86b7b90b87c33c53014bb1e9c582dfc107f,1805.11937,tfidf,5,0.4525081529734507,0.3333333333333333,0.6666666666666666,1.0,1.0,0.5,1,1,0,0.3333333333333333,1.0,0.3333333333333333,0.25,0,1
23252644c04a043f630a855b563666dd57179d98,2002.00175,tfidf,5,0.43067655807339306,1.0,1.0,1.0,1.0,0.25,1,1,1,1.0,1.0,0.3333333333333333,0.3333333333333333,0,0
235c7c7ca719068136928b18e19f9661e0f72806,2004.01820,tfidf,5,0.09162544430476362,0.0,0.14285714285714285,0.0,1.0,0.14285714285714285,0,0,0,0.0,0.0,0.0,0.0,0,0
23cbf6ab365c1eb760b565d8ba51fb3f06257d62,1910.02677,tfidf,5,0.08514311764162098,0.07142857142857142,0.07142857142857142,1.0,1.0,0.2,1,0,0,0.07142857142857142,0.07692307692307693,0.1111111111111111,0.10526315789473684,1,0
23fe8431058f2a7b7588745766fc715f271aad07,2004.02334,tfidf,5,0.43067655807339306,1.0,1.0,1.0,1.0,0.25,1,1,1,1.0,1.0,0.3333333333333333,0.3333333333333333,0,0
243cf21c4e34c4b91fcc4905aa4dc15a72087f0c,1903.02930,tfidf,5,0.6309297535714575,1.0,1.0,1.0,1.0,0.5,1,1,1,1.0,1.0,0.3333333333333333,0.3333333333333333,0,0
246e924017c48fa1f069361c44133fdf4f0386e1,1909.01720,tfidf,5,0.0,0.0,0.0,0.0,0.0,0.0,0,0,0,0.0,0.0,0.0,0.0,0,0
252599e53f52b3375b26d4e8e8b66322a42d2563,1709.06365,tfidf,5,0.2960819109658652,0.3333333333333333,0.3333333333333333,1.0,1.0,0.5,1,1,0,0.3333333333333333,1.0,0.3333333333333333,0.25,0,1
25a8d432bf94af1662837877bc6c284e2fc3fbe2,1908.10001,tfidf,5,1.0,1.0,1.0,1.0,1.0,1.0,1,1,1,1.0,1.0,0.3333333333333333,0.3333333333333333,0,0
25e6ba07285155266c3154d3e2ca1ae05c2f7f2d,2004.03090,tfidf,5,0.16716045496620227,0.0,0.3333333333333333,0.0,1.0,0.16666666666666666,0,0,0,0.0,0.0,0.0,0.0,0,0
26844cec57df6ff0f02245ea862af316b89edffe,1808.10290,tfidf,5,0.6934264036172708,1.0,1.0,1.0,1.0,0.5,1,1,1,1.0,1.0,0.3333333333333333,0.5714285714285714,0,0
2686e8d51caff9a19684e0c9984bcb5a1937d08d,1606.02892,tfidf,5,1.0,1.0,1.0,1.0,1.0,1.0,1,1,1,1.0,1.0,0.3333333333333333,0.3333333333333333,0,0
26e32f24fe0c31ef25de78935daa479534b9dd58,1911.01940,tfidf,5,0.6182885020492784,1.0,1.0,1.0,1.0,0.3333333333333333,1,1,1,1.0,1.0,0.5714285714285714,0.75,0,0
26eceba0e6e4c0b6dfa94e5708dd74b63f701731,1712.02555,tfidf,5,1.0,1.0,1.0,1.0,1.0,1.0,1,1,1,1.0,1.0,0.3333333333333333,0.3333333333333333,0,0
2711ae6dd532d136295c95253dbf202e37ecd3e7,1909.06708,tfidf,5,1.0,1.0,1.0,1.0,1.0,1.0,1,1,1,1.0,1.0,0.5714285714285714,0.75,0,0
2749fb1725a2c4bdba5848e2fc424a43e7c4be51,2004.04498,tfidf,5,0.6105456988825855,0.3333333333333333,0.6666666666666666,1.0,1.0,1.0,1,1,0,0.3333333333333333,1.0,0.3333333333333333,0.25,0,1
27d7a30e42921e77cfffafac5cb0d16ce5a7df99,1707.02892,tfidf,5,0.3010299956639812,0.0,1.0,0.0,1.0,0.1111111111111111,0,0,0,0.0,0.0,0.0,0.0,0,0
2834a340116026d5995e537d474a47d6a74c3745,1705.01306,tfidf,5,0.5,1.0,1.0,1.0,1.0,0.3333333333333333,1,1,1,1.0,1.0,0.3333333333333333,0.3333333333333333,0,0
283d358606341c399e369f2ba7952cd955326f73,1611.02378,tfidf,5,0.0,0.0,0.0,0.0,0.0,0.0,0,0,0,0.0,0.0,0.0,0.0,0,0
28847b20ca63dc56f2545e6f6ec3082d9dbe1b3f,2003.12660,tfidf,5,0.41443699955334395,0.5,1.0,1.0,1.0,0.2,1,0,0,0.5,0.5,0.2857142857142857,0.2857142857142857,1,0
2895a3fc63f6f403445c11043460584e949fb16c,1710.07695,tfidf,5,0.44130740935663865,0.5,1.0,1.0,1.0,0.25,1,1,0,0.5,1.0,0.3333333333333333,0.2857142857142857,0,1
28a8a1542b45f67674a2f1d54fff7a1e45bfad66,2002.04326,tfidf,5,0.8772153153380493,1.0,1.0,1.0,1.0,1.0,1,1,1,1.0,1.0,0.3333333333333333,0.5714285714285714,0,0
2929e92f9b4939297b4d0f799d464d46e8d52063,1908.11046,tfidf,5,0.7903864795495061,0.5,1.0,1.0,1.0,1.0,1,1,0,0.5,1.0,0.3333333333333333,0.2857142857142857,0,1
2974237446d04da33b78ce6d22a477cdf80877b7,1611.06322,tfidf,5,0.0,0.0,0.0,0.0,0.0,0.0,0,0,0,0.0,0.0,0.0,0.0,0,0
29794bda61665a1fbe736111e107fd181eacba1b,1911.01214,tfidf,5,0.0,0.0,0.0,0.0,0.0,0.0,0,0,0,0.0,0.0,0.0,0.0,0,0
2a120f358f50c377b5b63fb32633223fa4ee2149,1803.05160,tfidf,5,0.2640681225725909,0.5,0.5,1.0,1.0,0.25,1,1,0,0.5,1.0,0.3333333333333333,0.2857142857142857,0,1
2a9c7243744b42f1e9fed9ff2ab17c6f156b1ba4,1804.05306,tfidf,5,1.0,1.0,1.0,1.0,1.0,1.0,1,1,1,1.0,1.0,0.3333333333333333,0.3333333333333333,0,0
2abcff4fdedf9b17f76875cc338ba4ab8d1eccd3,2003.11687,tfidf,5,0.0,0.0,0.0,0.0,0.0,0.0,0,0,0,0.0,0.0,0.0,0.0,0,0
2abf916bc03222d3b2a3d66851d87921ff35c0d2,1803.06745,tfidf,5,0.23719771276929622,0.5,0.5,1.0,1.0,0.2,1,0,0,0.5,0.5,0.2857142857142857,0.2857142857142857,1,0
2ae66798333b905172e2c0954e9808662ab7f221,1903.00384,tfidf,5,0.20210734650054757,0.3333333333333333,0.3333333333333333,1.0,1.0,0.25,1,1,0,0.3333333333333333,1.0,0.3333333333333333,0.25,0,1
2aeabec8a734a6e8ca9e7a308dd8c9a1011b3d6e,1801.05617,tfidf,5,0.0,0.0,0.0,0.0,0.0,0.0,0,0,0,0.0,0.0,0.0,0.0,0,0
2b32cf05c5e736f764ceecc08477e20ab9f2f5d7,1908.06493,tfidf,5,0.0,0.0,0.0,0.0,0.0,0.0,0,0,0,0.0,0.0,0.0,0.0,0,0
2ba2ff6c21a16bd295b07af1ef635b3b4c5bd17e,1912.04979,tfidf,5,0.21840743681816419,0.0,0.5,0.0,1.0,0.16666666666666666,0,0,0,0.0,0.0,0.0,0.0,0,0
2bd702174e915d97884d1571539fb1b5b0b7123a,1802.02614,tfidf,5,0.0,0.0,0.0,0.0,0.0,0.0,0,0,0,0.0,0.0,0.0,0.0,0,0
2c60628d54f2492e0cbf0fb8bacd8e54117f0c18,1902.10246,tfidf,5,0.9197207891481876,1.0,1.0,1.0,1.0,1.0,1,1,1,1.0,1.0,0.5714285714285714,0.5714285714285714,0,0
2ca3ca39d59f448e30be6798514709be7e3c62d8,1603.01547,tfidf,5,0.0,0.0,0.0,0.0,0.0,0.0,0,0,0,0.0,0.0,0.0,0.0,0,0
2cb20bae085b67e357ab1e18ebafeac4bbde5b4a,1901.05389,tfidf,5,0.31546487678572877,0.0,1.0,0.0,1.0,0.125,0,0,0,0.0,0.0,0.0,0.0,0,0
2d5d0b0c54105717bf48559b914fefd0c94964a6,2003.12660,tfidf,5,0.6131471927654584,0.5,0.5,1.0,1.0,1.0,1,1,0,0.5,1.0,0.3333333333333333,0.2857142857142857,0,1
2d91554c3f320a4bcfeb00aa466309074a206712,1903.01411,tfidf,5,0.0,0.0,0.0,0.0,0.0,0.0,0,0,0,0.0,0.0,0.0,0.0,0,0
2dba0b83fc22995f83e7ac66cc8f68bcdcc70ee9,1909.04251,tfidf,5,1.0,1.0,1.0,1.0,1.0,1.0,1,1,1,1.0,1.0,0.3333333333333333,0.3333333333333333,0,0
2ddfb40a9e73f382a2eb641c8e22bbb80cef017b,1906.01502,tfidf,5,0.49818925746641285,0.6666666666666666,0.6666666666666666,1.0,1.0,0.5,1,1,0,0.6666666666666666,1.0,0.5714285714285714,0.5,0,1
2e37eb2a2a9ad80391e57acb53616eab048ab640,2003.13028,tfidf,5,0.13565197343244778,0.0,0.3333333333333333,0.0,1.0,0.1,0,0,0,0.0,0.0,0.0,0.0,0,0
2e4688205c8e344cded7a053b6014cce04ef1bd5,1611.04234,tfidf,5,1.0,1.0,1.0,1.0,1.0,1.0,1,1,1,1.0,1.0,0.3333333333333333,0.3333333333333333,0,0
2ecd12069388fd58ad5f8f4ae7ac1bb4f56497b9,1905.08067,tfidf,5,0.3562071871080222,0.0,1.0,0.0,1.0,0.16666666666666666,0,0,0,0.0,0.0,0.0,0.0,0,0
2ee4ecf98ef7d02c9e4d103968098fe35f067bbb,1908.07491,tfidf,5,0.20210734650054757,0.3333333333333333,0.3333333333333333,1.0,1.0,0.25,1,0,0,0.3333333333333333,0.3333333333333333,0.25,0.25,1,0
2f23bd86a9e27dcd88007c9058ddfce78a1a377b,1707.07568,tfidf,5,1.0,1.0,1.0,1.0,1.0,1.0,1,1,1,1.0,1.0,0.3333333333333333,0.3333333333333333,0,0
2f75b0498cf6a1fc35f1fb1cac44fc2fbd3d7878,2002.00175,tfidf,5,0.4367467095119258,0.6666666666666666,0.6666666666666666,1.0,1.0,0.3333333333333333,1,1,0,0.6666666666666666,1.0,0.5714285714285714,0.5,0,1
301a453abaa3bc15976817fefce7a41f3b779907,1805.04558,tfidf,5,0.9197207891481876,1.0,1.0,1.0,1.0,1.0,1,1,1,1.0,1.0,0.5714285714285714,0.5714285714285714,0,0
30870a962cf88ac8c8e6b7b795936fd62214f507,1709.06136,tfidf,5,0.21840743681816419,0.0,0.5,0.0,1.0,0.16666666666666666,0,0,0,0.0,0.0,0.0,0.0,0,0
311f9971d61b91c7d76bba1ad6f038390977a8be,1910.02677,tfidf,5,0.0,0.0,0.0,0.0,0.0,0.0,0,0,0,0.0,0.0,0.0,0.0,0,0
31894361833b3e329a1fb9ebf85a78841cff229f,1905.08067,tfidf,5,0.38685280723454163,1.0,1.0,1.0,1.0,0.2,1,1,1,1.0,1.0,0.3333333333333333,0.3333333333333333,0,0
31a3ec8d550054465e55a26b0136f4d50d72d354,1608.01972,tfidf,5,0.38685280723454163,0.5,0.5,1.0,1.0,0.5,1,1,0,0.5,1.0,0.3333333333333333,0.2857142857142857,0,1
31e6062ba45d8956791e1b86bad7efcb6d1b191a,1703.10152,tfidf,5,0.21109268758922906,0.0,0.4,0.0,1.0,0.14285714285714285,0,0,0,0.0,0.0,0.0,0.0,0,0
32f2aa2df0152050cbcd27dd2f408b2fa5894031,1711.01567,tfidf,5,0.21840743681816419,0.0,0.5,0.0,1.0,0.16666666666666666,0,0,0,0.0,0.0,0.0,0.0,0,0
3319d56556ae1597a86384057db0831e32774b90,1611.06322,tfidf,5,0.38685280723454163,0.5,0.5,1.0,1.0,0.5,1,1,0,0.5,1.0,0.3333333333333333,0.2857142857142857,0,1
334aa5540c207768931a0fe78aa4981a895ba37c,1909.11980,tfidf,5,0.7039180890341347,0.6666666666666666,0.6666666666666666,1.0,1.0,1.0,1,0,0,0.6666666666666666,0.6666666666666666,0.5,0.5,1,0
338a3758dccfa438a52d173fbe23a165ef74a0f0,1909.12016,tfidf,5,0.7920874914199381,0.6666666666666666,1.0,1.0,1.0,1.0,1,0,0,0.6666666666666666,0.6666666666666666,0.5,0.5,1,0
3435e365adf7866e45670c865dc33bb7d2a6a0c6,1911.03642,tfidf,5,0.0,0.0,0.0,0.0,0.0,0.0,0,0,0,0.0,0.0,0.0,0.0,0,0
344238de7208902f7b3a46819cc6d83cc37448a0,1908.06024,tfidf,5,0.10209739512291163,0.0,0.2,0.0,1.0,0.1111111111111111,0,0,0,0.0,0.0,0.0,0.0,0,0
3450723bf66956486de777f141bde5073e4a7694,1906.01076,tfidf,5,1.0,1.0,1.0,1.0,1.0,1.0,1,1,1,1.0,1.0,0.3333333333333333,0.3333333333333333,0,0
34b434825f0ca3225dc8914f9da865d2b4674f08,1912.08084,tfidf,5,0.23330247263525344,0.2,0.4,1.0,1.0,0.2,1,0,0,0.2,0.25,0.2222222222222222,0.2,1,0
34e9e54fa79e89ecacac35f97b33ef3ca3a00f85,1909.02855,tfidf,5,0.38685280723454163,1.0,1.0,1.0,1.0,0.2,1,1,1,1.0,1.0,0.3333333333333333,0.3333333333333333,0,0
351f7b254e80348221e0654478663a5e53d3fe65,1810.12897,tfidf,5,0.0,0.0,0.0,0.0,0.0,0.0,0,0,0,0.0,0.0,0.0,0.0,0,0
3588988f2230f3329d7523fbb881b20bf177280d,1811.00051,tfidf,5,0.5,1.0,1.0,1.0,1.0,0.3333333333333333,1,1,1,1.0,1.0,0.3333333333333333,0.3333333333333333,0,0
35e0e6f89b010f34cfb69309b85db524a419c862,1911.10401,tfidf,5,1.0,1.0,1.0,1.0,1.0,1.0,1,1,1,1.0,1.0,0.3333333333333333,0.3333333333333333,0,0
35f48b8f73728fbdeb271b170804190b5448485a,1809.03695,tfidf,5,0.5508095940041026,0.6666666666666666,1.0,1.0,1.0,0.25,1,1,0,0.6666666666666666,1.0,0.3333333333333333,0.5,0,1
361f330d3232681f1a13c6d59abb6c18246e7b35,1909.00369,tfidf,5,0.46845052016107697,0.5,1.0,1.0,1.0,0.25,1,0,0,0.5,0.5,0.2857142857142857,0.2857142857142857,1,0
363a24ecb8ab45215134935e7e8165fff72ff90f,2004.01970,tfidf,5,0.0,0.0,0.0,0.0,0.0,0.0,0,0,0,0.0,0.0,0.0,0.0,0,0
3699927c6c1146f5057576034d226a99946d52cb,1902.08830,tfidf,5,0.3065735963827292,0.5,0.5,1.0,1.0,0.3333333333333333,1,1,0,0.5,1.0,0.3333333333333333,0.2857142857142857,0,1
369d7bc5351409910c7a5e05c0cbb5abab8e50ec,2004.03090,tfidf,5,0.0,0.0,0.0,0.0,0.0,0.0,0,0,0,0.0,0.0,0.0,0.0,0,0
36cb7ebdd39e0b8a89ff946d3a3aef8a76a6bb43,1908.09919,tfidf,5,0.9267582364714126,0.75,1.0,1.0,1.0,1.0,1,1,0,0.75,1.0,0.3333333333333333,0.6666666666666666,0,1
371433bd3fb5042bacec4dfad3cfff66147c14f0,1909.04387,tfidf,5,0.5014839712467825,0.16666666666666666,0.5,1.0,1.0,1.0,1,0,0,0.16666666666666666,0.16666666666666666,0.18181818181818182,0.18181818181818182,1,0
376e8ed6e039e07c892c77b7525778178d56acb7,1908.07491,tfidf,5,1.0,1.0,1.0,1.0,1.0,1.0,1,1,1,1.0,1.0,0.3333333333333333,0.3333333333333333,0,0
37ac705166fa87dc74fe86575bf04bea56cc4930,2004.02363,tfidf,5,0.5,1.0,1.0,1.0,1.0,0.3333333333333333,1,1,1,1.0,1.0,0.3333333333333333,0.3333333333333333,0,0
37b972a3afae04193411dc569f672d802c16ad71,1911.06815,tfidf,5,0.0,0.0,0.0,0.0,0.0,0.0,0,0,0,0.0,0.0,0.0,0.0,0,0
37e6ce5cfc9d311e760dad8967d5085446125408,2002.08902,tfidf,5,0.0,0.0,0.0,0.0,0.0,0.0,0,0,0,0.0,0.0,0.0,0.0,0,0
38055717edf833566d912f14137b92a1d9c4f65a,1909.10481,tfidf,5,0.3706656904013186,0.0,1.0,0.0,1.0,0.125,0,0,0,0.0,0.0,0.0,0.0,0,0
380e71848d4b0d1e983d504b1249119612f00bcb,1706.00188,tfidf,5,0.2640681225725909,0.5,0.5,1.0,1.0,0.25,1,1,0,0.5,1.0,0.3333333333333333,0.2857142857142857,0,1
38289bd9592db4d3670b65a0fef1fe8a309fee61,1603.08868,tfidf,5,0.0,0.0,0.0,0.0,0.0,0.0,0,0,0,0.0,0.0,0.0,0.0,0,0
38363a7ed250bc729508c4c1dc975696a65c53cb,1911.04873,tfidf,5,0.0,0.0,0.0,0.0,0.0,0.0,0,0,0,0.0,0.0,0.0,0.0,0,0
389cc454ac97609e9d0f2b2fe70bf43218dd8ba7,1911.03324,tfidf,5,1.0,1.0,1.0,1.0,1.0,1.0,1,1,1,1.0,1.0,0.3333333333333333,0.3333333333333333,0,0
389ff1927ba9fc8bac50959fc09f30c2143cc14e,1804.09692,tfidf,5,0.8175295903539445,0.5,1.0,1.0,1.0,1.0,1,0,0,0.5,0.5,0.2857142857142857,0.2857142857142857,1,0
38af3f25c36c3725a31304ab96e2c200c55792b4,1806.03369,tfidf,5,0.0,0.0,0.0,0.0,0.0,0.0,0,0,0,0.0,0.0,0.0,0.0,0,0
397a1e851aab41c455c2b284f5e4947500d797f0,1911.10742,tfidf,5,0.0,0.0,0.0,0.0,0.0,0.0,0,0,0,0.0,0.0,0.0,0.0,0,0
3a06d40a4bf5ba6e26d9138434e9139a014deb40,1908.09283,tfidf,5,0.3010299956639812,0.0,1.0,0.0,1.0,0.1111111111111111,0,0,0,0.0,0.0,0.0,0.0,0,0
3a19dc6999aeb936d8a1c4509ebd5bfcda50f0f1,1909.12016,tfidf,5,0.0,0.0,0.0,0.0,0.0,0.0,0,0,0,0.0,0.0,0.0,0.0,0,0
3a25f82512d56d9e1ffba72f977f515ae3ba3cca,2003.09244,tfidf,5,0.15130120674940672,0.16666666666666666,0.16666666666666666,1.0,1.0,0.3333333333333333,1,1,0,0.16666666666666666,1.0,0.3333333333333333,0.18181818181818182,0,1
3a33512d253005ac280ee9ca4f9dfa69aa38d48f,1910.07973,tfidf,5,0.5,1.0,1.0,1.0,1.0,0.3333333333333333,1,1,1,1.0,1.0,0.3333333333333333,0.3333333333333333,0,0
3c414f7fbf577dfd3363be6bbc9eba8bdd01f45f,1610.03955,tfidf,5,0.6131471927654584,0.5,0.5,1.0,1.0,1.0,1,0,0,0.5,0.5,0.2857142857142857,0.2857142857142857,1,0
3cc0d773085dc175b85955e95911a2cfaab2cdc4,1707.06519,tfidf,5,0.2640681225725909,0.5,0.5,1.0,1.0,0.25,1,1,0,0.5,1.0,0.3333333333333333,0.2857142857142857,0,1
3cc9a820c4a2cd2ff61da920c41ed09f3c0135be,1911.00461,tfidf,5,0.32531670832675136,0.25,0.5,1.0,1.0,0.3333333333333333,1,0,0,0.25,0.5,0.2857142857142857,0.2222222222222222,1,0
3ccc4ccebc3b0de5546b1208e8094a839fd4a4ab,1808.09180,tfidf,5,0.8315546295836225,0.5,1.0,1.0,1.0,1.0,1,1,0,0.5,1.0,0.3333333333333333,0.2857142857142857,0,1
3cfe464052f0a248b6e22c9351279403dfe34f3c,1910.10762,tfidf,5,0.6131471927654584,0.5,0.5,1.0,1.0,1.0,1,1,0,0.5,1.0,0.3333333333333333,0.2857142857142857,0,1
3d5b4aa1ce99903b1fcd257c1e394f7990431d13,1810.13414,tfidf,5,0.3333333333333333,0.0,1.0,0.0,1.0,0.14285714285714285,0,0,0,0.0,0.0,0.0,0.0,0,0
3d662fb442d5fc332194770aac835f401c2148d9,1911.09247,tfidf,5,0.6436579276931672,0.25,0.75,1.0,1.0,1.0,1,0,0,0.25,0.25,0.2222222222222222,0.2222222222222222,1,0
3d73cb92d866448ec72a571331967da5d34dfbb1,1910.09916,tfidf,5,0.6309297535714575,1.0,1.0,1.0,1.0,0.5,1,1,1,1.0,1.0,0.3333333333333333,0.3333333333333333,0,0
3de3a083b8ba3086792d38ae9667e095070f7f37,1905.00472,tfidf,5,0.0,0.0,0.0,0.0,0.0,0.0,0,0,0,0.0,0.0,0.0,0.0,0,0
3df6d18d7b25d1c814e9dcc8ba78b3cdfe15edcd,1605.05195,tfidf,5,1.0,1.0,1.0,1.0,1.0,1.0,1,1,1,1.0,1.0,0.3333333333333333,0.3333333333333333,0,0
3e0fd1a3944e207edbbe7c7108239dbaf3bccd4f,2004.02105,tfidf,5,1.0,1.0,1.0,1.0,1.0,1.0,1,1,1,1.0,1.0,0.3333333333333333,0.3333333333333333,0,0
3e23cc3c5e4d5cec51d158130d6aeae120e94fc8,1610.07149,tfidf,5,0.0,0.0,0.0,0.0,0.0,0.0,0,0,0,0.0,0.0,0.0,0.0,0,0
3e5162e6399c7d03ecc7007efd21d06c04cf2843,1911.11025,tfidf,5,1.0,1.0,1.0,1.0,1.0,1.0,1,1,1,1.0,1.0,0.3333333333333333,0.3333333333333333,0,0
3e88fcc94d0f451e87b65658751834f6103b2030,1908.05908,tfidf,5,0.41183384043543503,0.0,1.0,0.0,1.0,0.16666666666666666,0,0,0,0.0,0.0,0.0,0.0,0,0
3ea82a5ca495ffbd1e30e8655aef1be4ba423efe,1911.12559,tfidf,5,0.7864724919925569,0.6666666666666666,1.0,1.0,1.0,1.0,1,1,0,0.6666666666666666,1.0,0.5714285714285714,0.5,0,1
3eb107f35f4f5f5f527a93ffb487aa2e3fe51efd,1805.07882,tfidf,5,0.13032376591037062,0.16666666666666666,0.16666666666666666,1.0,1.0,0.25,1,0,0,0.16666666666666666,0.16666666666666666,0.18181818181818182,0.18181818181818182,1,0
3ed8ac1ba4df6609fa7de5077d83e820641edc5e,1707.09816,tfidf,5,0.2640681225725909,0.5,0.5,1.0,1.0,0.25,1,1,0,0.5,1.0,0.3333333333333333,0.2857142857142857,0,1
3f717e6eceab0a066af65ddf782c1ebc502c28c0,1909.12079,tfidf,5,0.3010299956639812,0.0,1.0,0.0,1.0,0.1111111111111111,0,0,0,0.0,0.0,0.0,0.0,0,0
3f8a42eb0e904ce84c3fded2103f674e9cbc893d,1911.00202,tfidf,5,0.18154179253735267,0.3333333333333333,0.3333333333333333,1.0,1.0,0.2,1,1,0,0.3333333333333333,1.0,0.3333333333333333,0.25,0,1
3fd8eab282569b1c18b82f20d579b335ae70e79f,1906.01502,tfidf,5,0.41443699955334395,0.5,1.0,1.0,1.0,0.2,1,0,0,0.5,0.5,0.2857142857142857,0.2857142857142857,1,0
4137a82d7752be7a6c142ceb48ce784fd475fb06,1708.05521,tfidf,5,1.0,1.0,1.0,1.0,1.0,1.0,1,1,1,1.0,1.0,0.3333333333333333,0.3333333333333333,0,0
420862798054f736128a6f0c4393c7f9cc648b40,1603.09405,tfidf,5,0.43067655807339306,1.0,1.0,1.0,1.0,0.25,1,1,1,1.0,1.0,0.3333333333333333,0.3333333333333333,0,0
42269ed04e986ec5dc4164bf57ef306aec4a1ae1,1608.01972,tfidf,5,0.0,0.0,0.0,0.0,0.0,0.0,0,0,0,0.0,0.0,0.0,0.0,0,0
42279c3a202a93cfb4aef49212ccaf401a3f8761,1803.05160,tfidf,5,0.53501781839665,0.2857142857142857,0.42857142857142855,1.0,1.0,1.0,1,0,0,0.2857142857142857,0.2,0.2,0.3333333333333333,1,0
425d17465ff91019eb87c28ff3942f781ba1bbcb,1901.03253,tfidf,5,0.38685280723454163,0.5,0.5,1.0,1.0,0.5,1,1,0,0.5,1.0,0.3333333333333333,0.2857142857142857,0,1
4288621e960ffbfce59ef1c740d30baac1588b9b,1611.04887,tfidf,5,0.42333070005078094,0.06666666666666667,0.26666666666666666,1.0,1.0,1.0,1,0,0,0.06666666666666667,0.06666666666666667,0.1,0.1,1,0
42a4ab4607a9eec42c427a817b7e898230d26444,1909.09070,tfidf,5,0.5296347172140421,0.6,0.6,1.0,1.0,0.5,1,1,0,0.6,1.0,0.3333333333333333,0.6,0,1
42dcf1bb19b8470993c05e55413eed487b0f2559,1905.08067,tfidf,5,0.6309297535714575,1.0,1.0,1.0,1.0,0.5,1,1,1,1.0,1.0,0.3333333333333333,0.3333333333333333,0,0
42eb7c5311fc1ac0344f0b38d3184ccd4faad3be,2004.01820,tfidf,5,0.0,0.0,0.0,0.0,0.0,0.0,0,0,0,0.0,0.0,0.0,0.0,0,0
430ad71a0fd715a038f3c0fe8d7510e9730fba23,1805.09960,tfidf,5,0.7653606369886217,0.6666666666666666,0.6666666666666666,1.0,1.0,1.0,1,1,0,0.6666666666666666,1.0,0.5,0.5,0,1
43729be0effb5defc62bae930ceacf7219934f1e,2003.07568,tfidf,5,0.5173087569496825,0.3333333333333333,1.0,1.0,1.0,0.25,1,1,0,0.3333333333333333,1.0,0.3333333333333333,0.25,0,1
43f43b135109ebd1d2d1f9af979c64ce550b5f0f,1804.05253,tfidf,5,0.0,0.0,0.0,0.0,0.0,0.0,0,0,0,0.0,0.0,0.0,0.0,0,0
441a2b80e82266c2cc2b306c0069f2b564813fed,1906.04236,tfidf,5,0.0,0.0,0.0,0.0,0.0,0.0,0,0,0,0.0,0.0,0.0,0.0,0,0
4485e32052741972877375667901f61e602ec4de,1805.11850,tfidf,5,0.38685280723454163,1.0,1.0,1.0,1.0,0.2,1,1,1,1.0,1.0,0.3333333333333333,0.3333333333333333,0,0
452e2d7d7d9e1bb4914903479cd7caff9f6fae42,1706.00188,tfidf,5,0.6309297535714575,1.0,1.0,1.0,1.0,0.5,1,1,1,1.0,1.0,0.3333333333333333,0.3333333333333333,0,0
458e5ed506883bfec6623102ec9f43c071f0616f,1801.05617,tfidf,5,0.0,0.0,0.0,0.0,0.0,0.0,0,0,0,0.0,0.0,0.0,0.0,0,0
45aab23790161cbc55f78e16fdf5678a3f5b4b92,1610.06510,tfidf,5,0.0,0.0,0.0,0.0,0.0,0.0,0,0,0,0.0,0.0,0.0,0.0,0,0
45e6532ac06a59cb6a90624513242b06d7391501,1912.11637,tfidf,5,0.5726073975563163,0.6666666666666666,1.0,1.0,1.0,0.3333333333333333,1,1,0,0.6666666666666666,1.0,0.5714285714285714,0.5,0,1
4683812cba21c92319be68c03260b5a8175bbb6e,1602.07563,tfidf,5,0.2640681225725909,0.5,0.5,1.0,1.0,0.25,1,1,0,0.5,1.0,0.3333333333333333,0.2857142857142857,0,1
468eb961215a554ace8088fa9097a7ad239f2d71,2004.04478,tfidf,5,0.2890648263178879,0.0,1.0,0.0,1.0,0.1,0,0,0,0.0,0.0,0.0,0.0,0,0
46aa61557c8d20b1223a30366a0704d7af68bbbe,1910.07924,tfidf,5,0.20483424751859086,0.2,0.2,1.0,1.0,0.3333333333333333,1,0,0,0.2,0.2,0.26666666666666666,0.26666666666666666,1,0
46d051b8924ad0ef8cfba9c7b5b84707ee72f26a,1907.04072,tfidf,5,0.0,0.0,0.0,0.0,0.0,0.0,0,0,0,0.0,0.0,0.0,0.0,0,0
46e660becd727c994a2a35c6587e15ea8bf8272d,1809.08935,tfidf,5,0.5,1.0,1.0,1.0,1.0,0.3333333333333333,1,1,1,1.0,1.0,0.3333333333333333,0.3333333333333333,0,0
471683ba6251b631f38a24d42b6dba6f52dee429,2003.12139,tfidf,5,0.2890648263178879,0.0,1.0,0.0,1.0,0.1,0,0,0,0.0,0.0,0.0,0.0,0,0
4748a50c96acb1aa03f7efd1b43376c193b2450a,1709.04491,tfidf,5,0.6934264036172708,1.0,1.0,1.0,1.0,0.5,1,1,1,1.0,1.0,0.5714285714285714,0.5714285714285714,0,0
475e698a801be0ad9e4f74756d1fff4fe0728009,1805.11598,tfidf,5,0.15101961822780524,0.25,0.25,1.0,1.0,0.2,1,1,0,0.25,1.0,0.3333333333333333,0.2222222222222222,0,1
475ef4ad32a8589dae9d97048166d732ae5d7beb,1906.01502,tfidf,5,0.2893079283427616,0.0,0.6666666666666666,0.0,1.0,0.125,0,0,0,0.0,0.0,0.0,0.0,0,0
477da8d997ff87400c6aad19dcc74f8998bc89c3,1805.11850,tfidf,5,0.39780880120575696,0.0,1.0,0.0,1.0,0.14285714285714285,0,0,0,0.0,0.0,0.0,0.0,0,0
47b7bc232af7bf93338bd3926345e23e9e80c0c1,1811.01183,tfidf,5,0.3562071871080222,0.0,1.0,0.0,1.0,0.16666666666666666,0,0,0,0.0,0.0,0.0,0.0,0,0
47ffc9811b037613c9c4d1ec1e4f13c08396ed1c,1603.03876,tfidf,5,0.6309297535714575,1.0,1.0,1.0,1.0,0.5,1,1,1,1.0,1.0,0.3333333333333333,0.3333333333333333,0,0
488e3c4fd1103c46e12815d1bf414a0356fb0d0e,1903.02930,tfidf,5,0.6309297535714575,1.0,1.0,1.0,1.0,0.5,1,1,1,1.0,1.0,0.3333333333333333,0.3333333333333333,0,0
48ff9645a506aa2c17810d2654d1f0f0d9e609ee,1910.01108,tfidf,5,0.7977228895450266,0.5,1.0,1.0,1.0,1.0,1,1,0,0.5,1.0,0.3333333333333333,0.2857142857142857,0,1
4999da863ecbd40378505bfb1f4e395061a3f559,1911.06919,tfidf,5,0.0,0.0,0.0,0.0,0.0,0.0,0,0,0,0.0,0.0,0.0,0.0,0,0
49cd18448101da146c3187a44412628f8c722d7b,1705.01306,tfidf,5,0.6309297535714575,1.0,1.0,1.0,1.0,0.5,1,1,1,1.0,1.0,0.3333333333333333,0.3333333333333333,0,0
4a093a9af4903a59057a4372ac1b01603467ca58,1602.07563,tfidf,5,0.0,0.0,0.0,0.0,0.0,0.0,0,0,0,0.0,0.0,0.0,0.0,0,0
4a91432abe3f54fcbdd00bb85dc0df95b16edf42,1703.04009,tfidf,5,0.0,0.0,0.0,0.0,0.0,0.0,0,0,0,0.0,0.0,0.0,0.0,0,0
4ae0b50c88a174cfc283b90cd3c9407de13fd370,1802.09059,tfidf,5,0.5109559939712153,0.5,1.0,1.0,1.0,0.3333333333333333,1,1,0,0.5,1.0,0.3333333333333333,0.2857142857142857,0,1
4afd4cfcb30433714b135b977baff346323af1e3,1911.02747,tfidf,5,0.6309297535714575,1.0,1.0,1.0,1.0,0.5,1,1,1,1.0,1.0,0.3333333333333333,0.3333333333333333,0,0
4b6745982aa64fbafe09f7c88c8d54d520b3f687,1805.09960,tfidf,5,0.0,0.0,0.0,0.0,0.0,0.0,0,0,0,0.0,0.0,0.0,0.0,0,0
4d5b74499804ea5bc5520beb88d0f9816f67205a,1907.04072,tfidf,5,0.5078961547485289,0.25,0.5,1.0,1.0,1.0,1,0,0,0.25,0.5,0.2857142857142857,0.2222222222222222,1,0
4d824b49728649432371ecb08f66ba44e50569e0,1612.04118,tfidf,5,0.6934264036172708,1.0,1.0,1.0,1.0,0.5,1,1,1,1.0,1.0,0.3333333333333333,0.5714285714285714,0,0
4ddc53afffaf1622d97695347dd1b3190d156dee,1808.07231,tfidf,5,1.0,1.0,1.0,1.0,1.0,1.0,1,1,1,1.0,1.0,0.3333333333333333,0.3333333333333333,0,0
4de6bcddd46726bf58326304b0490fdb9e7e86ec,1908.07491,tfidf,5,0.2640681225725909,0.5,0.5,1.0,1.0,0.25,1,1,0,0.5,1.0,0.3333333333333333,0.2857142857142857,0,1
4e106b03cc2f54373e73d5922e97f7e5e9bf03e4,1906.00424,tfidf,5,1.0,1.0,1.0,1.0,1.0,1.0,1,1,1,1.0,1.0,0.3333333333333333,0.3333333333333333,0,0
4e59808a7f73ac499b9838d3c0ce814196a02473,1908.06259,tfidf,5,0.9197207891481876,1.0,1.0,1.0,1.0,1.0,1,1,1,1.0,1.0,0.3333333333333333,0.5714285714285714,0,0
4eb42c5d56d695030dd47ea7f6d65164924c4017,1910.09387,tfidf,5,0.0,0.0,0.0,0.0,0.0,0.0,0,0,0,0.0,0.0,0.0,0.0,0,0
4f57ac24f3f4689a2f885715cd84b7d867fe3f12,1908.06893,tfidf,5,0.0,0.0,0.0,0.0,0.0,0.0,0,0,0,0.0,0.0,0.0,0.0,0,0
5096aaea2d0f4bea4c12e14f4f7735e1aea1bfa6,1706.00188,tfidf,5,0.6052602440527057,0.5,1.0,1.0,1.0,0.5,1,1,0,0.5,1.0,0.3333333333333333,0.2857142857142857,0,1
50bcbb730aa74637503c227f022a10f57d43f1f7,1703.05320,tfidf,5,0.6131471927654584,0.5,0.5,1.0,1.0,1.0,1,1,0,0.5,1.0,0.3333333333333333,0.2857142857142857,0,1
50c1bf8b928069f3ffc7f0cb00aa056a163ef336,1906.01502,tfidf,5,0.22924436334369883,0.2,0.4,1.0,1.0,0.2,1,0,0,0.2,0.25,0.2222222222222222,0.2,1,0
50c441a9cc7345a0fa408d1ce2e13f194c1e82a8,1911.11161,tfidf,5,0.4227898344066503,0.0,1.0,0.0,1.0,0.16666666666666666,0,0,0,0.0,0.0,0.0,0.0,0,0
5102dc911913e9ca0311253e44fd31c73eed0a57,1909.07158,tfidf,5,0.3010299956639812,0.0,1.0,0.0,1.0,0.1111111111111111,0,0,0,0.0,0.0,0.0,0.0,0,0
511e46b5aa8e1ee9e7dc890f47fa15ef94d4a0af,1804.07445,tfidf,5,0.5,1.0,1.0,1.0,1.0,0.3333333333333333,1,1,1,1.0,1.0,0.3333333333333333,0.3333333333333333,0,0
5154f63c50729b8ac04939588c2f5ffeb916e3df,1801.05617,tfidf,5,0.13565197343244778,0.0,0.3333333333333333,0.0,1.0,0.1,0,0,0,0.0,0.0,0.0,0.0,0,0
5181527e6a61a9a192db5f8064e56ec263c42661,1909.11980,tfidf,5,0.0,0.0,0.0,0.0,0.0,0.0,0,0,0,0.0,0.0,0.0,0.0,0,0
51e9f446d987219bc069222731dfc1081957ce1f,1910.03355,tfidf,5,0.0,0.0,0.0,0.0,0.0,0.0,0,0,0,0.0,0.0,0.0,0.0,0,0
521a3e7300567f6e8e4c531f223dbc9fc306c393,1911.00202,tfidf,5,0.7122630665145961,1.0,1.0,1.0,1.0,0.5,1,1,1,1.0,1.0,0.5714285714285714,0.75,0,0
52868394eb2b3b37eb5f47f51c06ad53061f4495,2002.06854,tfidf,5,0.21793006430423467,0.16666666666666666,0.3333333333333333,1.0,1.0,0.2,1,1,0,0.16666666666666666,1.0,0.3333333333333333,0.18181818181818182,0,1
52faf319e37aa15fff1ab47f634a5a584dc42e75,1708.00549,tfidf,5,0.66200432687264,0.6,1.0,1.0,1.0,0.3333333333333333,1,1,0,0.6,1.0,0.5714285714285714,0.6,0,1
5370a0062aae7fa4e700ae47aa143be5c5fc6b22,1811.04791,tfidf,5,0.3084274278260313,0.0,0.6666666666666666,0.0,1.0,0.16666666666666666,0,0,0,0.0,0.0,0.0,0.0,0,0
539f5c27e1a2d240e52b711d0a50a3a6ddfa5cb2,1911.04128,tfidf,5,0.5,1.0,1.0,1.0,1.0,0.3333333333333333,1,1,1,1.0,1.0,0.3333333333333333,0.3333333333333333,0,0
53a8c3cf22d6bf6477bc576a85a83d8447ee0484,1910.07973,tfidf,5,0.23719771276929622,0.5,0.5,1.0,1.0,0.2,1,0,0,0.5,0.5,0.2857142857142857,0.2857142857142857,1,0
54002c15493d4082d352a66fb9465d65bfe9ddca,1911.03977,tfidf,5,1.0,1.0,1.0,1.0,1.0,1.0,1,1,1,1.0,1.0,0.3333333333333333,0.3333333333333333,0,0
5422a3f2a083395416d6f99c57d28335eb2e44e1,1911.09709,tfidf,5,0.5802792108518124,0.5,1.0,1.0,1.0,0.5,1,1,0,0.5,1.0,0.3333333333333333,0.2857142857142857,0,1
5499440674f0e4a9d6912b9ac29fa1f7b7cd5253,1811.01183,tfidf,5,0.38685280723454163,0.5,0.5,1.0,1.0,0.5,1,1,0,0.5,1.0,0.3333333333333333,0.2857142857142857,0,1
5522a9eeb06221722052e3c38f9b0d0dbe7c13e6,1709.06136,tfidf,5,0.38685280723454163,1.0,1.0,1.0,1.0,0.2,1,1,1,1.0,1.0,0.3333333333333333,0.3333333333333333,0,0
552b1c813f25bf39ace6cd5eefa56f4e4dd70c84,1911.03854,tfidf,5,0.0,0.0,0.0,0.0,0.0,0.0,0,0,0,0.0,0.0,0.0,0.0,0,0
554d798e4ce58fd30820200c474d7e796dc8ba89,1810.02268,tfidf,5,0.0,0.0,0.0,0.0,0.0,0.0,0,0,0,0.0,0.0,0.0,0.0,0,0
55612e92791296baf18013d2c8dd0474f35af770,1707.07568,tfidf,5,0.43067655807339306,1.0,1.0,1.0,1.0,0.25,1,1,1,1.0,1.0,0.3333333333333333,0.3333333333333333,0,0
556782bb96f8fc07d14865f122362ebcc79134ec,1909.11706,tfidf,5,0.3706656904013186,0.0,1.0,0.0,1.0,0.125,0,0,0,0.0,0.0,0.0,0.0,0,0
55bde89fc5822572f794614df3130d23537f7cf2,2002.04745,tfidf,5,0.0,0.0,0.0,0.0,0.0,0.0,0,0,0,0.0,0.0,0.0,0.0,0,0
568466c62dd73a025bfd9643417cdb7a611f23a1,1909.12016,tfidf,5,0.6309297535714575,1.0,1.0,1.0,1.0,0.5,1,1,1,1.0,1.0,0.3333333333333333,0.3333333333333333,0,0
5695908a8c6beb0e3863a1458a1b93aab508fd34,1910.10670,tfidf,5,1.0,1.0,1.0,1.0,1.0,1.0,1,1,1,1.0,1.0,0.5714285714285714,0.5714285714285714,0,0
56d41e0fcc288c1e65806ae77097d685c83e22db,1709.09749,tfidf,5,1.0,1.0,1.0,1.0,1.0,1.0,1,1,1,1.0,1.0,0.3333333333333333,0.5714285714285714,0,0
56d788af4694c1cd1eebee0b83c585836d1f5f99,1912.08084,tfidf,5,0.18457569677956817,0.0,0.5,0.0,1.0,0.1111111111111111,0,0,0,0.0,0.0,0.0,0.0,0,0
573b8b1ad919d3fd0ef7df84e55e5bfd165b3e84,1909.07873,tfidf,5,0.3333333333333333,0.0,1.0,0.0,1.0,0.14285714285714285,0,0,0,0.0,0.0,0.0,0.0,0,0
5752c8d333afc1e6c666b18d1477c8f669b7a602,1707.02892,tfidf,5,0.6309297535714575,1.0,1.0,1.0,1.0,0.5,1,1,1,1.0,1.0,0.3333333333333333,0.3333333333333333,0,0
576a3ed6e4faa4c3893db632e97a52ac6e864aac,1605.04278,tfidf,5,0.0,0.0,0.0,0.0,0.0,0.0,0,0,0,0.0,0.0,0.0,0.0,0,0
578add9d3dadf86cd0876d42b03bf0114f83d0e7,1907.04072,tfidf,5,0.3010299956639812,0.0,1.0,0.0,1.0,0.1111111111111111,0,0,0,0.0,0.0,0.0,0.0,0,0
57d07d2b509c5860880583efe2ed4c5620a96747,2004.04478,tfidf,5,0.6131471927654584,0.5,0.5,1.0,1.0,1.0,1,1,0,0.5,1.0,0.3333333333333333,0.2857142857142857,0,1
57ee20f494d8ce3fae46028c3f3551d180dba3e0,1611.06322,tfidf,5,0.13565197343244778,0.0,0.3333333333333333,0.0,1.0,0.1,0,0,0,0.0,0.0,0.0,0.0,0,0
58a3cfbbf209174fcffe44ce99840c758b448364,1707.05589,tfidf,5,0.43331447615179947,0.3333333333333333,0.5,1.0,1.0,0.5,1,0,0,0.3333333333333333,0.5,0.2857142857142857,0.36363636363636365,1,0
59a3d4cdd1c3797962bf8d72c226c847e06e1d44,1908.05925,tfidf,5,0.32531670832675136,0.25,0.5,1.0,1.0,0.3333333333333333,1,0,0,0.25,0.3333333333333333,0.25,0.2222222222222222,1,0
5a7d1ae6796e09299522ebda7bfcfad312d6d128,1912.07076,tfidf,5,0.21398626473452756,0.2,0.2,1.0,1.0,0.5,1,1,0,0.2,1.0,0.3333333333333333,0.2,0,1
5ae005917efc17a505ba1ba5e996c4266d6c74b6,1806.06571,tfidf,5,0.13905617951077562,0.0,0.25,0.0,1.0,0.16666666666666666,0,0,0,0.0,0.0,0.0,0.0,0,0
5b2839bef513e5d441f0bb8352807f673f4b2070,1803.06745,tfidf,5,0.39106560501896365,0.3333333333333333,0.6666666666666666,1.0,1.0,0.3333333333333333,1,0,0,0.3333333333333333,0.3333333333333333,0.25,0.25,1,0
5bfbc9ca7fd41be9627f6ef587bb7e21c7983be0,2002.06851,tfidf,5,0.20438239758848611,0.0,0.5,0.0,1.0,0.14285714285714285,0,0,0,0.0,0.0,0.0,0.0,0,0
5c17559749810c67c50a7dbe34580d5e3b4f9acb,1706.04206,tfidf,5,0.23719771276929622,0.5,0.5,1.0,1.0,0.2,1,1,0,0.5,1.0,0.3333333333333333,0.2857142857142857,0,1
5cc5e2db82f5d40a5244224dad94da50b4f673db,1804.03839,tfidf,5,1.0,1.0,1.0,1.0,1.0,1.0,1,1,1,1.0,1.0,0.3333333333333333,0.3333333333333333,0,0
5d0a3f8ca3882f87773cf8c2ef1b4f72b9cc241e,1808.10006,tfidf,5,0.16716045496620227,0.0,0.3333333333333333,0.0,1.0,0.16666666666666666,0,0,0,0.0,0.0,0.0,0.0,0,0
5d3e87937ecebf0695bece08eccefb2f88ad4a0f,1907.05338,tfidf,5,0.5833416105149332,0.6666666666666666,1.0,1.0,1.0,0.3333333333333333,1,0,0,0.6666666666666666,0.6666666666666666,0.5,0.5,1,0
5d93245832d90b31aee42ea2bf1e7704c22ebeca,1808.07231,tfidf,5,1.0,1.0,1.0,1.0,1.0,1.0,1,1,1,1.0,1.0,0.3333333333333333,0.3333333333333333,0,0
5da9e2eef741bd7efccec8e441b8e52e906b2d2d,1804.00982,tfidf,5,0.0,0.0,0.0,0.0,0.0,0.0,0,0,0,0.0,0.0,0.0,0.0,0,0
5db47bbb97282983e10414240db78154ea7ac75f,1909.07873,tfidf,5,0.6984152163370878,0.5,0.75,1.0,1.0,1.0,1,1,0,0.5,1.0,0.4444444444444444,0.4444444444444444,0,1
5dfd58f91e7740899c23ebfe04b7176edce9ead2,1809.03391,tfidf,5,1.0,1.0,1.0,1.0,1.0,1.0,1,1,1,1.0,1.0,0.3333333333333333,0.5714285714285714,0,0
5e4eac0b0a73d465d74568c21819acaec557b700,1809.03680,tfidf,5,0.43067655807339306,1.0,1.0,1.0,1.0,0.25,1,1,1,1.0,1.0,0.3333333333333333,0.3333333333333333,0,0
5f6c1513cbda9ae711bc38df08fe72e3d3028af2,1802.06053,tfidf,5,0.3562071871080222,0.0,1.0,0.0,1.0,0.16666666666666666,0,0,0,0.0,0.0,0.0,0.0,0,0
5f7f4a1d4380c118a58ed506c057d3b7aa234c1e,1906.04287,tfidf,5,0.0,0.0,0.0,0.0,0.0,0.0,0,0,0,0.0,0.0,0.0,0.0,0,0
5fd112980d0dd7f7ce30e6273fe6e7b230b13225,1910.14589,tfidf,5,0.0,0.0,0.0,0.0,0.0,0.0,0,0,0,0.0,0.0,0.0,0.0,0,0
610fc593638c5e9809ea9839912d0b282541d42d,1804.08000,tfidf,5,1.0,1.0,1.0,1.0,1.0,1.0,1,1,1,1.0,1.0,0.3333333333333333,0.3333333333333333,0,0
6167618e0c53964f3a706758bdf5e807bc5d7760,1909.01860,tfidf,5,0.0,0.0,0.0,0.0,0.0,0.0,0,0,0,0.0,0.0,0.0,0.0,0,0
61a2599acfbd3d75de58e97ecdba2d9cf0978324,1912.08084,tfidf,5,0.23719771276929622,0.5,0.5,1.0,1.0,0.2,1,1,0,0.5,1.0,0.3333333333333333,0.2857142857142857,0,1
61e96abdc924c34c6b82a587168ea3d14fe792d1,1911.10401,tfidf,5,0.7977228895450266,0.5,1.0,1.0,1.0,1.0,1,1,0,0.5,1.0,0.3333333333333333,0.2857142857142857,0,1
620b6c410a055295d137511d3c99207a47c03b5e,1908.09590,tfidf,5,0.0,0.0,0.0,0.0,0.0,0.0,0,0,0,0.0,0.0,0.0,0.0,0,0
627ce8a1db08a732d5a8f7e1f8a72e3de89847e6,1911.09247,tfidf,5,0.5307212739772434,0.6666666666666666,0.6666666666666666,1.0,1.0,0.5,1,1,0,0.6666666666666666,1.0,0.3333333333333333,0.5,0,1
62edffd051d056cf60e17deafcc55a8c9af398cb,1908.10461,tfidf,5,0.5,1.0,1.0,1.0,1.0,0.3333333333333333,1,1,1,1.0,1.0,0.3333333333333333,0.3333333333333333,0,0
6371c6863fe9a14bf67560e754ce531d70de10ab,2002.04326,tfidf,5,0.0,0.0,0.0,0.0,0.0,0.0,0,0,0,0.0,0.0,0.0,0.0,0,0
63cdac43a643fc1e06da44910458e89b2c7cd921,1904.03670,tfidf,5,1.0,1.0,1.0,1.0,1.0,1.0,1,1,1,1.0,1.0,0.3333333333333333,0.3333333333333333,0,0
63d2e97657419a0185127534f4ff9d0039cb1a63,1804.05253,tfidf,5,0.5706417189553201,1.0,1.0,1.0,1.0,0.3333333333333333,1,1,1,1.0,1.0,0.3333333333333333,0.5714285714285714,0,0
63eda2af88c35a507fbbfda0ec1082f58091883a,1711.11118,tfidf,5,0.38685280723454163,1.0,1.0,1.0,1.0,0.2,1,1,1,1.0,1.0,0.3333333333333333,0.3333333333333333,0,0
641fe5dc93611411582e6a4a0ea2d5773eaf0310,1802.03052,tfidf,5,1.0,1.0,1.0,1.0,1.0,1.0,1,1,1,1.0,1.0,0.3333333333333333,0.3333333333333333,0,0
643527e94e8eed1e2229915fcf8cd74d769173fc,1908.09283,tfidf,5,0.6309297535714575,1.0,1.0,1.0,1.0,0.5,1,1,1,1.0,1.0,0.3333333333333333,0.3333333333333333,0,0
643645e02ffe8fde45918615ec92013a035d1b92,1704.03279,tfidf,5,0.6309297535714575,1.0,1.0,1.0,1.0,0.5,1,1,1,1.0,1.0,0.3333333333333333,0.3333333333333333,0,0
64632981279c7aa16ffc1a44ffc31f4520f5559e,1710.07695,tfidf,5,1.0,1.0,1.0,1.0,1.0,1.0,1,1,1,1.0,1.0,0.3333333333333333,0.3333333333333333,0,0
647f6e6b168ec38fcdb737d3b276f78402282f9d,1910.13793,tfidf,5,0.3562071871080222,0.0,1.0,0.0,1.0,0.16666666666666666,0,0,0,0.0,0.0,0.0,0.0,0,0
64c45fdb536ae294cf06716ac20d08b5fdb7944d,1710.01789,tfidf,5,0.15642624200758548,0.0,0.3333333333333333,0.0,1.0,0.14285714285714285,0,0,0,0.0,0.0,0.0,0.0,0,0
64f7337970e8d1989b2e1f7106d86f73c4a3d0af,1803.08419,tfidf,5,0.9674679834891693,1.0,1.0,1.0,1.0,1.0,1,1,1,1.0,1.0,0.5714285714285714,0.75,0,0
654fe0109502f2ed2dc8dad359dbbce4393e03dc,1908.09892,tfidf,5,0.2860604285087249,0.25,0.25,1.0,1.0,0.5,1,1,0,0.25,1.0,0.5714285714285714,0.3076923076923077,0,1
6590055fb033cb32826f2afecb3d7f607dd97d57,1911.03642,tfidf,5,1.0,1.0,1.0,1.0,1.0,1.0,1,1,1,1.0,1.0,0.3333333333333333,0.3333333333333333,0,0
65b39676db60f914f29f74b7c1264422ee42ad5c,1611.00440,tfidf,5,0.23463936301137822,0.3333333333333333,0.3333333333333333,1.0,1.0,0.3333333333333333,1,0,0,0.3333333333333333,0.5,0.2857142857142857,0.25,1,0
65c7a2b734dab51c4c81f722527424ff33b023f8,1610.06510,tfidf,5,0.0,0.0,0.0,0.0,0.0,0.0,0,0,0,0.0,0.0,0.0,0.0,0,0
65e26b15e087bedb6e8782d91596b35e7454b16b,1611.01116,tfidf,5,0.46927872602275644,0.3333333333333333,0.3333333333333333,1.0,1.0,1.0,1,0,0,0.3333333333333333,0.5,0.2857142857142857,0.25,1,0
6606160e210d05b94f7cbd9c5ff91947339f9d02,1902.08830,tfidf,5,0.123151194370365,0.0,0.25,0.0,1.0,0.125,0,0,0,0.0,0.0,0.0,0.0,0,0
6656a9472499331f4eda45182ea697a4d63e943c,1805.09960,tfidf,5,1.0,1.0,1.0,1.0,1.0,1.0,1,1,1,1.0,1.0,0.3333333333333333,0.3333333333333333,0,0
6657ece018b1455035421b822ea2d7961557c645,1906.05685,tfidf,5,0.0,0.0,0.0,0.0,0.0,0.0,0,0,0,0.0,0.0,0.0,0.0,0,0
6683008e0a8c4583058d38e185e2e2e18ac6cf50,2002.08902,tfidf,5,1.0,1.0,1.0,1.0,1.0,1.0,1,1,1,1.0,1.0,0.3333333333333333,0.3333333333333333,0,0
66dfcdab1db6a8fcdf392157a478b4cca0d87961,1910.12203,tfidf,5,0.8772153153380493,1.0,1.0,1.0,1.0,1.0,1,1,1,1.0,1.0,0.5714285714285714,0.5714285714285714,0,0
67672648e7ebcbef18921006e2c8787966f8cdf2,1901.09501,tfidf,5,1.0,1.0,1.0,1.0,1.0,1.0,1,1,1,1.0,1.0,0.3333333333333333,0.3333333333333333,0,0
67c16ba64fe27838b1034d15194c07a9c98cdebe,1708.05482,tfidf,5,0.0,0.0,0.0,0.0,0.0,0.0,0,0,0,0.0,0.0,0.0,0.0,0,0
67cb001f8ca122ea859724804b41529fea5faeef,1805.07882,tfidf,5,0.5249810332008933,0.5,1.0,1.0,1.0,0.3333333333333333,1,1,0,0.5,1.0,0.3333333333333333,0.2857142857142857,0,1
67f1b8a9f72e62cd74ec42e9631ef763a9b098c7,1908.10001,tfidf,5,1.0,1.0,1.0,1.0,1.0,1.0,1,1,1,1.0,1.0,0.3333333333333333,0.3333333333333333,0,0
6883767bbdf14e124c61df4f76335d3e91bfcb03,1902.06734,tfidf,5,1.0,1.0,1.0,1.0,1.0,1.0,1,1,1,1.0,1.0,0.3333333333333333,0.3333333333333333,0,0
68aa460ad357b4228b16b31b2cbec986215813bf,1911.12893,tfidf,5,0.14606834984270645,0.2,0.2,1.0,1.0,0.25,1,0,0,0.2,0.25,0.2222222222222222,0.2,1,0
68f1df3fb0703ff694a055d23e7ec3f6fb449b8d,1801.03615,tfidf,5,0.0,0.0,0.0,0.0,0.0,0.0,0,0,0,0.0,0.0,0.0,0.0,0,0
69a46a227269c3aac9bf9d7c3d698c787642f806,1911.11025,tfidf,5,0.0,0.0,0.0,0.0,0.0,0.0,0,0,0,0.0,0.0,0.0,0.0,0,0
6a20a3220c4edad758b912e2d3e5b99b0b295d96,1805.04579,tfidf,5,0.19903650127012357,0.125,0.25,1.0,1.0,0.25,1,0,0,0.125,0.25,0.2222222222222222,0.15384615384615385,1,0
6b1a6517b343fdb79f246955091ff25e440b9511,1902.04094,tfidf,5,0.49954410894683854,0.0,1.0,0.0,1.0,0.16666666666666666,0,0,0,0.0,0.0,0.0,0.0,0,0
6b4006a90aeaaff8914052d72d28851a9c0c0146,1804.07445,tfidf,5,0.5,1.0,1.0,1.0,1.0,0.3333333333333333,1,1,1,1.0,1.0,0.3333333333333333,0.3333333333333333,0,0
6bce04570d4745dcfaca5cba64075242308b65cf,2002.08902,tfidf,5,1.0,1.0,1.0,1.0,1.0,1.0,1,1,1,1.0,1.0,0.3333333333333333,0.3333333333333333,0,0
6c1614991647705265fb348d28ba60dd3b63b799,1908.10090,tfidf,5,0.43067655807339306,1.0,1.0,1.0,1.0,0.25,1,1,1,1.0,1.0,0.3333333333333333,0.3333333333333333,0,0
6cad6f074b0486210ffa4982c8d1632f5aa91d91,1912.10162,tfidf,5,0.18154179253735267,0.3333333333333333,0.3333333333333333,1.0,1.0,0.2,1,0,0,0.3333333333333333,0.5,0.2857142857142857,0.25,1,0
6cb3007a09ab0f1602cdad20cc0437fbdd4d7f3e,2003.07459,tfidf,5,0.40298313359773236,0.0,1.0,0.0,1.0,0.16666666666666666,0,0,0,0.0,0.0,0.0,0.0,0,0
6d17dc00f7e5331128b6b585e78cac0b9082e13d,1911.12722,tfidf,5,1.0,1.0,1.0,1.0,1.0,1.0,1,1,1,1.0,1.0,0.3333333333333333,0.3333333333333333,0,0
6d55e377335815b7ad134d1a2977d231ad34a25b,1701.03578,tfidf,5,0.18154179253735267,0.3333333333333333,0.3333333333333333,1.0,1.0,0.2,1,0,0,0.3333333333333333,0.5,0.2857142857142857,0.25,1,0
6d8a51e2790043497ed2637a1abc36bdffb39b71,1911.02747,tfidf,5,0.9550236580992476,0.75,1.0,1.0,1.0,1.0,1,1,0,0.75,1.0,0.5,0.6666666666666666,0,1
6e134d51a795c385d72f38f36bca4259522bcf51,1703.10152,tfidf,5,0.19519002499605084,0.25,0.25,1.0,1.0,0.3333333333333333,1,1,0,0.25,1.0,0.3333333333333333,0.2222222222222222,0,1
6e3e9818551fc2f8450bbf09b0fe82ac2506bc7a,1906.06349,tfidf,5,0.3903800499921017,0.25,0.25,1.0,1.0,1.0,1,0,0,0.25,0.25,0.2222222222222222,0.2222222222222222,1,0
6e63db22a2a34c20ad341eb33f3422f40d0001d3,1909.02855,tfidf,5,1.0,1.0,1.0,1.0,1.0,1.0,1,1,1,1.0,1.0,0.3333333333333333,0.3333333333333333,0,0
6e80386b33fbfba8bc1ab811a597d844ae67c578,1910.12203,tfidf,5,0.38685280723454163,1.0,1.0,1.0,1.0,0.2,1,1,1,1.0,1.0,0.3333333333333333,0.3333333333333333,0,0
70512cc9dcd45157e40c8d1f85e82d21ade7645b,1603.01547,tfidf,5,0.24630238874073,0.25,0.25,1.0,1.0,0.5,1,1,0,0.25,1.0,0.3333333333333333,0.2222222222222222,0,1
708f5f83a3c356b23b27a9175f5c35ac00cdf5db,1910.09916,tfidf,5,0.43067655807339306,1.0,1.0,1.0,1.0,0.25,1,1,1,1.0,1.0,0.3333333333333333,0.3333333333333333,0,0
70abb108c3170e81f8725ddc1a3f2357be5a4959,1708.09025,tfidf,5,0.38685280723454163,0.5,0.5,1.0,1.0,0.5,1,1,0,0.5,1.0,0.3333333333333333,0.2857142857142857,0,1
713e1c7b0ab17759ba85d7cd2041e387831661df,2002.06854,tfidf,5,0.6509209298071326,1.0,1.0,1.0,1.0,0.5,1,1,1,1.0,1.0,0.3333333333333333,0.5714285714285714,0,0
71413505d7d6579e2a453a1f09f4efd20197ab4b,1612.03762,tfidf,5,0.36926780146674987,0.3333333333333333,0.6666666666666666,1.0,1.0,0.25,1,1,0,0.3333333333333333,1.0,0.3333333333333333,0.25,0,1
718c0232b1f15ddb73d40c3afbd6c5c0d0354566,1806.09652,tfidf,5,0.5,1.0,1.0,1.0,1.0,0.3333333333333333,1,1,1,1.0,1.0,0.3333333333333333,0.3333333333333333,0,0
71b07d08fb6ac8732aa4060ae94ec7c0657bb1db,1910.01160,tfidf,5,0.6934264036172708,1.0,1.0,1.0,1.0,0.5,1,1,1,1.0,1.0,0.5714285714285714,0.5714285714285714,0,0
71b29ab3ddcdd11dcc63b0bb55e75914c07a2217,1908.06024,tfidf,5,1.0,1.0,1.0,1.0,1.0,1.0,1,1,1,1.0,1.0,0.3333333333333333,0.3333333333333333,0,0
71fd0efea1b441d86d9a75255815ba3efe09779b,1905.07562,tfidf,5,0.7039180890341347,0.6666666666666666,0.6666666666666666,1.0,1.0,1.0,1,0,0,0.6666666666666666,0.5,0.2857142857142857,0.5,1,0
7239c02a0dcc0c3c9d9cddb5e895bcf9cfcefee6,1602.03483,tfidf,5,0.0,0.0,0.0,0.0,0.0,0.0,0,0,0,0.0,0.0,0.0,0.0,0,0
726c5c1b6951287f4bae22978f9a91d22d9bef61,1610.09722,tfidf,5,0.0,0.0,0.0,0.0,0.0,0.0,0,0,0,0.0,0.0,0.0,0.0,0,0
72dbdd11b655b25b2b254e39689a7d912f334b71,1909.03553,tfidf,5,0.41231449937143627,0.2857142857142857,0.2857142857142857,1.0,1.0,1.0,1,0,0,0.2857142857142857,0.3333333333333333,0.3333333333333333,0.3333333333333333,1,0
732bd97ae34541f215c436e2a1b98db1649cba27,1809.03391,tfidf,5,0.5,1.0,1.0,1.0,1.0,0.3333333333333333,1,1,1,1.0,1.0,0.3333333333333333,0.3333333333333333,0,0
7380e62edcb11f728f6d617ee332dc8b5752b185,1612.07486,tfidf,5,0.18457569677956817,0.0,0.5,0.0,1.0,0.1111111111111111,0,0,0,0.0,0.0,0.0,0.0,0,0
73c535a7b46f0c2408ea2b1da0a878b376a2bca5,1605.04278,tfidf,5,0.0,0.0,0.0,0.0,0.0,0.0,0,0,0,0.0,0.0,0.0,0.0,0,0
740cc392c0c8bfadfe6b3a60c0be635c03e17f2a,2004.00809,tfidf,5,0.5,1.0,1.0,1.0,1.0,0.3333333333333333,1,1,1,1.0,1.0,0.3333333333333333,0.3333333333333333,0,0
742d5e182b57bfa5f589fde645717ed0ac3f49c2,1610.09722,tfidf,5,0.6240505200038379,1.0,1.0,1.0,1.0,0.5,1,1,1,1.0,1.0,0.5714285714285714,0.5714285714285714,0,0
74a17eb3bf1d4f36e2db1459a342c529b9785f6e,1805.09960,tfidf,5,0.38685280723454163,0.5,0.5,1.0,1.0,0.5,1,1,0,0.5,1.0,0.3333333333333333,0.2857142857142857,0,1
74acaa205a5998af4ad7edbed66837a6f2b5c58b,1712.00733,tfidf,5,0.0,0.0,0.0,0.0,0.0,0.0,0,0,0,0.0,0.0,0.0,0.0,0,0
74cef0205e0f31d0ab28d0e4d96c1e8ef62d4cce,1903.04329,tfidf,5,1.0,1.0,1.0,1.0,1.0,1.0,1,1,1,1.0,1.0,0.3333333333333333,0.3333333333333333,0,0
74ebfba06f37cc95dfe59c3790ebe6165e6be19c,1702.02584,tfidf,5,0.7977228895450266,0.5,1.0,1.0,1.0,1.0,1,1,0,0.5,1.0,0.3333333333333333,0.2857142857142857,0,1
74fcb741d29892918903702dbb145fef372d1de3,1909.02322,tfidf,5,0.298254219601818,0.25,0.5,1.0,1.0,0.25,1,0,0,0.25,0.3333333333333333,0.25,0.2222222222222222,1,0
753a187c1dd8d96353187fbb193b5f86293a796c,1911.01214,tfidf,5,0.0,0.0,0.0,0.0,0.0,0.0,0,0,0,0.0,0.0,0.0,0.0,0,0
754d7475b8bf50499ed77328b4b0eeedf9cb2623,1806.09652,tfidf,5,0.6309297535714575,1.0,1.0,1.0,1.0,0.5,1,1,1,1.0,1.0,0.3333333333333333,0.3333333333333333,0,0
7557f2c3424ae70e2a79c51f9752adc99a9bdd39,1901.05389,tfidf,5,0.0,0.0,0.0,0.0,0.0,0.0,0,0,0,0.0,0.0,0.0,0.0,0,0
7561bd3b8ba7829b3a01ff07f9f3e93a7b8869cc,2002.06851,tfidf,5,0.0,0.0,0.0,0.0,0.0,0.0,0,0,0,0.0,0.0,0.0,0.0,0,0
756a8a9125e6984e0ca768b653c6c760efa3db66,1905.00840,tfidf,5,0.6240505200038379,1.0,1.0,1.0,1.0,0.5,1,1,1,1.0,1.0,0.5714285714285714,0.5714285714285714,0,0
7572f6e68a2ed2c41b87c5088ba8680afa0c0a0b,1808.07231,tfidf,5,0.2741708125981702,0.25,0.5,1.0,1.0,0.2,1,1,0,0.25,1.0,0.3333333333333333,0.2222222222222222,0,1
75b3e2d2caec56e5c8fbf6532070b98d70774b95,1911.12237,tfidf,5,0.9197207891481876,1.0,1.0,1.0,1.0,1.0,1,1,1,1.0,1.0,0.5714285714285714,0.5714285714285714,0,0
75c221920bee14a6153bd5f4c1179591b2f48d59,2004.02401,tfidf,5,0.0,0.0,0.0,0.0,0.0,0.0,0,0,0,0.0,0.0,0.0,0.0,0,0
7625068cc22a095109580b83eff48616387167c2,2004.03090,tfidf,5,0.6934264036172708,1.0,1.0,1.0,1.0,0.5,1,1,1,1.0,1.0,0.3333333333333333,0.5714285714285714,0,0
76ae794ced3b5ae565f361451813f2f3bc85b214,1605.05156,tfidf,5,0.5646943684882358,0.2857142857142857,0.7142857142857143,1.0,1.0,0.5,1,0,0,0.2857142857142857,0.2857142857142857,0.3333333333333333,0.3333333333333333,1,0
76e17e648a4d1f386eb6bf61b0c24f134af872be,1808.07231,tfidf,5,0.9197207891481876,1.0,1.0,1.0,1.0,1.0,1,1,1,1.0,1.0,0.3333333333333333,0.5714285714285714,0,0
76f90c88926256e7f90d2104a88acfdd7fc5475e,1910.07154,tfidf,5,0.5,1.0,1.0,1.0,1.0,0.3333333333333333,1,1,1,1.0,1.0,0.3333333333333333,0.3333333333333333,0,0
7748c072e07d6c6db5a34be38b4a5e97ac6d7999,1905.00840,tfidf,5,0.9197207891481876,1.0,1.0,1.0,1.0,1.0,1,1,1,1.0,1.0,0.5714285714285714,0.5714285714285714,0,0
778c6a27182349dc5275282c3e9577bda2555c3d,1905.08067,tfidf,5,0.3889580943680543,0.0,1.0,0.0,1.0,0.14285714285714285,0,0,0,0.0,0.0,0.0,0.0,0,0
77a331d4d909d92fab9552b429adde5379b2ae69,1706.02222,tfidf,5,0.0,0.0,0.0,0.0,0.0,0.0,0,0,0,0.0,0.0,0.0,0.0,0,0
77bbe1698e001c5889217be3164982ea36e85752,1908.11046,tfidf,5,0.20438239758848611,0.0,0.5,0.0,1.0,0.14285714285714285,0,0,0,0.0,0.0,0.0,0.0,0,0
77bc886478925c8e9fb369b1ba5d05c42b3cd79a,1804.00982,tfidf,5,0.5,1.0,1.0,1.0,1.0,0.3333333333333333,1,1,1,1.0,1.0,0.3333333333333333,0.3333333333333333,0,0
77c3416578b52994227bae7f2529600f02183e12,2003.11687,tfidf,5,1.0,1.0,1.0,1.0,1.0,1.0,1,1,1,1.0,1.0,0.3333333333333333,0.3333333333333333,0,0
78c7318b2218b906a67d8854f3e511034075f79a,1909.03087,tfidf,5,0.7039180890341347,0.6666666666666666,0.6666666666666666,1.0,1.0,1.0,1,1,0,0.6666666666666666,1.0,0.3333333333333333,0.5,0,1
78f8dad0f1acf024f69b3218b2d204b8019bb0d2,1901.05415,tfidf,5,0.0,0.0,0.0,0.0,0.0,0.0,0,0,0,0.0,0.0,0.0,0.0,0,0
79258cea30cd6c0662df4bb712bf667589498a1f,1707.07568,tfidf,5,0.6309297535714575,1.0,1.0,1.0,1.0,0.5,1,1,1,1.0,1.0,0.3333333333333333,0.3333333333333333,0,0
7969b8d80e12aa3ebb89b5622bc564f44e98329f,1909.11706,tfidf,5,0.20438239758848611,0.0,0.5,0.0,1.0,0.14285714285714285,0,0,0,0.0,0.0,0.0,0.0,0,0
79885526713cc16eb734c88ff1169ae802cad589,2002.00175,tfidf,5,0.8503449055347546,1.0,1.0,1.0,1.0,1.0,1,1,1,1.0,1.0,0.5714285714285714,0.5714285714285714,0,0
79e61134a6e29141cd19252571ffc92a0b4bc97f,1907.05338,tfidf,5,0.23719771276929622,0.5,0.5,1.0,1.0,0.2,1,0,0,0.5,0.5,0.2857142857142857,0.2857142857142857,1,0
7a212a34e9dbb0ba52c40471842b2e0e3e14f276,1908.09355,tfidf,5,0.2640681225725909,0.5,0.5,1.0,1.0,0.25,1,1,0,0.5,1.0,0.3333333333333333,0.2857142857142857,0,1
7a84fed904acc1e0380deb6e5a2e1daacfb5907a,2001.04346,tfidf,5,1.0,1.0,1.0,1.0,1.0,1.0,1,1,1,1.0,1.0,0.3333333333333333,0.3333333333333333,0,0
7a8b24062a5bb63a8b4c729f6247a7fd2fec7f07,1907.08540,tfidf,5,0.9197207891481876,1.0,1.0,1.0,1.0,1.0,1,1,1,1.0,1.0,0.5714285714285714,0.5714285714285714,0,0
7ae95716977d39d96e871e552c35ca0753115229,1610.09722,tfidf,5,0.38685280723454163,1.0,1.0,1.0,1.0,0.2,1,1,1,1.0,1.0,0.3333333333333333,0.3333333333333333,0,0
7b76b8b69246525a48c0a8ca0c42db3319cd10a5,1704.08390,tfidf,5,0.5706417189553201,1.0,1.0,1.0,1.0,0.3333333333333333,1,1,1,1.0,1.0,0.3333333333333333,0.5714285714285714,0,0
7ba6330d105f49c7f71dba148bb73245a8ef2966,1708.07690,tfidf,5,0.0,0.0,0.0,0.0,0.0,0.0,0,0,0,0.0,0.0,0.0,0.0,0,0
7c2d6bc913523d77e8fdc82c60598ee95b445d84,1911.09709,tfidf,5,0.4525081529734507,0.3333333333333333,0.6666666666666666,1.0,1.0,0.5,1,0,0,0.3333333333333333,0.5,0.2857142857142857,0.25,1,0
7caeb5ef6f2985b2cf383cd01765d247c936605f,1910.01992,tfidf,5,0.45221360703148816,0.2,0.4,1.0,1.0,1.0,1,1,0,0.2,1.0,0.3333333333333333,0.2,0,1
7cf44877dae8873139aede381fb9908dd0c546c4,1703.04357,tfidf,5,0.45560514958746035,0.5,1.0,1.0,1.0,0.2,1,1,0,0.5,1.0,0.3333333333333333,0.2857142857142857,0,1
7d34cdd9cb1c988e218ce0fd59ba6a3b5de2024a,1802.03052,tfidf,5,0.3562071871080222,0.0,1.0,0.0,1.0,0.16666666666666666,0,0,0,0.0,0.0,0.0,0.0,0,0
7d503b3d4d415cf3e91ab08bd5a1a2474dd1047b,1909.08357,tfidf,5,0.2890648263178879,0.0,1.0,0.0,1.0,0.1,0,0,0,0.0,0.0,0.0,0.0,0,0
7d8cd7d6c86349ef0bd4fdbd84c8dc49c7678f46,1709.06365,tfidf,5,0.23573241784227986,0.125,0.25,1.0,1.0,0.5,1,0,0,0.125,0.14285714285714285,0.16666666666666666,0.15384615384615385,1,0
7de0b2df60d3161dd581ed7915837d460020bc11,1909.06502,tfidf,5,0.42177340954886444,0.5,1.0,1.0,1.0,0.2,1,1,0,0.5,1.0,0.3333333333333333,0.2857142857142857,0,1
7e906dc00e92088a25df3719104d1750e5a27485,1909.13184,tfidf,5,1.0,1.0,1.0,1.0,1.0,1.0,1,1,1,1.0,1.0,0.3333333333333333,0.3333333333333333,0,0
7e9aec2bdf4256c6249cad9887c168d395b35270,1909.00871,tfidf,5,1.0,1.0,1.0,1.0,1.0,1.0,1,1,1,1.0,1.0,0.3333333333333333,0.3333333333333333,0,0
7ece07a84635269bb19796497847e4517d1e3e61,1709.06136,tfidf,5,0.9197207891481876,1.0,1.0,1.0,1.0,1.0,1,1,1,1.0,1.0,0.5714285714285714,0.5714285714285714,0,0
7ef7a5867060f91eac8ad857c186e51b767c734b,1908.06259,tfidf,5,0.6309297535714575,1.0,1.0,1.0,1.0,0.5,1,1,1,1.0,1.0,0.3333333333333333,0.3333333333333333,0,0
7f958017cbb08962c80e625c2fd7a1e2375f27a3,1809.08899,tfidf,5,1.0,1.0,1.0,1.0,1.0,1.0,1,1,1,1.0,1.0,0.3333333333333333,0.3333333333333333,0,0
7ff7c286d3118a8be5688e2d18e9a56fe83679ad,1812.00382,tfidf,5,0.3065735963827292,0.5,0.5,1.0,1.0,0.3333333333333333,1,1,0,0.5,1.0,0.3333333333333333,0.2857142857142857,0,1
800fcd8b08d36c5276f9e5e1013208d41b46de59,1805.04558,tfidf,5,0.5437713091520254,1.0,1.0,1.0,1.0,0.3333333333333333,1,1,1,1.0,1.0,0.3333333333333333,0.5714285714285714,0,0
803babb71e1bdaf507847d6c712585f4128e9f47,1910.14589,tfidf,5,0.0,0.0,0.0,0.0,0.0,0.0,0,0,0,0.0,0.0,0.0,0.0,0,0
804466848f4fa1c552f0d971dce226cd18b9edda,1908.11053,tfidf,5,1.0,1.0,1.0,1.0,1.0,1.0,1,1,1,1.0,1.0,0.3333333333333333,0.3333333333333333,0,0
804bf5adc6dc5dd52f8079cf041ed3a710e03f8a,1805.04833,tfidf,5,1.0,1.0,1.0,1.0,1.0,1.0,1,1,1,1.0,1.0,0.3333333333333333,0.3333333333333333,0,0
80bb07e553449bde9ac0ff35fcc718d7c161f2d4,2003.12660,tfidf,5,0.6309297535714575,1.0,1.0,1.0,1.0,0.5,1,1,1,1.0,1.0,0.3333333333333333,0.3333333333333333,0,0
80d6b9123a10358f57f259b8996a792cac08cb88,1809.06083,tfidf,5,0.38685280723454163,1.0,1.0,1.0,1.0,0.2,1,1,1,1.0,1.0,0.3333333333333333,0.3333333333333333,0,0
811b67460e65232b8f363dc3f329ffecdfcc4ab2,1911.12893,tfidf,5,0.10633668103022985,0.14285714285714285,0.14285714285714285,1.0,1.0,0.2,1,1,0,0.14285714285714285,1.0,0.3333333333333333,0.16666666666666666,0,1
813a8156f9ed8ead53dda60ef54601f6ca8076e9,1607.00167,tfidf,5,1.0,1.0,1.0,1.0,1.0,1.0,1,1,1,1.0,1.0,0.5714285714285714,0.5714285714285714,0,0
814e945668e2b6f31b088918758b120fb00ada7d,2003.11687,tfidf,5,0.43067655807339306,1.0,1.0,1.0,1.0,0.25,1,1,1,1.0,1.0,0.3333333333333333,0.3333333333333333,0,0
81e101b2c803257492d67a00e8a1d9a07cbab136,1909.05372,tfidf,5,1.0,1.0,1.0,1.0,1.0,1.0,1,1,1,1.0,1.0,0.3333333333333333,0.5714285714285714,0,0
824629b36a75753b1500d9dcaee0fc3c758297b1,1905.08067,tfidf,5,0.3562071871080222,0.0,1.0,0.0,1.0,0.16666666666666666,0,0,0,0.0,0.0,0.0,0.0,0,0
8246d1eee1482555d075127ac84f2e1d0781a446,1805.11598,tfidf,5,0.41183384043543503,0.0,1.0,0.0,1.0,0.16666666666666666,0,0,0,0.0,0.0,0.0,0.0,0,0
8276671a4d4d1fbc097cd4a4b7f5e7fadd7b9833,2002.00175,tfidf,5,1.0,1.0,1.0,1.0,1.0,1.0,1,1,1,1.0,1.0,0.5714285714285714,0.5714285714285714,0,0
82f8843b59668567bba09fc8f93963ca7d1fe107,1908.07491,tfidf,5,0.28097267762005274,0.25,0.5,1.0,1.0,0.25,1,0,0,0.25,0.3333333333333333,0.25,0.2222222222222222,1,0
83db51da819adf6faeb950fe04b4df942a887fb5,1809.08899,tfidf,5,0.123151194370365,0.0,0.25,0.0,1.0,0.125,0,0,0,0.0,0.0,0.0,0.0,0,0
845bdcd900c0f96b2ae091d086fb1ab8bb1063f0,2004.00809,tfidf,5,0.8529278650606567,1.0,1.0,1.0,1.0,1.0,1,1,1,1.0,1.0,0.5714285714285714,0.75,0,0
84765903b8c7234ca2919d0a40e3c6a5bcedf45d,1911.04873,tfidf,5,0.5012658353418871,1.0,1.0,1.0,1.0,0.25,1,1,1,1.0,1.0,0.3333333333333333,0.5714285714285714,0,0
8599d6d14ac157169920c73b98a79737c7a68cf5,1909.00437,tfidf,5,0.9197207891481876,1.0,1.0,1.0,1.0,1.0,1,1,1,1.0,1.0,0.3333333333333333,0.5714285714285714,0,0
85e417231a4bbb6691f7a89bd81710525f8fec4c,1611.06322,tfidf,5,0.17342765698823945,0.14285714285714285,0.14285714285714285,1.0,1.0,0.5,1,1,0,0.14285714285714285,1.0,0.3333333333333333,0.16666666666666666,0,1
860257956b83099cccf1359e5d960289d7d50265,1702.02367,tfidf,5,0.21840743681816419,0.0,0.5,0.0,1.0,0.16666666666666666,0,0,0,0.0,0.0,0.0,0.0,0,0
863b3f29f8c59f224b4cbdb5f1097b45a25f1d88,2001.04346,tfidf,5,0.3065735963827292,0.5,0.5,1.0,1.0,0.3333333333333333,1,1,0,0.5,1.0,0.3333333333333333,0.2857142857142857,0,1
865811dcf63a1dd3f22c62ec39ffbca4b182de31,1709.05295,tfidf,5,0.8175295903539445,0.5,1.0,1.0,1.0,1.0,1,1,0,0.5,1.0,0.3333333333333333,0.2857142857142857,0,1
86656aae3c27c6ea108f5600dd09ab7e421d876a,1906.01749,tfidf,5,1.0,1.0,1.0,1.0,1.0,1.0,1,1,1,1.0,1.0,0.3333333333333333,0.3333333333333333,0,0
867b1bb1e6a38de525be7757d49928a132d0dbd8,1912.00342,tfidf,5,1.0,1.0,1.0,1.0,1.0,1.0,1,1,1,1.0,1.0,0.3333333333333333,0.5714285714285714,0,0
86c867b393db0ec4ad09abb48cc1353cac47ea4c,1806.07042,tfidf,5,1.0,1.0,1.0,1.0,1.0,1.0,1,1,1,1.0,1.0,0.3333333333333333,0.5714285714285714,0,0
86d1c990c1639490c239c3dbf5492ecc44ab6652,1708.01065,tfidf,5,0.6131471927654584,0.5,0.5,1.0,1.0,1.0,1,1,0,0.5,1.0,0.3333333333333333,0.2857142857142857,0,1
8701ec7345ccc2c35eca4e132a8e16d58585cd63,1908.05731,tfidf,5,0.16716045496620227,0.0,0.3333333333333333,0.0,1.0,0.16666666666666666,0,0,0,0.0,0.0,0.0,0.0,0,0
871f7661f5a3da366b0b5feaa36f54fd3dedae8e,2003.09244,tfidf,5,0.0,0.0,0.0,0.0,0.0,0.0,0,0,0,0.0,0.0,0.0,0.0,0,0
8795bb1f874e5f3337710d8c3d5be49e672ab43a,1908.05803,tfidf,5,1.0,1.0,1.0,1.0,1.0,1.0,1,1,1,1.0,1.0,0.3333333333333333,0.3333333333333333,0,0
88757bc49ccab76e587fba7521f0981d6a1af2f7,1702.02584,tfidf,5,0.0,0.0,0.0,0.0,0.0,0.0,0,0,0,0.0,0.0,0.0,0.0,0,0
887d7f3edf37ccc6bf2e755dae418b04d2309686,1805.11937,tfidf,5,0.6508205185601091,0.6666666666666666,0.6666666666666666,1.0,1.0,1.0,1,1,0,0.6666666666666666,1.0,0.5714285714285714,0.5,0,1
89373db8ced1fe420eae0093b2736f06b565616e,1901.02780,tfidf,5,0.4428328130831785,0.25,0.75,1.0,1.0,0.3333333333333333,1,0,0,0.25,0.3333333333333333,0.25,0.2222222222222222,1,0
894bbb1e42540894deb31c04cba0e6cfb10ea912,1911.12237,tfidf,5,0.9197207891481876,1.0,1.0,1.0,1.0,1.0,1,1,1,1.0,1.0,0.5714285714285714,0.5714285714285714,0,0
8a0e1a298716698a305153c524bf03d18969b1c6,2001.11316,tfidf,5,0.6509209298071326,1.0,1.0,1.0,1.0,0.5,1,1,1,1.0,1.0,0.3333333333333333,0.5714285714285714,0,0
8ad5ebca2f69023b60ccfa3aac0ed426234437ac,1911.02747,tfidf,5,1.0,1.0,1.0,1.0,1.0,1.0,1,1,1,1.0,1.0,0.5714285714285714,0.5714285714285714,0,0
8b1af67e3905244653b4cf66ba0acec8d6bff81f,1704.08390,tfidf,5,0.30281242839865,0.0,0.6666666666666666,0.0,1.0,0.16666666666666666,0,0,0,0.0,0.0,0.0,0.0,0,0
8b49423b7d1fa834128aa5038aa16c6ef3fdfa32,1909.04242,tfidf,5,0.3333333333333333,0.0,1.0,0.0,1.0,0.14285714285714285,0,0,0,0.0,0.0,0.0,0.0,0,0
8b8adb1d5a1824c8995b3eba668745c44f61c9c6,1903.04329,tfidf,5,0.6886342695939197,0.5,0.75,1.0,1.0,1.0,1,0,0,0.5,0.6666666666666666,0.5,0.4444444444444444,1,0
8c288120139615532838f21094bba62a77f92617,1802.06053,tfidf,5,0.0,0.0,0.0,0.0,0.0,0.0,0,0,0,0.0,0.0,0.0,0.0,0,0
8c89f1d1b3c2a45c0254c4c8d6e700ab9a4b4ffb,1703.10090,tfidf,5,0.45321560571317415,0.14285714285714285,0.42857142857142855,1.0,1.0,1.0,1,0,0,0.14285714285714285,0.25,0.2222222222222222,0.16666666666666666,1,0
8cbe3fa4ec0f66071e3d6b829b09b6395b631c44,1611.06322,tfidf,5,0.0,0.0,0.0,0.0,0.0,0.0,0,0,0,0.0,0.0,0.0,0.0,0,0
8cf52ba480d372fc15024b3db704952f10fdca27,1802.02614,tfidf,5,0.0,0.0,0.0,0.0,0.0,0.0,0,0,0,0.0,0.0,0.0,0.0,0,0
8cf5abf0126f19253930478b02f0839af28e4093,1805.04558,tfidf,5,0.0,0.0,0.0,0.0,0.0,0.0,0,0,0,0.0,0.0,0.0,0.0,0,0
8d3f79620592d040f9f055b4fce0f73cc45aab63,1711.04964,tfidf,5,0.6131471927654584,0.5,0.5,1.0,1.0,1.0,1,1,0,0.5,1.0,0.3333333333333333,0.2857142857142857,0,1
8d683d2e1f46626ceab60ee4ab833b50b346c29e,1908.11053,tfidf,5,1.0,1.0,1.0,1.0,1.0,1.0,1,1,1,1.0,1.0,0.3333333333333333,0.3333333333333333,0,0
8db11d9166474a0e98b99ac7f81d1f14539d79ec,1910.10487,tfidf,5,0.45560514958746035,0.5,1.0,1.0,1.0,0.2,1,1,0,0.5,1.0,0.3333333333333333,0.2857142857142857,0,1
8ddf78dbdc6ac964a7102ae84df18582841f2e3c,1605.05156,tfidf,5,1.0,1.0,1.0,1.0,1.0,1.0,1,1,1,1.0,1.0,0.3333333333333333,0.3333333333333333,0,0
8de0e1fdcca81b49615a6839076f8d42226bf1fe,1908.07888,tfidf,5,0.38685280723454163,1.0,1.0,1.0,1.0,0.2,1,1,1,1.0,1.0,0.3333333333333333,0.3333333333333333,0,0
8dfdd1ed805bb23c774fbb032ef1d97c6802e07c,1706.02427,tfidf,5,0.4776237035032179,0.6666666666666666,0.6666666666666666,1.0,1.0,0.5,1,1,0,0.6666666666666666,1.0,0.3333333333333333,0.5,0,1
8e113fd9661bc8af97e30c75a20712f01fc4520a,1911.10401,tfidf,5,0.5,1.0,1.0,1.0,1.0,0.3333333333333333,1,1,1,1.0,1.0,0.3333333333333333,0.3333333333333333,0,0
8e26c471ca0ee1b9779da04c0b81918fd310d0f3,1906.05506,tfidf,5,0.18457569677956817,0.0,0.5,0.0,1.0,0.1111111111111111,0,0,0,0.0,0.0,0.0,0.0,0,0
8f6b11413a19fe4639b3fba88fc6b3678286fa0c,1911.09241,tfidf,5,0.0,0.0,0.0,0.0,0.0,0.0,0,0,0,0.0,0.0,0.0,0.0,0,0
8faec509406d33444bd620afc829adc9eae97644,1912.07940,tfidf,5,0.3065735963827292,0.5,0.5,1.0,1.0,0.3333333333333333,1,1,0,0.5,1.0,0.3333333333333333,0.2857142857142857,0,1
8ffae517bc0efa453b7e316d41bd9f1b6679b158,1909.05372,tfidf,5,0.2640681225725909,0.5,0.5,1.0,1.0,0.25,1,1,0,0.5,1.0,0.3333333333333333,0.2857142857142857,0,1
903ac8686ed7e6e3269a5d863f06ff11c50e49e8,1907.00168,tfidf,5,1.0,1.0,1.0,1.0,1.0,1.0,1,1,1,1.0,1.0,0.3333333333333333,0.3333333333333333,0,0
90756bdcd812b7ecc1c5df2298aa7561fd2eb02c,1804.01155,tfidf,5,0.6131471927654584,0.5,0.5,1.0,1.0,1.0,1,1,0,0.5,1.0,0.3333333333333333,0.2857142857142857,0,1
908ba58d26d15c14600623498d4e86c9b73b14b2,2004.02105,tfidf,5,0.6131471927654584,0.5,0.5,1.0,1.0,1.0,1,1,0,0.5,1.0,0.3333333333333333,0.2857142857142857,0,1
909ecf675f874421eecc926a9f7486475aa1423c,1908.07888,tfidf,5,0.6131471927654584,0.5,0.5,1.0,1.0,1.0,1,1,0,0.5,1.0,0.3333333333333333,0.2857142857142857,0,1
90aba75508aa145475d7cc9a501bbe987c0e8413,2004.02363,tfidf,5,0.0,0.0,0.0,0.0,0.0,0.0,0,0,0,0.0,0.0,0.0,0.0,0,0
90dde59e1857a0d2b1ee4615ab017fee0741f29f,1911.12893,tfidf,5,0.5,1.0,1.0,1.0,1.0,0.3333333333333333,1,1,1,1.0,1.0,0.3333333333333333,0.3333333333333333,0,0
9119fbfba84d298014d1b74e0e3d30330320002c,1912.00239,tfidf,5,0.31546487678572877,0.0,1.0,0.0,1.0,0.125,0,0,0,0.0,0.0,0.0,0.0,0,0
91336f12ab94a844b66b607f8621eb8bbd209f32,1909.09070,tfidf,5,0.6934264036172708,1.0,1.0,1.0,1.0,0.5,1,1,1,1.0,1.0,0.5714285714285714,0.5714285714285714,0,0
9133a85730c4090fe8b8d08eb3d9146efe7d7037,1803.05160,tfidf,5,0.44202250846479313,0.16666666666666666,0.6666666666666666,1.0,1.0,0.3333333333333333,1,0,0,0.16666666666666666,0.5,0.2857142857142857,0.18181818181818182,1,0
915e4d0b3cb03789a20380ead961d473cb95bfc3,1710.11027,tfidf,5,0.5,1.0,1.0,1.0,1.0,0.3333333333333333,1,1,1,1.0,1.0,0.3333333333333333,0.3333333333333333,0,0
919681faa9731057b3fae5052b7da598abd3e04b,2004.04498,tfidf,5,0.265053101293003,0.14285714285714285,0.2857142857142857,1.0,1.0,0.5,1,0,0,0.14285714285714285,0.14285714285714285,0.16666666666666666,0.16666666666666666,1,0
91e361e85c6d3884694f3c747d61bfcef171bab0,1909.12079,tfidf,5,0.43734888382569426,0.3333333333333333,0.6666666666666666,1.0,1.0,0.5,1,0,0,0.3333333333333333,0.3333333333333333,0.25,0.25,1,0
9207f19e65422bdf28f20e270ede6c725a38e5f9,1605.05156,tfidf,5,0.38162168437253385,0.0,1.0,0.0,1.0,0.14285714285714285,0,0,0,0.0,0.0,0.0,0.0,0,0
92fc94a4999d1b25a0593904025eb7b8953bb28b,1909.06708,tfidf,5,0.298254219601818,0.25,0.5,1.0,1.0,0.25,1,0,0,0.25,0.5,0.2857142857142857,0.2222222222222222,1,0
9489b0ecb643c1fc95c001c65d4e9771315989aa,1704.04451,tfidf,5,0.0,0.0,0.0,0.0,0.0,0.0,0,0,0,0.0,0.0,0.0,0.0,0,0
949a2bc34176e47a4d895bcc3223f2a960f15a81,1708.09025,tfidf,5,0.0,0.0,0.0,0.0,0.0,0.0,0,0,0,0.0,0.0,0.0,0.0,0,0
95646d0ac798dcfc15b43fa97a1908df9f7b9681,1910.13793,tfidf,5,0.6309297535714575,1.0,1.0,1.0,1.0,0.5,1,1,1,1.0,1.0,0.3333333333333333,0.3333333333333333,0,0
9595fdf7b51251679cd39bc4f6befc81f09c853c,1901.05389,tfidf,5,0.31546487678572877,0.0,1.0,0.0,1.0,0.125,0,0,0,0.0,0.0,0.0,0.0,0,0
95af7aaea3ce9dab4cf64e2229ce9b98381dd050,1612.03762,tfidf,5,0.09109240322345806,0.0,0.16666666666666666,0.0,1.0,0.1111111111111111,0,0,0,0.0,0.0,0.0,0.0,0,0
95ef89dc29ff291bdbe48cb956329a6a06d36db8,1911.00461,tfidf,5,0.0,0.0,0.0,0.0,0.0,0.0,0,0,0,0.0,0.0,0.0,0.0,0,0
961a97149127e1123c94fbf7e2021eb1aa580ecb,1911.09247,tfidf,5,0.3391602052736161,0.2,0.2,1.0,1.0,1.0,1,0,0,0.2,0.25,0.2222222222222222,0.2,1,0
96459b02efa82993a0b413530ed0b517c6633eea,1908.10090,tfidf,5,0.5437713091520254,1.0,1.0,1.0,1.0,0.3333333333333333,1,1,1,1.0,1.0,0.5714285714285714,0.5714285714285714,0,0
965e0ce975a0b8612a30cfc31bbfd4b8a57aa138,1706.02427,tfidf,5,0.2640681225725909,0.5,0.5,1.0,1.0,0.25,1,1,0,0.5,1.0,0.3333333333333333,0.2857142857142857,0,1
97055ab0227ed6ac7a8eba558b94f01867bb9562,1610.07149,tfidf,5,0.5,1.0,1.0,1.0,1.0,0.3333333333333333,1,1,1,1.0,1.0,0.3333333333333333,0.3333333333333333,0,0
97708d93bccc832ea671dc31a76dad6a121fcd60,1707.06875,tfidf,5,0.09803928583135704,0.0,0.2,0.0,1.0,0.1,0,0,0,0.0,0.0,0.0,0.0,0,0
9887ca3d25e2109f41d1da80eeea05c465053fbc,1911.12722,tfidf,5,0.6934264036172708,1.0,1.0,1.0,1.0,0.5,1,1,1,1.0,1.0,0.5714285714285714,0.5714285714285714,0,0
98b97d24f31e9c535997e9b6cb126eb99fc72a90,1910.01160,tfidf,5,0.0,0.0,0.0,0.0,0.0,0.0,0,0,0,0.0,0.0,0.0,0.0,0,0
991ea04072b3412928be5e6e903cfa54eeac3951,1808.10006,tfidf,5,0.8503449055347546,1.0,1.0,1.0,1.0,1.0,1,1,1,1.0,1.0,0.3333333333333333,0.5714285714285714,0,0
9925e7d8757e8fd7411bcb5250bc08158a244fb3,1911.05652,tfidf,5,0.38685280723454163,1.0,1.0,1.0,1.0,0.2,1,1,1,1.0,1.0,0.3333333333333333,0.3333333333333333,0,0
992e67f706c728bc0e534f974c1656da10e7a724,1911.10401,tfidf,5,0.6309297535714575,1.0,1.0,1.0,1.0,0.5,1,1,1,1.0,1.0,0.3333333333333333,0.3333333333333333,0,0
998fa38634000f2d7b52d16518b9e18e898ce933,1908.05758,tfidf,5,0.0,0.0,0.0,0.0,0.0,0.0,0,0,0,0.0,0.0,0.0,0.0,0,0
99e99f2c25706085cd4de4d55afe0ac43213d7c8,2002.09616,tfidf,5,1.0,1.0,1.0,1.0,1.0,1.0,1,1,1,1.0,1.0,0.3333333333333333,0.3333333333333333,0,0
99f898eb91538cb82bc9a00892d54ae2a740961e,1710.10380,tfidf,5,0.3562071871080222,0.0,1.0,0.0,1.0,0.16666666666666666,0,0,0,0.0,0.0,0.0,0.0,0,0
9a7aeecbecf5e30ffa595c233fca31719c9b429f,1704.08390,tfidf,5,0.3562071871080222,0.0,1.0,0.0,1.0,0.16666666666666666,0,0,0,0.0,0.0,0.0,0.0,0,0
9aabcba3d44ee7d0bbf6a2c019ab9e0f02fab244,1605.05195,tfidf,5,0.2960819109658652,0.3333333333333333,0.3333333333333333,1.0,1.0,0.5,1,0,0,0.3333333333333333,0.5,0.2857142857142857,0.25,1,0
9b05d5f723a8a452522907778a084b52e27fd924,1803.08614,tfidf,5,0.0,0.0,0.0,0.0,0.0,0.0,0,0,0,0.0,0.0,0.0,0.0,0,0
9b1382b44dc69f7ee20acf952f7ceb1c3ef83965,1610.03955,tfidf,5,0.3889580943680543,0.0,1.0,0.0,1.0,0.14285714285714285,0,0,0,0.0,0.0,0.0,0.0,0,0
9b536f4428206ef7afabc4ff0a2ebcbabd68b985,2001.11316,tfidf,5,0.7903864795495061,0.5,1.0,1.0,1.0,1.0,1,1,0,0.5,1.0,0.3333333333333333,0.2857142857142857,0,1
9b6339e24f58b576143d2adf599cfc4a31fd3b0c,2003.11531,tfidf,5,0.8772153153380493,1.0,1.0,1.0,1.0,1.0,1,1,1,1.0,1.0,0.3333333333333333,0.5714285714285714,0,0
9b868c7d17852f46a8fe725f24cb9548fdbd2b05,1903.02930,tfidf,5,0.8772153153380493,1.0,1.0,1.0,1.0,1.0,1,1,1,1.0,1.0,0.3333333333333333,0.5714285714285714,0,0
9baca9bdb8e7d5a750f8cbe3282beb371347c164,1901.05389,tfidf,5,0.6309297535714575,1.0,1.0,1.0,1.0,0.5,1,1,1,1.0,1.0,0.3333333333333333,0.3333333333333333,0,0
9be9354eeb2bb1827eeb1e23a20cfdca59fb349a,2002.03056,tfidf,5,1.0,1.0,1.0,1.0,1.0,1.0,1,1,1,1.0,1.0,0.3333333333333333,0.3333333333333333,0,0
9c2cacf77041e02d38f92a4c490df1e04552f96f,1905.00472,tfidf,5,0.810582531061383,0.5,1.0,1.0,1.0,1.0,1,1,0,0.5,1.0,0.3333333333333333,0.4444444444444444,0,1
9c529bd3f7565b2178a79aae01c98c90f9d372ad,1705.00571,tfidf,5,0.5,1.0,1.0,1.0,1.0,0.3333333333333333,1,1,1,1.0,1.0,0.3333333333333333,0.3333333333333333,0,0
9ca85242ebeeafa88a0246986aa760014f6094f2,1803.05160,tfidf,5,0.123151194370365,0.0,0.25,0.0,1.0,0.125,0,0,0,0.0,0.0,0.0,0.0,0,0
9ce90f4132b34a328fa49a63e897f376a3ad3ca8,1909.00871,tfidf,5,0.8772153153380493,1.0,1.0,1.0,1.0,1.0,1,1,1,1.0,1.0,0.3333333333333333,0.5714285714285714,0,0
9d6b2672b11d49c37a6bfb06172d39742d48aef4,1705.10272,tfidf,5,1.0,1.0,1.0,1.0,1.0,1.0,1,1,1,1.0,1.0,0.3333333333333333,0.3333333333333333,0,0
9d6d17120c42a834b2b5d96f2120d646218ed4bb,1706.02427,tfidf,5,0.15642624200758548,0.0,0.3333333333333333,0.0,1.0,0.14285714285714285,0,0,0,0.0,0.0,0.0,0.0,0,0
9d963d385bd495a7e193f8a498d64c1612e6c20c,1907.01339,tfidf,5,0.45749452618986164,0.5,1.0,1.0,1.0,0.25,1,0,0,0.5,0.5,0.2857142857142857,0.2857142857142857,1,0
9da181ac8f2600eb19364c1b1e3cdeb569811a11,1908.10001,tfidf,5,0.559008518493208,0.5,0.75,1.0,1.0,0.5,1,0,0,0.5,0.6666666666666666,0.5,0.4444444444444444,1,0
9dcc10a4a325d4c9cb3bb8134831ee470be47e93,1602.03483,tfidf,5,0.0,0.0,0.0,0.0,0.0,0.0,0,0,0,0.0,0.0,0.0,0.0,0,0
9dd8ce48a2a59a63ae6366ab8b2b8828e5ae7f35,1904.02954,tfidf,5,0.0,0.0,0.0,0.0,0.0,0.0,0,0,0,0.0,0.0,0.0,0.0,0,0
9e9aa8af4b49e2e1e8cd9995293a7982ea1aba0e,1910.09387,tfidf,5,0.43734888382569426,0.3333333333333333,0.6666666666666666,1.0,1.0,0.5,1,1,0,0.3333333333333333,1.0,0.3333333333333333,0.25,0,1
9ec0527bda2c302f4e82949cc0ae7f7769b7bfb8,2003.00864,tfidf,5,0.0,0.0,0.0,0.0,0.0,0.0,0,0,0,0.0,0.0,0.0,0.0,0,0
9eec16e560f9ccafd7ba6f1e0db742b330b42ba9,1710.11334,tfidf,5,0.6131471927654584,0.5,0.5,1.0,1.0,1.0,1,1,0,0.5,1.0,0.3333333333333333,0.2857142857142857,0,1
9ef0d2365bde0d18054511fbb53cec5fa2cda5ee,1908.11049,tfidf,5,0.20438239758848611,0.0,0.5,0.0,1.0,0.14285714285714285,0,0,0,0.0,0.0,0.0,0.0,0,0
9f065e787a0d40bb4550be1e0d64796925459005,1708.07252,tfidf,5,0.19342640361727081,0.0,0.5,0.0,1.0,0.125,0,0,0,0.0,0.0,0.0,0.0,0,0
9f1d81b2a6fe6835042a5229690e1951b97ff671,1806.04387,tfidf,5,0.31546487678572877,0.0,1.0,0.0,1.0,0.125,0,0,0,0.0,0.0,0.0,0.0,0,0
9f1e60ee86a5c46abe75b67ef369bf92a5090568,1911.11899,tfidf,5,0.6934264036172708,1.0,1.0,1.0,1.0,0.5,1,1,1,1.0,1.0,0.5714285714285714,0.5714285714285714,0,0
9f74f3991b8681619d95ab93a7c8733a843ddffe,1907.10676,tfidf,5,0.1208113026994942,0.0,0.2,0.0,1.0,0.16666666666666666,0,0,0,0.0,0.0,0.0,0.0,0,0
a064337bafca8cf01e222950ea97ebc184c47bc0,1609.02075,tfidf,5,0.16812753627111746,0.25,0.25,1.0,1.0,0.25,1,0,0,0.25,0.3333333333333333,0.25,0.2222222222222222,1,0
a064d01d45a33814947161ff208abb88d4353b26,1711.03759,tfidf,5,1.0,1.0,1.0,1.0,1.0,1.0,1,1,1,1.0,1.0,0.3333333333333333,0.3333333333333333,0,0
a0fd0c0fe042ad045b8d5095c81643ef3a352b81,1604.02038,tfidf,5,0.0,0.0,0.0,0.0,0.0,0.0,0,0,0,0.0,0.0,0.0,0.0,0,0
a18d74109ed55ed14c33913efa62e12f207279c0,1802.09059,tfidf,5,0.3562071871080222,0.0,1.0,0.0,1.0,0.16666666666666666,0,0,0,0.0,0.0,0.0,0.0,0,0
a1ac4463031bbc42c80893b57c0055b860f12e10,1908.06893,tfidf,5,1.0,1.0,1.0,1.0,1.0,1.0,1,1,1,1.0,1.0,0.3333333333333333,0.3333333333333333,0,0
a24b2269b292fd0ee81d50303d1315383c594382,2004.03090,tfidf,5,1.0,1.0,1.0,1.0,1.0,1.0,1,1,1,1.0,1.0,0.3333333333333333,0.3333333333333333,0,0
a28c73a6a8c46a43a1eec2b42b542dd7fde1e30e,1906.05506,tfidf,5,0.6309297535714575,1.0,1.0,1.0,1.0,0.5,1,1,1,1.0,1.0,0.3333333333333333,0.3333333333333333,0,0
a2baa8e266318f23f43321c4b2b9cf467718c94a,1611.00440,tfidf,5,0.3562071871080222,0.0,1.0,0.0,1.0,0.16666666666666666,0,0,0,0.0,0.0,0.0,0.0,0,0
a2edd0454026811223b8f31512bdae91159677be,2002.03056,tfidf,5,0.5294362295028773,0.25,0.5,1.0,1.0,1.0,1,0,0,0.25,0.25,0.2222222222222222,0.2222222222222222,1,0
a3705b53c6710b41154c65327b7bbec175bdfae7,1910.03355,tfidf,5,0.0,0.0,0.0,0.0,0.0,0.0,0,0,0,0.0,0.0,0.0,0.0,0,0
a398c9b061f28543bc77c2951d0dfc5d1bee9e87,1808.00957,tfidf,5,0.5,1.0,1.0,1.0,1.0,0.3333333333333333,1,1,1,1.0,1.0,0.3333333333333333,0.3333333333333333,0,0
a3a867f7b3557c168d05c517c468ff6c7337bff9,1701.03578,tfidf,5,0.3806727902260371,0.2,0.6,1.0,1.0,0.3333333333333333,1,0,0,0.2,0.3333333333333333,0.25,0.2,1,0
a3ba21341f0cb79d068d24de33b23c36fa646752,2002.06851,tfidf,5,1.0,1.0,1.0,1.0,1.0,1.0,1,1,1,1.0,1.0,0.3333333333333333,0.3333333333333333,0,0
a3e7d7389228a197c8c44e0c504a791b60f2c80d,1909.00091,tfidf,5,0.24816574496561808,0.2,0.4,1.0,1.0,0.25,1,0,0,0.2,0.2,0.2,0.2,1,0
a464052fd11af1d2d99e407c11791269533d43d1,1802.06053,tfidf,5,0.8065735963827293,0.5,1.0,1.0,1.0,1.0,1,1,0,0.5,1.0,0.3333333333333333,0.2857142857142857,0,1
a4a9971799c8860b50f219c93f050ebf6a627b3d,1905.08067,tfidf,5,0.18154179253735267,0.3333333333333333,0.3333333333333333,1.0,1.0,0.2,1,0,0,0.3333333333333333,0.3333333333333333,0.25,0.25,1,0
a4b77a20e067789691e0ab246bc5b11913d77ae1,1703.04009,tfidf,5,0.38685280723454163,1.0,1.0,1.0,1.0,0.2,1,1,1,1.0,1.0,0.3333333333333333,0.3333333333333333,0,0
a4cf0cf372f62b2dbc7f31c600c6c66246263328,1912.11980,tfidf,5,0.0,0.0,0.0,0.0,0.0,0.0,0,0,0,0.0,0.0,0.0,0.0,0,0
a59e86a15405c8a11890db072b99fda3173e5ab2,1704.04451,tfidf,5,0.0,0.0,0.0,0.0,0.0,0.0,0,0,0,0.0,0.0,0.0,0.0,0,0
a5df7361ae37b9512fb57cb93efbece9ded8cab1,1710.11027,tfidf,5,1.0,1.0,1.0,1.0,1.0,1.0,1,1,1,1.0,1.0,0.3333333333333333,0.5714285714285714,0,0
a606bffed3bfeebd1b66125be580f908244e5d92,1911.09753,tfidf,5,0.3065735963827292,0.5,0.5,1.0,1.0,0.3333333333333333,1,1,0,0.5,1.0,0.3333333333333333,0.2857142857142857,0,1
a67a2d9acad1787b636ca2681330f4c29a0b0254,1606.07043,tfidf,5,0.6309297535714575,1.0,1.0,1.0,1.0,0.5,1,1,1,1.0,1.0,0.3333333333333333,0.3333333333333333,0,0
a71fb012631e6a8854d5945b6d0ab2ab8e7b7ee6,1611.04234,tfidf,5,0.5,1.0,1.0,1.0,1.0,0.3333333333333333,1,1,1,1.0,1.0,0.3333333333333333,0.3333333333333333,0,0
a7313c29b154e84b571322532f5cab08e9d49e51,2003.13028,tfidf,5,0.8503449055347546,1.0,1.0,1.0,1.0,1.0,1,1,1,1.0,1.0,0.5714285714285714,0.5714285714285714,0,0
a77d38427639d54461ae308f3045434f81e497d0,1906.08871,tfidf,5,0.8838242945899706,0.75,1.0,1.0,1.0,1.0,1,1,0,0.75,1.0,0.5714285714285714,0.6666666666666666,0,1
a786cceba4372f6041187c426432853eda03dca6,1910.02001,tfidf,5,0.0,0.0,0.0,0.0,0.0,0.0,0,0,0,0.0,0.0,0.0,0.0,0,0
a79a23573d74ec62cbed5d5457a51419a66f6296,1906.04287,tfidf,5,0.6309297535714575,1.0,1.0,1.0,1.0,0.5,1,1,1,1.0,1.0,0.3333333333333333,0.3333333333333333,0,0
a7e1b13cc42bfe78d37b9c943de6288e5f00f01b,1608.01972,tfidf,5,0.0,0.0,0.0,0.0,0.0,0.0,0,0,0,0.0,0.0,0.0,0.0,0,0
a836ab8eb5a72af4b0a0c83bf42a2a14d1b38763,1911.07620,tfidf,5,0.17723928678404774,0.0,0.5,0.0,1.0,0.1,0,0,0,0.0,0.0,0.0,0.0,0,0
a837dcbd339e27a974e28944178c790a5b0b37c0,1910.02001,tfidf,5,0.0,0.0,0.0,0.0,0.0,0.0,0,0,0,0.0,0.0,0.0,0.0,0,0
a8cc891bb8dccf0d32c1c9cd1699d5ead0eed711,1909.04251,tfidf,5,0.0,0.0,0.0,0.0,0.0,0.0,0,0,0,0.0,0.0,0.0,0.0,0,0
a8e5e10d13b3f21dd11e8eb58e30cc25efc56e93,1708.09025,tfidf,5,1.0,1.0,1.0,1.0,1.0,1.0,1,1,1,1.0,1.0,0.3333333333333333,0.3333333333333333,0,0
a8f189fad8b72f8b2b4d2da4ed8475d31642d9e7,1611.01116,tfidf,5,0.3065735963827292,0.5,0.5,1.0,1.0,0.3333333333333333,1,1,0,0.5,1.0,0.3333333333333333,0.2857142857142857,0,1
a98ae529b47362f917a398015c8525af3646abf0,1912.11637,tfidf,5,0.5101671483174705,0.5,0.75,1.0,1.0,0.5,1,1,0,0.5,1.0,0.5714285714285714,0.4444444444444444,0,1
a994cc18046912a8c9328dc572f4e4310736c0e2,1704.03279,tfidf,5,0.2890648263178879,0.0,1.0,0.0,1.0,0.1,0,0,0,0.0,0.0,0.0,0.0,0,0
a9cae57f494deb0245b40217d699e9a22db0ea6e,1611.02378,tfidf,5,0.6309297535714575,1.0,1.0,1.0,1.0,0.5,1,1,1,1.0,1.0,0.3333333333333333,0.3333333333333333,0,0
a9d5f83f4b32c52105f2ae1c570f1c590ac52487,1909.08211,tfidf,5,1.0,1.0,1.0,1.0,1.0,1.0,1,1,1,1.0,1.0,0.5714285714285714,0.5714285714285714,0,0
a9eb8039431e2cb885cfcf96eb58c0675b36b3bd,1908.05758,tfidf,5,0.38685280723454163,0.5,0.5,1.0,1.0,0.5,1,1,0,0.5,1.0,0.3333333333333333,0.2857142857142857,0,1
a9ff35f77615b3a4e7fd7b3a53d0b288a46f06ce,1911.11025,tfidf,5,0.0,0.0,0.0,0.0,0.0,0.0,0,0,0,0.0,0.0,0.0,0.0,0,0
aa287673534fc05d8126c8e3486ca28821827034,1607.00167,tfidf,5,0.407591902495008,0.25,0.75,1.0,1.0,0.2,1,0,0,0.25,0.3333333333333333,0.25,0.2222222222222222,1,0
aa7c5386aedfb13a361a2629b67cb54277e208d2,1911.04128,tfidf,5,0.23719771276929622,0.5,0.5,1.0,1.0,0.2,1,1,0,0.5,1.0,0.3333333333333333,0.2857142857142857,0,1
ab8b0e6912a7ca22cf39afdac5531371cda66514,1912.03010,tfidf,5,0.23719771276929622,0.5,0.5,1.0,1.0,0.2,1,1,0,0.5,1.0,0.3333333333333333,0.2857142857142857,0,1
ab975efc916c34f55e1144b1d28e7dfdc257e371,1804.03839,tfidf,5,0.30281242839865,0.0,0.6666666666666666,0.0,1.0,0.16666666666666666,0,0,0,0.0,0.0,0.0,0.0,0,0
ac87dd34d28c3edd9419fa0145f3d38c87d696aa,1807.08089,tfidf,5,0.0,0.0,0.0,0.0,0.0,0.0,0,0,0,0.0,0.0,0.0,0.0,0,0
acac0606aab83cae5d13047863c7af542d58e54c,1908.07491,tfidf,5,0.43067655807339306,1.0,1.0,1.0,1.0,0.25,1,1,1,1.0,1.0,0.3333333333333333,0.3333333333333333,0,0
ae1c4f9e33d0cd64d9a313c318ad635620303cdd,1906.11085,tfidf,5,0.38685280723454163,0.5,0.5,1.0,1.0,0.5,1,1,0,0.5,1.0,0.3333333333333333,0.2857142857142857,0,1
ae7c5cf9c2c121097eb00d389cfd7cc2a5a7d577,2004.02143,tfidf,5,0.39106560501896365,0.3333333333333333,0.6666666666666666,1.0,1.0,0.3333333333333333,1,0,0,0.3333333333333333,0.5,0.2857142857142857,0.25,1,0
ae89eed483c11ccd70a34795e9fe416af8a35da2,1911.01214,tfidf,5,0.86034433104172,0.6666666666666666,1.0,1.0,1.0,1.0,1,1,0,0.6666666666666666,1.0,0.5714285714285714,0.5,0,1
aebd1f0d728d0de5f76238844da044a44109f76f,1911.04474,tfidf,5,0.521844871212202,0.3333333333333333,0.4444444444444444,1.0,1.0,1.0,1,1,0,0.3333333333333333,1.0,0.5714285714285714,0.42857142857142855,0,1
af45ff2c4209f14235482329d0729864fb2bd4b0,1911.12893,tfidf,5,0.38364913903790027,0.6666666666666666,0.6666666666666666,1.0,1.0,0.25,1,1,0,0.6666666666666666,1.0,0.3333333333333333,0.5,0,1
af948ea91136c700957b438d927f58d9b051c97c,2004.02143,tfidf,5,0.6309297535714575,1.0,1.0,1.0,1.0,0.5,1,1,1,1.0,1.0,0.3333333333333333,0.3333333333333333,0,0
afad388a0141bdda5ca9586803ac53d5f10f41f6,1908.08917,tfidf,5,0.0,0.0,0.0,0.0,0.0,0.0,0,0,0,0.0,0.0,0.0,0.0,0,0
b012df09fa2a3d6b581032d68991768cf4bc9d7b,1908.10461,tfidf,5,0.0,0.0,0.0,0.0,0.0,0.0,0,0,0,0.0,0.0,0.0,0.0,0,0
b03249984c26baffb67e7736458b320148675900,1901.05389,tfidf,5,1.0,1.0,1.0,1.0,1.0,1.0,1,1,1,1.0,1.0,0.3333333333333333,0.3333333333333333,0,0
b065c2846817f3969b39e355d5d017e326d6f42e,1708.01065,tfidf,5,0.0,0.0,0.0,0.0,0.0,0.0,0,0,0,0.0,0.0,0.0,0.0,0,0
b10388e343868ca8e5c7c601ebb903f52e756e61,1803.08419,tfidf,5,0.6509209298071326,1.0,1.0,1.0,1.0,0.5,1,1,1,1.0,1.0,0.3333333333333333,0.5714285714285714,0,0
b160bfb341f24ae42a268aa18641237a4b3a6457,2003.03728,tfidf,5,0.4415801103577823,0.5,1.0,1.0,1.0,0.2,1,0,0,0.5,0.5,0.2857142857142857,0.2857142857142857,1,0
b1fe6a39b474933038b44b6d45e5ca32af7c3e36,2004.04498,tfidf,5,0.6309297535714575,1.0,1.0,1.0,1.0,0.5,1,1,1,1.0,1.0,0.3333333333333333,0.3333333333333333,0,0
b210c3e48c15cdc8c47cf6f4b6eb1c29a1933654,1604.02201,tfidf,5,0.48247555939075504,0.5,1.0,1.0,1.0,0.25,1,0,0,0.5,0.5,0.2857142857142857,0.2857142857142857,1,0
b21245212244ad7adf7d321420f2239a0f0fe56b,1908.10149,tfidf,5,0.19342640361727081,0.0,0.5,0.0,1.0,0.125,0,0,0,0.0,0.0,0.0,0.0,0,0
b32de10d84b808886d7a91ab0c423d4fc751384c,1603.09381,tfidf,5,0.0,0.0,0.0,0.0,0.0,0.0,0,0,0,0.0,0.0,0.0,0.0,0,0
b3432f52af0b95929e6723dd1f01ce029d90a268,1808.07733,tfidf,5,0.5249810332008933,0.5,1.0,1.0,1.0,0.3333333333333333,1,1,0,0.5,1.0,0.3333333333333333,0.2857142857142857,0,1
b39b278aa1cf2f87ad4159725dff77b387f2df84,2003.11687,tfidf,5,0.6309297535714575,1.0,1.0,1.0,1.0,0.5,1,1,1,1.0,1.0,0.3333333333333333,0.3333333333333333,0,0
b3b9d7c8722e8ec41cbbae40e68458485a5ba25c,1910.07924,tfidf,5,0.16958010263680806,0.2,0.2,1.0,1.0,0.3333333333333333,1,0,0,0.2,0.25,0.2222222222222222,0.2,1,0
b3dc9a35e8c3ed7abcc4ca0bf308dea75be9c016,1708.01065,tfidf,5,0.0,0.0,0.0,0.0,0.0,0.0,0,0,0,0.0,0.0,0.0,0.0,0,0
b424ad7f9214076b963a0077d7345d7bb5a7a205,2002.00175,tfidf,5,0.17723928678404774,0.0,0.5,0.0,1.0,0.1,0,0,0,0.0,0.0,0.0,0.0,0,0
b4b7333805cb6fdde44907747887a971422dc298,2003.09244,tfidf,5,0.38685280723454163,1.0,1.0,1.0,1.0,0.2,1,1,1,1.0,1.0,0.3333333333333333,0.3333333333333333,0,0
b537832bba2eb6d34702a9d71138e661c05a7c3a,1906.01076,tfidf,5,0.0,0.0,0.0,0.0,0.0,0.0,0,0,0,0.0,0.0,0.0,0.0,0,0
b57ad10468e1ba2a7a34396688dbb10a575d89f5,1706.02427,tfidf,5,1.0,1.0,1.0,1.0,1.0,1.0,1,1,1,1.0,1.0,0.3333333333333333,0.3333333333333333,0,0
b59f3a58939f7ac007d3263a459c56ebefc4b49a,2003.09244,tfidf,5,0.12647135138382856,0.125,0.125,1.0,1.0,0.3333333333333333,1,0,0,0.125,0.3333333333333333,0.25,0.15384615384615385,1,0
b62b7ec5128219f04be41854247d5af992797937,1910.03355,tfidf,5,0.0,0.0,0.0,0.0,0.0,0.0,0,0,0,0.0,0.0,0.0,0.0,0,0
b6aa5665c981e3b582db4760759217e2979d5626,1909.10481,tfidf,5,0.21840743681816419,0.0,0.5,0.0,1.0,0.16666666666666666,0,0,0,0.0,0.0,0.0,0.0,0,0
b6c2a391c4a94eaa768150f151040bb67872c0bf,1605.05195,tfidf,5,0.6131471927654584,0.5,0.5,1.0,1.0,1.0,1,1,0,0.5,1.0,0.3333333333333333,0.2857142857142857,0,1
b6e97d1b1565732b1b3f1d74e6d2800dd21be37a,1707.05589,tfidf,5,0.11284514134893527,0.0,0.25,0.0,1.0,0.1,0,0,0,0.0,0.0,0.0,0.0,0,0
b70e4c49300dc3eab18e907ab903afd2a0c6075a,1909.00437,tfidf,5,0.43067655807339306,1.0,1.0,1.0,1.0,0.25,1,1,1,1.0,1.0,0.3333333333333333,0.3333333333333333,0,0
b783ec5cb9ad595da7db2c0ddf871152ae382c5f,1805.04833,tfidf,5,0.0,0.0,0.0,0.0,0.0,0.0,0,0,0,0.0,0.0,0.0,0.0,0,0
b78bb6fe817c2d4bc69236df998f546e94c3ee21,1704.06851,tfidf,5,0.5495131569368807,0.4,0.8,1.0,1.0,0.3333333333333333,1,0,0,0.4,0.4,0.4,0.4,1,0
b79c85fa84712d3028cb5be2af873c634e51140e,1605.05156,tfidf,5,1.0,1.0,1.0,1.0,1.0,1.0,1,1,1,1.0,1.0,0.3333333333333333,0.3333333333333333,0,0
b79ff0a50bf9f361c5e5fed68525283856662076,1805.09960,tfidf,5,0.0,0.0,0.0,0.0,0.0,0.0,0,0,0,0.0,0.0,0.0,0.0,0,0
b8b79a6123716cb9fabf751b31dff424235a2ee2,1812.05813,tfidf,5,0.8065735963827293,0.5,1.0,1.0,1.0,1.0,1,1,0,0.5,1.0,0.3333333333333333,0.2857142857142857,0,1
b8bbdc3987bb456739544426c6037c78ede01b77,1909.11980,tfidf,5,0.46927872602275644,0.3333333333333333,0.3333333333333333,1.0,1.0,1.0,1,0,0,0.3333333333333333,0.3333333333333333,0.25,0.25,1,0
b942d94e4187e4fdc706cfdf92e3a869fc294911,1909.05372,tfidf,5,0.39007412760022164,0.16666666666666666,0.3333333333333333,1.0,1.0,1.0,1,0,0,0.16666666666666666,0.2,0.2,0.18181818181818182,1,0
b948bb86855b2c0bfc8fad88ff1e29cd94bb6ada,1905.05644,tfidf,5,0.38685280723454163,0.5,0.5,1.0,1.0,0.5,1,1,0,0.5,1.0,0.3333333333333333,0.2857142857142857,0,1
b968bd264995cd03d7aaad1baba1838c585ec909,1804.09692,tfidf,5,0.20503241819862084,0.0,0.4,0.0,1.0,0.125,0,0,0,0.0,0.0,0.0,0.0,0,0
b9d9803ba24127f91ba4d7cff4da11492da20f09,2004.03090,tfidf,5,0.3562071871080222,0.0,1.0,0.0,1.0,0.16666666666666666,0,0,0,0.0,0.0,0.0,0.0,0,0
ba39317e918b4386765f88e8c8ae99f9a098c935,1703.04009,tfidf,5,0.38685280723454163,1.0,1.0,1.0,1.0,0.2,1,1,1,1.0,1.0,0.3333333333333333,0.3333333333333333,0,0
ba406e07c33a9161e29c75d292c82a15503beae5,1907.12984,tfidf,5,0.6052602440527057,0.5,1.0,1.0,1.0,0.5,1,1,0,0.5,1.0,0.3333333333333333,0.2857142857142857,0,1
ba7fea78b0b888a714cb7d89944b69c5038a1ef1,1806.03369,tfidf,5,0.0,0.0,0.0,0.0,0.0,0.0,0,0,0,0.0,0.0,0.0,0.0,0,0
baaa6ad7148b785429a20f38786cd03ab9a2646e,1908.08917,tfidf,5,1.0,1.0,1.0,1.0,1.0,1.0,1,1,1,1.0,1.0,0.5714285714285714,0.5714285714285714,0,0
baad4b6f834d5944f61bd12f30908e3cf3739dcd,1911.06815,tfidf,5,0.6379893060953273,0.5,1.0,1.0,1.0,0.5,1,0,0,0.5,0.5,0.4444444444444444,0.4444444444444444,1,0
bab4ae97afd598a11d1fc7c05c6fdb98c30cafe0,1711.03759,tfidf,5,1.0,1.0,1.0,1.0,1.0,1.0,1,1,1,1.0,1.0,0.3333333333333333,0.3333333333333333,0,0
bab4e8881f4d75e266bce6fbfa4c3bcd3eacf30f,1708.03312,tfidf,5,0.6871475159848289,0.6666666666666666,1.0,1.0,1.0,0.5,1,0,0,0.6666666666666666,0.6666666666666666,0.5,0.5,1,0
baec99756b80eec7c0234a08bc2855e6770bcaeb,1907.04072,tfidf,5,0.0,0.0,0.0,0.0,0.0,0.0,0,0,0,0.0,0.0,0.0,0.0,0,0
bbfe7e131ed776c85f2359b748db1325386c1af5,1807.03674,tfidf,5,0.31546487678572877,0.0,1.0,0.0,1.0,0.125,0,0,0,0.0,0.0,0.0,0.0,0,0
bc6ad5964f444cf414b661a4b942dafb7640c564,1809.03680,tfidf,5,0.0,0.0,0.0,0.0,0.0,0.0,0,0,0,0.0,0.0,0.0,0.0,0,0
bc8526d4805e2554adb2e9c01736d3f3a3b19895,1604.02038,tfidf,5,0.30260241349881345,0.16666666666666666,0.16666666666666666,1.0,1.0,1.0,1,0,0,0.16666666666666666,0.2,0.2,0.18181818181818182,1,0
bcf222ad4bb537b01019ed354ea03cd6bf2c1f8e,1905.07562,tfidf,5,0.23463936301137822,0.3333333333333333,0.3333333333333333,1.0,1.0,0.3333333333333333,1,1,0,0.3333333333333333,1.0,0.3333333333333333,0.25,0,1
bd191d95806cee4cf80295e9ce1cd227aba100ab,1912.07076,tfidf,5,0.0,0.0,0.0,0.0,0.0,0.0,0,0,0,0.0,0.0,0.0,0.0,0,0
bd255aadf099854541d06997f83a0e478f526120,1911.11025,tfidf,5,0.3333333333333333,0.0,1.0,0.0,1.0,0.14285714285714285,0,0,0,0.0,0.0,0.0,0.0,0,0
bd3562d2b3c162e9d27404d56b77e15f707d8b0f,1705.00571,tfidf,5,0.6934264036172708,1.0,1.0,1.0,1.0,0.5,1,1,1,1.0,1.0,0.5714285714285714,0.5714285714285714,0,0
bd53399be8ff59060792da4c8e42a7fc1e6cbd85,2003.13028,tfidf,5,0.8315546295836225,0.5,1.0,1.0,1.0,1.0,1,1,0,0.5,1.0,0.3333333333333333,0.2857142857142857,0,1
bda21bfb2dd74085cbc355c70dab5984ef41dba7,1906.04236,tfidf,5,0.3562071871080222,0.0,1.0,0.0,1.0,0.16666666666666666,0,0,0,0.0,0.0,0.0,0.0,0,0
bdae851d4cf1d05506cf3e8359786031ac4f756f,1911.12237,tfidf,5,0.0,0.0,0.0,0.0,0.0,0.0,0,0,0,0.0,0.0,0.0,0.0,0,0
be632f0246c2e5f049d12e796812f496e083c33e,1908.10001,tfidf,5,0.9469024295259745,1.0,1.0,1.0,1.0,1.0,1,1,1,1.0,1.0,0.5714285714285714,0.75,0,0
bfd55ae9630a08a9e287074fff3691dfbffc3258,1908.09283,tfidf,5,0.19092086617893467,0.16666666666666666,0.16666666666666666,1.0,1.0,0.5,1,0,0,0.16666666666666666,0.25,0.2222222222222222,0.18181818181818182,1,0
c01a8b42fd27b0a3bec717ededd98b6d085a0f5c,1710.11027,tfidf,5,0.6509209298071326,1.0,1.0,1.0,1.0,0.5,1,1,1,1.0,1.0,0.3333333333333333,0.5714285714285714,0,0
c0355afc7871bf2e12260592873ffdb5c0c4c919,1909.10481,tfidf,5,0.0,0.0,0.0,0.0,0.0,0.0,0,0,0,0.0,0.0,0.0,0.0,0,0
c035a011b737b0a10deeafc3abe6a282b389d48b,1707.07212,tfidf,5,0.0,0.0,0.0,0.0,0.0,0.0,0,0,0,0.0,0.0,0.0,0.0,0,0
c0847af3958d791beaa14c4040ada2d364251c4d,2004.02105,tfidf,5,0.0,0.0,0.0,0.0,0.0,0.0,0,0,0,0.0,0.0,0.0,0.0,0,0
c0af44ebd7cd81270d9b5b54d4a40feed162fa54,1801.05617,tfidf,5,0.0,0.0,0.0,0.0,0.0,0.0,0,0,0,0.0,0.0,0.0,0.0,0,0
c0dbf3f1957f3bff3ced5b48aff60097f3eac7bb,1808.07231,tfidf,5,0.0,0.0,0.0,0.0,0.0,0.0,0,0,0,0.0,0.0,0.0,0.0,0,0
c135e1f8ecaf7965f6a6d3e30b537eb37ad74230,1910.02001,tfidf,5,0.23719771276929622,0.5,0.5,1.0,1.0,0.2,1,1,0,0.5,1.0,0.3333333333333333,0.2857142857142857,0,1
c138a45301713c1a9f6edafeef338ba2f99220ce,1912.08084,tfidf,5,0.0,0.0,0.0,0.0,0.0,0.0,0,0,0,0.0,0.0,0.0,0.0,0,0
c176eb1ccaa0e50fb7512153f0716e60bf74aa53,1910.01340,tfidf,5,0.19519002499605084,0.25,0.25,1.0,1.0,0.3333333333333333,1,1,0,0.25,1.0,0.3333333333333333,0.2222222222222222,0,1
c17ece1dad42d92c78fca2e3d8afa9a20ff19598,1906.01010,tfidf,5,0.9197207891481876,1.0,1.0,1.0,1.0,1.0,1,1,1,1.0,1.0,0.3333333333333333,0.5714285714285714,0,0
c2037887945abbdf959389dc839a86bc82594505,1803.06745,tfidf,5,0.8315546295836225,0.5,1.0,1.0,1.0,1.0,1,1,0,0.5,1.0,0.3333333333333333,0.2857142857142857,0,1
c25014b7e57bb2949138d64d49f356d69838bc25,1908.10001,tfidf,5,1.0,1.0,1.0,1.0,1.0,1.0,1,1,1,1.0,1.0,0.3333333333333333,0.3333333333333333,0,0
c2ce25878a17760c79031a426b6f38931cd854b2,2003.11528,tfidf,5,0.0,0.0,0.0,0.0,0.0,0.0,0,0,0,0.0,0.0,0.0,0.0,0,0
c30b0d6b23f0f01573eea315176c5ffe4e0c6b5c,1910.02677,tfidf,5,1.0,1.0,1.0,1.0,1.0,1.0,1,1,1,1.0,1.0,0.3333333333333333,0.3333333333333333,0,0
c3befe7006ca81ce64397df654c31c11482dafbe,1611.04887,tfidf,5,1.0,1.0,1.0,1.0,1.0,1.0,1,1,1,1.0,1.0,0.5714285714285714,0.5714285714285714,0,0
c3ce95658eea1e62193570955f105839de3d7e2d,1911.03324,tfidf,5,0.9197207891481876,1.0,1.0,1.0,1.0,1.0,1,1,1,1.0,1.0,0.5714285714285714,0.5714285714285714,0,0
c47312f2ca834ee75fa9bfbf912ea04239064117,1907.00937,tfidf,5,1.0,1.0,1.0,1.0,1.0,1.0,1,1,1,1.0,1.0,0.3333333333333333,0.3333333333333333,0,0
c4b621f573bbb411bdaa84a7562c9c4795a7eb3a,1808.09180,tfidf,5,0.4911492931622974,0.5,1.0,1.0,1.0,0.3333333333333333,1,1,0,0.5,1.0,0.3333333333333333,0.2857142857142857,0,1
c5221bb28e58a4f13cf2eccce0e1b1bec7dd3c13,1909.09070,tfidf,5,0.27487633291429087,0.14285714285714285,0.14285714285714285,1.0,1.0,1.0,1,1,0,0.14285714285714285,1.0,0.3333333333333333,0.16666666666666666,0,1
c53b036eff430a9d0449fb50b8d2dc9d2679d9fe,1706.02222,tfidf,5,0.2716774977597197,0.2,0.4,1.0,1.0,0.3333333333333333,1,0,0,0.2,0.5,0.2857142857142857,0.2,1,0
c589d83565f528b87e355b9280c1e7143a42401d,1909.07873,tfidf,5,0.5640920940185894,0.5,1.0,1.0,1.0,0.5,1,1,0,0.5,1.0,0.3333333333333333,0.2857142857142857,0,1
c59d67930edd3d369bd51a619849facdd0770644,1705.10272,tfidf,5,0.6309297535714575,1.0,1.0,1.0,1.0,0.5,1,1,1,1.0,1.0,0.3333333333333333,0.3333333333333333,0,0
c5ea4da3c760ba89194ad807bc1ef60e1761429f,1602.07563,tfidf,5,0.3562071871080222,0.0,1.0,0.0,1.0,0.16666666666666666,0,0,0,0.0,0.0,0.0,0.0,0,0
c68946ae2e548ec8517c7902585c032b3f3876e6,1901.05389,tfidf,5,0.2622073738811406,0.0,0.5,0.0,1.0,0.16666666666666666,0,0,0,0.0,0.0,0.0,0.0,0,0
c6f2598b85dc74123fe879bf23aafc7213853f5b,1911.12237,tfidf,5,0.0,0.0,0.0,0.0,0.0,0.0,0,0,0,0.0,0.0,0.0,0.0,0,0
c72e05dd41ed5a85335ffeca5a03e71514e60e84,1911.12559,tfidf,5,0.2476427880871277,0.0,0.5,0.0,1.0,0.14285714285714285,0,0,0,0.0,0.0,0.0,0.0,0,0
c79f168503a60d1b08bb2c9aac124199d210b06d,1904.02954,tfidf,5,0.0,0.0,0.0,0.0,0.0,0.0,0,0,0,0.0,0.0,0.0,0.0,0,0
c7d3bccee59ab683e6bf047579bc6eab9de9d973,1705.10272,tfidf,5,0.20438239758848611,0.0,0.5,0.0,1.0,0.14285714285714285,0,0,0,0.0,0.0,0.0,0.0,0,0
c7f43c95db3d0c870407cd0e7becdd802463683b,1910.09362,tfidf,5,0.46927872602275644,0.3333333333333333,0.3333333333333333,1.0,1.0,1.0,1,0,0,0.3333333333333333,0.5,0.2857142857142857,0.25,1,0
c7ffef8bf0100eb6148bd932d0409b21759060b1,1707.06519,tfidf,5,0.23719771276929622,0.5,0.5,1.0,1.0,0.2,1,0,0,0.5,0.5,0.2857142857142857,0.2857142857142857,1,0
c845110efee2f633d47f5682573bc6091e8f5023,1911.05652,tfidf,5,0.3562071871080222,0.0,1.0,0.0,1.0,0.16666666666666666,0,0,0,0.0,0.0,0.0,0.0,0,0
c87966e7f497975b76a60f6be50c33d296a4a4e7,2004.01820,tfidf,5,0.09010000865236768,0.0,0.125,0.0,1.0,0.16666666666666666,0,0,0,0.0,0.0,0.0,0.0,0,0
c8f8ecac23a991bceb8387e68b3b3f2a5d8cf029,2003.12660,tfidf,5,0.3333333333333333,0.0,1.0,0.0,1.0,0.14285714285714285,0,0,0,0.0,0.0,0.0,0.0,0,0
c97306c1be5d59cf27b1054adfa8f1da47d292ce,1810.02229,tfidf,5,1.0,1.0,1.0,1.0,1.0,1.0,1,1,1,1.0,1.0,0.3333333333333333,0.3333333333333333,0,0
c9a323c152c5d9bc2d244e0ed10afbdb0f93062a,1909.00369,tfidf,5,0.5437713091520254,1.0,1.0,1.0,1.0,0.3333333333333333,1,1,1,1.0,1.0,0.5714285714285714,0.5714285714285714,0,0
c9eae337edea0edb12030a7d4b01c3a3c73c16d3,1806.04387,tfidf,5,0.0,0.0,0.0,0.0,0.0,0.0,0,0,0,0.0,0.0,0.0,0.0,0,0
caebea05935cae1f5d88749a2fc748e62976eab7,1710.11334,tfidf,5,0.9197207891481876,1.0,1.0,1.0,1.0,1.0,1,1,1,1.0,1.0,0.3333333333333333,0.5714285714285714,0,0
cb58605a7c230043bd0d6e8d5b068f8b533f45fe,1909.11706,tfidf,5,0.17723928678404774,0.0,0.5,0.0,1.0,0.1,0,0,0,0.0,0.0,0.0,0.0,0,0
cb7a00233502c4b7801d34bc95d6d22d79776ae8,1603.08868,tfidf,5,0.0,0.0,0.0,0.0,0.0,0.0,0,0,0,0.0,0.0,0.0,0.0,0,0
cbb3c1c1e6e1818b6480f929f1c299eaa5ffd07a,1907.10676,tfidf,5,0.20815499636142162,0.16666666666666666,0.3333333333333333,1.0,1.0,0.2,1,0,0,0.16666666666666666,0.5,0.2857142857142857,0.18181818181818182,1,0
cbe42bf7c99ee248cdb2c5d6cf86b41106e66863,1908.02284,tfidf,5,0.6309297535714575,1.0,1.0,1.0,1.0,0.5,1,1,1,1.0,1.0,0.3333333333333333,0.3333333333333333,0,0
cc3dd701f3a674618de95a4196e9c7f4c8fbf1e5,1805.04833,tfidf,5,0.3562071871080222,0.0,1.0,0.0,1.0,0.16666666666666666,0,0,0,0.0,0.0,0.0,0.0,0,0
cc78a08f5bfe233405c99cb3dac1f11f3a9268b1,1907.08540,tfidf,5,0.0,0.0,0.0,0.0,0.0,0.0,0,0,0,0.0,0.0,0.0,0.0,0,0
cc8bcea4052bf92f249dda276acc5fd16cac6fb4,1809.03695,tfidf,5,0.5,1.0,1.0,1.0,1.0,0.3333333333333333,1,1,1,1.0,1.0,0.3333333333333333,0.3333333333333333,0,0
ccec4f8deff651858f44553f8daa5a19e8ed8d3b,1909.05190,tfidf,5,0.0,0.0,0.0,0.0,0.0,0.0,0,0,0,0.0,0.0,0.0,0.0,0,0
cd82bdaa0c94330f8cccfb1c59b4e6761a5a4f4d,1911.01214,tfidf,5,0.0,0.0,0.0,0.0,0.0,0.0,0,0,0,0.0,0.0,0.0,0.0,0,0
cdbbba22e62bc9402aea74ac5960503f59e984ff,1805.04558,tfidf,5,0.2640681225725909,0.5,0.5,1.0,1.0,0.25,1,1,0,0.5,1.0,0.3333333333333333,0.2857142857142857,0,1
ce23849e9e9a22626965f1ca8ca948a5c87280e9,1909.01720,tfidf,5,0.0,0.0,0.0,0.0,0.0,0.0,0,0,0,0.0,0.0,0.0,0.0,0,0
ce504a7ee2c1f068ef4dde8d435245b4e77bb0b5,1708.09025,tfidf,5,0.13120507751234178,0.2,0.2,1.0,1.0,0.2,1,0,0,0.2,0.2,0.2,0.2,1,0
ce8d8de78a21a3ba280b658ac898f73d0b52bf1b,1910.10487,tfidf,5,0.3853585682515056,0.25,0.5,1.0,1.0,0.5,1,1,0,0.25,1.0,0.3333333333333333,0.2222222222222222,0,1
ced63053eb631c78a4ddd8c85ec0f3323a631a54,1708.05482,tfidf,5,0.38685280723454163,1.0,1.0,1.0,1.0,0.2,1,1,1,1.0,1.0,0.3333333333333333,0.3333333333333333,0,0
cf0b7d8a2449d04078f69ec9717a547adfb67d17,1801.04433,tfidf,5,0.0,0.0,0.0,0.0,0.0,0.0,0,0,0,0.0,0.0,0.0,0.0,0,0
cf3fab54b2b289b66e7dba4706c47a62569627c5,1708.07690,tfidf,5,0.732296200528563,0.5,0.6666666666666666,1.0,1.0,1.0,1,0,0,0.5,0.5,0.4444444444444444,0.5454545454545454,1,0
cf58d25bfa2561a359fdd7b6b20aef0b41dc634e,1912.08084,tfidf,5,0.23719771276929622,0.5,0.5,1.0,1.0,0.2,1,1,0,0.5,1.0,0.3333333333333333,0.2857142857142857,0,1
cf68906b7d96ca0c13952a6597d1f23e5184c304,1710.10380,tfidf,5,0.5,1.0,1.0,1.0,1.0,0.3333333333333333,1,1,1,1.0,1.0,0.3333333333333333,0.3333333333333333,0,0
cf82251a6a5a77e29627560eb7c05c3eddc20825,2004.04498,tfidf,5,0.3333333333333333,0.0,1.0,0.0,1.0,0.14285714285714285,0,0,0,0.0,0.0,0.0,0.0,0,0
cfa44bb587b0c05906d8325491ca9e0f024269e8,1708.01065,tfidf,5,0.38685280723454163,0.5,0.5,1.0,1.0,0.5,1,1,0,0.5,1.0,0.3333333333333333,0.2857142857142857,0,1
cfcf94b81589e7da215b4f743a3f8de92a6dda7a,1712.00733,tfidf,5,0.45560514958746035,0.5,1.0,1.0,1.0,0.2,1,0,0,0.5,0.5,0.2857142857142857,0.2857142857142857,1,0
cfdd583d01abaca923f5c466bb20e1d4b8c749ff,1810.02268,tfidf,5,0.24573132854020638,0.08333333333333333,0.25,1.0,1.0,0.3333333333333333,1,0,0,0.08333333333333333,0.1111111111111111,0.14285714285714285,0.11764705882352941,1,0
cfe21b979a6c851bdafb2e414622f61e62b1d98c,2003.13028,tfidf,5,0.6131471927654584,0.5,0.5,1.0,1.0,1.0,1,0,0,0.5,0.5,0.2857142857142857,0.2857142857142857,1,0
d0dc6729b689561370b6700b892c9de8871bb44d,1604.02201,tfidf,5,1.0,1.0,1.0,1.0,1.0,1.0,1,1,1,1.0,1.0,0.5714285714285714,0.5714285714285714,0,0
d147117ef24217c43252d917d45dff6e66ff807c,1712.00733,tfidf,5,0.0,0.0,0.0,0.0,0.0,0.0,0,0,0,0.0,0.0,0.0,0.0,0,0
d1a4529ea32aaab5ca3b9d9ae5c16f146c23af6b,1809.08935,tfidf,5,0.38685280723454163,1.0,1.0,1.0,1.0,0.2,1,1,1,1.0,1.0,0.3333333333333333,0.3333333333333333,0,0
d206f2cbcc3d2a6bd0ccaa3b57fece396159f609,1805.00195,tfidf,5,0.2640681225725909,0.5,0.5,1.0,1.0,0.25,1,1,0,0.5,1.0,0.3333333333333333,0.2857142857142857,0,1
d207f78beb6cd754268881bf575c8f98000667ea,1705.02023,tfidf,5,0.43067655807339306,1.0,1.0,1.0,1.0,0.25,1,1,1,1.0,1.0,0.3333333333333333,0.3333333333333333,0,0
d211a37830c59aeab4970fdb2e03d9b7368b421c,1805.04558,tfidf,5,0.23504554941448536,0.1111111111111111,0.1111111111111111,1.0,1.0,1.0,1,0,0,0.1111111111111111,0.1111111111111111,0.14285714285714285,0.14285714285714285,1,0
d2d9c7177728987d9e8b0c44549bbe03c8c00ef2,1906.05685,tfidf,5,0.0,0.0,0.0,0.0,0.0,0.0,0,0,0,0.0,0.0,0.0,0.0,0,0
d2f91303cec132750a416192f67c8ac1d3cf6fc0,1708.07252,tfidf,5,0.8710785440003369,0.6666666666666666,1.0,1.0,1.0,1.0,1,1,0,0.6666666666666666,1.0,0.5714285714285714,0.5,0,1
d323f0d65b57b30ae85fb9f24298927a3d1216e9,1810.12897,tfidf,5,0.6934264036172708,1.0,1.0,1.0,1.0,0.5,1,1,1,1.0,1.0,0.5714285714285714,0.5714285714285714,0,0
d36a6447bfe58204e0d29f9213d84be04d875624,1906.08871,tfidf,5,0.0,0.0,0.0,0.0,0.0,0.0,0,0,0,0.0,0.0,0.0,0.0,0,0
d38b3e0896b105d171e69ce34c689e4a7e934522,1912.10162,tfidf,5,0.2640681225725909,0.5,0.5,1.0,1.0,0.25,1,1,0,0.5,1.0,0.3333333333333333,0.2857142857142857,0,1
d3cfbe497a30b750a8de3ea7f2cecf4753a4e1f9,1905.09439,tfidf,5,1.0,1.0,1.0,1.0,1.0,1.0,1,1,1,1.0,1.0,0.3333333333333333,0.3333333333333333,0,0
d3fb0d84d763cb38f400b7de3daaa59ed2a1b0ab,1707.07212,tfidf,5,0.6309297535714575,1.0,1.0,1.0,1.0,0.5,1,1,1,1.0,1.0,0.3333333333333333,0.3333333333333333,0,0
d418bf6595b1b51a114f28ac8a6909c278838aeb,1908.10149,tfidf,5,0.0,0.0,0.0,0.0,0.0,0.0,0,0,0,0.0,0.0,0.0,0.0,0,0
d4b84f48460517bc0a6d4e0c38f6853c58081166,1804.01155,tfidf,5,0.46927872602275644,0.3333333333333333,0.3333333333333333,1.0,1.0,1.0,1,1,0,0.3333333333333333,1.0,0.3333333333333333,0.25,0,1
d5c393df758dec6ea6827ae5b887eb6c303a4f4d,1612.05202,tfidf,5,0.5,1.0,1.0,1.0,1.0,0.3333333333333333,1,1,1,1.0,1.0,0.3333333333333333,0.3333333333333333,0,0
d622564b250cffbb9ebbe6636326b15ec3c622d9,1902.10246,tfidf,5,0.43067655807339306,1.0,1.0,1.0,1.0,0.25,1,1,1,1.0,1.0,0.3333333333333333,0.3333333333333333,0,0
d64fa192a7e9918c6a22d819abad581af0644c7d,1802.08969,tfidf,5,0.13565197343244778,0.0,0.3333333333333333,0.0,1.0,0.1,0,0,0,0.0,0.0,0.0,0.0,0,0
d66550f65484696c1284903708b87809ea705786,1805.04833,tfidf,5,0.639945385422766,0.6,0.6,1.0,1.0,1.0,1,0,0,0.6,0.6,0.6,0.6,1,0
d66c31f24f582c499309a435ec3c688dc3a41313,1907.00937,tfidf,5,0.3333333333333333,0.0,1.0,0.0,1.0,0.14285714285714285,0,0,0,0.0,0.0,0.0,0.0,0,0
d68cc9aaf0466b97354600a5646c3be4512fc096,2004.03090,tfidf,5,0.6934264036172708,1.0,1.0,1.0,1.0,0.5,1,1,1,1.0,1.0,0.3333333333333333,0.5714285714285714,0,0
d6a815d24c46557827d8aca65d3ffd008ac1bc07,1803.02914,tfidf,5,0.48381288316677695,0.5,1.0,1.0,1.0,0.3333333333333333,1,0,0,0.5,0.5,0.2857142857142857,0.2857142857142857,1,0
d6b0c71721ed24ef1d9bd31ed3a266b0c7fc9b57,1704.06960,tfidf,5,0.21840743681816419,0.0,0.5,0.0,1.0,0.16666666666666666,0,0,0,0.0,0.0,0.0,0.0,0,0
d7799d26fe39302c4aff5b530aa691e8653fffe8,1803.09000,tfidf,5,0.0,0.0,0.0,0.0,0.0,0.0,0,0,0,0.0,0.0,0.0,0.0,0,0
d8ae36ae1b4d3af5b59ebd24efe94796101c1c12,1802.02614,tfidf,5,1.0,1.0,1.0,1.0,1.0,1.0,1,1,1,1.0,1.0,0.3333333333333333,0.3333333333333333,0,0
d9354c0bb32ec037ff2aacfed58d57887a713163,1707.07212,tfidf,5,0.0,0.0,0.0,0.0,0.0,0.0,0,0,0,0.0,0.0,0.0,0.0,0,0
d976c22e9d068e4e31fb46e929023459f8290a63,1903.10548,tfidf,5,1.0,1.0,1.0,1.0,1.0,1.0,1,1,1,1.0,1.0,0.3333333333333333,0.3333333333333333,0,0
d97843afec733410d2c580b4ec98ebca5abf2631,1607.00167,tfidf,5,0.3010299956639812,0.0,1.0,0.0,1.0,0.1111111111111111,0,0,0,0.0,0.0,0.0,0.0,0,0
d98148f65d893101fa9e18aaf549058712485436,1709.04005,tfidf,5,0.6309297535714575,1.0,1.0,1.0,1.0,0.5,1,1,1,1.0,1.0,0.3333333333333333,0.3333333333333333,0,0
d9949dd4865e79c53284932d868ca8fd10d55e70,2003.07459,tfidf,5,0.5249810332008933,0.5,1.0,1.0,1.0,0.3333333333333333,1,1,0,0.5,1.0,0.3333333333333333,0.2857142857142857,0,1
d9a45fea8539aac01dec01f29b7d04b44b9c2ca6,1909.01720,tfidf,5,0.40298313359773236,0.0,1.0,0.0,1.0,0.16666666666666666,0,0,0,0.0,0.0,0.0,0.0,0,0
d9e7633004ed1bc1ee45be58409bcc1fa6db59b2,1908.11049,tfidf,5,0.34337431936037655,0.3333333333333333,0.6666666666666666,1.0,1.0,0.25,1,1,0,0.3333333333333333,1.0,0.3333333333333333,0.25,0,1
da077b385d619305033785af5b204696d6145bd8,1911.02747,tfidf,5,0.15642624200758548,0.0,0.3333333333333333,0.0,1.0,0.14285714285714285,0,0,0,0.0,0.0,0.0,0.0,0,0
da0a2195bbf6736119ff32493898d2aadffcbcb8,1605.05166,tfidf,5,0.2640681225725909,0.5,0.5,1.0,1.0,0.25,1,1,0,0.5,1.0,0.3333333333333333,0.2857142857142857,0,1
da21bcaa8e3a9eadc8a5194fd57ae797e93c3049,2004.01970,tfidf,5,1.0,1.0,1.0,1.0,1.0,1.0,1,1,1,1.0,1.0,0.3333333333333333,0.3333333333333333,0,0
dc473819b196c0ea922773e173a6b283fa778791,1605.05156,tfidf,5,0.8503449055347546,1.0,1.0,1.0,1.0,1.0,1,1,1,1.0,1.0,0.3333333333333333,0.5714285714285714,0,0
dce27c49b9bf1919ca545e04663507d83bb42dbe,1808.10006,tfidf,5,0.21398626473452756,0.2,0.2,1.0,1.0,0.5,1,0,0,0.2,0.25,0.2222222222222222,0.2,1,0
dd81f58c782169886235c48b8f9a08e0954dd3ae,2003.12660,tfidf,5,0.20438239758848611,0.0,0.5,0.0,1.0,0.14285714285714285,0,0,0,0.0,0.0,0.0,0.0,0,0
de0154affd86c608c457bf83d888bbd1f879df93,1911.12722,tfidf,5,0.4632423659320675,0.3333333333333333,0.6666666666666666,1.0,1.0,0.5,1,0,0,0.3333333333333333,0.3333333333333333,0.25,0.25,1,0
de0d135b94ba3b3a4f4a0fb03df38a84f9dc9da4,1909.02322,tfidf,5,1.0,1.0,1.0,1.0,1.0,1.0,1,1,1,1.0,1.0,0.3333333333333333,0.3333333333333333,0,0
de313b5061fc22e8ffef1706445728de298eae31,1811.01183,tfidf,5,0.0,0.0,0.0,0.0,0.0,0.0,0,0,0,0.0,0.0,0.0,0.0,0,0
de344aeb089affebd15a8c370ae9ab5734e99203,1803.06745,tfidf,5,0.6309297535714575,1.0,1.0,1.0,1.0,0.5,1,1,1,1.0,1.0,0.3333333333333333,0.3333333333333333,0,0
de580e43614ee38d2d9fc6263ff96e6ca2b54eb5,1911.01214,tfidf,5,1.0,1.0,1.0,1.0,1.0,1.0,1,1,1,1.0,1.0,0.3333333333333333,0.3333333333333333,0,0
de689a17b0b9fb6bbb80e9b85fb44b36b56de2fd,2003.07459,tfidf,5,0.0,0.0,0.0,0.0,0.0,0.0,0,0,0,0.0,0.0,0.0,0.0,0,0
df01e98095ba8765d9ab0d40c9e8ef34b64d3700,2002.04815,tfidf,5,0.8772153153380493,1.0,1.0,1.0,1.0,1.0,1,1,1,1.0,1.0,0.3333333333333333,0.5714285714285714,0,0
df4895c6ae426006e75c511a304d56d37c42a1c7,1805.11850,tfidf,5,1.0,1.0,1.0,1.0,1.0,1.0,1,1,1,1.0,1.0,0.3333333333333333,0.3333333333333333,0,0
df623717255ea2c9e0f846859d8a9ef51dc1102b,1606.02892,tfidf,5,0.0,0.0,0.0,0.0,0.0,0.0,0,0,0,0.0,0.0,0.0,0.0,0,0
dfaeb8faf04505a4178945c933ba217e472979d8,1708.01065,tfidf,5,0.18457569677956817,0.0,0.5,0.0,1.0,0.1111111111111111,0,0,0,0.0,0.0,0.0,0.0,0,0
dfdd309e56b71589b25412ba85b0a5d79a467ceb,1610.09722,tfidf,5,0.38685280723454163,1.0,1.0,1.0,1.0,0.2,1,1,1,1.0,1.0,0.3333333333333333,0.3333333333333333,0,0
e0b54906184a4ad87d127bed22194e62de38222b,1910.01340,tfidf,5,0.19342640361727081,0.0,0.5,0.0,1.0,0.125,0,0,0,0.0,0.0,0.0,0.0,0,0
e0b8a2649e384bbdb17472f8da2c3df4134b1e57,1707.07568,tfidf,5,0.6625602459390022,0.3333333333333333,0.6666666666666666,1.0,1.0,1.0,1,0,0,0.3333333333333333,0.5,0.4444444444444444,0.36363636363636365,1,0
e12166fa9d6f63c4e92252c95c6a7bc96977ebf4,1901.10619,tfidf,5,1.0,1.0,1.0,1.0,1.0,1.0,1,1,1,1.0,1.0,0.3333333333333333,0.3333333333333333,0,0
e14e3e0944ec3290d1985e9a3da82a7df17575cd,1806.07042,tfidf,5,0.16716045496620227,0.0,0.3333333333333333,0.0,1.0,0.16666666666666666,0,0,0,0.0,0.0,0.0,0.0,0,0
e1ab241059ef1700738f885f051d724a7fcf283a,1707.09816,tfidf,5,0.3562071871080222,0.0,1.0,0.0,1.0,0.16666666666666666,0,0,0,0.0,0.0,0.0,0.0,0,0
e381f1811774806be109f9b05896a2a3c5e1ef43,1710.11334,tfidf,5,0.43067655807339306,1.0,1.0,1.0,1.0,0.25,1,1,1,1.0,1.0,0.3333333333333333,0.3333333333333333,0,0
e3bafa432cd3e1225170ff04de2fdf1ede38c6ef,1805.11598,tfidf,5,0.3562071871080222,0.0,1.0,0.0,1.0,0.16666666666666666,0,0,0,0.0,0.0,0.0,0.0,0,0
e3c44964eb6ddc554901244eb6595f26a9bae47e,1910.07154,tfidf,5,0.0,0.0,0.0,0.0,0.0,0.0,0,0,0,0.0,0.0,0.0,0.0,0,0
e459760879f662b2205cbdc0f5396dbfe41323ae,1908.09590,tfidf,5,0.8065735963827293,0.5,1.0,1.0,1.0,1.0,1,1,0,0.5,1.0,0.3333333333333333,0.2857142857142857,0,1
e462efb58c71f186cd6b315a2d861cbb7171f65b,1906.04236,tfidf,5,0.0,0.0,0.0,0.0,0.0,0.0,0,0,0,0.0,0.0,0.0,0.0,0,0
e56c1f0e9eabda41f929d0dfd5cfa50edd69fa89,1909.06708,tfidf,5,0.38685280723454163,1.0,1.0,1.0,1.0,0.2,1,1,1,1.0,1.0,0.3333333333333333,0.3333333333333333,0,0
e5b2eb6a49c163872054333f8670dd3f9563046a,2004.02334,tfidf,5,0.3333333333333333,0.0,1.0,0.0,1.0,0.14285714285714285,0,0,0,0.0,0.0,0.0,0.0,0,0
e5be900e70ea86c019efb06438ba200e11773a7c,1909.13466,tfidf,5,0.09803928583135704,0.0,0.2,0.0,1.0,0.1,0,0,0,0.0,0.0,0.0,0.0,0,0
e5f8d2fc1332e982a54ee4b4c1f7f55e900d0b86,1811.04791,tfidf,5,0.19519002499605084,0.25,0.25,1.0,1.0,0.3333333333333333,1,1,0,0.25,1.0,0.3333333333333333,0.2222222222222222,0,1
e6204daf4efeb752fdbd5c26e179efcb8ddd2807,1601.03313,tfidf,5,1.0,1.0,1.0,1.0,1.0,1.0,1,1,1,1.0,1.0,0.3333333333333333,0.3333333333333333,0,0
e6bc11bd6cfd4b2138c29602b9b56fc5378a4293,1709.04491,tfidf,5,0.0,0.0,0.0,0.0,0.0,0.0,0,0,0,0.0,0.0,0.0,0.0,0,0
e6f5444b7c08d79d4349e35d5298a63bb30e7004,1708.07252,tfidf,5,0.38162168437253385,0.0,1.0,0.0,1.0,0.14285714285714285,0,0,0,0.0,0.0,0.0,0.0,0,0
e797634fa77e490783b349034f9e095ee570b7a9,1804.05253,tfidf,5,0.8315546295836225,0.5,1.0,1.0,1.0,1.0,1,0,0,0.5,0.5,0.2857142857142857,0.2857142857142857,1,0
e831ce6c406bf5d1c493162732e1b320abb71b6f,1908.07491,tfidf,5,0.6871475159848289,0.6666666666666666,1.0,1.0,1.0,0.5,1,0,0,0.6666666666666666,0.6666666666666666,0.5,0.5,1,0
e8c3f59313df20db0cdd49b84a37c44da849fe17,2003.07459,tfidf,5,0.3065735963827292,0.5,0.5,1.0,1.0,0.3333333333333333,1,0,0,0.5,0.5,0.2857142857142857,0.2857142857142857,1,0
e90425ac05a15dc145bbf3034e78b56e7cec36ac,1803.09000,tfidf,5,0.6366824387328317,0.5,0.5,1.0,1.0,1.0,1,0,0,0.5,0.5,0.4444444444444444,0.4444444444444444,1,0
e96b0d64c8d9fdd90235c499bf1ec562d2cbb8b2,1605.04278,tfidf,5,0.0,0.0,0.0,0.0,0.0,0.0,0,0,0,0.0,0.0,0.0,0.0,0,0
e9a0a69eacd554141f56b60ab2d1912cc33f526a,1803.06745,tfidf,5,1.0,1.0,1.0,1.0,1.0,1.0,1,1,1,1.0,1.0,0.3333333333333333,0.3333333333333333,0,0
ea6edf45f094586caf4684463287254d44b00e95,1907.12984,tfidf,5,0.0,0.0,0.0,0.0,0.0,0.0,0,0,0,0.0,0.0,0.0,0.0,0,0
eaacee4246f003d29a108fe857b5dd317287ecf1,1911.12559,tfidf,5,0.38685280723454163,0.5,0.5,1.0,1.0,0.5,1,0,0,0.5,0.5,0.2857142857142857,0.2857142857142857,1,0
eaae11ffd4ff955de2cd6389b888f5fd2c660a32,1910.14589,tfidf,5,0.23719771276929622,0.5,0.5,1.0,1.0,0.2,1,1,0,0.5,1.0,0.3333333333333333,0.2857142857142857,0,1
ead7704a64447dccd504951618d3be463eba86bf,1807.03674,tfidf,5,0.2890648263178879,0.0,1.0,0.0,1.0,0.1,0,0,0,0.0,0.0,0.0,0.0,0,0
eaed0b721cc3137b964f5265c7ecf76f565053e9,1806.03369,tfidf,5,0.0,0.0,0.0,0.0,0.0,0.0,0,0,0,0.0,0.0,0.0,0.0,0,0
eafea4a24d103fdecf8f347c7d84daff6ef828a3,1611.01116,tfidf,5,0.5,0.5,1.0,1.0,1.0,0.3333333333333333,1,1,0,0.5,1.0,0.3333333333333333,0.2857142857142857,0,1
eb653a5c59851eda313ece0bcd8c589b6155d73e,1908.02284,tfidf,5,0.43067655807339306,1.0,1.0,1.0,1.0,0.25,1,1,1,1.0,1.0,0.3333333333333333,0.3333333333333333,0,0
ebb4db9c24aa36db9954dd65ea079a798df80558,1908.09355,tfidf,5,0.5,1.0,1.0,1.0,1.0,0.3333333333333333,1,1,1,1.0,1.0,0.3333333333333333,0.3333333333333333,0,0
ebe1084a06abdabefffc66f029eeb0b69f114fd9,1810.02268,tfidf,5,0.3570764765963919,0.09090909090909091,0.2727272727272727,1.0,1.0,1.0,1,0,0,0.09090909090909091,0.1111111111111111,0.14285714285714285,0.125,1,0
ebe6b8ec141172f7fea66f0a896b3124276d4884,1911.11025,tfidf,5,0.0,0.0,0.0,0.0,0.0,0.0,0,0,0,0.0,0.0,0.0,0.0,0,0
ec2045e0da92989642a5b5f2b1130c8bd765bcc5,1901.03253,tfidf,5,0.6309297535714575,1.0,1.0,1.0,1.0,0.5,1,1,1,1.0,1.0,0.3333333333333333,0.3333333333333333,0,0
ec39120fb879ae10452d3f244e1e32237047005a,2004.04060,tfidf,5,0.14126697285982898,0.0,0.3333333333333333,0.0,1.0,0.1111111111111111,0,0,0,0.0,0.0,0.0,0.0,0,0
ec54ae2f4811196fcaafa45e76130239e69995f9,1909.07158,tfidf,5,1.0,1.0,1.0,1.0,1.0,1.0,1,1,1,1.0,1.0,0.3333333333333333,0.3333333333333333,0,0
ec62df859ad901bf0848f0a8b91eedc78dba5657,1909.05190,tfidf,5,0.0,0.0,0.0,0.0,0.0,0.0,0,0,0,0.0,0.0,0.0,0.0,0,0
ec70c7c560e08cff2820bad93f5216bc0a469f5a,1908.11664,tfidf,5,0.3562071871080222,0.0,1.0,0.0,1.0,0.16666666666666666,0,0,0,0.0,0.0,0.0,0.0,0,0
ec8f39d32084996ab825debd7113c71daac38b06,1606.07043,tfidf,5,0.36181498356361597,0.0,1.0,0.0,1.0,0.1111111111111111,0,0,0,0.0,0.0,0.0,0.0,0,0
ecaa10a2d9927fa6ab6a954488f12aa6b42ddc1a,1909.04242,tfidf,5,0.33134175846661046,0.2,0.6,1.0,1.0,0.2,1,0,0,0.2,0.5,0.2857142857142857,0.2,1,0
ed15a593d64a5ba58f63c021ae9fd8f50051a667,2001.05540,tfidf,5,0.10633668103022985,0.14285714285714285,0.14285714285714285,1.0,1.0,0.2,1,0,0,0.14285714285714285,0.16666666666666666,0.18181818181818182,0.16666666666666666,1,0
ed44f7e698d6124cb86791841d02fc6f8b4d862a,1908.11049,tfidf,5,0.5706417189553201,1.0,1.0,1.0,1.0,0.3333333333333333,1,1,1,1.0,1.0,0.3333333333333333,0.5714285714285714,0,0
ed7ce13cd95f7664a5e4fc530dcf72dc3808dced,1712.02555,tfidf,5,0.0,0.0,0.0,0.0,0.0,0.0,0,0,0,0.0,0.0,0.0,0.0,0,0
ee2c2fb01d67f4c58855bf23186cbd45cecbfa56,1606.07947,tfidf,5,0.6309297535714575,1.0,1.0,1.0,1.0,0.5,1,1,1,1.0,1.0,0.3333333333333333,0.3333333333333333,0,0
ef6304512652ba56bd13dbe282a5ce1d41a4f171,1909.03553,tfidf,5,0.15743107269979564,0.0,0.25,0.0,1.0,0.14285714285714285,0,0,0,0.0,0.0,0.0,0.0,0,0
eff9192e05d23e9a67d10be0c89a7ab2b873995b,1910.09387,tfidf,5,0.0,0.0,0.0,0.0,0.0,0.0,0,0,0,0.0,0.0,0.0,0.0,0,0
f0404673085517eea708c5e91f32fb0f7728fa08,1607.03895,tfidf,5,0.0,0.0,0.0,0.0,0.0,0.0,0,0,0,0.0,0.0,0.0,0.0,0,0
f0afc116809b70528226d37190e8e79e1e9cd11e,1906.05685,tfidf,5,0.38685280723454163,0.5,0.5,1.0,1.0,0.5,1,1,0,0.5,1.0,0.3333333333333333,0.2857142857142857,0,1
f11856814a57b86667179e1e275e4f99ff1bcad8,1707.06875,tfidf,5,0.17437146561008365,0.0,0.2857142857142857,0.0,1.0,0.14285714285714285,0,0,0,0.0,0.0,0.0,0.0,0,0
f15bc40960bd3f81bc791f43ab5c94c52378692d,1804.00982,tfidf,5,0.2640681225725909,0.5,0.5,1.0,1.0,0.25,1,1,0,0.5,1.0,0.3333333333333333,0.2857142857142857,0,1
f1a50f88898556ecdba8e9cac13ae54c11835945,1909.03553,tfidf,5,0.3333333333333333,0.0,1.0,0.0,1.0,0.14285714285714285,0,0,0,0.0,0.0,0.0,0.0,0,0
f1d61b44105e651925d02a51e6d7ea10ea28ebd8,1909.00437,tfidf,5,0.35853358850813305,0.3333333333333333,0.6666666666666666,1.0,1.0,0.25,1,0,0,0.3333333333333333,0.5,0.2857142857142857,0.25,1,0
f1f7a040545c9501215d3391e267c7874f9a6004,1612.09535,tfidf,5,0.38685280723454163,0.5,0.5,1.0,1.0,0.5,1,0,0,0.5,0.5,0.2857142857142857,0.2857142857142857,1,0
f264612db9096caf938bd8ee4085848143b34f81,1605.05166,tfidf,5,0.3010299956639812,0.0,1.0,0.0,1.0,0.1111111111111111,0,0,0,0.0,0.0,0.0,0.0,0,0
f2b1e87f61c65aaa99bcf9825de11ae237260270,1909.00786,tfidf,5,0.18154179253735267,0.3333333333333333,0.3333333333333333,1.0,1.0,0.2,1,1,0,0.3333333333333333,1.0,0.3333333333333333,0.25,0,1
f2b8a2ed5916d75cf568a931829a5a3cde2fc345,1801.05617,tfidf,5,0.09109240322345806,0.0,0.16666666666666666,0.0,1.0,0.1111111111111111,0,0,0,0.0,0.0,0.0,0.0,0,0
f2bcfdbebb418e7da165c19b8c7167719432ee48,1603.07252,tfidf,5,0.17723928678404774,0.0,0.5,0.0,1.0,0.1,0,0,0,0.0,0.0,0.0,0.0,0,0
f381b0ef693243d67657f6c34bbce015f6b1fd07,1603.08868,tfidf,5,1.0,1.0,1.0,1.0,1.0,1.0,1,1,1,1.0,1.0,0.3333333333333333,0.3333333333333333,0,0
f3b4e52ba962a0004064132d123fd9b78d9e12e2,1907.12984,tfidf,5,0.16812753627111746,0.25,0.25,1.0,1.0,0.25,1,1,0,0.25,1.0,0.3333333333333333,0.2222222222222222,0,1
f3b851c9063192c86a3cc33b2328c02efa41b668,2003.08769,tfidf,5,0.19342640361727081,0.0,0.5,0.0,1.0,0.125,0,0,0,0.0,0.0,0.0,0.0,0,0
f40e23adc8245562c8677f0f86fa5175179b5422,1807.08089,tfidf,5,0.19342640361727081,0.0,0.5,0.0,1.0,0.125,0,0,0,0.0,0.0,0.0,0.0,0,0
f4e16b185b506713ff99acc4dbd9ec3208e4997b,1602.07563,tfidf,5,0.4371994911049732,0.2,0.4,1.0,1.0,1.0,1,0,0,0.2,0.2,0.2,0.2,1,0
f52c9744a371104eb2677c181a7004f7a77d9dd3,1912.00342,tfidf,5,0.0,0.0,0.0,0.0,0.0,0.0,0,0,0,0.0,0.0,0.0,0.0,0,0
f5513f9314b9d7b41518f98c6bc6d42b8555258d,1605.05166,tfidf,5,0.0,0.0,0.0,0.0,0.0,0.0,0,0,0,0.0,0.0,0.0,0.0,0,0
f5913e37039b9517a323ec700b712e898316161b,1711.03759,tfidf,5,0.6309297535714575,1.0,1.0,1.0,1.0,0.5,1,1,1,1.0,1.0,0.3333333333333333,0.3333333333333333,0,0
f5bc07df5c61dcb589a848bd36f4ce9c22abd46a,1703.10090,tfidf,5,0.6102766247064297,0.42857142857142855,0.5714285714285714,1.0,1.0,1.0,1,0,0,0.42857142857142855,0.5,0.5454545454545454,0.5,1,0
f61268905626c0b2a715282478a5e373adda516c,2003.07459,tfidf,5,0.5640920940185894,0.5,1.0,1.0,1.0,0.5,1,1,0,0.5,1.0,0.3333333333333333,0.2857142857142857,0,1
f637bba86cfb94ca8ac4b058faf839c257d5eaa0,1806.07042,tfidf,5,0.31546487678572877,0.0,1.0,0.0,1.0,0.125,0,0,0,0.0,0.0,0.0,0.0,0,0
f64449a21c452bc5395a0f0a49fb49825e6385f4,1909.04387,tfidf,5,0.8065735963827293,0.5,1.0,1.0,1.0,1.0,1,1,0,0.5,1.0,0.3333333333333333,0.2857142857142857,0,1
f71b95001dce46ee35cdbd8d177676de19ca2611,1911.07620,tfidf,5,0.21840743681816419,0.0,0.5,0.0,1.0,0.16666666666666666,0,0,0,0.0,0.0,0.0,0.0,0,0
f741d32b92630328df30f674af16fbbefcad3f93,1805.09821,tfidf,5,0.2960819109658652,0.3333333333333333,0.3333333333333333,1.0,1.0,0.5,1,1,0,0.3333333333333333,1.0,0.3333333333333333,0.25,0,1
f7662b11e87c1e051e13799413f3db459ac3e19c,1911.10742,tfidf,5,0.10699313236726378,0.0,0.2,0.0,1.0,0.125,0,0,0,0.0,0.0,0.0,0.0,0,0
f77d7cddef3e021d70e16b9e16cecfd4b8ee80d3,1606.07947,tfidf,5,0.0,0.0,0.0,0.0,0.0,0.0,0,0,0,0.0,0.0,0.0,0.0,0,0
f7b91b99279833f9f489635eb8f77c6d13136098,1912.11980,tfidf,5,0.20438239758848611,0.0,0.5,0.0,1.0,0.14285714285714285,0,0,0,0.0,0.0,0.0,0.0,0,0
f7d61648ae4bd46c603a271185c3adfac5fc5114,1909.00369,tfidf,5,0.5706417189553201,1.0,1.0,1.0,1.0,0.3333333333333333,1,1,1,1.0,1.0,0.5714285714285714,0.5714285714285714,0,0
f7ee48dd32c666ef83a4ae4aa06bcde85dd8ec4b,1804.07445,tfidf,5,0.0,0.0,0.0,0.0,0.0,0.0,0,0,0,0.0,0.0,0.0,0.0,0,0
f88f45ef563ea9e40c5767ab2eaa77f4700f95f8,2002.09616,tfidf,5,0.3562071871080222,0.0,1.0,0.0,1.0,0.16666666666666666,0,0,0,0.0,0.0,0.0,0.0,0,0
f8bba20d1781ce2b14fad28d6eff024e5a6c2c02,1709.06365,tfidf,5,0.38685280723454163,0.5,0.5,1.0,1.0,0.5,1,1,0,0.5,1.0,0.3333333333333333,0.2857142857142857,0,1
f8f64da7172e72e684f0e024a19411b43629ff55,1804.05306,tfidf,5,0.5012658353418871,1.0,1.0,1.0,1.0,0.25,1,1,1,1.0,1.0,0.5714285714285714,0.5714285714285714,0,0
f92c344e9b1a986754277fd0f08a47dc3e5f9feb,1803.08419,tfidf,5,0.7757386182436072,0.5,0.75,1.0,1.0,1.0,1,1,0,0.5,1.0,0.5714285714285714,0.4444444444444444,0,1
f93bad406e004014618dd64f6c604b1a9ee6a371,1811.00127,tfidf,5,0.0,0.0,0.0,0.0,0.0,0.0,0,0,0,0.0,0.0,0.0,0.0,0,0
f9ae1b31c1a60aacb9ef869e1cc6b0e70c6e5d8e,2002.04374,tfidf,5,0.13565197343244778,0.0,0.3333333333333333,0.0,1.0,0.1,0,0,0,0.0,0.0,0.0,0.0,0,0
fa5f5f58f6277a1e433f80c9a92a5629d6d9a271,2002.09616,tfidf,5,1.0,1.0,1.0,1.0,1.0,1.0,1,1,1,1.0,1.0,0.3333333333333333,0.3333333333333333,0,0
fa800a21469a70fa6490bfc67cabdcc8bf086fb5,1902.06734,tfidf,5,0.19342640361727081,0.0,0.5,0.0,1.0,0.125,0,0,0,0.0,0.0,0.0,0.0,0,0
fac273ecb3e72f2dc94cdbc797582d7225a8e070,1703.05320,tfidf,5,0.20210734650054757,0.3333333333333333,0.3333333333333333,1.0,1.0,0.25,1,1,0,0.3333333333333333,1.0,0.3333333333333333,0.25,0,1
faffcc6ef27c1441e6528f924e320368430d8da3,1908.08917,tfidf,5,0.7946775459209724,0.5,1.0,1.0,1.0,1.0,1,1,0,0.5,1.0,0.3333333333333333,0.4444444444444444,0,1
fb06ed5cf9f04ff2039298af33384ca71ddbb461,1806.09652,tfidf,5,0.0,0.0,0.0,0.0,0.0,0.0,0,0,0,0.0,0.0,0.0,0.0,0,0
fcb0ac1934e2fd9f58f4b459e6853999a27844f9,2004.02214,tfidf,5,0.0,0.0,0.0,0.0,0.0,0.0,0,0,0,0.0,0.0,0.0,0.0,0,0
fcdafaea5b1c9edee305b81f6865efc8b8dc50d3,1707.02892,tfidf,5,0.13565197343244778,0.0,0.3333333333333333,0.0,1.0,0.1,0,0,0,0.0,0.0,0.0,0.0,0,0
fd651d19046966ca65d4bcf6f6ae9c66cdf13777,2002.10210,tfidf,5,0.6309297535714575,1.0,1.0,1.0,1.0,0.5,1,1,1,1.0,1.0,0.3333333333333333,0.3333333333333333,0,0
fd8a8eb69f07c584a76633f8802c2746f7236d64,1911.03642,tfidf,5,0.6309297535714575,1.0,1.0,1.0,1.0,0.5,1,1,1,1.0,1.0,0.3333333333333333,0.3333333333333333,0,0
fda47c68fd5f7b44bd539f83ded5882b96c36dd7,1704.03279,tfidf,5,0.0,0.0,0.0,0.0,0.0,0.0,0,0,0,0.0,0.0,0.0,0.0,0,0
fe1a74449847755cd7a46647cc9d384abfee789e,1901.03253,tfidf,5,0.0,0.0,0.0,0.0,0.0,0.0,0,0,0,0.0,0.0,0.0,0.0,0,0
fe52b093735bb456d7e699aa9a2b806d2b498ba0,1905.00840,tfidf,5,0.8048099750039491,0.75,0.75,1.0,1.0,1.0,1,0,0,0.75,0.5,0.2857142857142857,0.6666666666666666,1,0
fe6181ab0aecf5bc8c3def843f82e530347d918b,1911.09753,tfidf,5,0.6309297535714575,1.0,1.0,1.0,1.0,0.5,1,1,1,1.0,1.0,0.3333333333333333,0.3333333333333333,0,0
fea9b4d136156f23a88e5c7841874a467f2ba86d,1908.06259,tfidf,5,1.0,1.0,1.0,1.0,1.0,1.0,1,1,1,1.0,1.0,0.3333333333333333,0.3333333333333333,0,0
fee498457774d9617068890ff29528e9fa05a2ac,2003.03728,tfidf,5,0.0,0.0,0.0,0.0,0.0,0.0,0,0,0,0.0,0.0,0.0,0.0,0,0
fef5b65263c81299acc350a101dabaf5a8cb9c6e,1807.08089,tfidf,5,1.0,1.0,1.0,1.0,1.0,1.0,1,1,1,1.0,1.0,0.3333333333333333,0.3333333333333333,0,0
ff36168caf48161db7039e3bd4732cef31d4de99,1909.11706,tfidf,5,0.6309297535714575,1.0,1.0,1.0,1.0,0.5,1,1,1,1.0,1.0,0.3333333333333333,0.3333333333333333,0,0
000549a217ea24432c0656598279dbb85378c113,1804.05253,dense,5,0.6309297535714575,1.0,1.0,1.0,1.0,0.5,1,1,1,1.0,1.0,0.3333333333333333,0.3333333333333333,0,0
00341a46a67d31d36e6dc54d5297626319584891,1604.02201,dense,5,1.0,1.0,1.0,1.0,1.0,1.0,1,1,1,1.0,1.0,0.3333333333333333,0.3333333333333333,0,0
00aea97f69290b496ed11eb45a201ad28d741460,1909.01860,dense,5,0.6309297535714575,1.0,1.0,1.0,1.0,0.5,1,1,1,1.0,1.0,0.3333333333333333,0.3333333333333333,0,0
00c443f8d32d6baf7c7cea8f4ca9fa749532ccfd,1612.00866,dense,5,0.38685280723454163,1.0,1.0,1.0,1.0,0.2,1,1,1,1.0,1.0,0.3333333333333333,0.3333333333333333,0,0
00db191facf903cef18fb1727d1cab638c277e0a,1906.05506,dense,5,0.39780880120575696,0.0,1.0,0.0,1.0,0.14285714285714285,0,0,0,0.0,0.0,0.0,0.0,0,0
00df1ff914956d4d23299d02fd44e4c985bb61fa,1903.10318,dense,5,0.0,0.0,0.0,0.0,0.0,0.0,0,0,0,0.0,0.0,0.0,0.0,0,0
00e4c9aa87411dfc5455fc92f10e5c9266e7b95e,1710.06923,dense,5,0.5706417189553201,1.0,1.0,1.0,1.0,0.3333333333333333,1,1,1,1.0,1.0,0.3333333333333333,0.5714285714285714,0,0
00f507053c47e55d7e72bebdbd8a75b3ca88cf85,1806.07042,dense,5,0.5,1.0,1.0,1.0,1.0,0.3333333333333333,1,1,1,1.0,1.0,0.3333333333333333,0.3333333333333333,0,0
00ffe2c59a3ba18d6d2b353d6ab062a152c88526,1709.05453,dense,5,0.0,0.0,0.0,0.0,0.0,0.0,0,0,0,0.0,0.0,0.0,0.0,0,0
014a3aa07686ee18a86c977bf0701db082e8480b,1908.06493,dense,5,0.0,0.0,0.0,0.0,0.0,0.0,0,0,0,0.0,0.0,0.0,0.0,0,0
018b81f810a39b3f437a85573d24531efccd835f,1906.11085,dense,5,0.8772153153380493,1.0,1.0,1.0,1.0,1.0,1,1,1,1.0,1.0,0.5714285714285714,0.5714285714285714,0,0
01c8c3836467a4399cc37e86244b5bdc5dda2401,1804.09692,dense,5,0.6309297535714575,1.0,1.0,1.0,1.0,0.5,1,1,1,1.0,1.0,0.3333333333333333,0.3333333333333333,0,0
028d0d9b7a71133e51a14a32cd09dea1e2f39f05,1804.01155,dense,5,0.14126697285982898,0.0,0.3333333333333333,0.0,1.0,0.1111111111111111,0,0,0,0.0,0.0,0.0,0.0,0,0
02a5acb484bda77ef32a13f5d93d336472cf8cd4,1612.04118,dense,5,0.0,0.0,0.0,0.0,0.0,0.0,0,0,0,0.0,0.0,0.0,0.0,0,0
036c400424357457e42b22df477b7c3cdc2eefe9,1711.11118,dense,5,0.5,1.0,1.0,1.0,1.0,0.3333333333333333,1,1,1,1.0,1.0,0.3333333333333333,0.3333333333333333,0,0
042800c3336ed5f4826203616a39747c61382ba6,1709.05453,dense,5,0.3065735963827292,0.5,0.5,1.0,1.0,0.3333333333333333,1,1,0,0.5,1.0,0.3333333333333333,0.2857142857142857,0,1
04796aaa59eeb2176339c0651838670fd916074d,1906.11085,dense,5,0.6309297535714575,1.0,1.0,1.0,1.0,0.5,1,1,1,1.0,1.0,0.3333333333333333,0.3333333333333333,0,0
051034cc94f2c02d3041575c53f969b3311c9ea1,1804.07445,dense,5,0.6257049680303419,0.3333333333333333,0.6666666666666666,1.0,1.0,1.0,1,1,0,0.3333333333333333,1.0,0.3333333333333333,0.25,0,1
058b6e3fdbb607fa7dbfc688628b3e13e130c35a,1912.00239,dense,5,0.38685280723454163,0.5,0.5,1.0,1.0,0.5,1,0,0,0.5,0.5,0.2857142857142857,0.2857142857142857,1,0
065623cc1d5f5b19ec1f84d286522fc2f805c6ce,1706.04206,dense,5,0.43067655807339306,1.0,1.0,1.0,1.0,0.25,1,1,1,1.0,1.0,0.3333333333333333,0.3333333333333333,0,0
07104dd36a0e7fdd2c211ad710de9a605495b697,1908.05908,dense,5,0.6552438651310554,0.4,0.6,1.0,1.0,1.0,1,1,0,0.4,1.0,0.5714285714285714,0.4,0,1
075d6ab5dd132666e85d0b6ad238118271dfc147,1909.00786,dense,5,0.0,0.0,0.0,0.0,0.0,0.0,0,0,0,0.0,0.0,0.0,0.0,0,0
0778cbbd093f8b779f7cf26302b2a8e081ccfb40,1703.10152,dense,5,0.43067655807339306,1.0,1.0,1.0,1.0,0.25,1,1,1,1.0,1.0,0.3333333333333333,0.3333333333333333,0,0
079e654c97508c521c07ab4d24cdaaede5602c61,1605.05156,dense,5,1.0,1.0,1.0,1.0,1.0,1.0,1,1,1,1.0,1.0,0.3333333333333333,0.3333333333333333,0,0
07a214748a69b31400585aef7aba6af3e3d9cce2,1612.05202,dense,5,0.0,0.0,0.0,0.0,0.0,0.0,0,0,0,0.0,0.0,0.0,0.0,0,0
07d98dfa88944abd12acd45e98fb7d3719986aeb,1909.07873,dense,5,0.3381686774636725,0.07142857142857142,0.2857142857142857,1.0,1.0,0.5,1,0,0,0.07142857142857142,0.07692307692307693,0.1111111111111111,0.10526315789473684,1,0
08561f6ba578ce8f8d284abf90f5b24eb1f804d3,1901.03253,dense,5,0.0,0.0,0.0,0.0,0.0,0.0,0,0,0,0.0,0.0,0.0,0.0,0,0
088d42ecb1e15515f6a97a0da2fed81b61d61a23,1909.00437,dense,5,0.8899603164338973,0.5,1.0,1.0,1.0,1.0,1,1,0,0.5,1.0,0.3333333333333333,0.4444444444444444,0,1
08b77c52676167af72581079adf1ca2b994ce251,2002.10210,dense,5,0.08372491399919346,0.0,0.1111111111111111,0.0,1.0,0.16666666666666666,0,0,0,0.0,0.0,0.0,0.0,0,0
08c0d4db14773cbed8a63e69381a2265e85f8765,1901.05389,dense,5,1.0,1.0,1.0,1.0,1.0,1.0,1,1,1,1.0,1.0,0.3333333333333333,0.3333333333333333,0,0
0a5fd0e5f4ab12be57be20416a5ea7c3db5fb662,1912.10162,dense,5,0.7529987871806381,0.6,0.8,1.0,1.0,1.0,1,0,0,0.6,0.6,0.6,0.6,1,0
0a70af6ba334dfd3574991b1dd06f54fc6a700f2,1910.01160,dense,5,0.2640681225725909,0.5,0.5,1.0,1.0,0.25,1,1,0,0.5,1.0,0.3333333333333333,0.2857142857142857,0,1
0abc2499195185c94837e0340d00cd3b83ee795e,1909.13184,dense,5,0.6474316758782719,0.3333333333333333,0.7777777777777778,1.0,1.0,0.5,1,1,0,0.3333333333333333,1.0,0.3333333333333333,0.42857142857142855,0,1
0ac6fbd81e2dd95b800283dc7e59ce969d45fc02,1708.05521,dense,5,0.3333333333333333,0.0,1.0,0.0,1.0,0.14285714285714285,0,0,0,0.0,0.0,0.0,0.0,0,0
0aca0a208a1e28857fab44e397dc7880e010dbca,2003.12139,dense,5,0.21840743681816419,0.0,0.5,0.0,1.0,0.16666666666666666,0,0,0,0.0,0.0,0.0,0.0,0,0
0b10cfa61595b21bf3ff13b4df0fe1c17bbbf4e9,1908.07721,dense,5,0.0,0.0,0.0,0.0,0.0,0.0,0,0,0,0.0,0.0,0.0,0.0,0,0
0b1cc6c0de286eb724b1fd18dbc93e67ab89a236,1908.11664,dense,5,0.0,0.0,0.0,0.0,0.0,0.0,0,0,0,0.0,0.0,0.0,0.0,0,0
0b5a7ccf09810ff5a86162d502697d16b3536249,1911.03353,dense,5,0.5135312443624667,0.25,0.5,1.0,1.0,1.0,1,0,0,0.25,0.5,0.2857142857142857,0.2222222222222222,1,0
0b5bf00d2788c534c4c6c007b72290c48be21e16,1806.07042,dense,5,0.3333333333333333,0.0,1.0,0.0,1.0,0.14285714285714285,0,0,0,0.0,0.0,0.0,0.0,0,0
0b5c599195973c563c4b1a0fe5d8fc77204d71a0,1811.01183,dense,5,0.6309297535714575,1.0,1.0,1.0,1.0,0.5,1,1,1,1.0,1.0,0.3333333333333333,0.3333333333333333,0,0
0bc305d6b90f77f835bc4c904b22a4be07f963b2,1606.02601,dense,5,1.0,1.0,1.0,1.0,1.0,1.0,1,1,1,1.0,1.0,0.3333333333333333,0.3333333333333333,0,0
0bd3bea892c34a3820e98c4a42cdeda03753146b,1805.04558,dense,5,0.3391602052736161,0.2,0.2,1.0,1.0,1.0,1,0,0,0.2,0.25,0.2222222222222222,0.2,1,0
0bde3ecfdd7c4a9af23f53da2cda6cd7a8398220,1804.07445,dense,5,0.6131471927654584,0.5,0.5,1.0,1.0,1.0,1,1,0,0.5,1.0,0.3333333333333333,0.2857142857142857,0,1
0c4e419fe57bf01d58a44f3e263777c22cdd90dc,1911.06815,dense,5,0.31546487678572877,0.0,1.0,0.0,1.0,0.125,0,0,0,0.0,0.0,0.0,0.0,0,0
0d3193d17c0a4edc8fa9854f279c2a1b878e8b29,2002.00175,dense,5,0.48247555939075504,0.5,1.0,1.0,1.0,0.25,1,1,0,0.5,1.0,0.3333333333333333,0.2857142857142857,0,1
0d9241e904bd2bbf5b9a6ed7b5fc929651d3e28e,1910.13793,dense,5,0.6309297535714575,1.0,1.0,1.0,1.0,0.5,1,1,1,1.0,1.0,0.3333333333333333,0.3333333333333333,0,0
0dbb5309d2be97f6eda29d7ae220aa16cafbabb7,1610.00479,dense,5,0.6131471927654584,0.5,0.5,1.0,1.0,1.0,1,1,0,0.5,1.0,0.3333333333333333,0.2857142857142857,0,1
0dc9050c832a6091bc9db3f7fa7be72139f51177,1902.08830,dense,5,0.2890648263178879,0.0,1.0,0.0,1.0,0.1,0,0,0,0.0,0.0,0.0,0.0,0,0
0dfe43985dea45d93ae2504cccca15ae1e207ccf,2002.00175,dense,5,0.0,0.0,0.0,0.0,0.0,0.0,0,0,0,0.0,0.0,0.0,0.0,0,0
0ef114d24a7a32821967e912dff23c016c4eab41,1901.09501,dense,5,0.3621576404427382,0.42857142857142855,0.42857142857142855,1.0,1.0,0.3333333333333333,1,1,0,0.42857142857142855,1.0,0.5714285714285714,0.5,0,1
0f1f81b6d4aa0da38b4cc8b060926e7df61bb646,1909.05190,dense,5,0.36650177721905447,0.14285714285714285,0.2857142857142857,1.0,1.0,1.0,1,0,0,0.14285714285714285,0.5,0.2857142857142857,0.16666666666666666,1,0
0f9c1586f1b4b531fa4fd113e767d06af90b1ae8,1603.07252,dense,5,0.16716045496620227,0.0,0.3333333333333333,0.0,1.0,0.16666666666666666,0,0,0,0.0,0.0,0.0,0.0,0,0
0fe49431db5ffaa24372919daf24d8f84117bfda,1603.07252,dense,5,0.15101961822780524,0.25,0.25,1.0,1.0,0.2,1,0,0,0.25,0.3333333333333333,0.25,0.2222222222222222,1,0
0fee37ebe0a010cf8bd665fa566306d8e7d12631,1709.06365,dense,5,0.0,0.0,0.0,0.0,0.0,0.0,0,0,0,0.0,0.0,0.0,0.0,0,0
1002bd01372eba0f3078fb4a951505278ed45f2e,1906.01076,dense,5,0.32605954121156705,0.125,0.25,1.0,1.0,1.0,1,1,0,0.125,1.0,0.3333333333333333,0.15384615384615385,0,1
10edfb9428b8a4652274c13962917662fdf84f8a,1911.07620,dense,5,0.31546487678572877,0.0,1.0,0.0,1.0,0.125,0,0,0,0.0,0.0,0.0,0.0,0,0
1100e442e00c9914538a32aca7af994ce42e1b66,1911.03854,dense,5,0.20865662569078208,0.0,0.3333333333333333,0.0,1.0,0.16666666666666666,0,0,0,0.0,0.0,0.0,0.0,0,0
1128a600a813116cba9a2cf99d8568ae340f327a,1802.08969,dense,5,0.36005461457723403,0.4,0.4,1.0,1.0,0.5,1,0,0,0.4,0.4,0.4,0.4,1,0
11679d1feba747c64bbbc62939a20fbb69ada0f3,1902.06734,dense,5,0.0,0.0,0.0,0.0,0.0,0.0,0,0,0,0.0,0.0,0.0,0.0,0,0
119c404da6e42d4879eee10edeab4b2851162659,1910.10762,dense,5,0.46927872602275644,0.3333333333333333,0.3333333333333333,1.0,1.0,1.0,1,0,0,0.3333333333333333,0.5,0.2857142857142857,0.25,1,0
11a3af3f056e0fb5559fe5cbff1640e022732735,1612.05202,dense,5,0.3333333333333333,0.0,1.0,0.0,1.0,0.14285714285714285,0,0,0,0.0,0.0,0.0,0.0,0,0
11a8531699952f5a2286a4311f0fe80ed1befa1e,1905.07562,dense,5,0.38685280723454163,0.5,0.5,1.0,1.0,0.5,1,1,0,0.5,1.0,0.3333333333333333,0.2857142857142857,0,1
11c4071d9d7efeede84f47892b1fa0c6a93667eb,2004.02334,dense,5,0.0,0.0,0.0,0.0,0.0,0.0,0,0,0,0.0,0.0,0.0,0.0,0,0
11ef46187a5bf15e89d63220fdeaecbeb92d818e,1610.06510,dense,5,0.3562071871080222,0.0,1.0,0.0,1.0,0.16666666666666666,0,0,0,0.0,0.0,0.0,0.0,0,0
11f9c207476af75a9272105e646df02594059c3f,1603.09381,dense,5,0.6309297535714575,1.0,1.0,1.0,1.0,0.5,1,1,1,1.0,1.0,0.3333333333333333,0.3333333333333333,0,0
12dc04e0ec1d3ba5ec543069fe457dfa4a1cac07,1910.13793,dense,5,1.0,1.0,1.0,1.0,1.0,1.0,1,1,1,1.0,1.0,0.3333333333333333,0.3333333333333333,0,0
130d73400698e2b3c6860b07f2e957e3ff022d48,1909.00871,dense,5,0.2890648263178879,0.0,1.0,0.0,1.0,0.1,0,0,0,0.0,0.0,0.0,0.0,0,0
138ad61b43c85d5db166ea9bd3d3b19bb2e2bbfb,1909.13184,dense,5,0.6052602440527057,0.5,1.0,1.0,1.0,0.5,1,1,0,0.5,1.0,0.3333333333333333,0.2857142857142857,0,1
141f23e87c10c2d54d559881e641c983e3ec8ef3,1911.09241,dense,5,0.0,0.0,0.0,0.0,0.0,0.0,0,0,0,0.0,0.0,0.0,0.0,0,0
14fdc8087f2a62baea9d50c4aa3a3f8310b38d17,1909.12208,dense,5,0.9267582364714126,0.75,1.0,1.0,1.0,1.0,1,1,0,0.75,1.0,0.6666666666666666,0.6666666666666666,0,1
157284acedf13377cbc6d58c8f3648d3a62f5db5,1905.05644,dense,5,0.21398626473452756,0.2,0.2,1.0,1.0,0.5,1,0,0,0.2,0.25,0.2222222222222222,0.2,1,0
157de5175259d6f25db703efb299f948dae597b7,1708.07690,dense,5,0.42177340954886444,0.5,1.0,1.0,1.0,0.2,1,1,0,0.5,1.0,0.3333333333333333,0.2857142857142857,0,1
15aeda407ae3912419fd89211cdb98989d9cde58,1908.08788,dense,5,0.9134015924715543,0.6666666666666666,1.0,1.0,1.0,1.0,1,1,0,0.6666666666666666,1.0,0.3333333333333333,0.5,0,1
16a10c1681dc5a399b6d34b4eed7bb1fef816dd0,1910.02001,dense,5,0.6131471927654584,0.5,0.5,1.0,1.0,1.0,1,1,0,0.5,1.0,0.3333333333333333,0.2857142857142857,0,1
16cc37e4f8e2db99eaf89337a3d9ada431170d5b,1907.08540,dense,5,0.0,0.0,0.0,0.0,0.0,0.0,0,0,0,0.0,0.0,0.0,0.0,0,0
16edc21a6abc89ee2280dccf1c867c2ac4552524,1809.03695,dense,5,0.4790262927928244,0.3333333333333333,1.0,1.0,1.0,0.25,1,0,0,0.3333333333333333,0.3333333333333333,0.25,0.25,1,0
1702985a3528e876bb19b8e223399729d778b4e4,2003.12450,dense,5,0.5,1.0,1.0,1.0,1.0,0.3333333333333333,1,1,1,1.0,1.0,0.3333333333333333,0.3333333333333333,0,0
175cddfd0bcd77b7327b62f99e57d8ea93f8d8ba,1906.05685,dense,5,0.0,0.0,0.0,0.0,0.0,0.0,0,0,0,0.0,0.0,0.0,0.0,0,0
17fd6deb9e10707f9d1b70165dedb045e1889aac,1908.11053,dense,5,0.3065735963827292,0.5,0.5,1.0,1.0,0.3333333333333333,1,1,0,0.5,1.0,0.3333333333333333,0.2857142857142857,0,1
180c7bea8caf05ca97d9962b90eb454be4176425,1910.01160,dense,5,1.0,1.0,1.0,1.0,1.0,1.0,1,1,1,1.0,1.0,0.3333333333333333,0.3333333333333333,0,0
182eb91090017a7c8ea38a88b219b641842664e4,1901.09501,dense,5,0.5640920940185894,0.5,1.0,1.0,1.0,0.5,1,1,0,0.5,1.0,0.3333333333333333,0.2857142857142857,0,1
183b385fb59ff1e3f658d4555a08b67c005a8734,1809.03391,dense,5,0.5249810332008933,0.5,1.0,1.0,1.0,0.3333333333333333,1,1,0,0.5,1.0,0.3333333333333333,0.2857142857142857,0,1
19ebfba9aa5a9596b09a0cfb084ff8ebf24a3b91,1602.03483,dense,5,0.6052602440527057,0.5,1.0,1.0,1.0,0.5,1,1,0,0.5,1.0,0.3333333333333333,0.2857142857142857,0,1
1a2b69dfa81dfeadd67b133229476086f2cc74a8,1712.00733,dense,5,0.0,0.0,0.0,0.0,0.0,0.0,0,0,0,0.0,0.0,0.0,0.0,0,0
1a419468d255d40ae82ed7777618072a48f0091b,1704.06851,dense,5,0.20210734650054757,0.3333333333333333,0.3333333333333333,1.0,1.0,0.25,1,0,0,0.3333333333333333,0.5,0.2857142857142857,0.25,1,0
1a6156189297b2fe17f174ef55cbd20341bb7dbf,1611.06322,dense,5,0.0,0.0,0.0,0.0,0.0,0.0,0,0,0,0.0,0.0,0.0,0.0,0,0
1acf06105f6c1930f869347ef88160f55cbf382b,1909.00871,dense,5,0.6509209298071326,1.0,1.0,1.0,1.0,0.5,1,1,1,1.0,1.0,0.3333333333333333,0.5714285714285714,0,0
1c182b4805b336bd6e1a3f43dc84b07db3908d4a,1910.12203,dense,5,0.38202800419041144,0.0,0.75,0.0,1.0,0.16666666666666666,0,0,0,0.0,0.0,0.0,0.0,0,0
1ce6c09cf886df41a3d3c52ce82f370c5a30334a,1905.01347,dense,5,1.0,1.0,1.0,1.0,1.0,1.0,1,1,1,1.0,1.0,0.3333333333333333,0.3333333333333333,0,0
1d047286ac63e5dca1ab811172b89d7d125679e5,1910.03943,dense,5,0.2890648263178879,0.0,1.0,0.0,1.0,0.1,0,0,0,0.0,0.0,0.0,0.0,0,0
1d10e069b4304fabfbed69acf409f0a311bdc441,1806.09652,dense,5,1.0,1.0,1.0,1.0,1.0,1.0,1,1,1,1.0,1.0,0.3333333333333333,0.3333333333333333,0,0
1d263356692ed8cdee2a13f103a82d98f43d66eb,2003.11528,dense,5,0.7039180890341347,0.6666666666666666,0.6666666666666666,1.0,1.0,1.0,1,1,0,0.6666666666666666,1.0,0.5714285714285714,0.5,0,1
1d6d21043b9fd0ed3ccccdc6317dcf5a1347ef03,1802.09059,dense,5,0.17723928678404774,0.0,0.5,0.0,1.0,0.1,0,0,0,0.0,0.0,0.0,0.0,0,0
1d7b99646a1bc05beec633d7a3beb083ad1e8734,1803.02155,dense,5,0.0,0.0,0.0,0.0,0.0,0.0,0,0,0,0.0,0.0,0.0,0.0,0,0
1d9d7c96c5e826ac06741eb40e89fca6b4b022bd,1603.00957,dense,5,0.6508205185601091,0.6666666666666666,0.6666666666666666,1.0,1.0,1.0,1,1,0,0.6666666666666666,1.0,0.5714285714285714,0.5,0,1
1dc5bf9dca7de2ba21db10e9056d3906267ef5d5,1912.07940,dense,5,0.40298313359773236,0.0,1.0,0.0,1.0,0.16666666666666666,0,0,0,0.0,0.0,0.0,0.0,0,0
1dcfcfa46dbcffc2fc7be92dd57df9620258097b,1908.11046,dense,5,0.6509209298071326,1.0,1.0,1.0,1.0,0.5,1,1,1,1.0,1.0,0.5714285714285714,0.5714285714285714,0,0
1e11e74481ead4b7635922bbe0de041dc2dde28d,1610.03807,dense,5,0.448643819352159,0.5,1.0,1.0,1.0,0.25,1,0,0,0.5,0.5,0.2857142857142857,0.2857142857142857,1,0
1e7e3f0f760cd628f698b73d82c0f946707855ca,1710.07695,dense,5,0.3562071871080222,0.0,1.0,0.0,1.0,0.16666666666666666,0,0,0,0.0,0.0,0.0,0.0,0,0
1ec0be667a6594eb2e07c50258b120e693e040a8,1805.11598,dense,5,0.0,0.0,0.0,0.0,0.0,0.0,0,0,0,0.0,0.0,0.0,0.0,0,0
1ecbbb60dc44a701e9c57c22167dd412711bb0be,1812.00382,dense,5,0.45749452618986164,0.5,1.0,1.0,1.0,0.25,1,1,0,0.5,1.0,0.3333333333333333,0.2857142857142857,0,1
1f011fa772ce802e74eda89f706cdb1aa2833686,1910.01340,dense,5,0.4631896595828492,0.2,0.4,1.0,1.0,1.0,1,0,0,0.2,0.2222222222222222,0.2857142857142857,0.26666666666666666,1,0
1f053f338df6d238cb163af1a0b1b073e749ed8a,1806.09652,dense,5,0.6131471927654584,0.5,0.5,1.0,1.0,1.0,1,0,0,0.5,0.5,0.2857142857142857,0.2857142857142857,1,0
1f8044487af39244d723582b8a68f94750eed2cc,1910.01340,dense,5,0.3295827480202853,0.3333333333333333,0.6666666666666666,1.0,1.0,0.2,1,1,0,0.3333333333333333,1.0,0.3333333333333333,0.25,0,1
1faccdc78bbd99320c160ac386012720a0552119,1908.11053,dense,5,0.8065735963827293,0.5,1.0,1.0,1.0,1.0,1,0,0,0.5,0.5,0.2857142857142857,0.2857142857142857,1,0
1fcd25e9a63a53451cac9ad2b8a1b529aff44a97,1910.01992,dense,5,0.6309297535714575,1.0,1.0,1.0,1.0,0.5,1,1,1,1.0,1.0,0.3333333333333333,0.3333333333333333,0,0
1fd31fdfff93d65f36e93f6919f6976f5f172197,1709.05295,dense,5,0.9197207891481876,1.0,1.0,1.0,1.0,1.0,1,1,1,1.0,1.0,0.3333333333333333,0.5714285714285714,0,0
200c37060d037dee33f3b7c8b1a2aaa58376566e,1903.04329,dense,5,0.5,1.0,1.0,1.0,1.0,0.3333333333333333,1,1,1,1.0,1.0,0.3333333333333333,0.3333333333333333,0,0
20632fc4d2b693b5aabfbbc99ee5c1e9fc485dea,1912.02866,dense,5,0.07414861528507455,0.0,0.1111111111111111,0.0,1.0,0.125,0,0,0,0.0,0.0,0.0,0.0,0,0
21c89ee0281f093b209533453196306b9699b552,1706.00188,dense,5,0.5249810332008933,0.5,1.0,1.0,1.0,0.3333333333333333,1,1,0,0.5,1.0,0.3333333333333333,0.2857142857142857,0,1
21f6cb3819c85312364dd17dd4091df946591ef0,1704.08390,dense,5,1.0,1.0,1.0,1.0,1.0,1.0,1,1,1,1.0,1.0,0.3333333333333333,0.3333333333333333,0,0
22225ba18a6efe74b1315cc08405011d5431498e,1705.00571,dense,5,0.8756458727267334,0.75,1.0,1.0,1.0,1.0,1,1,0,0.75,1.0,0.75,0.6666666666666666,0,1
22488c8628b6db5fd708b6471c31a8eac31f66df,1906.01749,dense,5,0.3065735963827292,0.5,0.5,1.0,1.0,0.3333333333333333,1,1,0,0.5,1.0,0.3333333333333333,0.2857142857142857,0,1
2280ed1e2b3e99921e2bca21231af43b58ca04f0,1911.09247,dense,5,0.5,1.0,1.0,1.0,1.0,0.3333333333333333,1,1,1,1.0,1.0,0.3333333333333333,0.3333333333333333,0,0
22c125c461f565f5437dac74bf19c2ef317bad86,1703.04009,dense,5,1.0,1.0,1.0,1.0,1.0,1.0,1,1,1,1.0,1.0,0.3333333333333333,0.3333333333333333,0,0
2301424672cb79297cf7ad95f23b58515e4acce8,1911.05652,dense,5,0.6934264036172708,1.0,1.0,1.0,1.0,0.5,1,1,1,1.0,1.0,0.3333333333333333,0.5714285714285714,0,0
230f127e83ac62dd65fccf6b1a4960cf0f7316c7,2004.02401,dense,5,0.16958010263680806,0.2,0.2,1.0,1.0,0.3333333333333333,1,0,0,0.2,0.2,0.2,0.2,1,0
230ff86b7b90b87c33c53014bb1e9c582dfc107f,1805.11937,dense,5,0.6112833214150002,0.3333333333333333,1.0,1.0,1.0,0.5,1,1,0,0.3333333333333333,1.0,0.3333333333333333,0.25,0,1
23252644c04a043f630a855b563666dd57179d98,2002.00175,dense,5,0.0,0.0,0.0,0.0,0.0,0.0,0,0,0,0.0,0.0,0.0,0.0,0,0
235c7c7ca719068136928b18e19f9661e0f72806,2004.01820,dense,5,0.53501781839665,0.2857142857142857,0.42857142857142855,1.0,1.0,1.0,1,0,0,0.2857142857142857,0.2857142857142857,0.3333333333333333,0.3333333333333333,1,0
23cbf6ab365c1eb760b565d8ba51fb3f06257d62,1910.02677,dense,5,0.19518900079066107,0.14285714285714285,0.14285714285714285,1.0,1.0,0.3333333333333333,1,0,0,0.14285714285714285,0.14285714285714285,0.21052631578947367,0.21052631578947367,1,0
23fe8431058f2a7b7588745766fc715f271aad07,2004.02334,dense,5,1.0,1.0,1.0,1.0,1.0,1.0,1,1,1,1.0,1.0,0.3333333333333333,0.3333333333333333,0,0
243cf21c4e34c4b91fcc4905aa4dc15a72087f0c,1903.02930,dense,5,0.43067655807339306,1.0,1.0,1.0,1.0,0.25,1,1,1,1.0,1.0,0.3333333333333333,0.3333333333333333,0,0
246e924017c48fa1f069361c44133fdf4f0386e1,1909.01720,dense,5,0.0,0.0,0.0,0.0,0.0,0.0,0,0,0,0.0,0.0,0.0,0.0,0,0
252599e53f52b3375b26d4e8e8b66322a42d2563,1709.06365,dense,5,0.0,0.0,0.0,0.0,0.0,0.0,0,0,0,0.0,0.0,0.0,0.0,0,0
25a8d432bf94af1662837877bc6c284e2fc3fbe2,1908.10001,dense,5,0.6309297535714575,1.0,1.0,1.0,1.0,0.5,1,1,1,1.0,1.0,0.3333333333333333,0.3333333333333333,0,0
25e6ba07285155266c3154d3e2ca1ae05c2f7f2d,2004.03090,dense,5,0.20210734650054757,0.3333333333333333,0.3333333333333333,1.0,1.0,0.25,1,0,0,0.3333333333333333,0.5,0.2857142857142857,0.25,1,0
26844cec57df6ff0f02245ea862af316b89edffe,1808.10290,dense,5,0.0,0.0,0.0,0.0,0.0,0.0,0,0,0,0.0,0.0,0.0,0.0,0,0
2686e8d51caff9a19684e0c9984bcb5a1937d08d,1606.02892,dense,5,1.0,1.0,1.0,1.0,1.0,1.0,1,1,1,1.0,1.0,0.3333333333333333,0.3333333333333333,0,0
26e32f24fe0c31ef25de78935daa479534b9dd58,1911.01940,dense,5,0.6713860725233041,0.6666666666666666,0.6666666666666666,1.0,1.0,1.0,1,1,0,0.6666666666666666,1.0,0.5714285714285714,0.5,0,1
26eceba0e6e4c0b6dfa94e5708dd74b63f701731,1712.02555,dense,5,0.0,0.0,0.0,0.0,0.0,0.0,0,0,0,0.0,0.0,0.0,0.0,0,0
2711ae6dd532d136295c95253dbf202e37ecd3e7,1909.06708,dense,5,1.0,1.0,1.0,1.0,1.0,1.0,1,1,1,1.0,1.0,0.5714285714285714,0.75,0,0
2749fb1725a2c4bdba5848e2fc424a43e7c4be51,2004.04498,dense,5,0.20210734650054757,0.3333333333333333,0.3333333333333333,1.0,1.0,0.25,1,1,0,0.3333333333333333,1.0,0.3333333333333333,0.25,0,1
27d7a30e42921e77cfffafac5cb0d16ce5a7df99,1707.02892,dense,5,0.31546487678572877,0.0,1.0,0.0,1.0,0.125,0,0,0,0.0,0.0,0.0,0.0,0,0
2834a340116026d5995e537d474a47d6a74c3745,1705.01306,dense,5,0.3562071871080222,0.0,1.0,0.0,1.0,0.16666666666666666,0,0,0,0.0,0.0,0.0,0.0,0,0
283d358606341c399e369f2ba7952cd955326f73,1611.02378,dense,5,0.2640681225725909,0.5,0.5,1.0,1.0,0.25,1,1,0,0.5,1.0,0.3333333333333333,0.2857142857142857,0,1
28847b20ca63dc56f2545e6f6ec3082d9dbe1b3f,2003.12660,dense,5,0.21840743681816419,0.0,0.5,0.0,1.0,0.16666666666666666,0,0,0,0.0,0.0,0.0,0.0,0,0
2895a3fc63f6f403445c11043460584e949fb16c,1710.07695,dense,5,0.8065735963827293,0.5,1.0,1.0,1.0,1.0,1,1,0,0.5,1.0,0.3333333333333333,0.2857142857142857,0,1
28a8a1542b45f67674a2f1d54fff7a1e45bfad66,2002.04326,dense,5,0.8772153153380493,1.0,1.0,1.0,1.0,1.0,1,1,1,1.0,1.0,0.3333333333333333,0.5714285714285714,0,0
2929e92f9b4939297b4d0f799d464d46e8d52063,1908.11046,dense,5,0.8772153153380493,1.0,1.0,1.0,1.0,1.0,1,1,1,1.0,1.0,0.5714285714285714,0.5714285714285714,0,0
2974237446d04da33b78ce6d22a477cdf80877b7,1611.06322,dense,5,0.3171937659698004,0.3333333333333333,0.6666666666666666,1.0,1.0,0.2,1,1,0,0.3333333333333333,1.0,0.3333333333333333,0.25,0,1
29794bda61665a1fbe736111e107fd181eacba1b,1911.01214,dense,5,0.40179981797758046,0.3333333333333333,0.6666666666666666,1.0,1.0,0.3333333333333333,1,0,0,0.3333333333333333,0.5,0.2857142857142857,0.25,1,0
2a120f358f50c377b5b63fb32633223fa4ee2149,1803.05160,dense,5,0.6131471927654584,0.5,0.5,1.0,1.0,1.0,1,1,0,0.5,1.0,0.3333333333333333,0.2857142857142857,0,1
2a9c7243744b42f1e9fed9ff2ab17c6f156b1ba4,1804.05306,dense,5,0.38685280723454163,1.0,1.0,1.0,1.0,0.2,1,1,1,1.0,1.0,0.3333333333333333,0.3333333333333333,0,0
2abcff4fdedf9b17f76875cc338ba4ab8d1eccd3,2003.11687,dense,5,0.5,1.0,1.0,1.0,1.0,0.3333333333333333,1,1,1,1.0,1.0,0.3333333333333333,0.3333333333333333,0,0
2abf916bc03222d3b2a3d66851d87921ff35c0d2,1803.06745,dense,5,0.5802792108518124,0.5,1.0,1.0,1.0,0.5,1,1,0,0.5,1.0,0.3333333333333333,0.2857142857142857,0,1
2ae66798333b905172e2c0954e9808662ab7f221,1903.00384,dense,5,0.38268031849431083,0.3333333333333333,0.6666666666666666,1.0,1.0,0.3333333333333333,1,0,0,0.3333333333333333,0.5,0.2857142857142857,0.25,1,0
2aeabec8a734a6e8ca9e7a308dd8c9a1011b3d6e,1801.05617,dense,5,0.4525081529734507,0.3333333333333333,0.6666666666666666,1.0,1.0,0.5,1,1,0,0.3333333333333333,1.0,0.3333333333333333,0.25,0,1
2b32cf05c5e736f764ceecc08477e20ab9f2f5d7,1908.06493,dense,5,0.22924436334369883,0.2,0.4,1.0,1.0,0.2,1,0,0,0.2,0.25,0.2222222222222222,0.2,1,0
2ba2ff6c21a16bd295b07af1ef635b3b4c5bd17e,1912.04979,dense,5,0.0,0.0,0.0,0.0,0.0,0.0,0,0,0,0.0,0.0,0.0,0.0,0,0
2bd702174e915d97884d1571539fb1b5b0b7123a,1802.02614,dense,5,0.3065735963827292,0.5,0.5,1.0,1.0,0.3333333333333333,1,1,0,0.5,1.0,0.3333333333333333,0.2857142857142857,0,1
2c60628d54f2492e0cbf0fb8bacd8e54117f0c18,1902.10246,dense,5,0.5706417189553201,1.0,1.0,1.0,1.0,0.3333333333333333,1,1,1,1.0,1.0,0.5714285714285714,0.5714285714285714,0,0
2ca3ca39d59f448e30be6798514709be7e3c62d8,1603.01547,dense,5,0.0,0.0,0.0,0.0,0.0,0.0,0,0,0,0.0,0.0,0.0,0.0,0,0
2cb20bae085b67e357ab1e18ebafeac4bbde5b4a,1901.05389,dense,5,0.0,0.0,0.0,0.0,0.0,0.0,0,0,0,0.0,0.0,0.0,0.0,0,0
2d5d0b0c54105717bf48559b914fefd0c94964a6,2003.12660,dense,5,0.5912352048230277,0.5,1.0,1.0,1.0,0.5,1,1,0,0.5,1.0,0.3333333333333333,0.2857142857142857,0,1
2d91554c3f320a4bcfeb00aa466309074a206712,1903.01411,dense,5,0.22400556151517553,0.2,0.2,1.0,1.0,0.5,1,1,0,0.2,1.0,0.3333333333333333,0.26666666666666666,0,1
2dba0b83fc22995f83e7ac66cc8f68bcdcc70ee9,1909.04251,dense,5,1.0,1.0,1.0,1.0,1.0,1.0,1,1,1,1.0,1.0,0.3333333333333333,0.3333333333333333,0,0
2ddfb40a9e73f382a2eb641c8e22bbb80cef017b,1906.01502,dense,5,0.7039180890341347,0.6666666666666666,0.6666666666666666,1.0,1.0,1.0,1,1,0,0.6666666666666666,1.0,0.5714285714285714,0.5,0,1
2e37eb2a2a9ad80391e57acb53616eab048ab640,2003.13028,dense,5,0.7039180890341347,0.6666666666666666,0.6666666666666666,1.0,1.0,1.0,1,1,0,0.6666666666666666,1.0,0.5714285714285714,0.5,0,1
2e4688205c8e344cded7a053b6014cce04ef1bd5,1611.04234,dense,5,0.0,0.0,0.0,0.0,0.0,0.0,0,0,0,0.0,0.0,0.0,0.0,0,0
2ecd12069388fd58ad5f8f4ae7ac1bb4f56497b9,1905.08067,dense,5,0.6309297535714575,1.0,1.0,1.0,1.0,0.5,1,1,1,1.0,1.0,0.3333333333333333,0.3333333333333333,0,0
2ee4ecf98ef7d02c9e4d103968098fe35f067bbb,1908.07491,dense,5,0.6340499455108034,0.6666666666666666,1.0,1.0,1.0,0.5,1,0,0,0.6666666666666666,0.6666666666666666,0.5,0.5,1,0
2f23bd86a9e27dcd88007c9058ddfce78a1a377b,1707.07568,dense,5,0.6309297535714575,1.0,1.0,1.0,1.0,0.5,1,1,1,1.0,1.0,0.3333333333333333,0.3333333333333333,0,0
2f75b0498cf6a1fc35f1fb1cac44fc2fbd3d7878,2002.00175,dense,5,0.3501483019834802,0.3333333333333333,0.6666666666666666,1.0,1.0,0.25,1,1,0,0.3333333333333333,1.0,0.3333333333333333,0.25,0,1
301a453abaa3bc15976817fefce7a41f3b779907,1805.04558,dense,5,1.0,1.0,1.0,1.0,1.0,1.0,1,1,1,1.0,1.0,0.5714285714285714,0.5714285714285714,0,0
30870a962cf88ac8c8e6b7b795936fd62214f507,1709.06136,dense,5,0.21840743681816419,0.0,0.5,0.0,1.0,0.16666666666666666,0,0,0,0.0,0.0,0.0,0.0,0,0
311f9971d61b91c7d76bba1ad6f038390977a8be,1910.02677,dense,5,1.0,1.0,1.0,1.0,1.0,1.0,1,1,1,1.0,1.0,0.3333333333333333,0.3333333333333333,0,0
31894361833b3e329a1fb9ebf85a78841cff229f,1905.08067,dense,5,0.3333333333333333,0.0,1.0,0.0,1.0,0.14285714285714285,0,0,0,0.0,0.0,0.0,0.0,0,0
31a3ec8d550054465e55a26b0136f4d50d72d354,1608.01972,dense,5,0.0,0.0,0.0,0.0,0.0,0.0,0,0,0,0.0,0.0,0.0,0.0,0,0
31e6062ba45d8956791e1b86bad7efcb6d1b191a,1703.10152,dense,5,0.4136877383108716,0.4,0.6,1.0,1.0,0.3333333333333333,1,1,0,0.4,1.0,0.4444444444444444,0.4,0,1
32f2aa2df0152050cbcd27dd2f408b2fa5894031,1711.01567,dense,5,0.36181498356361597,0.0,1.0,0.0,1.0,0.1111111111111111,0,0,0,0.0,0.0,0.0,0.0,0,0
3319d56556ae1597a86384057db0831e32774b90,1611.06322,dense,5,0.6131471927654584,0.5,0.5,1.0,1.0,1.0,1,1,0,0.5,1.0,0.3333333333333333,0.2857142857142857,0,1
334aa5540c207768931a0fe78aa4981a895ba37c,1909.11980,dense,5,0.9217868789962071,0.6666666666666666,1.0,1.0,1.0,1.0,1,1,0,0.6666666666666666,1.0,0.5714285714285714,0.5,0,1
338a3758dccfa438a52d173fbe23a165ef74a0f0,1909.12016,dense,5,0.9217868789962071,0.6666666666666666,1.0,1.0,1.0,1.0,1,0,0,0.6666666666666666,0.6666666666666666,0.5,0.5,1,0
3435e365adf7866e45670c865dc33bb7d2a6a0c6,1911.03642,dense,5,1.0,1.0,1.0,1.0,1.0,1.0,1,1,1,1.0,1.0,0.3333333333333333,0.3333333333333333,0,0
344238de7208902f7b3a46819cc6d83cc37448a0,1908.06024,dense,5,0.20503241819862084,0.0,0.4,0.0,1.0,0.125,0,0,0,0.0,0.0,0.0,0.0,0,0
3450723bf66956486de777f141bde5073e4a7694,1906.01076,dense,5,0.6309297535714575,1.0,1.0,1.0,1.0,0.5,1,1,1,1.0,1.0,0.3333333333333333,0.3333333333333333,0,0
34b434825f0ca3225dc8914f9da865d2b4674f08,1912.08084,dense,5,0.0,0.0,0.0,0.0,0.0,0.0,0,0,0,0.0,0.0,0.0,0.0,0,0
34e9e54fa79e89ecacac35f97b33ef3ca3a00f85,1909.02855,dense,5,0.0,0.0,0.0,0.0,0.0,0.0,0,0,0,0.0,0.0,0.0,0.0,0,0
351f7b254e80348221e0654478663a5e53d3fe65,1810.12897,dense,5,1.0,1.0,1.0,1.0,1.0,1.0,1,1,1,1.0,1.0,0.5714285714285714,0.5714285714285714,0,0
3588988f2230f3329d7523fbb881b20bf177280d,1811.00051,dense,5,0.6309297535714575,1.0,1.0,1.0,1.0,0.5,1,1,1,1.0,1.0,0.3333333333333333,0.3333333333333333,0,0
35e0e6f89b010f34cfb69309b85db524a419c862,1911.10401,dense,5,1.0,1.0,1.0,1.0,1.0,1.0,1,1,1,1.0,1.0,0.3333333333333333,0.3333333333333333,0,0
35f48b8f73728fbdeb271b170804190b5448485a,1809.03695,dense,5,0.9674679834891693,1.0,1.0,1.0,1.0,1.0,1,1,1,1.0,1.0,0.5714285714285714,0.75,0,0
361f330d3232681f1a13c6d59abb6c18246e7b35,1909.00369,dense,5,0.6131471927654584,0.5,0.5,1.0,1.0,1.0,1,1,0,0.5,1.0,0.3333333333333333,0.2857142857142857,0,1
363a24ecb8ab45215134935e7e8165fff72ff90f,2004.01970,dense,5,0.23719771276929622,0.5,0.5,1.0,1.0,0.2,1,1,0,0.5,1.0,0.3333333333333333,0.2857142857142857,0,1
3699927c6c1146f5057576034d226a99946d52cb,1902.08830,dense,5,0.0,0.0,0.0,0.0,0.0,0.0,0,0,0,0.0,0.0,0.0,0.0,0,0
369d7bc5351409910c7a5e05c0cbb5abab8e50ec,2004.03090,dense,5,0.3562071871080222,0.0,1.0,0.0,1.0,0.16666666666666666,0,0,0,0.0,0.0,0.0,0.0,0,0
36cb7ebdd39e0b8a89ff946d3a3aef8a76a6bb43,1908.09919,dense,5,0.6984152163370878,0.5,0.75,1.0,1.0,1.0,1,1,0,0.5,1.0,0.3333333333333333,0.4444444444444444,0,1
371433bd3fb5042bacec4dfad3cfff66147c14f0,1909.04387,dense,5,0.21252302622743086,0.16666666666666666,0.3333333333333333,1.0,1.0,0.2,1,0,0,0.16666666666666666,0.16666666666666666,0.18181818181818182,0.18181818181818182,1,0
376e8ed6e039e07c892c77b7525778178d56acb7,1908.07491,dense,5,1.0,1.0,1.0,1.0,1.0,1.0,1,1,1,1.0,1.0,0.3333333333333333,0.3333333333333333,0,0
37ac705166fa87dc74fe86575bf04bea56cc4930,2004.02363,dense,5,1.0,1.0,1.0,1.0,1.0,1.0,1,1,1,1.0,1.0,0.3333333333333333,0.3333333333333333,0,0
37b972a3afae04193411dc569f672d802c16ad71,1911.06815,dense,5,0.3333333333333333,0.0,1.0,0.0,1.0,0.14285714285714285,0,0,0,0.0,0.0,0.0,0.0,0,0
37e6ce5cfc9d311e760dad8967d5085446125408,2002.08902,dense,5,0.5,1.0,1.0,1.0,1.0,0.3333333333333333,1,1,1,1.0,1.0,0.3333333333333333,0.3333333333333333,0,0
38055717edf833566d912f14137b92a1d9c4f65a,1909.10481,dense,5,0.4227898344066503,0.0,1.0,0.0,1.0,0.16666666666666666,0,0,0,0.0,0.0,0.0,0.0,0,0
380e71848d4b0d1e983d504b1249119612f00bcb,1706.00188,dense,5,0.8175295903539445,0.5,1.0,1.0,1.0,1.0,1,1,0,0.5,1.0,0.3333333333333333,0.2857142857142857,0,1
38289bd9592db4d3670b65a0fef1fe8a309fee61,1603.08868,dense,5,0.5,1.0,1.0,1.0,1.0,0.3333333333333333,1,1,1,1.0,1.0,0.3333333333333333,0.3333333333333333,0,0
38363a7ed250bc729508c4c1dc975696a65c53cb,1911.04873,dense,5,0.0,0.0,0.0,0.0,0.0,0.0,0,0,0,0.0,0.0,0.0,0.0,0,0
389cc454ac97609e9d0f2b2fe70bf43218dd8ba7,1911.03324,dense,5,0.6309297535714575,1.0,1.0,1.0,1.0,0.5,1,1,1,1.0,1.0,0.3333333333333333,0.3333333333333333,0,0
389ff1927ba9fc8bac50959fc09f30c2143cc14e,1804.09692,dense,5,0.45749452618986164,0.5,1.0,1.0,1.0,0.25,1,1,0,0.5,1.0,0.3333333333333333,0.2857142857142857,0,1
38af3f25c36c3725a31304ab96e2c200c55792b4,1806.03369,dense,5,0.23719771276929622,0.5,0.5,1.0,1.0,0.2,1,0,0,0.5,0.5,0.2857142857142857,0.2857142857142857,1,0
397a1e851aab41c455c2b284f5e4947500d797f0,1911.10742,dense,5,0.2890648263178879,0.0,1.0,0.0,1.0,0.1,0,0,0,0.0,0.0,0.0,0.0,0,0
3a06d40a4bf5ba6e26d9138434e9139a014deb40,1908.09283,dense,5,0.43067655807339306,1.0,1.0,1.0,1.0,0.25,1,1,1,1.0,1.0,0.3333333333333333,0.3333333333333333,0,0
3a19dc6999aeb936d8a1c4509ebd5bfcda50f0f1,1909.12016,dense,5,0.3706656904013186,0.0,1.0,0.0,1.0,0.125,0,0,0,0.0,0.0,0.0,0.0,0,0
3a25f82512d56d9e1ffba72f977f515ae3ba3cca,2003.09244,dense,5,0.30260241349881345,0.16666666666666666,0.16666666666666666,1.0,1.0,1.0,1,0,0,0.16666666666666666,0.5,0.2857142857142857,0.18181818181818182,1,0
3a33512d253005ac280ee9ca4f9dfa69aa38d48f,1910.07973,dense,5,1.0,1.0,1.0,1.0,1.0,1.0,1,1,1,1.0,1.0,0.3333333333333333,0.3333333333333333,0,0
3c414f7fbf577dfd3363be6bbc9eba8bdd01f45f,1610.03955,dense,5,0.9197207891481876,1.0,1.0,1.0,1.0,1.0,1,1,1,1.0,1.0,0.5714285714285714,0.5714285714285714,0,0
3cc0d773085dc175b85955e95911a2cfaab2cdc4,1707.06519,dense,5,0.8503449055347546,1.0,1.0,1.0,1.0,1.0,1,1,1,1.0,1.0,0.5714285714285714,0.5714285714285714,0,0
3cc9a820c4a2cd2ff61da920c41ed09f3c0135be,1911.00461,dense,5,0.7843714928995427,0.5,1.0,1.0,1.0,1.0,1,1,0,0.5,1.0,0.5714285714285714,0.4444444444444444,0,1
3ccc4ccebc3b0de5546b1208e8094a839fd4a4ab,1808.09180,dense,5,0.6934264036172708,1.0,1.0,1.0,1.0,0.5,1,1,1,1.0,1.0,0.3333333333333333,0.5714285714285714,0,0
3cfe464052f0a248b6e22c9351279403dfe34f3c,1910.10762,dense,5,0.6131471927654584,0.5,0.5,1.0,1.0,1.0,1,1,0,0.5,1.0,0.3333333333333333,0.2857142857142857,0,1
3d5b4aa1ce99903b1fcd257c1e394f7990431d13,1810.13414,dense,5,1.0,1.0,1.0,1.0,1.0,1.0,1,1,1,1.0,1.0,0.3333333333333333,0.3333333333333333,0,0
3d662fb442d5fc332194770aac835f401c2148d9,1911.09247,dense,5,0.75369761125927,0.75,0.75,1.0,1.0,1.0,1,1,0,0.75,1.0,0.6666666666666666,0.6666666666666666,0,1
3d73cb92d866448ec72a571331967da5d34dfbb1,1910.09916,dense,5,0.5,1.0,1.0,1.0,1.0,0.3333333333333333,1,1,1,1.0,1.0,0.3333333333333333,0.3333333333333333,0,0
3de3a083b8ba3086792d38ae9667e095070f7f37,1905.00472,dense,5,0.5,1.0,1.0,1.0,1.0,0.3333333333333333,1,1,1,1.0,1.0,0.3333333333333333,0.3333333333333333,0,0
3df6d18d7b25d1c814e9dcc8ba78b3cdfe15edcd,1605.05195,dense,5,0.0,0.0,0.0,0.0,0.0,0.0,0,0,0,0.0,0.0,0.0,0.0,0,0
3e0fd1a3944e207edbbe7c7108239dbaf3bccd4f,2004.02105,dense,5,0.0,0.0,0.0,0.0,0.0,0.0,0,0,0,0.0,0.0,0.0,0.0,0,0
3e23cc3c5e4d5cec51d158130d6aeae120e94fc8,1610.07149,dense,5,0.4227898344066503,0.0,1.0,0.0,1.0,0.16666666666666666,0,0,0,0.0,0.0,0.0,0.0,0,0
3e5162e6399c7d03ecc7007efd21d06c04cf2843,1911.11025,dense,5,0.6309297535714575,1.0,1.0,1.0,1.0,0.5,1,1,1,1.0,1.0,0.3333333333333333,0.3333333333333333,0,0
3e88fcc94d0f451e87b65658751834f6103b2030,1908.05908,dense,5,0.42177340954886444,0.5,1.0,1.0,1.0,0.2,1,1,0,0.5,1.0,0.3333333333333333,0.2857142857142857,0,1
3ea82a5ca495ffbd1e30e8655aef1be4ba423efe,1911.12559,dense,5,0.7864724919925569,0.6666666666666666,1.0,1.0,1.0,1.0,1,1,0,0.6666666666666666,1.0,0.5714285714285714,0.5,0,1
3eb107f35f4f5f5f527a93ffb487aa2e3fe51efd,1805.07882,dense,5,0.30260241349881345,0.16666666666666666,0.16666666666666666,1.0,1.0,1.0,1,0,0,0.16666666666666666,0.16666666666666666,0.18181818181818182,0.18181818181818182,1,0
3ed8ac1ba4df6609fa7de5077d83e820641edc5e,1707.09816,dense,5,0.41443699955334395,0.5,1.0,1.0,1.0,0.2,1,1,0,0.5,1.0,0.3333333333333333,0.2857142857142857,0,1
3f717e6eceab0a066af65ddf782c1ebc502c28c0,1909.12079,dense,5,0.0,0.0,0.0,0.0,0.0,0.0,0,0,0,0.0,0.0,0.0,0.0,0,0
3f8a42eb0e904ce84c3fded2103f674e9cbc893d,1911.00202,dense,5,0.2960819109658652,0.3333333333333333,0.3333333333333333,1.0,1.0,0.5,1,0,0,0.3333333333333333,0.5,0.2857142857142857,0.25,1,0
3fd8eab282569b1c18b82f20d579b335ae70e79f,1906.01502,dense,5,0.39564672360221187,0.0,1.0,0.0,1.0,0.16666666666666666,0,0,0,0.0,0.0,0.0,0.0,0,0
4137a82d7752be7a6c142ceb48ce784fd475fb06,1708.05521,dense,5,1.0,1.0,1.0,1.0,1.0,1.0,1,1,1,1.0,1.0,0.3333333333333333,0.3333333333333333,0,0
420862798054f736128a6f0c4393c7f9cc648b40,1603.09405,dense,5,0.2890648263178879,0.0,1.0,0.0,1.0,0.1,0,0,0,0.0,0.0,0.0,0.0,0,0
42269ed04e986ec5dc4164bf57ef306aec4a1ae1,1608.01972,dense,5,0.0,0.0,0.0,0.0,0.0,0.0,0,0,0,0.0,0.0,0.0,0.0,0,0
42279c3a202a93cfb4aef49212ccaf401a3f8761,1803.05160,dense,5,0.3932591258696538,0.2857142857142857,0.2857142857142857,1.0,1.0,1.0,1,0,0,0.2857142857142857,0.3333333333333333,0.36363636363636365,0.3333333333333333,1,0
425d17465ff91019eb87c28ff3942f781ba1bbcb,1901.03253,dense,5,0.9197207891481876,1.0,1.0,1.0,1.0,1.0,1,1,1,1.0,1.0,0.3333333333333333,0.5714285714285714,0,0
4288621e960ffbfce59ef1c740d30baac1588b9b,1611.04887,dense,5,0.0,0.0,0.0,0.0,0.0,0.0,0,0,0,0.0,0.0,0.0,0.0,0,0
42a4ab4607a9eec42c427a817b7e898230d26444,1909.09070,dense,5,0.32703966649239957,0.2,0.4,1.0,1.0,0.5,1,1,0,0.2,1.0,0.3333333333333333,0.2,0,1
42dcf1bb19b8470993c05e55413eed487b0f2559,1905.08067,dense,5,0.6309297535714575,1.0,1.0,1.0,1.0,0.5,1,1,1,1.0,1.0,0.3333333333333333,0.3333333333333333,0,0
42eb7c5311fc1ac0344f0b38d3184ccd4faad3be,2004.01820,dense,5,1.0,1.0,1.0,1.0,1.0,1.0,1,1,1,1.0,1.0,0.3333333333333333,0.3333333333333333,0,0
430ad71a0fd715a038f3c0fe8d7510e9730fba23,1805.09960,dense,5,0.46927872602275644,0.3333333333333333,0.3333333333333333,1.0,1.0,1.0,1,1,0,0.3333333333333333,1.0,0.3333333333333333,0.25,0,1
43729be0effb5defc62bae930ceacf7219934f1e,2003.07568,dense,5,0.7653606369886217,0.6666666666666666,0.6666666666666666,1.0,1.0,1.0,1,1,0,0.6666666666666666,1.0,0.3333333333333333,0.5,0,1
43f43b135109ebd1d2d1f9af979c64ce550b5f0f,1804.05253,dense,5,0.6309297535714575,1.0,1.0,1.0,1.0,0.5,1,1,1,1.0,1.0,0.3333333333333333,0.3333333333333333,0,0
441a2b80e82266c2cc2b306c0069f2b564813fed,1906.04236,dense,5,0.0,0.0,0.0,0.0,0.0,0.0,0,0,0,0.0,0.0,0.0,0.0,0,0
4485e32052741972877375667901f61e602ec4de,1805.11850,dense,5,0.5,1.0,1.0,1.0,1.0,0.3333333333333333,1,1,1,1.0,1.0,0.3333333333333333,0.3333333333333333,0,0
452e2d7d7d9e1bb4914903479cd7caff9f6fae42,1706.00188,dense,5,0.43067655807339306,1.0,1.0,1.0,1.0,0.25,1,1,1,1.0,1.0,0.3333333333333333,0.3333333333333333,0,0
458e5ed506883bfec6623102ec9f43c071f0616f,1801.05617,dense,5,0.31546487678572877,0.0,1.0,0.0,1.0,0.125,0,0,0,0.0,0.0,0.0,0.0,0,0
45aab23790161cbc55f78e16fdf5678a3f5b4b92,1610.06510,dense,5,0.5,1.0,1.0,1.0,1.0,0.3333333333333333,1,1,1,1.0,1.0,0.3333333333333333,0.3333333333333333,0,0
45e6532ac06a59cb6a90624513242b06d7391501,1912.11637,dense,5,0.1480409554829326,0.0,0.3333333333333333,0.0,1.0,0.125,0,0,0,0.0,0.0,0.0,0.0,0,0
4683812cba21c92319be68c03260b5a8175bbb6e,1602.07563,dense,5,0.37800210039683896,0.0,1.0,0.0,1.0,0.125,0,0,0,0.0,0.0,0.0,0.0,0,0
468eb961215a554ace8088fa9097a7ad239f2d71,2004.04478,dense,5,0.0,0.0,0.0,0.0,0.0,0.0,0,0,0,0.0,0.0,0.0,0.0,0,0
46aa61557c8d20b1223a30366a0704d7af68bbbe,1910.07924,dense,5,0.6020521034564038,0.3,0.5,1.0,1.0,1.0,1,0,0,0.3,0.3333333333333333,0.4,0.4,1,0
46d051b8924ad0ef8cfba9c7b5b84707ee72f26a,1907.04072,dense,5,0.5,1.0,1.0,1.0,1.0,0.3333333333333333,1,1,1,1.0,1.0,0.3333333333333333,0.3333333333333333,0,0
46e660becd727c994a2a35c6587e15ea8bf8272d,1809.08935,dense,5,0.3010299956639812,0.0,1.0,0.0,1.0,0.1111111111111111,0,0,0,0.0,0.0,0.0,0.0,0,0
471683ba6251b631f38a24d42b6dba6f52dee429,2003.12139,dense,5,1.0,1.0,1.0,1.0,1.0,1.0,1,1,1,1.0,1.0,0.3333333333333333,0.3333333333333333,0,0
4748a50c96acb1aa03f7efd1b43376c193b2450a,1709.04491,dense,5,0.7977228895450266,0.5,1.0,1.0,1.0,1.0,1,1,0,0.5,1.0,0.3333333333333333,0.2857142857142857,0,1
475e698a801be0ad9e4f74756d1fff4fe0728009,1805.11598,dense,5,0.11751610475642714,0.0,0.25,0.0,1.0,0.1111111111111111,0,0,0,0.0,0.0,0.0,0.0,0,0
475ef4ad32a8589dae9d97048166d732ae5d7beb,1906.01502,dense,5,0.6546154994739983,0.6666666666666666,1.0,1.0,1.0,0.5,1,0,0,0.6666666666666666,0.6666666666666666,0.5,0.5,1,0
477da8d997ff87400c6aad19dcc74f8998bc89c3,1805.11850,dense,5,0.4415801103577823,0.5,1.0,1.0,1.0,0.2,1,0,0,0.5,0.5,0.2857142857142857,0.2857142857142857,1,0
47b7bc232af7bf93338bd3926345e23e9e80c0c1,1811.01183,dense,5,0.43067655807339306,1.0,1.0,1.0,1.0,0.25,1,1,1,1.0,1.0,0.3333333333333333,0.3333333333333333,0,0
47ffc9811b037613c9c4d1ec1e4f13c08396ed1c,1603.03876,dense,5,0.0,0.0,0.0,0.0,0.0,0.0,0,0,0,0.0,0.0,0.0,0.0,0,0
488e3c4fd1103c46e12815d1bf414a0356fb0d0e,1903.02930,dense,5,1.0,1.0,1.0,1.0,1.0,1.0,1,1,1,1.0,1.0,0.3333333333333333,0.3333333333333333,0,0
48ff9645a506aa2c17810d2654d1f0f0d9e609ee,1910.01108,dense,5,0.7977228895450266,0.5,1.0,1.0,1.0,1.0,1,1,0,0.5,1.0,0.3333333333333333,0.2857142857142857,0,1
4999da863ecbd40378505bfb1f4e395061a3f559,1911.06919,dense,5,0.34870224750355494,0.3333333333333333,0.6666666666666666,1.0,1.0,0.2,1,0,0,0.3333333333333333,0.5,0.2857142857142857,0.25,1,0
49cd18448101da146c3187a44412628f8c722d7b,1705.01306,dense,5,1.0,1.0,1.0,1.0,1.0,1.0,1,1,1,1.0,1.0,0.3333333333333333,0.3333333333333333,0,0
4a093a9af4903a59057a4372ac1b01603467ca58,1602.07563,dense,5,0.0,0.0,0.0,0.0,0.0,0.0,0,0,0,0.0,0.0,0.0,0.0,0,0
4a91432abe3f54fcbdd00bb85dc0df95b16edf42,1703.04009,dense,5,1.0,1.0,1.0,1.0,1.0,1.0,1,1,1,1.0,1.0,0.3333333333333333,0.3333333333333333,0,0
4ae0b50c88a174cfc283b90cd3c9407de13fd370,1802.09059,dense,5,0.5640920940185894,0.5,1.0,1.0,1.0,0.5,1,1,0,0.5,1.0,0.3333333333333333,0.2857142857142857,0,1
4afd4cfcb30433714b135b977baff346323af1e3,1911.02747,dense,5,0.43067655807339306,1.0,1.0,1.0,1.0,0.25,1,1,1,1.0,1.0,0.3333333333333333,0.3333333333333333,0,0
4b6745982aa64fbafe09f7c88c8d54d520b3f687,1805.09960,dense,5,0.3333333333333333,0.0,1.0,0.0,1.0,0.14285714285714285,0,0,0,0.0,0.0,0.0,0.0,0,0
4d5b74499804ea5bc5520beb88d0f9816f67205a,1907.04072,dense,5,0.123151194370365,0.0,0.25,0.0,1.0,0.125,0,0,0,0.0,0.0,0.0,0.0,0,0
4d824b49728649432371ecb08f66ba44e50569e0,1612.04118,dense,5,0.2640681225725909,0.5,0.5,1.0,1.0,0.25,1,1,0,0.5,1.0,0.3333333333333333,0.2857142857142857,0,1
4ddc53afffaf1622d97695347dd1b3190d156dee,1808.07231,dense,5,0.0,0.0,0.0,0.0,0.0,0.0,0,0,0,0.0,0.0,0.0,0.0,0,0
4de6bcddd46726bf58326304b0490fdb9e7e86ec,1908.07491,dense,5,0.5714285040141098,0.5,1.0,1.0,1.0,0.5,1,1,0,0.5,1.0,0.3333333333333333,0.2857142857142857,0,1
4e106b03cc2f54373e73d5922e97f7e5e9bf03e4,1906.00424,dense,5,0.38685280723454163,1.0,1.0,1.0,1.0,0.2,1,1,1,1.0,1.0,0.3333333333333333,0.3333333333333333,0,0
4e59808a7f73ac499b9838d3c0ce814196a02473,1908.06259,dense,5,0.6509209298071326,1.0,1.0,1.0,1.0,0.5,1,1,1,1.0,1.0,0.3333333333333333,0.5714285714285714,0,0
4eb42c5d56d695030dd47ea7f6d65164924c4017,1910.09387,dense,5,1.0,1.0,1.0,1.0,1.0,1.0,1,1,1,1.0,1.0,0.3333333333333333,0.3333333333333333,0,0
4f57ac24f3f4689a2f885715cd84b7d867fe3f12,1908.06893,dense,5,1.0,1.0,1.0,1.0,1.0,1.0,1,1,1,1.0,1.0,0.3333333333333333,0.3333333333333333,0,0
5096aaea2d0f4bea4c12e14f4f7735e1aea1bfa6,1706.00188,dense,5,0.8503449055347546,1.0,1.0,1.0,1.0,1.0,1,1,1,1.0,1.0,0.3333333333333333,0.5714285714285714,0,0
50bcbb730aa74637503c227f022a10f57d43f1f7,1703.05320,dense,5,0.18457569677956817,0.0,0.5,0.0,1.0,0.1111111111111111,0,0,0,0.0,0.0,0.0,0.0,0,0
50c1bf8b928069f3ffc7f0cb00aa056a163ef336,1906.01502,dense,5,0.6164336326286644,0.6,0.6,1.0,1.0,1.0,1,0,0,0.6,0.5,0.4444444444444444,0.6,1,0
50c441a9cc7345a0fa408d1ce2e13f194c1e82a8,1911.11161,dense,5,0.19342640361727081,0.0,0.5,0.0,1.0,0.125,0,0,0,0.0,0.0,0.0,0.0,0,0
5102dc911913e9ca0311253e44fd31c73eed0a57,1909.07158,dense,5,0.3333333333333333,0.0,1.0,0.0,1.0,0.14285714285714285,0,0,0,0.0,0.0,0.0,0.0,0,0
511e46b5aa8e1ee9e7dc890f47fa15ef94d4a0af,1804.07445,dense,5,1.0,1.0,1.0,1.0,1.0,1.0,1,1,1,1.0,1.0,0.3333333333333333,0.3333333333333333,0,0
5154f63c50729b8ac04939588c2f5ffeb916e3df,1801.05617,dense,5,0.4632423659320675,0.3333333333333333,0.6666666666666666,1.0,1.0,0.5,1,1,0,0.3333333333333333,1.0,0.3333333333333333,0.25,0,1
5181527e6a61a9a192db5f8064e56ec263c42661,1909.11980,dense,5,0.38685280723454163,1.0,1.0,1.0,1.0,0.2,1,1,1,1.0,1.0,0.3333333333333333,0.3333333333333333,0,0
51e9f446d987219bc069222731dfc1081957ce1f,1910.03355,dense,5,0.21840743681816419,0.0,0.5,0.0,1.0,0.16666666666666666,0,0,0,0.0,0.0,0.0,0.0,0,0
521a3e7300567f6e8e4c531f223dbc9fc306c393,1911.00202,dense,5,0.7529716549381369,0.3333333333333333,1.0,1.0,1.0,1.0,1,0,0,0.3333333333333333,0.5,0.2857142857142857,0.25,1,0
52868394eb2b3b37eb5f47f51c06ad53061f4495,2002.06854,dense,5,0.0,0.0,0.0,0.0,0.0,0.0,0,0,0,0.0,0.0,0.0,0.0,0,0
52faf319e37aa15fff1ab47f634a5a584dc42e75,1708.00549,dense,5,0.7425758799504354,0.6,1.0,1.0,1.0,0.5,1,1,0,0.6,1.0,0.3333333333333333,0.6,0,1
5370a0062aae7fa4e700ae47aa143be5c5fc6b22,1811.04791,dense,5,0.15642624200758548,0.0,0.3333333333333333,0.0,1.0,0.14285714285714285,0,0,0,0.0,0.0,0.0,0.0,0,0
539f5c27e1a2d240e52b711d0a50a3a6ddfa5cb2,1911.04128,dense,5,1.0,1.0,1.0,1.0,1.0,1.0,1,1,1,1.0,1.0,0.3333333333333333,0.3333333333333333,0,0
53a8c3cf22d6bf6477bc576a85a83d8447ee0484,1910.07973,dense,5,0.8315546295836225,0.5,1.0,1.0,1.0,1.0,1,1,0,0.5,1.0,0.3333333333333333,0.2857142857142857,0,1
54002c15493d4082d352a66fb9465d65bfe9ddca,1911.03977,dense,5,0.31546487678572877,0.0,1.0,0.0,1.0,0.125,0,0,0,0.0,0.0,0.0,0.0,0,0
5422a3f2a083395416d6f99c57d28335eb2e44e1,1911.09709,dense,5,0.6509209298071326,1.0,1.0,1.0,1.0,0.5,1,1,1,1.0,1.0,0.3333333333333333,0.5714285714285714,0,0
5499440674f0e4a9d6912b9ac29fa1f7b7cd5253,1811.01183,dense,5,0.0,0.0,0.0,0.0,0.0,0.0,0,0,0,0.0,0.0,0.0,0.0,0,0
5522a9eeb06221722052e3c38f9b0d0dbe7c13e6,1709.06136,dense,5,0.0,0.0,0.0,0.0,0.0,0.0,0,0,0,0.0,0.0,0.0,0.0,0,0
552b1c813f25bf39ace6cd5eefa56f4e4dd70c84,1911.03854,dense,5,0.5437713091520254,1.0,1.0,1.0,1.0,0.3333333333333333,1,1,1,1.0,1.0,0.3333333333333333,0.5714285714285714,0,0
554d798e4ce58fd30820200c474d7e796dc8ba89,1810.02268,dense,5,0.21840743681816419,0.0,0.5,0.0,1.0,0.16666666666666666,0,0,0,0.0,0.0,0.0,0.0,0,0
55612e92791296baf18013d2c8dd0474f35af770,1707.07568,dense,5,0.43067655807339306,1.0,1.0,1.0,1.0,0.25,1,1,1,1.0,1.0,0.3333333333333333,0.3333333333333333,0,0
556782bb96f8fc07d14865f122362ebcc79134ec,1909.11706,dense,5,0.0,0.0,0.0,0.0,0.0,0.0,0,0,0,0.0,0.0,0.0,0.0,0,0
55bde89fc5822572f794614df3130d23537f7cf2,2002.04745,dense,5,0.5,1.0,1.0,1.0,1.0,0.3333333333333333,1,1,1,1.0,1.0,0.3333333333333333,0.3333333333333333,0,0
568466c62dd73a025bfd9643417cdb7a611f23a1,1909.12016,dense,5,1.0,1.0,1.0,1.0,1.0,1.0,1,1,1,1.0,1.0,0.3333333333333333,0.3333333333333333,0,0
5695908a8c6beb0e3863a1458a1b93aab508fd34,1910.10670,dense,5,0.8503449055347546,1.0,1.0,1.0,1.0,1.0,1,1,1,1.0,1.0,0.5714285714285714,0.5714285714285714,0,0
56d41e0fcc288c1e65806ae77097d685c83e22db,1709.09749,dense,5,0.9197207891481876,1.0,1.0,1.0,1.0,1.0,1,1,1,1.0,1.0,0.3333333333333333,0.5714285714285714,0,0
56d788af4694c1cd1eebee0b83c585836d1f5f99,1912.08084,dense,5,0.6131471927654584,0.5,0.5,1.0,1.0,1.0,1,1,0,0.5,1.0,0.3333333333333333,0.2857142857142857,0,1
573b8b1ad919d3fd0ef7df84e55e5bfd165b3e84,1909.07873,dense,5,0.6309297535714575,1.0,1.0,1.0,1.0,0.5,1,1,1,1.0,1.0,0.3333333333333333,0.3333333333333333,0,0
5752c8d333afc1e6c666b18d1477c8f669b7a602,1707.02892,dense,5,0.0,0.0,0.0,0.0,0.0,0.0,0,0,0,0.0,0.0,0.0,0.0,0,0
576a3ed6e4faa4c3893db632e97a52ac6e864aac,1605.04278,dense,5,0.0,0.0,0.0,0.0,0.0,0.0,0,0,0,0.0,0.0,0.0,0.0,0,0
578add9d3dadf86cd0876d42b03bf0114f83d0e7,1907.04072,dense,5,0.6309297535714575,1.0,1.0,1.0,1.0,0.5,1,1,1,1.0,1.0,0.3333333333333333,0.3333333333333333,0,0
57d07d2b509c5860880583efe2ed4c5620a96747,2004.04478,dense,5,0.0,0.0,0.0,0.0,0.0,0.0,0,0,0,0.0,0.0,0.0,0.0,0,0
57ee20f494d8ce3fae46028c3f3551d180dba3e0,1611.06322,dense,5,0.0,0.0,0.0,0.0,0.0,0.0,0,0,0,0.0,0.0,0.0,0.0,0,0
58a3cfbbf209174fcffe44ce99840c758b448364,1707.05589,dense,5,0.540715333933695,0.3333333333333333,0.5,1.0,1.0,1.0,1,0,0,0.3333333333333333,0.6666666666666666,0.5,0.36363636363636365,1,0
59a3d4cdd1c3797962bf8d72c226c847e06e1d44,1908.05925,dense,5,0.11751610475642714,0.0,0.25,0.0,1.0,0.1111111111111111,0,0,0,0.0,0.0,0.0,0.0,0,0
5a7d1ae6796e09299522ebda7bfcfad312d6d128,1912.07076,dense,5,0.0,0.0,0.0,0.0,0.0,0.0,0,0,0,0.0,0.0,0.0,0.0,0,0
5ae005917efc17a505ba1ba5e996c4266d6c74b6,1806.06571,dense,5,0.3973220069685352,0.5,0.5,1.0,1.0,0.5,1,0,0,0.5,0.5,0.2857142857142857,0.4444444444444444,1,0
5b2839bef513e5d441f0bb8352807f673f4b2070,1803.06745,dense,5,0.9325210919548239,0.6666666666666666,1.0,1.0,1.0,1.0,1,1,0,0.6666666666666666,1.0,0.5,0.5,0,1
5bfbc9ca7fd41be9627f6ef587bb7e21c7983be0,2002.06851,dense,5,0.0,0.0,0.0,0.0,0.0,0.0,0,0,0,0.0,0.0,0.0,0.0,0,0
5c17559749810c67c50a7dbe34580d5e3b4f9acb,1706.04206,dense,5,0.6052602440527057,0.5,1.0,1.0,1.0,0.5,1,1,0,0.5,1.0,0.3333333333333333,0.2857142857142857,0,1
5cc5e2db82f5d40a5244224dad94da50b4f673db,1804.03839,dense,5,1.0,1.0,1.0,1.0,1.0,1.0,1,1,1,1.0,1.0,0.3333333333333333,0.3333333333333333,0,0
5d0a3f8ca3882f87773cf8c2ef1b4f72b9cc241e,1808.10006,dense,5,0.14126697285982898,0.0,0.3333333333333333,0.0,1.0,0.1111111111111111,0,0,0,0.0,0.0,0.0,0.0,0,0
5d3e87937ecebf0695bece08eccefb2f88ad4a0f,1907.05338,dense,5,1.0,1.0,1.0,1.0,1.0,1.0,1,1,1,1.0,1.0,0.75,0.75,0,0
5d93245832d90b31aee42ea2bf1e7704c22ebeca,1808.07231,dense,5,0.5,1.0,1.0,1.0,1.0,0.3333333333333333,1,1,1,1.0,1.0,0.3333333333333333,0.3333333333333333,0,0
5da9e2eef741bd7efccec8e441b8e52e906b2d2d,1804.00982,dense,5,0.0,0.0,0.0,0.0,0.0,0.0,0,0,0,0.0,0.0,0.0,0.0,0,0
5db47bbb97282983e10414240db78154ea7ac75f,1909.07873,dense,5,0.5413996682199069,0.5,0.5,1.0,1.0,1.0,1,1,0,0.5,1.0,0.4444444444444444,0.4444444444444444,0,1
5dfd58f91e7740899c23ebfe04b7176edce9ead2,1809.03391,dense,5,1.0,1.0,1.0,1.0,1.0,1.0,1,1,1,1.0,1.0,0.3333333333333333,0.5714285714285714,0,0
5e4eac0b0a73d465d74568c21819acaec557b700,1809.03680,dense,5,0.5,1.0,1.0,1.0,1.0,0.3333333333333333,1,1,1,1.0,1.0,0.3333333333333333,0.3333333333333333,0,0
5f6c1513cbda9ae711bc38df08fe72e3d3028af2,1802.06053,dense,5,1.0,1.0,1.0,1.0,1.0,1.0,1,1,1,1.0,1.0,0.3333333333333333,0.3333333333333333,0,0
5f7f4a1d4380c118a58ed506c057d3b7aa234c1e,1906.04287,dense,5,0.0,0.0,0.0,0.0,0.0,0.0,0,0,0,0.0,0.0,0.0,0.0,0,0
5fd112980d0dd7f7ce30e6273fe6e7b230b13225,1910.14589,dense,5,0.23719771276929622,0.5,0.5,1.0,1.0,0.2,1,1,0,0.5,1.0,0.3333333333333333,0.2857142857142857,0,1
610fc593638c5e9809ea9839912d0b282541d42d,1804.08000,dense,5,0.6309297535714575,1.0,1.0,1.0,1.0,0.5,1,1,1,1.0,1.0,0.3333333333333333,0.3333333333333333,0,0
6167618e0c53964f3a706758bdf5e807bc5d7760,1909.01860,dense,5,0.2890648263178879,0.0,1.0,0.0,1.0,0.1,0,0,0,0.0,0.0,0.0,0.0,0,0
61a2599acfbd3d75de58e97ecdba2d9cf0978324,1912.08084,dense,5,0.0,0.0,0.0,0.0,0.0,0.0,0,0,0,0.0,0.0,0.0,0.0,0,0
61e96abdc924c34c6b82a587168ea3d14fe792d1,1911.10401,dense,5,0.8315546295836225,0.5,1.0,1.0,1.0,1.0,1,1,0,0.5,1.0,0.3333333333333333,0.2857142857142857,0,1
620b6c410a055295d137511d3c99207a47c03b5e,1908.09590,dense,5,0.43067655807339306,1.0,1.0,1.0,1.0,0.25,1,1,1,1.0,1.0,0.3333333333333333,0.3333333333333333,0,0
627ce8a1db08a732d5a8f7e1f8a72e3de89847e6,1911.09247,dense,5,0.9134015924715543,0.6666666666666666,1.0,1.0,1.0,1.0,1,1,0,0.6666666666666666,1.0,0.3333333333333333,0.5,0,1
62edffd051d056cf60e17deafcc55a8c9af398cb,1908.10461,dense,5,1.0,1.0,1.0,1.0,1.0,1.0,1,1,1,1.0,1.0,0.3333333333333333,0.3333333333333333,0,0
6371c6863fe9a14bf67560e754ce531d70de10ab,2002.04326,dense,5,0.38685280723454163,0.5,0.5,1.0,1.0,0.5,1,1,0,0.5,1.0,0.3333333333333333,0.2857142857142857,0,1
63cdac43a643fc1e06da44910458e89b2c7cd921,1904.03670,dense,5,1.0,1.0,1.0,1.0,1.0,1.0,1,1,1,1.0,1.0,0.3333333333333333,0.3333333333333333,0,0
63d2e97657419a0185127534f4ff9d0039cb1a63,1804.05253,dense,5,0.8503449055347546,1.0,1.0,1.0,1.0,1.0,1,1,1,1.0,1.0,0.3333333333333333,0.5714285714285714,0,0
63eda2af88c35a507fbbfda0ec1082f58091883a,1711.11118,dense,5,0.38685280723454163,1.0,1.0,1.0,1.0,0.2,1,1,1,1.0,1.0,0.3333333333333333,0.3333333333333333,0,0
641fe5dc93611411582e6a4a0ea2d5773eaf0310,1802.03052,dense,5,0.43067655807339306,1.0,1.0,1.0,1.0,0.25,1,1,1,1.0,1.0,0.3333333333333333,0.3333333333333333,0,0
643527e94e8eed1e2229915fcf8cd74d769173fc,1908.09283,dense,5,1.0,1.0,1.0,1.0,1.0,1.0,1,1,1,1.0,1.0,0.3333333333333333,0.3333333333333333,0,0
643645e02ffe8fde45918615ec92013a035d1b92,1704.03279,dense,5,0.3562071871080222,0.0,1.0,0.0,1.0,0.16666666666666666,0,0,0,0.0,0.0,0.0,0.0,0,0
64632981279c7aa16ffc1a44ffc31f4520f5559e,1710.07695,dense,5,1.0,1.0,1.0,1.0,1.0,1.0,1,1,1,1.0,1.0,0.3333333333333333,0.3333333333333333,0,0
647f6e6b168ec38fcdb737d3b276f78402282f9d,1910.13793,dense,5,0.0,0.0,0.0,0.0,0.0,0.0,0,0,0,0.0,0.0,0.0,0.0,0,0
64c45fdb536ae294cf06716ac20d08b5fdb7944d,1710.01789,dense,5,0.7653606369886217,0.6666666666666666,0.6666666666666666,1.0,1.0,1.0,1,1,0,0.6666666666666666,1.0,0.5714285714285714,0.5,0,1
64f7337970e8d1989b2e1f7106d86f73c4a3d0af,1803.08419,dense,5,0.23463936301137822,0.3333333333333333,0.3333333333333333,1.0,1.0,0.3333333333333333,1,0,0,0.3333333333333333,0.5,0.2857142857142857,0.25,1,0
654fe0109502f2ed2dc8dad359dbbce4393e03dc,1908.09892,dense,5,0.3446689104600358,0.25,0.375,1.0,1.0,0.5,1,1,0,0.25,1.0,0.5714285714285714,0.3076923076923077,0,1
6590055fb033cb32826f2afecb3d7f607dd97d57,1911.03642,dense,5,1.0,1.0,1.0,1.0,1.0,1.0,1,1,1,1.0,1.0,0.3333333333333333,0.3333333333333333,0,0
65b39676db60f914f29f74b7c1264422ee42ad5c,1611.00440,dense,5,0.14126697285982898,0.0,0.3333333333333333,0.0,1.0,0.1111111111111111,0,0,0,0.0,0.0,0.0,0.0,0,0
65c7a2b734dab51c4c81f722527424ff33b023f8,1610.06510,dense,5,0.0,0.0,0.0,0.0,0.0,0.0,0,0,0,0.0,0.0,0.0,0.0,0,0
65e26b15e087bedb6e8782d91596b35e7454b16b,1611.01116,dense,5,0.38268031849431083,0.3333333333333333,0.6666666666666666,1.0,1.0,0.3333333333333333,1,0,0,0.3333333333333333,0.5,0.2857142857142857,0.25,1,0
6606160e210d05b94f7cbd9c5ff91947339f9d02,1902.08830,dense,5,0.24630238874073,0.25,0.25,1.0,1.0,0.5,1,1,0,0.25,1.0,0.3333333333333333,0.2222222222222222,0,1
6656a9472499331f4eda45182ea697a4d63e943c,1805.09960,dense,5,0.3562071871080222,0.0,1.0,0.0,1.0,0.16666666666666666,0,0,0,0.0,0.0,0.0,0.0,0,0
6657ece018b1455035421b822ea2d7961557c645,1906.05685,dense,5,1.0,1.0,1.0,1.0,1.0,1.0,1,1,1,1.0,1.0,0.3333333333333333,0.3333333333333333,0,0
6683008e0a8c4583058d38e185e2e2e18ac6cf50,2002.08902,dense,5,1.0,1.0,1.0,1.0,1.0,1.0,1,1,1,1.0,1.0,0.3333333333333333,0.3333333333333333,0,0
66dfcdab1db6a8fcdf392157a478b4cca0d87961,1910.12203,dense,5,1.0,1.0,1.0,1.0,1.0,1.0,1,1,1,1.0,1.0,0.5714285714285714,0.5714285714285714,0,0
67672648e7ebcbef18921006e2c8787966f8cdf2,1901.09501,dense,5,0.0,0.0,0.0,0.0,0.0,0.0,0,0,0,0.0,0.0,0.0,0.0,0,0
67c16ba64fe27838b1034d15194c07a9c98cdebe,1708.05482,dense,5,0.0,0.0,0.0,0.0,0.0,0.0,0,0,0,0.0,0.0,0.0,0.0,0,0
67cb001f8ca122ea859724804b41529fea5faeef,1805.07882,dense,5,0.21840743681816419,0.0,0.5,0.0,1.0,0.16666666666666666,0,0,0,0.0,0.0,0.0,0.0,0,0
67f1b8a9f72e62cd74ec42e9631ef763a9b098c7,1908.10001,dense,5,1.0,1.0,1.0,1.0,1.0,1.0,1,1,1,1.0,1.0,0.3333333333333333,0.3333333333333333,0,0
6883767bbdf14e124c61df4f76335d3e91bfcb03,1902.06734,dense,5,1.0,1.0,1.0,1.0,1.0,1.0,1,1,1,1.0,1.0,0.3333333333333333,0.3333333333333333,0,0
68aa460ad357b4228b16b31b2cbec986215813bf,1911.12893,dense,5,0.22924436334369883,0.2,0.4,1.0,1.0,0.2,1,1,0,0.2,1.0,0.3333333333333333,0.2,0,1
68f1df3fb0703ff694a055d23e7ec3f6fb449b8d,1801.03615,dense,5,0.0,0.0,0.0,0.0,0.0,0.0,0,0,0,0.0,0.0,0.0,0.0,0,0
69a46a227269c3aac9bf9d7c3d698c787642f806,1911.11025,dense,5,0.5,1.0,1.0,1.0,1.0,0.3333333333333333,1,1,1,1.0,1.0,0.3333333333333333,0.3333333333333333,0,0
6a20a3220c4edad758b912e2d3e5b99b0b295d96,1805.04579,dense,5,0.4501692013270588,0.25,0.5,1.0,1.0,0.5,1,0,0,0.25,0.5,0.4444444444444444,0.3076923076923077,1,0
6b1a6517b343fdb79f246955091ff25e440b9511,1902.04094,dense,5,0.6318532842514007,0.75,1.0,1.0,1.0,0.3333333333333333,1,0,0,0.75,0.75,0.6666666666666666,0.6666666666666666,1,0
6b4006a90aeaaff8914052d72d28851a9c0c0146,1804.07445,dense,5,1.0,1.0,1.0,1.0,1.0,1.0,1,1,1,1.0,1.0,0.3333333333333333,0.3333333333333333,0,0
6bce04570d4745dcfaca5cba64075242308b65cf,2002.08902,dense,5,1.0,1.0,1.0,1.0,1.0,1.0,1,1,1,1.0,1.0,0.3333333333333333,0.3333333333333333,0,0
6c1614991647705265fb348d28ba60dd3b63b799,1908.10090,dense,5,0.0,0.0,0.0,0.0,0.0,0.0,0,0,0,0.0,0.0,0.0,0.0,0,0
6cad6f074b0486210ffa4982c8d1632f5aa91d91,1912.10162,dense,5,0.23463936301137822,0.3333333333333333,0.3333333333333333,1.0,1.0,0.3333333333333333,1,0,0,0.3333333333333333,0.5,0.2857142857142857,0.25,1,0
6cb3007a09ab0f1602cdad20cc0437fbdd4d7f3e,2003.07459,dense,5,1.0,1.0,1.0,1.0,1.0,1.0,1,1,1,1.0,1.0,0.5714285714285714,0.5714285714285714,0,0
6d17dc00f7e5331128b6b585e78cac0b9082e13d,1911.12722,dense,5,1.0,1.0,1.0,1.0,1.0,1.0,1,1,1,1.0,1.0,0.3333333333333333,0.3333333333333333,0,0
6d55e377335815b7ad134d1a2977d231ad34a25b,1701.03578,dense,5,0.8854598815714874,1.0,1.0,1.0,1.0,1.0,1,1,1,1.0,1.0,0.5714285714285714,0.75,0,0
6d8a51e2790043497ed2637a1abc36bdffb39b71,1911.02747,dense,5,0.9279611693743142,0.75,1.0,1.0,1.0,1.0,1,1,0,0.75,1.0,0.5,0.6666666666666666,0,1
6e134d51a795c385d72f38f36bca4259522bcf51,1703.10152,dense,5,0.6816587806335841,0.5,0.75,1.0,1.0,1.0,1,1,0,0.5,1.0,0.5,0.4444444444444444,0,1
6e3e9818551fc2f8450bbf09b0fe82ac2506bc7a,1906.06349,dense,5,0.3903800499921017,0.25,0.25,1.0,1.0,1.0,1,0,0,0.25,0.25,0.2222222222222222,0.2222222222222222,1,0
6e63db22a2a34c20ad341eb33f3422f40d0001d3,1909.02855,dense,5,0.5,1.0,1.0,1.0,1.0,0.3333333333333333,1,1,1,1.0,1.0,0.3333333333333333,0.3333333333333333,0,0
6e80386b33fbfba8bc1ab811a597d844ae67c578,1910.12203,dense,5,0.5,1.0,1.0,1.0,1.0,0.3333333333333333,1,1,1,1.0,1.0,0.3333333333333333,0.3333333333333333,0,0
70512cc9dcd45157e40c8d1f85e82d21ade7645b,1603.01547,dense,5,0.24630238874073,0.25,0.25,1.0,1.0,0.5,1,1,0,0.25,1.0,0.3333333333333333,0.2222222222222222,0,1
708f5f83a3c356b23b27a9175f5c35ac00cdf5db,1910.09916,dense,5,0.6309297535714575,1.0,1.0,1.0,1.0,0.5,1,1,1,1.0,1.0,0.3333333333333333,0.3333333333333333,0,0
70abb108c3170e81f8725ddc1a3f2357be5a4959,1708.09025,dense,5,0.6240505200038379,1.0,1.0,1.0,1.0,0.5,1,1,1,1.0,1.0,0.5714285714285714,0.5714285714285714,0,0
713e1c7b0ab17759ba85d7cd2041e387831661df,2002.06854,dense,5,0.21840743681816419,0.0,0.5,0.0,1.0,0.16666666666666666,0,0,0,0.0,0.0,0.0,0.0,0,0
71413505d7d6579e2a453a1f09f4efd20197ab4b,1612.03762,dense,5,0.0,0.0,0.0,0.0,0.0,0.0,0,0,0,0.0,0.0,0.0,0.0,0,0
718c0232b1f15ddb73d40c3afbd6c5c0d0354566,1806.09652,dense,5,0.6309297535714575,1.0,1.0,1.0,1.0,0.5,1,1,1,1.0,1.0,0.3333333333333333,0.3333333333333333,0,0
71b07d08fb6ac8732aa4060ae94ec7c0657bb1db,1910.01160,dense,5,0.6131471927654584,0.5,0.5,1.0,1.0,1.0,1,0,0,0.5,0.5,0.2857142857142857,0.2857142857142857,1,0
71b29ab3ddcdd11dcc63b0bb55e75914c07a2217,1908.06024,dense,5,1.0,1.0,1.0,1.0,1.0,1.0,1,1,1,1.0,1.0,0.3333333333333333,0.3333333333333333,0,0
71fd0efea1b441d86d9a75255815ba3efe09779b,1905.07562,dense,5,0.8519590445170673,0.6666666666666666,1.0,1.0,1.0,1.0,1,1,0,0.6666666666666666,1.0,0.5714285714285714,0.5,0,1
7239c02a0dcc0c3c9d9cddb5e895bcf9cfcefee6,1602.03483,dense,5,0.17723928678404774,0.0,0.5,0.0,1.0,0.1,0,0,0,0.0,0.0,0.0,0.0,0,0
726c5c1b6951287f4bae22978f9a91d22d9bef61,1610.09722,dense,5,0.0,0.0,0.0,0.0,0.0,0.0,0,0,0,0.0,0.0,0.0,0.0,0,0
72dbdd11b655b25b2b254e39689a7d912f334b71,1909.03553,dense,5,0.17342765698823945,0.14285714285714285,0.14285714285714285,1.0,1.0,0.5,1,0,0,0.14285714285714285,0.3333333333333333,0.25,0.16666666666666666,1,0
732bd97ae34541f215c436e2a1b98db1649cba27,1809.03391,dense,5,0.38685280723454163,1.0,1.0,1.0,1.0,0.2,1,1,1,1.0,1.0,0.3333333333333333,0.3333333333333333,0,0
7380e62edcb11f728f6d617ee332dc8b5752b185,1612.07486,dense,5,0.5012658353418871,1.0,1.0,1.0,1.0,0.25,1,1,1,1.0,1.0,0.5714285714285714,0.5714285714285714,0,0
73c535a7b46f0c2408ea2b1da0a878b376a2bca5,1605.04278,dense,5,0.0,0.0,0.0,0.0,0.0,0.0,0,0,0,0.0,0.0,0.0,0.0,0,0
740cc392c0c8bfadfe6b3a60c0be635c03e17f2a,2004.00809,dense,5,0.38685280723454163,1.0,1.0,1.0,1.0,0.2,1,1,1,1.0,1.0,0.3333333333333333,0.3333333333333333,0,0
742d5e182b57bfa5f589fde645717ed0ac3f49c2,1610.09722,dense,5,0.8315546295836225,0.5,1.0,1.0,1.0,1.0,1,0,0,0.5,0.5,0.2857142857142857,0.2857142857142857,1,0
74a17eb3bf1d4f36e2db1459a342c529b9785f6e,1805.09960,dense,5,0.0,0.0,0.0,0.0,0.0,0.0,0,0,0,0.0,0.0,0.0,0.0,0,0
74acaa205a5998af4ad7edbed66837a6f2b5c58b,1712.00733,dense,5,0.2826335043946801,0.2,0.4,1.0,1.0,0.3333333333333333,1,0,0,0.2,0.2,0.2,0.2,1,0
74cef0205e0f31d0ab28d0e4d96c1e8ef62d4cce,1903.04329,dense,5,0.3010299956639812,0.0,1.0,0.0,1.0,0.1111111111111111,0,0,0,0.0,0.0,0.0,0.0,0,0
74ebfba06f37cc95dfe59c3790ebe6165e6be19c,1702.02584,dense,5,0.8065735963827293,0.5,1.0,1.0,1.0,1.0,1,1,0,0.5,1.0,0.3333333333333333,0.2857142857142857,0,1
74fcb741d29892918903702dbb145fef372d1de3,1909.02322,dense,5,0.25657228426720274,0.0,0.5,0.0,1.0,0.16666666666666666,0,0,0,0.0,0.0,0.0,0.0,0,0
753a187c1dd8d96353187fbb193b5f86293a796c,1911.01214,dense,5,0.3065735963827292,0.5,0.5,1.0,1.0,0.3333333333333333,1,1,0,0.5,1.0,0.3333333333333333,0.2857142857142857,0,1
754d7475b8bf50499ed77328b4b0eeedf9cb2623,1806.09652,dense,5,1.0,1.0,1.0,1.0,1.0,1.0,1,1,1,1.0,1.0,0.3333333333333333,0.3333333333333333,0,0
7557f2c3424ae70e2a79c51f9752adc99a9bdd39,1901.05389,dense,5,0.3010299956639812,0.0,1.0,0.0,1.0,0.1111111111111111,0,0,0,0.0,0.0,0.0,0.0,0,0
7561bd3b8ba7829b3a01ff07f9f3e93a7b8869cc,2002.06851,dense,5,0.43067655807339306,1.0,1.0,1.0,1.0,0.25,1,1,1,1.0,1.0,0.3333333333333333,0.3333333333333333,0,0
756a8a9125e6984e0ca768b653c6c760efa3db66,1905.00840,dense,5,1.0,1.0,1.0,1.0,1.0,1.0,1,1,1,1.0,1.0,0.5714285714285714,0.5714285714285714,0,0
7572f6e68a2ed2c41b87c5088ba8680afa0c0a0b,1808.07231,dense,5,0.19519002499605084,0.25,0.25,1.0,1.0,0.3333333333333333,1,1,0,0.25,1.0,0.3333333333333333,0.2222222222222222,0,1
75b3e2d2caec56e5c8fbf6532070b98d70774b95,1911.12237,dense,5,0.5802792108518124,0.5,1.0,1.0,1.0,0.5,1,0,0,0.5,0.5,0.2857142857142857,0.2857142857142857,1,0
75c221920bee14a6153bd5f4c1179591b2f48d59,2004.02401,dense,5,0.0,0.0,0.0,0.0,0.0,0.0,0,0,0,0.0,0.0,0.0,0.0,0,0
7625068cc22a095109580b83eff48616387167c2,2004.03090,dense,5,0.21840743681816419,0.0,0.5,0.0,1.0,0.16666666666666666,0,0,0,0.0,0.0,0.0,0.0,0,0
76ae794ced3b5ae565f361451813f2f3bc85b214,1605.05156,dense,5,0.46439109186255684,0.2857142857142857,0.5714285714285714,1.0,1.0,0.5,1,1,0,0.2857142857142857,1.0,0.3333333333333333,0.3333333333333333,0,1
76e17e648a4d1f386eb6bf61b0c24f134af872be,1808.07231,dense,5,0.38685280723454163,0.5,0.5,1.0,1.0,0.5,1,1,0,0.5,1.0,0.3333333333333333,0.2857142857142857,0,1
76f90c88926256e7f90d2104a88acfdd7fc5475e,1910.07154,dense,5,0.5,1.0,1.0,1.0,1.0,0.3333333333333333,1,1,1,1.0,1.0,0.3333333333333333,0.3333333333333333,0,0
7748c072e07d6c6db5a34be38b4a5e97ac6d7999,1905.00840,dense,5,0.9197207891481876,1.0,1.0,1.0,1.0,1.0,1,1,1,1.0,1.0,0.5714285714285714,0.5714285714285714,0,0
778c6a27182349dc5275282c3e9577bda2555c3d,1905.08067,dense,5,0.6131471927654584,0.5,0.5,1.0,1.0,1.0,1,0,0,0.5,0.5,0.2857142857142857,0.2857142857142857,1,0
77a331d4d909d92fab9552b429adde5379b2ae69,1706.02222,dense,5,0.3171937659698004,0.3333333333333333,0.6666666666666666,1.0,1.0,0.2,1,0,0,0.3333333333333333,0.5,0.2857142857142857,0.25,1,0
77bbe1698e001c5889217be3164982ea36e85752,1908.11046,dense,5,0.17723928678404774,0.0,0.5,0.0,1.0,0.1,0,0,0,0.0,0.0,0.0,0.0,0,0
77bc886478925c8e9fb369b1ba5d05c42b3cd79a,1804.00982,dense,5,0.3010299956639812,0.0,1.0,0.0,1.0,0.1111111111111111,0,0,0,0.0,0.0,0.0,0.0,0,0
77c3416578b52994227bae7f2529600f02183e12,2003.11687,dense,5,1.0,1.0,1.0,1.0,1.0,1.0,1,1,1,1.0,1.0,0.3333333333333333,0.3333333333333333,0,0
78c7318b2218b906a67d8854f3e511034075f79a,1909.03087,dense,5,0.1480409554829326,0.0,0.3333333333333333,0.0,1.0,0.125,0,0,0,0.0,0.0,0.0,0.0,0,0
78f8dad0f1acf024f69b3218b2d204b8019bb0d2,1901.05415,dense,5,0.3333333333333333,0.0,1.0,0.0,1.0,0.14285714285714285,0,0,0,0.0,0.0,0.0,0.0,0,0
79258cea30cd6c0662df4bb712bf667589498a1f,1707.07568,dense,5,0.0,0.0,0.0,0.0,0.0,0.0,0,0,0,0.0,0.0,0.0,0.0,0,0
7969b8d80e12aa3ebb89b5622bc564f44e98329f,1909.11706,dense,5,0.20438239758848611,0.0,0.5,0.0,1.0,0.14285714285714285,0,0,0,0.0,0.0,0.0,0.0,0,0
79885526713cc16eb734c88ff1169ae802cad589,2002.00175,dense,5,0.8065735963827293,0.5,1.0,1.0,1.0,1.0,1,0,0,0.5,0.5,0.2857142857142857,0.2857142857142857,1,0
79e61134a6e29141cd19252571ffc92a0b4bc97f,1907.05338,dense,5,0.5109559939712153,0.5,1.0,1.0,1.0,0.3333333333333333,1,1,0,0.5,1.0,0.3333333333333333,0.2857142857142857,0,1
7a212a34e9dbb0ba52c40471842b2e0e3e14f276,1908.09355,dense,5,0.0,0.0,0.0,0.0,0.0,0.0,0,0,0,0.0,0.0,0.0,0.0,0,0
7a84fed904acc1e0380deb6e5a2e1daacfb5907a,2001.04346,dense,5,0.43067655807339306,1.0,1.0,1.0,1.0,0.25,1,1,1,1.0,1.0,0.3333333333333333,0.3333333333333333,0,0
7a8b24062a5bb63a8b4c729f6247a7fd2fec7f07,1907.08540,dense,5,0.6131471927654584,0.5,0.5,1.0,1.0,1.0,1,1,0,0.5,1.0,0.3333333333333333,0.2857142857142857,0,1
7ae95716977d39d96e871e552c35ca0753115229,1610.09722,dense,5,1.0,1.0,1.0,1.0,1.0,1.0,1,1,1,1.0,1.0,0.3333333333333333,0.3333333333333333,0,0
7b76b8b69246525a48c0a8ca0c42db3319cd10a5,1704.08390,dense,5,0.19342640361727081,0.0,0.5,0.0,1.0,0.125,0,0,0,0.0,0.0,0.0,0.0,0,0
7ba6330d105f49c7f71dba148bb73245a8ef2966,1708.07690,dense,5,0.3010299956639812,0.0,1.0,0.0,1.0,0.1111111111111111,0,0,0,0.0,0.0,0.0,0.0,0,0
7c2d6bc913523d77e8fdc82c60598ee95b445d84,1911.09709,dense,5,0.9134015924715543,0.6666666666666666,1.0,1.0,1.0,1.0,1,1,0,0.6666666666666666,1.0,0.3333333333333333,0.5,0,1
7caeb5ef6f2985b2cf383cd01765d247c936605f,1910.01992,dense,5,0.39248880045921386,0.2,0.6,1.0,1.0,0.3333333333333333,1,1,0,0.2,1.0,0.3333333333333333,0.2,0,1
7cf44877dae8873139aede381fb9908dd0c546c4,1703.04357,dense,5,0.45560514958746035,0.5,1.0,1.0,1.0,0.2,1,1,0,0.5,1.0,0.3333333333333333,0.2857142857142857,0,1
7d34cdd9cb1c988e218ce0fd59ba6a3b5de2024a,1802.03052,dense,5,0.43067655807339306,1.0,1.0,1.0,1.0,0.25,1,1,1,1.0,1.0,0.3333333333333333,0.3333333333333333,0,0
7d503b3d4d415cf3e91ab08bd5a1a2474dd1047b,1909.08357,dense,5,0.0,0.0,0.0,0.0,0.0,0.0,0,0,0,0.0,0.0,0.0,0.0,0,0
7d8cd7d6c86349ef0bd4fdbd84c8dc49c7678f46,1709.06365,dense,5,0.41340027774092636,0.125,0.375,1.0,1.0,1.0,1,0,0,0.125,0.14285714285714285,0.16666666666666666,0.15384615384615385,1,0
7de0b2df60d3161dd581ed7915837d460020bc11,1909.06502,dense,5,0.42177340954886444,0.5,1.0,1.0,1.0,0.2,1,1,0,0.5,1.0,0.3333333333333333,0.2857142857142857,0,1
7e906dc00e92088a25df3719104d1750e5a27485,1909.13184,dense,5,1.0,1.0,1.0,1.0,1.0,1.0,1,1,1,1.0,1.0,0.3333333333333333,0.3333333333333333,0,0
7e9aec2bdf4256c6249cad9887c168d395b35270,1909.00871,dense,5,0.38685280723454163,1.0,1.0,1.0,1.0,0.2,1,1,1,1.0,1.0,0.3333333333333333,0.3333333333333333,0,0
7ece07a84635269bb19796497847e4517d1e3e61,1709.06136,dense,5,0.5802792108518124,0.5,1.0,1.0,1.0,0.5,1,1,0,0.5,1.0,0.3333333333333333,0.2857142857142857,0,1
7ef7a5867060f91eac8ad857c186e51b767c734b,1908.06259,dense,5,0.3333333333333333,0.0,1.0,0.0,1.0,0.14285714285714285,0,0,0,0.0,0.0,0.0,0.0,0,0
7f958017cbb08962c80e625c2fd7a1e2375f27a3,1809.08899,dense,5,0.5,1.0,1.0,1.0,1.0,0.3333333333333333,1,1,1,1.0,1.0,0.3333333333333333,0.3333333333333333,0,0
7ff7c286d3118a8be5688e2d18e9a56fe83679ad,1812.00382,dense,5,0.17723928678404774,0.0,0.5,0.0,1.0,0.1,0,0,0,0.0,0.0,0.0,0.0,0,0
800fcd8b08d36c5276f9e5e1013208d41b46de59,1805.04558,dense,5,0.6934264036172708,1.0,1.0,1.0,1.0,0.5,1,1,1,1.0,1.0,0.3333333333333333,0.5714285714285714,0,0
803babb71e1bdaf507847d6c712585f4128e9f47,1910.14589,dense,5,0.31546487678572877,0.0,1.0,0.0,1.0,0.125,0,0,0,0.0,0.0,0.0,0.0,0,0
804466848f4fa1c552f0d971dce226cd18b9edda,1908.11053,dense,5,1.0,1.0,1.0,1.0,1.0,1.0,1,1,1,1.0,1.0,0.3333333333333333,0.3333333333333333,0,0
804bf5adc6dc5dd52f8079cf041ed3a710e03f8a,1805.04833,dense,5,0.6309297535714575,1.0,1.0,1.0,1.0,0.5,1,1,1,1.0,1.0,0.3333333333333333,0.3333333333333333,0,0
80bb07e553449bde9ac0ff35fcc718d7c161f2d4,2003.12660,dense,5,0.31546487678572877,0.0,1.0,0.0,1.0,0.125,0,0,0,0.0,0.0,0.0,0.0,0,0
80d6b9123a10358f57f259b8996a792cac08cb88,1809.06083,dense,5,0.5,1.0,1.0,1.0,1.0,0.3333333333333333,1,1,1,1.0,1.0,0.3333333333333333,0.3333333333333333,0,0
811b67460e65232b8f363dc3f329ffecdfcc4ab2,1911.12893,dense,5,0.38972337529357015,0.2857142857142857,0.42857142857142855,1.0,1.0,0.5,1,0,0,0.2857142857142857,0.3333333333333333,0.36363636363636365,0.3333333333333333,1,0
813a8156f9ed8ead53dda60ef54601f6ca8076e9,1607.00167,dense,5,1.0,1.0,1.0,1.0,1.0,1.0,1,1,1,1.0,1.0,0.5714285714285714,0.5714285714285714,0,0
814e945668e2b6f31b088918758b120fb00ada7d,2003.11687,dense,5,0.2890648263178879,0.0,1.0,0.0,1.0,0.1,0,0,0,0.0,0.0,0.0,0.0,0,0
81e101b2c803257492d67a00e8a1d9a07cbab136,1909.05372,dense,5,0.8065735963827293,0.5,1.0,1.0,1.0,1.0,1,1,0,0.5,1.0,0.3333333333333333,0.2857142857142857,0,1
824629b36a75753b1500d9dcaee0fc3c758297b1,1905.08067,dense,5,0.6309297535714575,1.0,1.0,1.0,1.0,0.5,1,1,1,1.0,1.0,0.3333333333333333,0.3333333333333333,0,0
8246d1eee1482555d075127ac84f2e1d0781a446,1805.11598,dense,5,0.18457569677956817,0.0,0.5,0.0,1.0,0.1111111111111111,0,0,0,0.0,0.0,0.0,0.0,0,0
8276671a4d4d1fbc097cd4a4b7f5e7fadd7b9833,2002.00175,dense,5,0.9197207891481876,1.0,1.0,1.0,1.0,1.0,1,1,1,1.0,1.0,0.5714285714285714,0.5714285714285714,0,0
82f8843b59668567bba09fc8f93963ca7d1fe107,1908.07491,dense,5,0.8318724637288826,0.75,0.75,1.0,1.0,1.0,1,1,0,0.75,1.0,0.75,0.6666666666666666,0,1
83db51da819adf6faeb950fe04b4df942a887fb5,1809.08899,dense,5,0.15101961822780524,0.25,0.25,1.0,1.0,0.2,1,0,0,0.25,0.3333333333333333,0.25,0.2222222222222222,1,0
845bdcd900c0f96b2ae091d086fb1ab8bb1063f0,2004.00809,dense,5,0.9469024295259745,1.0,1.0,1.0,1.0,1.0,1,1,1,1.0,1.0,0.5714285714285714,0.75,0,0
84765903b8c7234ca2919d0a40e3c6a5bcedf45d,1911.04873,dense,5,1.0,1.0,1.0,1.0,1.0,1.0,1,1,1,1.0,1.0,0.3333333333333333,0.5714285714285714,0,0
8599d6d14ac157169920c73b98a79737c7a68cf5,1909.00437,dense,5,0.0,0.0,0.0,0.0,0.0,0.0,0,0,0,0.0,0.0,0.0,0.0,0,0
85e417231a4bbb6691f7a89bd81710525f8fec4c,1611.06322,dense,5,0.38121301394452073,0.2857142857142857,0.2857142857142857,1.0,1.0,1.0,1,1,0,0.2857142857142857,1.0,0.4444444444444444,0.3333333333333333,0,1
860257956b83099cccf1359e5d960289d7d50265,1702.02367,dense,5,0.0,0.0,0.0,0.0,0.0,0.0,0,0,0,0.0,0.0,0.0,0.0,0,0
863b3f29f8c59f224b4cbdb5f1097b45a25f1d88,2001.04346,dense,5,0.0,0.0,0.0,0.0,0.0,0.0,0,0,0,0.0,0.0,0.0,0.0,0,0
865811dcf63a1dd3f22c62ec39ffbca4b182de31,1709.05295,dense,5,0.448643819352159,0.5,1.0,1.0,1.0,0.25,1,1,0,0.5,1.0,0.3333333333333333,0.2857142857142857,0,1
86656aae3c27c6ea108f5600dd09ab7e421d876a,1906.01749,dense,5,1.0,1.0,1.0,1.0,1.0,1.0,1,1,1,1.0,1.0,0.3333333333333333,0.3333333333333333,0,0
867b1bb1e6a38de525be7757d49928a132d0dbd8,1912.00342,dense,5,0.38685280723454163,0.5,0.5,1.0,1.0,0.5,1,1,0,0.5,1.0,0.3333333333333333,0.2857142857142857,0,1
86c867b393db0ec4ad09abb48cc1353cac47ea4c,1806.07042,dense,5,0.6240505200038379,1.0,1.0,1.0,1.0,0.5,1,1,1,1.0,1.0,0.3333333333333333,0.5714285714285714,0,0
86d1c990c1639490c239c3dbf5492ecc44ab6652,1708.01065,dense,5,0.6131471927654584,0.5,0.5,1.0,1.0,1.0,1,1,0,0.5,1.0,0.3333333333333333,0.2857142857142857,0,1
8701ec7345ccc2c35eca4e132a8e16d58585cd63,1908.05731,dense,5,0.6105456988825855,0.3333333333333333,0.6666666666666666,1.0,1.0,1.0,1,1,0,0.3333333333333333,1.0,0.3333333333333333,0.25,0,1
871f7661f5a3da366b0b5feaa36f54fd3dedae8e,2003.09244,dense,5,0.38685280723454163,1.0,1.0,1.0,1.0,0.2,1,1,1,1.0,1.0,0.3333333333333333,0.3333333333333333,0,0
8795bb1f874e5f3337710d8c3d5be49e672ab43a,1908.05803,dense,5,1.0,1.0,1.0,1.0,1.0,1.0,1,1,1,1.0,1.0,0.3333333333333333,0.3333333333333333,0,0
88757bc49ccab76e587fba7521f0981d6a1af2f7,1702.02584,dense,5,0.6309297535714575,1.0,1.0,1.0,1.0,0.5,1,1,1,1.0,1.0,0.3333333333333333,0.3333333333333333,0,0
887d7f3edf37ccc6bf2e755dae418b04d2309686,1805.11937,dense,5,0.37590633587120725,0.3333333333333333,0.6666666666666666,1.0,1.0,0.3333333333333333,1,1,0,0.3333333333333333,1.0,0.3333333333333333,0.25,0,1
89373db8ced1fe420eae0093b2736f06b565616e,1901.02780,dense,5,0.7397466333385988,0.75,1.0,1.0,1.0,0.5,1,1,0,0.75,1.0,0.75,0.6666666666666666,0,1
894bbb1e42540894deb31c04cba0e6cfb10ea912,1911.12237,dense,5,0.38685280723454163,0.5,0.5,1.0,1.0,0.5,1,1,0,0.5,1.0,0.3333333333333333,0.2857142857142857,0,1
8a0e1a298716698a305153c524bf03d18969b1c6,2001.11316,dense,5,0.2640681225725909,0.5,0.5,1.0,1.0,0.25,1,1,0,0.5,1.0,0.3333333333333333,0.2857142857142857,0,1
8ad5ebca2f69023b60ccfa3aac0ed426234437ac,1911.02747,dense,5,0.7977228895450266,0.5,1.0,1.0,1.0,1.0,1,0,0,0.5,0.5,0.2857142857142857,0.2857142857142857,1,0
8b1af67e3905244653b4cf66ba0acec8d6bff81f,1704.08390,dense,5,0.37590633587120725,0.3333333333333333,0.6666666666666666,1.0,1.0,0.3333333333333333,1,0,0,0.3333333333333333,0.5,0.2857142857142857,0.25,1,0
8b49423b7d1fa834128aa5038aa16c6ef3fdfa32,1909.04242,dense,5,1.0,1.0,1.0,1.0,1.0,1.0,1,1,1,1.0,1.0,0.3333333333333333,0.3333333333333333,0,0
8b8adb1d5a1824c8995b3eba668745c44f61c9c6,1903.04329,dense,5,0.45905478457279136,0.5,0.75,1.0,1.0,0.3333333333333333,1,1,0,0.5,1.0,0.3333333333333333,0.4444444444444444,0,1
8c288120139615532838f21094bba62a77f92617,1802.06053,dense,5,0.38685280723454163,1.0,1.0,1.0,1.0,0.2,1,1,1,1.0,1.0,0.3333333333333333,0.3333333333333333,0,0
8c89f1d1b3c2a45c0254c4c8d6e700ab9a4b4ffb,1703.10090,dense,5,0.3576223542196109,0.14285714285714285,0.2857142857142857,1.0,1.0,1.0,1,0,0,0.14285714285714285,0.25,0.2222222222222222,0.16666666666666666,1,0
8cbe3fa4ec0f66071e3d6b829b09b6395b631c44,1611.06322,dense,5,0.0,0.0,0.0,0.0,0.0,0.0,0,0,0,0.0,0.0,0.0,0.0,0,0
8cf52ba480d372fc15024b3db704952f10fdca27,1802.02614,dense,5,0.0,0.0,0.0,0.0,0.0,0.0,0,0,0,0.0,0.0,0.0,0.0,0,0
8cf5abf0126f19253930478b02f0839af28e4093,1805.04558,dense,5,0.21398626473452756,0.2,0.2,1.0,1.0,0.5,1,0,0,0.2,0.2,0.2,0.2,1,0
8d3f79620592d040f9f055b4fce0f73cc45aab63,1711.04964,dense,5,0.38685280723454163,0.5,0.5,1.0,1.0,0.5,1,1,0,0.5,1.0,0.3333333333333333,0.2857142857142857,0,1
8d683d2e1f46626ceab60ee4ab833b50b346c29e,1908.11053,dense,5,1.0,1.0,1.0,1.0,1.0,1.0,1,1,1,1.0,1.0,0.3333333333333333,0.3333333333333333,0,0
8db11d9166474a0e98b99ac7f81d1f14539d79ec,1910.10487,dense,5,1.0,1.0,1.0,1.0,1.0,1.0,1,1,1,1.0,1.0,0.3333333333333333,0.5714285714285714,0,0
8ddf78dbdc6ac964a7102ae84df18582841f2e3c,1605.05156,dense,5,1.0,1.0,1.0,1.0,1.0,1.0,1,1,1,1.0,1.0,0.3333333333333333,0.3333333333333333,0,0
8de0e1fdcca81b49615a6839076f8d42226bf1fe,1908.07888,dense,5,0.0,0.0,0.0,0.0,0.0,0.0,0,0,0,0.0,0.0,0.0,0.0,0,0
8dfdd1ed805bb23c774fbb032ef1d97c6802e07c,1706.02427,dense,5,0.7585866543655181,0.3333333333333333,1.0,1.0,1.0,1.0,1,0,0,0.3333333333333333,0.5,0.2857142857142857,0.25,1,0
8e113fd9661bc8af97e30c75a20712f01fc4520a,1911.10401,dense,5,0.3010299956639812,0.0,1.0,0.0,1.0,0.1111111111111111,0,0,0,0.0,0.0,0.0,0.0,0,0
8e26c471ca0ee1b9779da04c0b81918fd310d0f3,1906.05506,dense,5,0.4227898344066503,0.0,1.0,0.0,1.0,0.16666666666666666,0,0,0,0.0,0.0,0.0,0.0,0,0
8f6b11413a19fe4639b3fba88fc6b3678286fa0c,1911.09241,dense,5,0.3333333333333333,0.0,1.0,0.0,1.0,0.14285714285714285,0,0,0,0.0,0.0,0.0,0.0,0,0
8faec509406d33444bd620afc829adc9eae97644,1912.07940,dense,5,0.37800210039683896,0.0,1.0,0.0,1.0,0.125,0,0,0,0.0,0.0,0.0,0.0,0,0
8ffae517bc0efa453b7e316d41bd9f1b6679b158,1909.05372,dense,5,0.38685280723454163,0.5,0.5,1.0,1.0,0.5,1,1,0,0.5,1.0,0.3333333333333333,0.2857142857142857,0,1
903ac8686ed7e6e3269a5d863f06ff11c50e49e8,1907.00168,dense,5,0.3562071871080222,0.0,1.0,0.0,1.0,0.16666666666666666,0,0,0,0.0,0.0,0.0,0.0,0,0
90756bdcd812b7ecc1c5df2298aa7561fd2eb02c,1804.01155,dense,5,0.6131471927654584,0.5,0.5,1.0,1.0,1.0,1,1,0,0.5,1.0,0.3333333333333333,0.2857142857142857,0,1
908ba58d26d15c14600623498d4e86c9b73b14b2,2004.02105,dense,5,0.20438239758848611,0.0,0.5,0.0,1.0,0.14285714285714285,0,0,0,0.0,0.0,0.0,0.0,0,0
909ecf675f874421eecc926a9f7486475aa1423c,1908.07888,dense,5,0.23719771276929622,0.5,0.5,1.0,1.0,0.2,1,1,0,0.5,1.0,0.3333333333333333,0.2857142857142857,0,1
90aba75508aa145475d7cc9a501bbe987c0e8413,2004.02363,dense,5,0.6309297535714575,1.0,1.0,1.0,1.0,0.5,1,1,1,1.0,1.0,0.3333333333333333,0.3333333333333333,0,0
90dde59e1857a0d2b1ee4615ab017fee0741f29f,1911.12893,dense,5,0.0,0.0,0.0,0.0,0.0,0.0,0,0,0,0.0,0.0,0.0,0.0,0,0
9119fbfba84d298014d1b74e0e3d30330320002c,1912.00239,dense,5,0.38685280723454163,1.0,1.0,1.0,1.0,0.2,1,1,1,1.0,1.0,0.3333333333333333,0.3333333333333333,0,0
91336f12ab94a844b66b607f8621eb8bbd209f32,1909.09070,dense,5,0.46845052016107697,0.5,1.0,1.0,1.0,0.25,1,1,0,0.5,1.0,0.3333333333333333,0.2857142857142857,0,1
9133a85730c4090fe8b8d08eb3d9146efe7d7037,1803.05160,dense,5,0.33964039201708607,0.16666666666666666,0.5,1.0,1.0,0.3333333333333333,1,0,0,0.16666666666666666,0.5,0.2857142857142857,0.18181818181818182,1,0
915e4d0b3cb03789a20380ead961d473cb95bfc3,1710.11027,dense,5,0.5,1.0,1.0,1.0,1.0,0.3333333333333333,1,1,1,1.0,1.0,0.3333333333333333,0.3333333333333333,0,0
919681faa9731057b3fae5052b7da598abd3e04b,2004.04498,dense,5,0.0,0.0,0.0,0.0,0.0,0.0,0,0,0,0.0,0.0,0.0,0.0,0,0
91e361e85c6d3884694f3c747d61bfcef171bab0,1909.12079,dense,5,0.2960819109658652,0.3333333333333333,0.3333333333333333,1.0,1.0,0.5,1,0,0,0.3333333333333333,0.3333333333333333,0.25,0.25,1,0
9207f19e65422bdf28f20e270ede6c725a38e5f9,1605.05156,dense,5,0.7977228895450266,0.5,1.0,1.0,1.0,1.0,1,1,0,0.5,1.0,0.3333333333333333,0.2857142857142857,0,1
92fc94a4999d1b25a0593904025eb7b8953bb28b,1909.06708,dense,5,0.6366824387328317,0.5,0.5,1.0,1.0,1.0,1,0,0,0.5,0.5,0.2857142857142857,0.4444444444444444,1,0
9489b0ecb643c1fc95c001c65d4e9771315989aa,1704.04451,dense,5,0.6309297535714575,1.0,1.0,1.0,1.0,0.5,1,1,1,1.0,1.0,0.3333333333333333,0.3333333333333333,0,0
949a2bc34176e47a4d895bcc3223f2a960f15a81,1708.09025,dense,5,0.3706656904013186,0.0,1.0,0.0,1.0,0.125,0,0,0,0.0,0.0,0.0,0.0,0,0
95646d0ac798dcfc15b43fa97a1908df9f7b9681,1910.13793,dense,5,0.0,0.0,0.0,0.0,0.0,0.0,0,0,0,0.0,0.0,0.0,0.0,0,0
9595fdf7b51251679cd39bc4f6befc81f09c853c,1901.05389,dense,5,0.31546487678572877,0.0,1.0,0.0,1.0,0.125,0,0,0,0.0,0.0,0.0,0.0,0,0
95af7aaea3ce9dab4cf64e2229ce9b98381dd050,1612.03762,dense,5,0.30260241349881345,0.16666666666666666,0.16666666666666666,1.0,1.0,1.0,1,1,0,0.16666666666666666,1.0,0.3333333333333333,0.18181818181818182,0,1
95ef89dc29ff291bdbe48cb956329a6a06d36db8,1911.00461,dense,5,0.38685280723454163,0.5,0.5,1.0,1.0,0.5,1,1,0,0.5,1.0,0.3333333333333333,0.2857142857142857,0,1
961a97149127e1123c94fbf7e2021eb1aa580ecb,1911.09247,dense,5,0.14606834984270645,0.2,0.2,1.0,1.0,0.25,1,0,0,0.2,0.25,0.2222222222222222,0.2,1,0
96459b02efa82993a0b413530ed0b517c6633eea,1908.10090,dense,5,0.6934264036172708,1.0,1.0,1.0,1.0,0.5,1,1,1,1.0,1.0,0.5714285714285714,0.5714285714285714,0,0
965e0ce975a0b8612a30cfc31bbfd4b8a57aa138,1706.02427,dense,5,0.3065735963827292,0.5,0.5,1.0,1.0,0.3333333333333333,1,1,0,0.5,1.0,0.3333333333333333,0.2857142857142857,0,1
97055ab0227ed6ac7a8eba558b94f01867bb9562,1610.07149,dense,5,0.5,1.0,1.0,1.0,1.0,0.3333333333333333,1,1,1,1.0,1.0,0.3333333333333333,0.3333333333333333,0,0
97708d93bccc832ea671dc31a76dad6a121fcd60,1707.06875,dense,5,0.11305340175787204,0.0,0.2,0.0,1.0,0.14285714285714285,0,0,0,0.0,0.0,0.0,0.0,0,0
9887ca3d25e2109f41d1da80eeea05c465053fbc,1911.12722,dense,5,0.6131471927654584,0.5,0.5,1.0,1.0,1.0,1,1,0,0.5,1.0,0.3333333333333333,0.2857142857142857,0,1
98b97d24f31e9c535997e9b6cb126eb99fc72a90,1910.01160,dense,5,0.7737459235132744,0.3333333333333333,1.0,1.0,1.0,1.0,1,0,0,0.3333333333333333,0.3333333333333333,0.25,0.25,1,0
991ea04072b3412928be5e6e903cfa54eeac3951,1808.10006,dense,5,0.5012658353418871,1.0,1.0,1.0,1.0,0.25,1,1,1,1.0,1.0,0.3333333333333333,0.5714285714285714,0,0
9925e7d8757e8fd7411bcb5250bc08158a244fb3,1911.05652,dense,5,0.0,0.0,0.0,0.0,0.0,0.0,0,0,0,0.0,0.0,0.0,0.0,0,0
992e67f706c728bc0e534f974c1656da10e7a724,1911.10401,dense,5,0.0,0.0,0.0,0.0,0.0,0.0,0,0,0,0.0,0.0,0.0,0.0,0,0
998fa38634000f2d7b52d16518b9e18e898ce933,1908.05758,dense,5,0.0,0.0,0.0,0.0,0.0,0.0,0,0,0,0.0,0.0,0.0,0.0,0,0
99e99f2c25706085cd4de4d55afe0ac43213d7c8,2002.09616,dense,5,0.43067655807339306,1.0,1.0,1.0,1.0,0.25,1,1,1,1.0,1.0,0.3333333333333333,0.3333333333333333,0,0
99f898eb91538cb82bc9a00892d54ae2a740961e,1710.10380,dense,5,0.43067655807339306,1.0,1.0,1.0,1.0,0.25,1,1,1,1.0,1.0,0.3333333333333333,0.3333333333333333,0,0
9a7aeecbecf5e30ffa595c233fca31719c9b429f,1704.08390,dense,5,0.38685280723454163,1.0,1.0,1.0,1.0,0.2,1,1,1,1.0,1.0,0.3333333333333333,0.3333333333333333,0,0
9aabcba3d44ee7d0bbf6a2c019ab9e0f02fab244,1605.05195,dense,5,0.7039180890341347,0.6666666666666666,0.6666666666666666,1.0,1.0,1.0,1,1,0,0.6666666666666666,1.0,0.3333333333333333,0.5,0,1
9b05d5f723a8a452522907778a084b52e27fd924,1803.08614,dense,5,0.2640681225725909,0.5,0.5,1.0,1.0,0.25,1,1,0,0.5,1.0,0.3333333333333333,0.2857142857142857,0,1
9b1382b44dc69f7ee20acf952f7ceb1c3ef83965,1610.03955,dense,5,0.19342640361727081,0.0,0.5,0.0,1.0,0.125,0,0,0,0.0,0.0,0.0,0.0,0,0
9b536f4428206ef7afabc4ff0a2ebcbabd68b985,2001.11316,dense,5,0.48247555939075504,0.5,1.0,1.0,1.0,0.25,1,1,0,0.5,1.0,0.3333333333333333,0.2857142857142857,0,1
9b6339e24f58b576143d2adf599cfc4a31fd3b0c,2003.11531,dense,5,0.5109559939712153,0.5,1.0,1.0,1.0,0.3333333333333333,1,1,0,0.5,1.0,0.3333333333333333,0.2857142857142857,0,1
9b868c7d17852f46a8fe725f24cb9548fdbd2b05,1903.02930,dense,5,0.8503449055347546,1.0,1.0,1.0,1.0,1.0,1,1,1,1.0,1.0,0.3333333333333333,0.5714285714285714,0,0
9baca9bdb8e7d5a750f8cbe3282beb371347c164,1901.05389,dense,5,1.0,1.0,1.0,1.0,1.0,1.0,1,1,1,1.0,1.0,0.3333333333333333,0.3333333333333333,0,0
9be9354eeb2bb1827eeb1e23a20cfdca59fb349a,2002.03056,dense,5,0.5,1.0,1.0,1.0,1.0,0.3333333333333333,1,1,1,1.0,1.0,0.3333333333333333,0.3333333333333333,0,0
9c2cacf77041e02d38f92a4c490df1e04552f96f,1905.00472,dense,5,0.715663226334951,0.75,1.0,1.0,1.0,0.5,1,1,0,0.75,1.0,0.3333333333333333,0.6666666666666666,0,1
9c529bd3f7565b2178a79aae01c98c90f9d372ad,1705.00571,dense,5,0.6309297535714575,1.0,1.0,1.0,1.0,0.5,1,1,1,1.0,1.0,0.3333333333333333,0.3333333333333333,0,0
9ca85242ebeeafa88a0246986aa760014f6094f2,1803.05160,dense,5,0.16812753627111746,0.25,0.25,1.0,1.0,0.25,1,0,0,0.25,0.25,0.2222222222222222,0.2222222222222222,1,0
9ce90f4132b34a328fa49a63e897f376a3ad3ca8,1909.00871,dense,5,0.38685280723454163,0.5,0.5,1.0,1.0,0.5,1,1,0,0.5,1.0,0.3333333333333333,0.2857142857142857,0,1
9d6b2672b11d49c37a6bfb06172d39742d48aef4,1705.10272,dense,5,0.43067655807339306,1.0,1.0,1.0,1.0,0.25,1,1,1,1.0,1.0,0.3333333333333333,0.3333333333333333,0,0
9d6d17120c42a834b2b5d96f2120d646218ed4bb,1706.02427,dense,5,0.43734888382569426,0.3333333333333333,0.6666666666666666,1.0,1.0,0.5,1,1,0,0.3333333333333333,1.0,0.3333333333333333,0.25,0,1
9d963d385bd495a7e193f8a498d64c1612e6c20c,1907.01339,dense,5,0.21840743681816419,0.0,0.5,0.0,1.0,0.16666666666666666,0,0,0,0.0,0.0,0.0,0.0,0,0
9da181ac8f2600eb19364c1b1e3cdeb569811a11,1908.10001,dense,5,0.7495275800817669,0.5,0.75,1.0,1.0,1.0,1,0,0,0.5,0.6666666666666666,0.5,0.4444444444444444,1,0
9dcc10a4a325d4c9cb3bb8134831ee470be47e93,1602.03483,dense,5,0.38685280723454163,1.0,1.0,1.0,1.0,0.2,1,1,1,1.0,1.0,0.3333333333333333,0.3333333333333333,0,0
9dd8ce48a2a59a63ae6366ab8b2b8828e5ae7f35,1904.02954,dense,5,0.2640681225725909,0.5,0.5,1.0,1.0,0.25,1,1,0,0.5,1.0,0.3333333333333333,0.2857142857142857,0,1
9e9aa8af4b49e2e1e8cd9995293a7982ea1aba0e,1910.09387,dense,5,0.13565197343244778,0.0,0.3333333333333333,0.0,1.0,0.1,0,0,0,0.0,0.0,0.0,0.0,0,0
9ec0527bda2c302f4e82949cc0ae7f7769b7bfb8,2003.00864,dense,5,0.5,1.0,1.0,1.0,1.0,0.3333333333333333,1,1,1,1.0,1.0,0.3333333333333333,0.3333333333333333,0,0
9eec16e560f9ccafd7ba6f1e0db742b330b42ba9,1710.11334,dense,5,0.7977228895450266,0.5,1.0,1.0,1.0,1.0,1,1,0,0.5,1.0,0.3333333333333333,0.2857142857142857,0,1
9ef0d2365bde0d18054511fbb53cec5fa2cda5ee,1908.11049,dense,5,0.0,0.0,0.0,0.0,0.0,0.0,0,0,0,0.0,0.0,0.0,0.0,0,0
9f065e787a0d40bb4550be1e0d64796925459005,1708.07252,dense,5,0.20438239758848611,0.0,0.5,0.0,1.0,0.14285714285714285,0,0,0,0.0,0.0,0.0,0.0,0,0
9f1d81b2a6fe6835042a5229690e1951b97ff671,1806.04387,dense,5,0.3010299956639812,0.0,1.0,0.0,1.0,0.1111111111111111,0,0,0,0.0,0.0,0.0,0.0,0,0
9f1e60ee86a5c46abe75b67ef369bf92a5090568,1911.11899,dense,5,0.6131471927654584,0.5,0.5,1.0,1.0,1.0,1,0,0,0.5,0.5,0.2857142857142857,0.2857142857142857,1,0
9f74f3991b8681619d95ab93a7c8733a843ddffe,1907.10676,dense,5,0.23819820987960558,0.2,0.4,1.0,1.0,0.2,1,0,0,0.2,0.3333333333333333,0.25,0.2,1,0
a064337bafca8cf01e222950ea97ebc184c47bc0,1609.02075,dense,5,0.11751610475642714,0.0,0.25,0.0,1.0,0.1111111111111111,0,0,0,0.0,0.0,0.0,0.0,0,0
a064d01d45a33814947161ff208abb88d4353b26,1711.03759,dense,5,0.38685280723454163,1.0,1.0,1.0,1.0,0.2,1,1,1,1.0,1.0,0.3333333333333333,0.3333333333333333,0,0
a0fd0c0fe042ad045b8d5095c81643ef3a352b81,1604.02038,dense,5,0.6257049680303419,0.3333333333333333,0.6666666666666666,1.0,1.0,1.0,1,1,0,0.3333333333333333,1.0,0.3333333333333333,0.25,0,1
a18d74109ed55ed14c33913efa62e12f207279c0,1802.09059,dense,5,1.0,1.0,1.0,1.0,1.0,1.0,1,1,1,1.0,1.0,0.3333333333333333,0.3333333333333333,0,0
a1ac4463031bbc42c80893b57c0055b860f12e10,1908.06893,dense,5,0.5,1.0,1.0,1.0,1.0,0.3333333333333333,1,1,1,1.0,1.0,0.3333333333333333,0.3333333333333333,0,0
a24b2269b292fd0ee81d50303d1315383c594382,2004.03090,dense,5,1.0,1.0,1.0,1.0,1.0,1.0,1,1,1,1.0,1.0,0.3333333333333333,0.3333333333333333,0,0
a28c73a6a8c46a43a1eec2b42b542dd7fde1e30e,1906.05506,dense,5,1.0,1.0,1.0,1.0,1.0,1.0,1,1,1,1.0,1.0,0.3333333333333333,0.3333333333333333,0,0
a2baa8e266318f23f43321c4b2b9cf467718c94a,1611.00440,dense,5,0.6309297535714575,1.0,1.0,1.0,1.0,0.5,1,1,1,1.0,1.0,0.3333333333333333,0.3333333333333333,0,0
a2edd0454026811223b8f31512bdae91159677be,2002.03056,dense,5,0.2622073738811406,0.0,0.5,0.0,1.0,0.16666666666666666,0,0,0,0.0,0.0,0.0,0.0,0,0
a3705b53c6710b41154c65327b7bbec175bdfae7,1910.03355,dense,5,0.0,0.0,0.0,0.0,0.0,0.0,0,0,0,0.0,0.0,0.0,0.0,0,0
a398c9b061f28543bc77c2951d0dfc5d1bee9e87,1808.00957,dense,5,0.6309297535714575,1.0,1.0,1.0,1.0,0.5,1,1,1,1.0,1.0,0.3333333333333333,0.3333333333333333,0,0
a3a867f7b3557c168d05c517c468ff6c7337bff9,1701.03578,dense,5,0.26761938846816513,0.2,0.4,1.0,1.0,0.3333333333333333,1,0,0,0.2,0.3333333333333333,0.25,0.2,1,0
a3ba21341f0cb79d068d24de33b23c36fa646752,2002.06851,dense,5,0.6309297535714575,1.0,1.0,1.0,1.0,0.5,1,1,1,1.0,1.0,0.3333333333333333,0.3333333333333333,0,0
a3e7d7389228a197c8c44e0c504a791b60f2c80d,1909.00091,dense,5,0.4028825752720615,0.4,0.6,1.0,1.0,0.3333333333333333,1,1,0,0.4,1.0,0.4,0.4,0,1
a464052fd11af1d2d99e407c11791269533d43d1,1802.06053,dense,5,0.430624116386567,0.5,1.0,1.0,1.0,0.2,1,0,0,0.5,0.5,0.2857142857142857,0.2857142857142857,1,0
a4a9971799c8860b50f219c93f050ebf6a627b3d,1905.08067,dense,5,0.0,0.0,0.0,0.0,0.0,0.0,0,0,0,0.0,0.0,0.0,0.0,0,0
a4b77a20e067789691e0ab246bc5b11913d77ae1,1703.04009,dense,5,0.6309297535714575,1.0,1.0,1.0,1.0,0.5,1,1,1,1.0,1.0,0.3333333333333333,0.3333333333333333,0,0
a4cf0cf372f62b2dbc7f31c600c6c66246263328,1912.11980,dense,5,0.38685280723454163,0.5,0.5,1.0,1.0,0.5,1,1,0,0.5,1.0,0.3333333333333333,0.2857142857142857,0,1
a59e86a15405c8a11890db072b99fda3173e5ab2,1704.04451,dense,5,0.31546487678572877,0.0,1.0,0.0,1.0,0.125,0,0,0,0.0,0.0,0.0,0.0,0,0
a5df7361ae37b9512fb57cb93efbece9ded8cab1,1710.11027,dense,5,0.6131471927654584,0.5,0.5,1.0,1.0,1.0,1,1,0,0.5,1.0,0.3333333333333333,0.2857142857142857,0,1
a606bffed3bfeebd1b66125be580f908244e5d92,1911.09753,dense,5,0.8772153153380493,1.0,1.0,1.0,1.0,1.0,1,1,1,1.0,1.0,0.3333333333333333,0.5714285714285714,0,0
a67a2d9acad1787b636ca2681330f4c29a0b0254,1606.07043,dense,5,0.6309297535714575,1.0,1.0,1.0,1.0,0.5,1,1,1,1.0,1.0,0.3333333333333333,0.3333333333333333,0,0
a71fb012631e6a8854d5945b6d0ab2ab8e7b7ee6,1611.04234,dense,5,0.2890648263178879,0.0,1.0,0.0,1.0,0.1,0,0,0,0.0,0.0,0.0,0.0,0,0
a7313c29b154e84b571322532f5cab08e9d49e51,2003.13028,dense,5,0.6509209298071326,1.0,1.0,1.0,1.0,0.5,1,1,1,1.0,1.0,0.5714285714285714,0.5714285714285714,0,0
a77d38427639d54461ae308f3045434f81e497d0,1906.08871,dense,5,0.5032251913410369,0.25,0.5,1.0,1.0,1.0,1,1,0,0.25,1.0,0.3333333333333333,0.2222222222222222,0,1
a786cceba4372f6041187c426432853eda03dca6,1910.02001,dense,5,0.0,0.0,0.0,0.0,0.0,0.0,0,0,0,0.0,0.0,0.0,0.0,0,0
a79a23573d74ec62cbed5d5457a51419a66f6296,1906.04287,dense,5,1.0,1.0,1.0,1.0,1.0,1.0,1,1,1,1.0,1.0,0.3333333333333333,0.3333333333333333,0,0
a7e1b13cc42bfe78d37b9c943de6288e5f00f01b,1608.01972,dense,5,0.43067655807339306,1.0,1.0,1.0,1.0,0.25,1,1,1,1.0,1.0,0.3333333333333333,0.3333333333333333,0,0
a836ab8eb5a72af4b0a0c83bf42a2a14d1b38763,1911.07620,dense,5,0.38162168437253385,0.0,1.0,0.0,1.0,0.14285714285714285,0,0,0,0.0,0.0,0.0,0.0,0,0
a837dcbd339e27a974e28944178c790a5b0b37c0,1910.02001,dense,5,0.6309297535714575,1.0,1.0,1.0,1.0,0.5,1,1,1,1.0,1.0,0.3333333333333333,0.3333333333333333,0,0
a8cc891bb8dccf0d32c1c9cd1699d5ead0eed711,1909.04251,dense,5,0.0,0.0,0.0,0.0,0.0,0.0,0,0,0,0.0,0.0,0.0,0.0,0,0
a8e5e10d13b3f21dd11e8eb58e30cc25efc56e93,1708.09025,dense,5,0.0,0.0,0.0,0.0,0.0,0.0,0,0,0,0.0,0.0,0.0,0.0,0,0
a8f189fad8b72f8b2b4d2da4ed8475d31642d9e7,1611.01116,dense,5,0.6934264036172708,1.0,1.0,1.0,1.0,0.5,1,1,1,1.0,1.0,0.5714285714285714,0.5714285714285714,0,0
a98ae529b47362f917a398015c8525af3646abf0,1912.11637,dense,5,0.6715263515506075,0.5,0.75,1.0,1.0,1.0,1,0,0,0.5,0.5,0.4444444444444444,0.4444444444444444,1,0
a994cc18046912a8c9328dc572f4e4310736c0e2,1704.03279,dense,5,1.0,1.0,1.0,1.0,1.0,1.0,1,1,1,1.0,1.0,0.3333333333333333,0.3333333333333333,0,0
a9cae57f494deb0245b40217d699e9a22db0ea6e,1611.02378,dense,5,0.38685280723454163,1.0,1.0,1.0,1.0,0.2,1,1,1,1.0,1.0,0.3333333333333333,0.3333333333333333,0,0
a9d5f83f4b32c52105f2ae1c570f1c590ac52487,1909.08211,dense,5,0.5802792108518124,0.5,1.0,1.0,1.0,0.5,1,0,0,0.5,0.5,0.2857142857142857,0.2857142857142857,1,0
a9eb8039431e2cb885cfcf96eb58c0675b36b3bd,1908.05758,dense,5,0.6131471927654584,0.5,0.5,1.0,1.0,1.0,1,1,0,0.5,1.0,0.3333333333333333,0.2857142857142857,0,1
a9ff35f77615b3a4e7fd7b3a53d0b288a46f06ce,1911.11025,dense,5,0.0,0.0,0.0,0.0,0.0,0.0,0,0,0,0.0,0.0,0.0,0.0,0,0
aa287673534fc05d8126c8e3486ca28821827034,1607.00167,dense,5,0.29127873064148246,0.25,0.5,1.0,1.0,0.25,1,0,0,0.25,0.3333333333333333,0.25,0.2222222222222222,1,0
aa7c5386aedfb13a361a2629b67cb54277e208d2,1911.04128,dense,5,0.38685280723454163,0.5,0.5,1.0,1.0,0.5,1,1,0,0.5,1.0,0.3333333333333333,0.2857142857142857,0,1
ab8b0e6912a7ca22cf39afdac5531371cda66514,1912.03010,dense,5,0.18457569677956817,0.0,0.5,0.0,1.0,0.1111111111111111,0,0,0,0.0,0.0,0.0,0.0,0,0
ab975efc916c34f55e1144b1d28e7dfdc257e371,1804.03839,dense,5,0.8385465274895063,0.6666666666666666,1.0,1.0,1.0,1.0,1,0,0,0.6666666666666666,0.6666666666666666,0.5,0.5,1,0
ac87dd34d28c3edd9419fa0145f3d38c87d696aa,1807.08089,dense,5,0.17723928678404774,0.0,0.5,0.0,1.0,0.1,0,0,0,0.0,0.0,0.0,0.0,0,0
acac0606aab83cae5d13047863c7af542d58e54c,1908.07491,dense,5,0.0,0.0,0.0,0.0,0.0,0.0,0,0,0,0.0,0.0,0.0,0.0,0,0
ae1c4f9e33d0cd64d9a313c318ad635620303cdd,1906.11085,dense,5,0.21840743681816419,0.0,0.5,0.0,1.0,0.16666666666666666,0,0,0,0.0,0.0,0.0,0.0,0,0
ae7c5cf9c2c121097eb00d389cfd7cc2a5a7d577,2004.02143,dense,5,0.46927872602275644,0.3333333333333333,0.3333333333333333,1.0,1.0,1.0,1,0,0,0.3333333333333333,0.5,0.2857142857142857,0.25,1,0
ae89eed483c11ccd70a34795e9fe416af8a35da2,1911.01214,dense,5,0.8854598815714874,1.0,1.0,1.0,1.0,1.0,1,1,1,1.0,1.0,0.75,0.75,0,0
aebd1f0d728d0de5f76238844da044a44109f76f,1911.04474,dense,5,0.35256832412172806,0.2222222222222222,0.2222222222222222,1.0,1.0,1.0,1,0,0,0.2222222222222222,0.5,0.4444444444444444,0.2857142857142857,1,0
af45ff2c4209f14235482329d0729864fb2bd4b0,1911.12893,dense,5,0.6508205185601091,0.6666666666666666,0.6666666666666666,1.0,1.0,1.0,1,1,0,0.6666666666666666,1.0,0.3333333333333333,0.5,0,1
af948ea91136c700957b438d927f58d9b051c97c,2004.02143,dense,5,0.6309297535714575,1.0,1.0,1.0,1.0,0.5,1,1,1,1.0,1.0,0.3333333333333333,0.3333333333333333,0,0
afad388a0141bdda5ca9586803ac53d5f10f41f6,1908.08917,dense,5,0.20865662569078208,0.0,0.3333333333333333,0.0,1.0,0.16666666666666666,0,0,0,0.0,0.0,0.0,0.0,0,0
b012df09fa2a3d6b581032d68991768cf4bc9d7b,1908.10461,dense,5,0.3010299956639812,0.0,1.0,0.0,1.0,0.1111111111111111,0,0,0,0.0,0.0,0.0,0.0,0,0
b03249984c26baffb67e7736458b320148675900,1901.05389,dense,5,0.0,0.0,0.0,0.0,0.0,0.0,0,0,0,0.0,0.0,0.0,0.0,0,0
b065c2846817f3969b39e355d5d017e326d6f42e,1708.01065,dense,5,0.5,1.0,1.0,1.0,1.0,0.3333333333333333,1,1,1,1.0,1.0,0.3333333333333333,0.3333333333333333,0,0
b10388e343868ca8e5c7c601ebb903f52e756e61,1803.08419,dense,5,0.6052602440527057,0.5,1.0,1.0,1.0,0.5,1,1,0,0.5,1.0,0.3333333333333333,0.2857142857142857,0,1
b160bfb341f24ae42a268aa18641237a4b3a6457,2003.03728,dense,5,0.48247555939075504,0.5,1.0,1.0,1.0,0.25,1,0,0,0.5,0.5,0.2857142857142857,0.2857142857142857,1,0
b1fe6a39b474933038b44b6d45e5ca32af7c3e36,2004.04498,dense,5,1.0,1.0,1.0,1.0,1.0,1.0,1,1,1,1.0,1.0,0.3333333333333333,0.3333333333333333,0,0
b210c3e48c15cdc8c47cf6f4b6eb1c29a1933654,1604.02201,dense,5,0.0,0.0,0.0,0.0,0.0,0.0,0,0,0,0.0,0.0,0.0,0.0,0,0
b21245212244ad7adf7d321420f2239a0f0fe56b,1908.10149,dense,5,0.0,0.0,0.0,0.0,0.0,0.0,0,0,0,0.0,0.0,0.0,0.0,0,0
b32de10d84b808886d7a91ab0c423d4fc751384c,1603.09381,dense,5,0.5,1.0,1.0,1.0,1.0,0.3333333333333333,1,1,1,1.0,1.0,0.3333333333333333,0.3333333333333333,0,0
b3432f52af0b95929e6723dd1f01ce029d90a268,1808.07733,dense,5,0.9197207891481876,1.0,1.0,1.0,1.0,1.0,1,1,1,1.0,1.0,0.3333333333333333,0.5714285714285714,0,0
b39b278aa1cf2f87ad4159725dff77b387f2df84,2003.11687,dense,5,0.6309297535714575,1.0,1.0,1.0,1.0,0.5,1,1,1,1.0,1.0,0.3333333333333333,0.3333333333333333,0,0
b3b9d7c8722e8ec41cbbae40e68458485a5ba25c,1910.07924,dense,5,0.4599715079731103,0.2,0.4,1.0,1.0,1.0,1,0,0,0.2,0.25,0.2222222222222222,0.2,1,0
b3dc9a35e8c3ed7abcc4ca0bf308dea75be9c016,1708.01065,dense,5,0.43067655807339306,1.0,1.0,1.0,1.0,0.25,1,1,1,1.0,1.0,0.3333333333333333,0.3333333333333333,0,0
b424ad7f9214076b963a0077d7345d7bb5a7a205,2002.00175,dense,5,0.0,0.0,0.0,0.0,0.0,0.0,0,0,0,0.0,0.0,0.0,0.0,0,0
b4b7333805cb6fdde44907747887a971422dc298,2003.09244,dense,5,1.0,1.0,1.0,1.0,1.0,1.0,1,1,1,1.0,1.0,0.3333333333333333,0.3333333333333333,0,0
b537832bba2eb6d34702a9d71138e661c05a7c3a,1906.01076,dense,5,0.3562071871080222,0.0,1.0,0.0,1.0,0.16666666666666666,0,0,0,0.0,0.0,0.0,0.0,0,0
b57ad10468e1ba2a7a34396688dbb10a575d89f5,1706.02427,dense,5,0.6309297535714575,1.0,1.0,1.0,1.0,0.5,1,1,1,1.0,1.0,0.3333333333333333,0.3333333333333333,0,0
b59f3a58939f7ac007d3263a459c56ebefc4b49a,2003.09244,dense,5,0.10893649261775588,0.125,0.125,1.0,1.0,0.25,1,0,0,0.125,0.3333333333333333,0.25,0.15384615384615385,1,0
b62b7ec5128219f04be41854247d5af992797937,1910.03355,dense,5,0.0,0.0,0.0,0.0,0.0,0.0,0,0,0,0.0,0.0,0.0,0.0,0,0
b6aa5665c981e3b582db4760759217e2979d5626,1909.10481,dense,5,0.17723928678404774,0.0,0.5,0.0,1.0,0.1,0,0,0,0.0,0.0,0.0,0.0,0,0
b6c2a391c4a94eaa768150f151040bb67872c0bf,1605.05195,dense,5,0.8315546295836225,0.5,1.0,1.0,1.0,1.0,1,1,0,0.5,1.0,0.3333333333333333,0.2857142857142857,0,1
b6e97d1b1565732b1b3f1d74e6d2800dd21be37a,1707.05589,dense,5,0.13905617951077562,0.0,0.25,0.0,1.0,0.16666666666666666,0,0,0,0.0,0.0,0.0,0.0,0,0
b70e4c49300dc3eab18e907ab903afd2a0c6075a,1909.00437,dense,5,0.6309297535714575,1.0,1.0,1.0,1.0,0.5,1,1,1,1.0,1.0,0.3333333333333333,0.3333333333333333,0,0
b783ec5cb9ad595da7db2c0ddf871152ae382c5f,1805.04833,dense,5,0.8315546295836225,0.5,1.0,1.0,1.0,1.0,1,1,0,0.5,1.0,0.3333333333333333,0.2857142857142857,0,1
b78bb6fe817c2d4bc69236df998f546e94c3ee21,1704.06851,dense,5,0.8886733622104969,0.6,1.0,1.0,1.0,1.0,1,0,0,0.6,0.6,0.6,0.6,1,0
b79c85fa84712d3028cb5be2af873c634e51140e,1605.05156,dense,5,1.0,1.0,1.0,1.0,1.0,1.0,1,1,1,1.0,1.0,0.3333333333333333,0.3333333333333333,0,0
b79ff0a50bf9f361c5e5fed68525283856662076,1805.09960,dense,5,0.5640920940185894,0.5,1.0,1.0,1.0,0.5,1,1,0,0.5,1.0,0.3333333333333333,0.2857142857142857,0,1
b8b79a6123716cb9fabf751b31dff424235a2ee2,1812.05813,dense,5,0.19342640361727081,0.0,0.5,0.0,1.0,0.125,0,0,0,0.0,0.0,0.0,0.0,0,0
b8bbdc3987bb456739544426c6037c78ede01b77,1909.11980,dense,5,0.2960819109658652,0.3333333333333333,0.3333333333333333,1.0,1.0,0.5,1,0,0,0.3333333333333333,0.3333333333333333,0.25,0.25,1,0
b942d94e4187e4fdc706cfdf92e3a869fc294911,1909.05372,dense,5,0.28201326940239274,0.16666666666666666,0.3333333333333333,1.0,1.0,0.5,1,1,0,0.16666666666666666,1.0,0.3333333333333333,0.18181818181818182,0,1
b948bb86855b2c0bfc8fad88ff1e29cd94bb6ada,1905.05644,dense,5,0.6052602440527057,0.5,1.0,1.0,1.0,0.5,1,1,0,0.5,1.0,0.3333333333333333,0.2857142857142857,0,1
b968bd264995cd03d7aaad1baba1838c585ec909,1804.09692,dense,5,0.09803928583135704,0.0,0.2,0.0,1.0,0.1,0,0,0,0.0,0.0,0.0,0.0,0,0
b9d9803ba24127f91ba4d7cff4da11492da20f09,2004.03090,dense,5,0.0,0.0,0.0,0.0,0.0,0.0,0,0,0,0.0,0.0,0.0,0.0,0,0
ba39317e918b4386765f88e8c8ae99f9a098c935,1703.04009,dense,5,1.0,1.0,1.0,1.0,1.0,1.0,1,1,1,1.0,1.0,0.3333333333333333,0.3333333333333333,0,0
ba406e07c33a9161e29c75d292c82a15503beae5,1907.12984,dense,5,0.3065735963827292,0.5,0.5,1.0,1.0,0.3333333333333333,1,1,0,0.5,1.0,0.3333333333333333,0.2857142857142857,0,1
ba7fea78b0b888a714cb7d89944b69c5038a1ef1,1806.03369,dense,5,0.31546487678572877,0.0,1.0,0.0,1.0,0.125,0,0,0,0.0,0.0,0.0,0.0,0,0
baaa6ad7148b785429a20f38786cd03ab9a2646e,1908.08917,dense,5,0.6240505200038379,1.0,1.0,1.0,1.0,0.5,1,1,1,1.0,1.0,0.5714285714285714,0.5714285714285714,0,0
baad4b6f834d5944f61bd12f30908e3cf3739dcd,1911.06815,dense,5,0.8712137160156971,0.75,1.0,1.0,1.0,1.0,1,0,0,0.75,0.75,0.6666666666666666,0.6666666666666666,1,0
bab4ae97afd598a11d1fc7c05c6fdb98c30cafe0,1711.03759,dense,5,1.0,1.0,1.0,1.0,1.0,1.0,1,1,1,1.0,1.0,0.3333333333333333,0.3333333333333333,0,0
bab4e8881f4d75e266bce6fbfa4c3bcd3eacf30f,1708.03312,dense,5,0.16716045496620227,0.0,0.3333333333333333,0.0,1.0,0.16666666666666666,0,0,0,0.0,0.0,0.0,0.0,0,0
baec99756b80eec7c0234a08bc2855e6770bcaeb,1907.04072,dense,5,0.0,0.0,0.0,0.0,0.0,0.0,0,0,0,0.0,0.0,0.0,0.0,0,0
bbfe7e131ed776c85f2359b748db1325386c1af5,1807.03674,dense,5,0.3333333333333333,0.0,1.0,0.0,1.0,0.14285714285714285,0,0,0,0.0,0.0,0.0,0.0,0,0
bc6ad5964f444cf414b661a4b942dafb7640c564,1809.03680,dense,5,0.0,0.0,0.0,0.0,0.0,0.0,0,0,0,0.0,0.0,0.0,0.0,0,0
bc8526d4805e2554adb2e9c01736d3f3a3b19895,1604.02038,dense,5,0.30260241349881345,0.16666666666666666,0.16666666666666666,1.0,1.0,1.0,1,0,0,0.16666666666666666,0.2,0.2,0.18181818181818182,1,0
bcf222ad4bb537b01019ed354ea03cd6bf2c1f8e,1905.07562,dense,5,0.8385465274895063,0.6666666666666666,1.0,1.0,1.0,1.0,1,1,0,0.6666666666666666,1.0,0.3333333333333333,0.5,0,1
bd191d95806cee4cf80295e9ce1cd227aba100ab,1912.07076,dense,5,0.3071837157818931,0.25,0.5,1.0,1.0,0.25,1,1,0,0.25,1.0,0.3333333333333333,0.2222222222222222,0,1
bd255aadf099854541d06997f83a0e478f526120,1911.11025,dense,5,0.0,0.0,0.0,0.0,0.0,0.0,0,0,0,0.0,0.0,0.0,0.0,0,0
bd3562d2b3c162e9d27404d56b77e15f707d8b0f,1705.00571,dense,5,1.0,1.0,1.0,1.0,1.0,1.0,1,1,1,1.0,1.0,0.5714285714285714,0.5714285714285714,0,0
bd53399be8ff59060792da4c8e42a7fc1e6cbd85,2003.13028,dense,5,0.0,0.0,0.0,0.0,0.0,0.0,0,0,0,0.0,0.0,0.0,0.0,0,0
bda21bfb2dd74085cbc355c70dab5984ef41dba7,1906.04236,dense,5,0.2890648263178879,0.0,1.0,0.0,1.0,0.1,0,0,0,0.0,0.0,0.0,0.0,0,0
bdae851d4cf1d05506cf3e8359786031ac4f756f,1911.12237,dense,5,0.07336392209936005,0.0,0.09090909090909091,0.0,1.0,0.14285714285714285,0,0,0,0.0,0.0,0.0,0.0,0,0
be632f0246c2e5f049d12e796812f496e083c33e,1908.10001,dense,5,0.9060254355346823,1.0,1.0,1.0,1.0,1.0,1,1,1,1.0,1.0,0.5714285714285714,0.75,0,0
bfd55ae9630a08a9e287074fff3691dfbffc3258,1908.09283,dense,5,0.4935232796777481,0.3333333333333333,0.3333333333333333,1.0,1.0,1.0,1,0,0,0.3333333333333333,0.5,0.4444444444444444,0.36363636363636365,1,0
c01a8b42fd27b0a3bec717ededd98b6d085a0f5c,1710.11027,dense,5,1.0,1.0,1.0,1.0,1.0,1.0,1,1,1,1.0,1.0,0.3333333333333333,0.5714285714285714,0,0
c0355afc7871bf2e12260592873ffdb5c0c4c919,1909.10481,dense,5,0.19903650127012357,0.125,0.25,1.0,1.0,0.25,1,0,0,0.125,0.25,0.2222222222222222,0.15384615384615385,1,0
c035a011b737b0a10deeafc3abe6a282b389d48b,1707.07212,dense,5,0.29039140533630226,0.2,0.4,1.0,1.0,0.3333333333333333,1,0,0,0.2,0.25,0.2222222222222222,0.2,1,0
c0847af3958d791beaa14c4040ada2d364251c4d,2004.02105,dense,5,0.0,0.0,0.0,0.0,0.0,0.0,0,0,0,0.0,0.0,0.0,0.0,0,0
c0af44ebd7cd81270d9b5b54d4a40feed162fa54,1801.05617,dense,5,1.0,1.0,1.0,1.0,1.0,1.0,1,1,1,1.0,1.0,0.3333333333333333,0.3333333333333333,0,0
c0dbf3f1957f3bff3ced5b48aff60097f3eac7bb,1808.07231,dense,5,0.31546487678572877,0.0,1.0,0.0,1.0,0.125,0,0,0,0.0,0.0,0.0,0.0,0,0
c135e1f8ecaf7965f6a6d3e30b537eb37ad74230,1910.02001,dense,5,0.7903864795495061,0.5,1.0,1.0,1.0,1.0,1,1,0,0.5,1.0,0.3333333333333333,0.2857142857142857,0,1
c138a45301713c1a9f6edafeef338ba2f99220ce,1912.08084,dense,5,0.0,0.0,0.0,0.0,0.0,0.0,0,0,0,0.0,0.0,0.0,0.0,0,0
c176eb1ccaa0e50fb7512153f0716e60bf74aa53,1910.01340,dense,5,0.369453583111095,0.25,0.5,1.0,1.0,0.5,1,1,0,0.25,1.0,0.3333333333333333,0.2222222222222222,0,1
c17ece1dad42d92c78fca2e3d8afa9a20ff19598,1906.01010,dense,5,0.6934264036172708,1.0,1.0,1.0,1.0,0.5,1,1,1,1.0,1.0,0.3333333333333333,0.5714285714285714,0,0
c2037887945abbdf959389dc839a86bc82594505,1803.06745,dense,5,0.6131471927654584,0.5,0.5,1.0,1.0,1.0,1,1,0,0.5,1.0,0.3333333333333333,0.2857142857142857,0,1
c25014b7e57bb2949138d64d49f356d69838bc25,1908.10001,dense,5,1.0,1.0,1.0,1.0,1.0,1.0,1,1,1,1.0,1.0,0.3333333333333333,0.3333333333333333,0,0
c2ce25878a17760c79031a426b6f38931cd854b2,2003.11528,dense,5,0.13120507751234178,0.2,0.2,1.0,1.0,0.2,1,0,0,0.2,0.5,0.2857142857142857,0.2,1,0
c30b0d6b23f0f01573eea315176c5ffe4e0c6b5c,1910.02677,dense,5,0.6309297535714575,1.0,1.0,1.0,1.0,0.5,1,1,1,1.0,1.0,0.3333333333333333,0.3333333333333333,0,0
c3befe7006ca81ce64397df654c31c11482dafbe,1611.04887,dense,5,0.9197207891481876,1.0,1.0,1.0,1.0,1.0,1,1,1,1.0,1.0,0.5714285714285714,0.5714285714285714,0,0
c3ce95658eea1e62193570955f105839de3d7e2d,1911.03324,dense,5,0.5706417189553201,1.0,1.0,1.0,1.0,0.3333333333333333,1,1,1,1.0,1.0,0.5714285714285714,0.5714285714285714,0,0
c47312f2ca834ee75fa9bfbf912ea04239064117,1907.00937,dense,5,1.0,1.0,1.0,1.0,1.0,1.0,1,1,1,1.0,1.0,0.3333333333333333,0.3333333333333333,0,0
c4b621f573bbb411bdaa84a7562c9c4795a7eb3a,1808.09180,dense,5,0.42177340954886444,0.5,1.0,1.0,1.0,0.2,1,1,0,0.5,1.0,0.3333333333333333,0.2857142857142857,0,1
c5221bb28e58a4f13cf2eccce0e1b1bec7dd3c13,1909.09070,dense,5,0.38121301394452073,0.2857142857142857,0.2857142857142857,1.0,1.0,1.0,1,1,0,0.2857142857142857,1.0,0.36363636363636365,0.3333333333333333,0,1
c53b036eff430a9d0449fb50b8d2dc9d2679d9fe,1706.02222,dense,5,0.843537875344446,0.6,0.8,1.0,1.0,1.0,1,0,0,0.6,0.6,0.6,0.6,1,0
c589d83565f528b87e355b9280c1e7143a42401d,1909.07873,dense,5,0.38685280723454163,0.5,0.5,1.0,1.0,0.5,1,1,0,0.5,1.0,0.3333333333333333,0.2857142857142857,0,1
c59d67930edd3d369bd51a619849facdd0770644,1705.10272,dense,5,0.43067655807339306,1.0,1.0,1.0,1.0,0.25,1,1,1,1.0,1.0,0.3333333333333333,0.3333333333333333,0,0
c5ea4da3c760ba89194ad807bc1ef60e1761429f,1602.07563,dense,5,0.3010299956639812,0.0,1.0,0.0,1.0,0.1111111111111111,0,0,0,0.0,0.0,0.0,0.0,0,0
c68946ae2e548ec8517c7902585c032b3f3876e6,1901.05389,dense,5,0.5205067333228022,0.25,0.5,1.0,1.0,1.0,1,0,0,0.25,0.5,0.2857142857142857,0.2222222222222222,1,0
c6f2598b85dc74123fe879bf23aafc7213853f5b,1911.12237,dense,5,0.3010299956639812,0.0,1.0,0.0,1.0,0.1111111111111111,0,0,0,0.0,0.0,0.0,0.0,0,0
c72e05dd41ed5a85335ffeca5a03e71514e60e84,1911.12559,dense,5,0.9493885684853097,0.75,1.0,1.0,1.0,1.0,1,1,0,0.75,1.0,0.5,0.6666666666666666,0,1
c79f168503a60d1b08bb2c9aac124199d210b06d,1904.02954,dense,5,0.0,0.0,0.0,0.0,0.0,0.0,0,0,0,0.0,0.0,0.0,0.0,0,0
c7d3bccee59ab683e6bf047579bc6eab9de9d973,1705.10272,dense,5,0.8503449055347546,1.0,1.0,1.0,1.0,1.0,1,1,1,1.0,1.0,0.5714285714285714,0.5714285714285714,0,0
c7f43c95db3d0c870407cd0e7becdd802463683b,1910.09362,dense,5,0.46927872602275644,0.3333333333333333,0.3333333333333333,1.0,1.0,1.0,1,0,0,0.3333333333333333,0.5,0.2857142857142857,0.25,1,0
c7ffef8bf0100eb6148bd932d0409b21759060b1,1707.06519,dense,5,1.0,1.0,1.0,1.0,1.0,1.0,1,1,1,1.0,1.0,0.5714285714285714,0.5714285714285714,0,0
c845110efee2f633d47f5682573bc6091e8f5023,1911.05652,dense,5,0.43067655807339306,1.0,1.0,1.0,1.0,0.25,1,1,1,1.0,1.0,0.3333333333333333,0.3333333333333333,0,0
c87966e7f497975b76a60f6be50c33d296a4a4e7,2004.01820,dense,5,0.0,0.0,0.0,0.0,0.0,0.0,0,0,0,0.0,0.0,0.0,0.0,0,0
c8f8ecac23a991bceb8387e68b3b3f2a5d8cf029,2003.12660,dense,5,0.0,0.0,0.0,0.0,0.0,0.0,0,0,0,0.0,0.0,0.0,0.0,0,0
c97306c1be5d59cf27b1054adfa8f1da47d292ce,1810.02229,dense,5,0.0,0.0,0.0,0.0,0.0,0.0,0,0,0,0.0,0.0,0.0,0.0,0,0
c9a323c152c5d9bc2d244e0ed10afbdb0f93062a,1909.00369,dense,5,1.0,1.0,1.0,1.0,1.0,1.0,1,1,1,1.0,1.0,0.5714285714285714,0.5714285714285714,0,0
c9eae337edea0edb12030a7d4b01c3a3c73c16d3,1806.04387,dense,5,0.6816587806335841,0.5,0.75,1.0,1.0,1.0,1,0,0,0.5,0.5,0.4444444444444444,0.4444444444444444,1,0
caebea05935cae1f5d88749a2fc748e62976eab7,1710.11334,dense,5,0.5437713091520254,1.0,1.0,1.0,1.0,0.3333333333333333,1,1,1,1.0,1.0,0.3333333333333333,0.5714285714285714,0,0
cb58605a7c230043bd0d6e8d5b068f8b533f45fe,1909.11706,dense,5,0.5706417189553201,1.0,1.0,1.0,1.0,0.3333333333333333,1,1,1,1.0,1.0,0.3333333333333333,0.5714285714285714,0,0
cb7a00233502c4b7801d34bc95d6d22d79776ae8,1603.08868,dense,5,0.0,0.0,0.0,0.0,0.0,0.0,0,0,0,0.0,0.0,0.0,0.0,0,0
cbb3c1c1e6e1818b6480f929f1c299eaa5ffd07a,1907.10676,dense,5,0.4592846660663049,0.5,0.5,1.0,1.0,0.5,1,1,0,0.5,1.0,0.6,0.5454545454545454,0,1
cbe42bf7c99ee248cdb2c5d6cf86b41106e66863,1908.02284,dense,5,0.5,1.0,1.0,1.0,1.0,0.3333333333333333,1,1,1,1.0,1.0,0.3333333333333333,0.3333333333333333,0,0
cc3dd701f3a674618de95a4196e9c7f4c8fbf1e5,1805.04833,dense,5,0.6309297535714575,1.0,1.0,1.0,1.0,0.5,1,1,1,1.0,1.0,0.3333333333333333,0.3333333333333333,0,0
cc78a08f5bfe233405c99cb3dac1f11f3a9268b1,1907.08540,dense,5,0.6309297535714575,1.0,1.0,1.0,1.0,0.5,1,1,1,1.0,1.0,0.3333333333333333,0.3333333333333333,0,0
cc8bcea4052bf92f249dda276acc5fd16cac6fb4,1809.03695,dense,5,1.0,1.0,1.0,1.0,1.0,1.0,1,1,1,1.0,1.0,0.3333333333333333,0.3333333333333333,0,0
ccec4f8deff651858f44553f8daa5a19e8ed8d3b,1909.05190,dense,5,0.32280592422117393,0.125,0.375,1.0,1.0,0.5,1,0,0,0.125,0.2,0.2,0.15384615384615385,1,0
cd82bdaa0c94330f8cccfb1c59b4e6761a5a4f4d,1911.01214,dense,5,0.43067655807339306,1.0,1.0,1.0,1.0,0.25,1,1,1,1.0,1.0,0.3333333333333333,0.3333333333333333,0,0
cdbbba22e62bc9402aea74ac5960503f59e984ff,1805.04558,dense,5,0.6934264036172708,1.0,1.0,1.0,1.0,0.5,1,1,1,1.0,1.0,0.5714285714285714,0.5714285714285714,0,0
ce23849e9e9a22626965f1ca8ca948a5c87280e9,1909.01720,dense,5,1.0,1.0,1.0,1.0,1.0,1.0,1,1,1,1.0,1.0,0.3333333333333333,0.3333333333333333,0,0
ce504a7ee2c1f068ef4dde8d435245b4e77bb0b5,1708.09025,dense,5,0.21398626473452756,0.2,0.2,1.0,1.0,0.5,1,1,0,0.2,1.0,0.3333333333333333,0.2,0,1
ce8d8de78a21a3ba280b658ac898f73d0b52bf1b,1910.10487,dense,5,0.33424620450682646,0.25,0.5,1.0,1.0,0.3333333333333333,1,1,0,0.25,1.0,0.3333333333333333,0.2222222222222222,0,1
ced63053eb631c78a4ddd8c85ec0f3323a631a54,1708.05482,dense,5,1.0,1.0,1.0,1.0,1.0,1.0,1,1,1,1.0,1.0,0.3333333333333333,0.3333333333333333,0,0
cf0b7d8a2449d04078f69ec9717a547adfb67d17,1801.04433,dense,5,0.0,0.0,0.0,0.0,0.0,0.0,0,0,0,0.0,0.0,0.0,0.0,0,0
cf3fab54b2b289b66e7dba4706c47a62569627c5,1708.07690,dense,5,0.4034698846650846,0.16666666666666666,0.3333333333333333,1.0,1.0,1.0,1,0,0,0.16666666666666666,0.5,0.2857142857142857,0.18181818181818182,1,0
cf58d25bfa2561a359fdd7b6b20aef0b41dc634e,1912.08084,dense,5,0.5912352048230277,0.5,1.0,1.0,1.0,0.5,1,1,0,0.5,1.0,0.3333333333333333,0.2857142857142857,0,1
cf68906b7d96ca0c13952a6597d1f23e5184c304,1710.10380,dense,5,1.0,1.0,1.0,1.0,1.0,1.0,1,1,1,1.0,1.0,0.3333333333333333,0.3333333333333333,0,0
cf82251a6a5a77e29627560eb7c05c3eddc20825,2004.04498,dense,5,0.3333333333333333,0.0,1.0,0.0,1.0,0.14285714285714285,0,0,0,0.0,0.0,0.0,0.0,0,0
cfa44bb587b0c05906d8325491ca9e0f024269e8,1708.01065,dense,5,0.8503449055347546,1.0,1.0,1.0,1.0,1.0,1,1,1,1.0,1.0,0.3333333333333333,0.5714285714285714,0,0
cfcf94b81589e7da215b4f743a3f8de92a6dda7a,1712.00733,dense,5,0.4911492931622974,0.5,1.0,1.0,1.0,0.3333333333333333,1,0,0,0.5,0.5,0.2857142857142857,0.2857142857142857,1,0
cfdd583d01abaca923f5c466bb20e1d4b8c749ff,1810.02268,dense,5,0.27191445400928355,0.08333333333333333,0.25,1.0,1.0,0.5,1,0,0,0.08333333333333333,0.1111111111111111,0.14285714285714285,0.11764705882352941,1,0
cfe21b979a6c851bdafb2e414622f61e62b1d98c,2003.13028,dense,5,0.9197207891481876,1.0,1.0,1.0,1.0,1.0,1,1,1,1.0,1.0,0.5714285714285714,0.5714285714285714,0,0
d0dc6729b689561370b6700b892c9de8871bb44d,1604.02201,dense,5,0.45560514958746035,0.5,1.0,1.0,1.0,0.2,1,0,0,0.5,0.5,0.2857142857142857,0.2857142857142857,1,0
d147117ef24217c43252d917d45dff6e66ff807c,1712.00733,dense,5,0.0,0.0,0.0,0.0,0.0,0.0,0,0,0,0.0,0.0,0.0,0.0,0,0
d1a4529ea32aaab5ca3b9d9ae5c16f146c23af6b,1809.08935,dense,5,0.5,1.0,1.0,1.0,1.0,0.3333333333333333,1,1,1,1.0,1.0,0.3333333333333333,0.3333333333333333,0,0
d206f2cbcc3d2a6bd0ccaa3b57fece396159f609,1805.00195,dense,5,0.3065735963827292,0.5,0.5,1.0,1.0,0.3333333333333333,1,1,0,0.5,1.0,0.3333333333333333,0.2857142857142857,0,1
d207f78beb6cd754268881bf575c8f98000667ea,1705.02023,dense,5,0.6309297535714575,1.0,1.0,1.0,1.0,0.5,1,1,1,1.0,1.0,0.3333333333333333,0.3333333333333333,0,0
d211a37830c59aeab4970fdb2e03d9b7368b421c,1805.04558,dense,5,0.23504554941448536,0.1111111111111111,0.1111111111111111,1.0,1.0,1.0,1,0,0,0.1111111111111111,0.1111111111111111,0.14285714285714285,0.14285714285714285,1,0
d2d9c7177728987d9e8b0c44549bbe03c8c00ef2,1906.05685,dense,5,0.6309297535714575,1.0,1.0,1.0,1.0,0.5,1,1,1,1.0,1.0,0.3333333333333333,0.3333333333333333,0,0
d2f91303cec132750a416192f67c8ac1d3cf6fc0,1708.07252,dense,5,0.8854598815714874,1.0,1.0,1.0,1.0,1.0,1,1,1,1.0,1.0,0.5714285714285714,0.75,0,0
d323f0d65b57b30ae85fb9f24298927a3d1216e9,1810.12897,dense,5,0.6131471927654584,0.5,0.5,1.0,1.0,1.0,1,1,0,0.5,1.0,0.3333333333333333,0.2857142857142857,0,1
d36a6447bfe58204e0d29f9213d84be04d875624,1906.08871,dense,5,0.6039848603939605,0.5,1.0,1.0,1.0,0.3333333333333333,1,0,0,0.5,0.6666666666666666,0.5,0.4444444444444444,1,0
d38b3e0896b105d171e69ce34c689e4a7e934522,1912.10162,dense,5,1.0,1.0,1.0,1.0,1.0,1.0,1,1,1,1.0,1.0,0.5714285714285714,0.5714285714285714,0,0
d3cfbe497a30b750a8de3ea7f2cecf4753a4e1f9,1905.09439,dense,5,1.0,1.0,1.0,1.0,1.0,1.0,1,1,1,1.0,1.0,0.3333333333333333,0.3333333333333333,0,0
d3fb0d84d763cb38f400b7de3daaa59ed2a1b0ab,1707.07212,dense,5,0.0,0.0,0.0,0.0,0.0,0.0,0,0,0,0.0,0.0,0.0,0.0,0,0
d418bf6595b1b51a114f28ac8a6909c278838aeb,1908.10149,dense,5,0.0,0.0,0.0,0.0,0.0,0.0,0,0,0,0.0,0.0,0.0,0.0,0,0
d4b84f48460517bc0a6d4e0c38f6853c58081166,1804.01155,dense,5,0.23463936301137822,0.3333333333333333,0.3333333333333333,1.0,1.0,0.3333333333333333,1,1,0,0.3333333333333333,1.0,0.3333333333333333,0.25,0,1
d5c393df758dec6ea6827ae5b887eb6c303a4f4d,1612.05202,dense,5,0.43067655807339306,1.0,1.0,1.0,1.0,0.25,1,1,1,1.0,1.0,0.3333333333333333,0.3333333333333333,0,0
d622564b250cffbb9ebbe6636326b15ec3c622d9,1902.10246,dense,5,1.0,1.0,1.0,1.0,1.0,1.0,1,1,1,1.0,1.0,0.3333333333333333,0.3333333333333333,0,0
d64fa192a7e9918c6a22d819abad581af0644c7d,1802.08969,dense,5,0.1480409554829326,0.0,0.3333333333333333,0.0,1.0,0.125,0,0,0,0.0,0.0,0.0,0.0,0,0
d66550f65484696c1284903708b87809ea705786,1805.04833,dense,5,0.3391602052736161,0.2,0.2,1.0,1.0,1.0,1,0,0,0.2,0.2,0.2,0.2,1,0
d66c31f24f582c499309a435ec3c688dc3a41313,1907.00937,dense,5,0.5,1.0,1.0,1.0,1.0,0.3333333333333333,1,1,1,1.0,1.0,0.3333333333333333,0.3333333333333333,0,0
d68cc9aaf0466b97354600a5646c3be4512fc096,2004.03090,dense,5,0.0,0.0,0.0,0.0,0.0,0.0,0,0,0,0.0,0.0,0.0,0.0,0,0
d6a815d24c46557827d8aca65d3ffd008ac1bc07,1803.02914,dense,5,1.0,1.0,1.0,1.0,1.0,1.0,1,1,1,1.0,1.0,0.5714285714285714,0.5714285714285714,0,0
d6b0c71721ed24ef1d9bd31ed3a266b0c7fc9b57,1704.06960,dense,5,0.21840743681816419,0.0,0.5,0.0,1.0,0.16666666666666666,0,0,0,0.0,0.0,0.0,0.0,0,0
d7799d26fe39302c4aff5b530aa691e8653fffe8,1803.09000,dense,5,0.0,0.0,0.0,0.0,0.0,0.0,0,0,0,0.0,0.0,0.0,0.0,0,0
d8ae36ae1b4d3af5b59ebd24efe94796101c1c12,1802.02614,dense,5,1.0,1.0,1.0,1.0,1.0,1.0,1,1,1,1.0,1.0,0.3333333333333333,0.3333333333333333,0,0
d9354c0bb32ec037ff2aacfed58d57887a713163,1707.07212,dense,5,0.0,0.0,0.0,0.0,0.0,0.0,0,0,0,0.0,0.0,0.0,0.0,0,0
d976c22e9d068e4e31fb46e929023459f8290a63,1903.10548,dense,5,1.0,1.0,1.0,1.0,1.0,1.0,1,1,1,1.0,1.0,0.3333333333333333,0.3333333333333333,0,0
d97843afec733410d2c580b4ec98ebca5abf2631,1607.00167,dense,5,0.3333333333333333,0.0,1.0,0.0,1.0,0.14285714285714285,0,0,0,0.0,0.0,0.0,0.0,0,0
d98148f65d893101fa9e18aaf549058712485436,1709.04005,dense,5,0.0,0.0,0.0,0.0,0.0,0.0,0,0,0,0.0,0.0,0.0,0.0,0,0
d9949dd4865e79c53284932d868ca8fd10d55e70,2003.07459,dense,5,0.5706417189553201,1.0,1.0,1.0,1.0,0.3333333333333333,1,1,1,1.0,1.0,0.5714285714285714,0.5714285714285714,0,0
d9a45fea8539aac01dec01f29b7d04b44b9c2ca6,1909.01720,dense,5,0.0,0.0,0.0,0.0,0.0,0.0,0,0,0,0.0,0.0,0.0,0.0,0,0
d9e7633004ed1bc1ee45be58409bcc1fa6db59b2,1908.11049,dense,5,0.6105456988825855,0.3333333333333333,0.6666666666666666,1.0,1.0,1.0,1,1,0,0.3333333333333333,1.0,0.3333333333333333,0.25,0,1
da077b385d619305033785af5b204696d6145bd8,1911.02747,dense,5,0.6871475159848289,0.6666666666666666,1.0,1.0,1.0,0.5,1,1,0,0.6666666666666666,1.0,0.5714285714285714,0.5,0,1
da0a2195bbf6736119ff32493898d2aadffcbcb8,1605.05166,dense,5,0.7903864795495061,0.5,1.0,1.0,1.0,1.0,1,1,0,0.5,1.0,0.3333333333333333,0.2857142857142857,0,1
da21bcaa8e3a9eadc8a5194fd57ae797e93c3049,2004.01970,dense,5,1.0,1.0,1.0,1.0,1.0,1.0,1,1,1,1.0,1.0,0.3333333333333333,0.3333333333333333,0,0
dc473819b196c0ea922773e173a6b283fa778791,1605.05156,dense,5,1.0,1.0,1.0,1.0,1.0,1.0,1,1,1,1.0,1.0,0.3333333333333333,0.5714285714285714,0,0
dce27c49b9bf1919ca545e04663507d83bb42dbe,1808.10006,dense,5,0.14606834984270645,0.2,0.2,1.0,1.0,0.25,1,0,0,0.2,0.25,0.2222222222222222,0.2,1,0
dd81f58c782169886235c48b8f9a08e0954dd3ae,2003.12660,dense,5,0.3065735963827292,0.5,0.5,1.0,1.0,0.3333333333333333,1,1,0,0.5,1.0,0.3333333333333333,0.2857142857142857,0,1
de0154affd86c608c457bf83d888bbd1f879df93,1911.12722,dense,5,0.36926780146674987,0.3333333333333333,0.6666666666666666,1.0,1.0,0.25,1,1,0,0.3333333333333333,1.0,0.3333333333333333,0.25,0,1
de0d135b94ba3b3a4f4a0fb03df38a84f9dc9da4,1909.02322,dense,5,1.0,1.0,1.0,1.0,1.0,1.0,1,1,1,1.0,1.0,0.3333333333333333,0.3333333333333333,0,0
de313b5061fc22e8ffef1706445728de298eae31,1811.01183,dense,5,0.3065735963827292,0.5,0.5,1.0,1.0,0.3333333333333333,1,1,0,0.5,1.0,0.3333333333333333,0.2857142857142857,0,1
de344aeb089affebd15a8c370ae9ab5734e99203,1803.06745,dense,5,1.0,1.0,1.0,1.0,1.0,1.0,1,1,1,1.0,1.0,0.3333333333333333,0.3333333333333333,0,0
de580e43614ee38d2d9fc6263ff96e6ca2b54eb5,1911.01214,dense,5,0.0,0.0,0.0,0.0,0.0,0.0,0,0,0,0.0,0.0,0.0,0.0,0,0
de689a17b0b9fb6bbb80e9b85fb44b36b56de2fd,2003.07459,dense,5,0.6309297535714575,1.0,1.0,1.0,1.0,0.5,1,1,1,1.0,1.0,0.3333333333333333,0.3333333333333333,0,0
df01e98095ba8765d9ab0d40c9e8ef34b64d3700,2002.04815,dense,5,0.8175295903539445,0.5,1.0,1.0,1.0,1.0,1,1,0,0.5,1.0,0.3333333333333333,0.2857142857142857,0,1
df4895c6ae426006e75c511a304d56d37c42a1c7,1805.11850,dense,5,1.0,1.0,1.0,1.0,1.0,1.0,1,1,1,1.0,1.0,0.3333333333333333,0.3333333333333333,0,0
df623717255ea2c9e0f846859d8a9ef51dc1102b,1606.02892,dense,5,0.6309297535714575,1.0,1.0,1.0,1.0,0.5,1,1,1,1.0,1.0,0.3333333333333333,0.3333333333333333,0,0
dfaeb8faf04505a4178945c933ba217e472979d8,1708.01065,dense,5,0.18457569677956817,0.0,0.5,0.0,1.0,0.1111111111111111,0,0,0,0.0,0.0,0.0,0.0,0,0
dfdd309e56b71589b25412ba85b0a5d79a467ceb,1610.09722,dense,5,1.0,1.0,1.0,1.0,1.0,1.0,1,1,1,1.0,1.0,0.3333333333333333,0.3333333333333333,0,0
e0b54906184a4ad87d127bed22194e62de38222b,1910.01340,dense,5,0.0,0.0,0.0,0.0,0.0,0.0,0,0,0,0.0,0.0,0.0,0.0,0,0
e0b8a2649e384bbdb17472f8da2c3df4134b1e57,1707.07568,dense,5,0.5411036306763104,0.3333333333333333,0.6666666666666666,1.0,1.0,0.5,1,0,0,0.3333333333333333,0.5,0.4444444444444444,0.36363636363636365,1,0
e12166fa9d6f63c4e92252c95c6a7bc96977ebf4,1901.10619,dense,5,0.2890648263178879,0.0,1.0,0.0,1.0,0.1,0,0,0,0.0,0.0,0.0,0.0,0,0
e14e3e0944ec3290d1985e9a3da82a7df17575cd,1806.07042,dense,5,0.34337431936037655,0.3333333333333333,0.6666666666666666,1.0,1.0,0.25,1,0,0,0.3333333333333333,0.5,0.2857142857142857,0.25,1,0
e1ab241059ef1700738f885f051d724a7fcf283a,1707.09816,dense,5,0.38685280723454163,1.0,1.0,1.0,1.0,0.2,1,1,1,1.0,1.0,0.3333333333333333,0.3333333333333333,0,0
e381f1811774806be109f9b05896a2a3c5e1ef43,1710.11334,dense,5,0.38685280723454163,1.0,1.0,1.0,1.0,0.2,1,1,1,1.0,1.0,0.3333333333333333,0.3333333333333333,0,0
e3bafa432cd3e1225170ff04de2fdf1ede38c6ef,1805.11598,dense,5,0.3333333333333333,0.0,1.0,0.0,1.0,0.14285714285714285,0,0,0,0.0,0.0,0.0,0.0,0,0
e3c44964eb6ddc554901244eb6595f26a9bae47e,1910.07154,dense,5,0.31546487678572877,0.0,1.0,0.0,1.0,0.125,0,0,0,0.0,0.0,0.0,0.0,0,0
e459760879f662b2205cbdc0f5396dbfe41323ae,1908.09590,dense,5,0.38685280723454163,0.5,0.5,1.0,1.0,0.5,1,1,0,0.5,1.0,0.3333333333333333,0.2857142857142857,0,1
e462efb58c71f186cd6b315a2d861cbb7171f65b,1906.04236,dense,5,0.43067655807339306,1.0,1.0,1.0,1.0,0.25,1,1,1,1.0,1.0,0.3333333333333333,0.3333333333333333,0,0
e56c1f0e9eabda41f929d0dfd5cfa50edd69fa89,1909.06708,dense,5,1.0,1.0,1.0,1.0,1.0,1.0,1,1,1,1.0,1.0,0.3333333333333333,0.3333333333333333,0,0
e5b2eb6a49c163872054333f8670dd3f9563046a,2004.02334,dense,5,0.0,0.0,0.0,0.0,0.0,0.0,0,0,0,0.0,0.0,0.0,0.0,0,0
e5be900e70ea86c019efb06438ba200e11773a7c,1909.13466,dense,5,0.6601396023754075,0.4,0.6,1.0,1.0,1.0,1,0,0,0.4,0.4,0.4,0.4,1,0
e5f8d2fc1332e982a54ee4b4c1f7f55e900d0b86,1811.04791,dense,5,0.16812753627111746,0.25,0.25,1.0,1.0,0.25,1,0,0,0.25,0.5,0.2857142857142857,0.2222222222222222,1,0
e6204daf4efeb752fdbd5c26e179efcb8ddd2807,1601.03313,dense,5,1.0,1.0,1.0,1.0,1.0,1.0,1,1,1,1.0,1.0,0.3333333333333333,0.3333333333333333,0,0
e6bc11bd6cfd4b2138c29602b9b56fc5378a4293,1709.04491,dense,5,0.3562071871080222,0.0,1.0,0.0,1.0,0.16666666666666666,0,0,0,0.0,0.0,0.0,0.0,0,0
e6f5444b7c08d79d4349e35d5298a63bb30e7004,1708.07252,dense,5,0.41443699955334395,0.5,1.0,1.0,1.0,0.2,1,1,0,0.5,1.0,0.3333333333333333,0.2857142857142857,0,1
e797634fa77e490783b349034f9e095ee570b7a9,1804.05253,dense,5,0.448643819352159,0.5,1.0,1.0,1.0,0.25,1,0,0,0.5,0.5,0.2857142857142857,0.2857142857142857,1,0
e831ce6c406bf5d1c493162732e1b320abb71b6f,1908.07491,dense,5,0.4367467095119258,0.6666666666666666,0.6666666666666666,1.0,1.0,0.3333333333333333,1,1,0,0.6666666666666666,1.0,0.5714285714285714,0.5,0,1
e8c3f59313df20db0cdd49b84a37c44da849fe17,2003.07459,dense,5,1.0,1.0,1.0,1.0,1.0,1.0,1,1,1,1.0,1.0,0.5714285714285714,0.5714285714285714,0,0
e90425ac05a15dc145bbf3034e78b56e7cec36ac,1803.09000,dense,5,0.9447176050778178,0.75,1.0,1.0,1.0,1.0,1,0,0,0.75,0.75,0.6666666666666666,0.6666666666666666,1,0
e96b0d64c8d9fdd90235c499bf1ec562d2cbb8b2,1605.04278,dense,5,0.0,0.0,0.0,0.0,0.0,0.0,0,0,0,0.0,0.0,0.0,0.0,0,0
e9a0a69eacd554141f56b60ab2d1912cc33f526a,1803.06745,dense,5,1.0,1.0,1.0,1.0,1.0,1.0,1,1,1,1.0,1.0,0.3333333333333333,0.3333333333333333,0,0
ea6edf45f094586caf4684463287254d44b00e95,1907.12984,dense,5,0.11284514134893527,0.0,0.25,0.0,1.0,0.1,0,0,0,0.0,0.0,0.0,0.0,0,0
eaacee4246f003d29a108fe857b5dd317287ecf1,1911.12559,dense,5,0.3065735963827292,0.5,0.5,1.0,1.0,0.3333333333333333,1,1,0,0.5,1.0,0.3333333333333333,0.2857142857142857,0,1
eaae11ffd4ff955de2cd6389b888f5fd2c660a32,1910.14589,dense,5,0.5706417189553201,1.0,1.0,1.0,1.0,0.3333333333333333,1,1,1,1.0,1.0,0.3333333333333333,0.5714285714285714,0,0
ead7704a64447dccd504951618d3be463eba86bf,1807.03674,dense,5,1.0,1.0,1.0,1.0,1.0,1.0,1,1,1,1.0,1.0,0.3333333333333333,0.3333333333333333,0,0
eaed0b721cc3137b964f5265c7ecf76f565053e9,1806.03369,dense,5,0.38685280723454163,1.0,1.0,1.0,1.0,0.2,1,1,1,1.0,1.0,0.3333333333333333,0.3333333333333333,0,0
eafea4a24d103fdecf8f347c7d84daff6ef828a3,1611.01116,dense,5,0.20438239758848611,0.0,0.5,0.0,1.0,0.14285714285714285,0,0,0,0.0,0.0,0.0,0.0,0,0
eb653a5c59851eda313ece0bcd8c589b6155d73e,1908.02284,dense,5,0.6309297535714575,1.0,1.0,1.0,1.0,0.5,1,1,1,1.0,1.0,0.3333333333333333,0.3333333333333333,0,0
ebb4db9c24aa36db9954dd65ea079a798df80558,1908.09355,dense,5,0.2890648263178879,0.0,1.0,0.0,1.0,0.1,0,0,0,0.0,0.0,0.0,0.0,0,0
ebe1084a06abdabefffc66f029eeb0b69f114fd9,1810.02268,dense,5,0.3589542101716347,0.18181818181818182,0.18181818181818182,1.0,1.0,1.0,1,0,0,0.18181818181818182,0.3333333333333333,0.2857142857142857,0.25,1,0
ebe6b8ec141172f7fea66f0a896b3124276d4884,1911.11025,dense,5,0.0,0.0,0.0,0.0,0.0,0.0,0,0,0,0.0,0.0,0.0,0.0,0,0
ec2045e0da92989642a5b5f2b1130c8bd765bcc5,1901.03253,dense,5,1.0,1.0,1.0,1.0,1.0,1.0,1,1,1,1.0,1.0,0.3333333333333333,0.3333333333333333,0,0
ec39120fb879ae10452d3f244e1e32237047005a,2004.04060,dense,5,0.4632423659320675,0.3333333333333333,0.6666666666666666,1.0,1.0,0.5,1,0,0,0.3333333333333333,0.5,0.2857142857142857,0.25,1,0
ec54ae2f4811196fcaafa45e76130239e69995f9,1909.07158,dense,5,0.0,0.0,0.0,0.0,0.0,0.0,0,0,0,0.0,0.0,0.0,0.0,0,0
ec62df859ad901bf0848f0a8b91eedc78dba5657,1909.05190,dense,5,0.2640681225725909,0.5,0.5,1.0,1.0,0.25,1,1,0,0.5,1.0,0.3333333333333333,0.2857142857142857,0,1
ec70c7c560e08cff2820bad93f5216bc0a469f5a,1908.11664,dense,5,0.0,0.0,0.0,0.0,0.0,0.0,0,0,0,0.0,0.0,0.0,0.0,0,0
ec8f39d32084996ab825debd7113c71daac38b06,1606.07043,dense,5,0.48247555939075504,0.5,1.0,1.0,1.0,0.25,1,1,0,0.5,1.0,0.3333333333333333,0.2857142857142857,0,1
ecaa10a2d9927fa6ab6a954488f12aa6b42ddc1a,1909.04242,dense,5,0.6992148198508501,0.6,0.6,1.0,1.0,1.0,1,1,0,0.6,1.0,0.5714285714285714,0.6,0,1
ed15a593d64a5ba58f63c021ae9fd8f50051a667,2001.05540,dense,5,0.0,0.0,0.0,0.0,0.0,0.0,0,0,0,0.0,0.0,0.0,0.0,0,0
ed44f7e698d6124cb86791841d02fc6f8b4d862a,1908.11049,dense,5,0.6934264036172708,1.0,1.0,1.0,1.0,0.5,1,1,1,1.0,1.0,0.3333333333333333,0.5714285714285714,0,0
ed7ce13cd95f7664a5e4fc530dcf72dc3808dced,1712.02555,dense,5,0.6309297535714575,1.0,1.0,1.0,1.0,0.5,1,1,1,1.0,1.0,0.3333333333333333,0.3333333333333333,0,0
ee2c2fb01d67f4c58855bf23186cbd45cecbfa56,1606.07947,dense,5,0.5,1.0,1.0,1.0,1.0,0.3333333333333333,1,1,1,1.0,1.0,0.3333333333333333,0.3333333333333333,0,0
ef6304512652ba56bd13dbe282a5ce1d41a4f171,1909.03553,dense,5,0.296888095905284,0.25,0.375,1.0,1.0,0.25,1,1,0,0.25,1.0,0.3333333333333333,0.3076923076923077,0,1
eff9192e05d23e9a67d10be0c89a7ab2b873995b,1910.09387,dense,5,0.4911492931622974,0.5,1.0,1.0,1.0,0.3333333333333333,1,1,0,0.5,1.0,0.3333333333333333,0.2857142857142857,0,1
f0404673085517eea708c5e91f32fb0f7728fa08,1607.03895,dense,5,0.55744812840856,0.6666666666666666,1.0,1.0,1.0,0.3333333333333333,1,1,0,0.6666666666666666,1.0,0.3333333333333333,0.5,0,1
f0afc116809b70528226d37190e8e79e1e9cd11e,1906.05685,dense,5,0.23719771276929622,0.5,0.5,1.0,1.0,0.2,1,1,0,0.5,1.0,0.3333333333333333,0.2857142857142857,0,1
f11856814a57b86667179e1e275e4f99ff1bcad8,1707.06875,dense,5,0.0979129253499678,0.0,0.14285714285714285,0.0,1.0,0.16666666666666666,0,0,0,0.0,0.0,0.0,0.0,0,0
f15bc40960bd3f81bc791f43ab5c94c52378692d,1804.00982,dense,5,0.5912352048230277,0.5,1.0,1.0,1.0,0.5,1,1,0,0.5,1.0,0.3333333333333333,0.2857142857142857,0,1
f1a50f88898556ecdba8e9cac13ae54c11835945,1909.03553,dense,5,0.3562071871080222,0.0,1.0,0.0,1.0,0.16666666666666666,0,0,0,0.0,0.0,0.0,0.0,0,0
f1d61b44105e651925d02a51e6d7ea10ea28ebd8,1909.00437,dense,5,0.2836929289153804,0.0,0.6666666666666666,0.0,1.0,0.125,0,0,0,0.0,0.0,0.0,0.0,0,0
f1f7a040545c9501215d3391e267c7874f9a6004,1612.09535,dense,5,0.18457569677956817,0.0,0.5,0.0,1.0,0.1111111111111111,0,0,0,0.0,0.0,0.0,0.0,0,0
f264612db9096caf938bd8ee4085848143b34f81,1605.05166,dense,5,0.38685280723454163,1.0,1.0,1.0,1.0,0.2,1,1,1,1.0,1.0,0.3333333333333333,0.3333333333333333,0,0
f2b1e87f61c65aaa99bcf9825de11ae237260270,1909.00786,dense,5,0.23463936301137822,0.3333333333333333,0.3333333333333333,1.0,1.0,0.3333333333333333,1,0,0,0.3333333333333333,0.3333333333333333,0.25,0.25,1,0
f2b8a2ed5916d75cf568a931829a5a3cde2fc345,1801.05617,dense,5,0.5454716605423197,0.3333333333333333,0.6666666666666666,1.0,1.0,0.5,1,0,0,0.3333333333333333,0.3333333333333333,0.36363636363636365,0.36363636363636365,1,0
f2bcfdbebb418e7da165c19b8c7167719432ee48,1603.07252,dense,5,0.0,0.0,0.0,0.0,0.0,0.0,0,0,0,0.0,0.0,0.0,0.0,0,0
f381b0ef693243d67657f6c34bbce015f6b1fd07,1603.08868,dense,5,0.3562071871080222,0.0,1.0,0.0,1.0,0.16666666666666666,0,0,0,0.0,0.0,0.0,0.0,0,0
f3b4e52ba962a0004064132d123fd9b78d9e12e2,1907.12984,dense,5,0.5855700749881525,0.5,0.5,1.0,1.0,1.0,1,0,0,0.5,0.5,0.4444444444444444,0.4444444444444444,1,0
f3b851c9063192c86a3cc33b2328c02efa41b668,2003.08769,dense,5,0.19342640361727081,0.0,0.5,0.0,1.0,0.125,0,0,0,0.0,0.0,0.0,0.0,0,0
f40e23adc8245562c8677f0f86fa5175179b5422,1807.08089,dense,5,0.0,0.0,0.0,0.0,0.0,0.0,0,0,0,0.0,0.0,0.0,0.0,0,0
f4e16b185b506713ff99acc4dbd9ec3208e4997b,1602.07563,dense,5,0.2716774977597197,0.2,0.4,1.0,1.0,0.3333333333333333,1,0,0,0.2,0.2,0.2,0.2,1,0
f52c9744a371104eb2677c181a7004f7a77d9dd3,1912.00342,dense,5,0.0,0.0,0.0,0.0,0.0,0.0,0,0,0,0.0,0.0,0.0,0.0,0,0
f5513f9314b9d7b41518f98c6bc6d42b8555258d,1605.05166,dense,5,0.0,0.0,0.0,0.0,0.0,0.0,0,0,0,0.0,0.0,0.0,0.0,0,0
f5913e37039b9517a323ec700b712e898316161b,1711.03759,dense,5,0.0,0.0,0.0,0.0,0.0,0.0,0,0,0,0.0,0.0,0.0,0.0,0,0
f5bc07df5c61dcb589a848bd36f4ce9c22abd46a,1703.10090,dense,5,0.0,0.0,0.0,0.0,0.0,0.0,0,0,0,0.0,0.0,0.0,0.0,0,0
f61268905626c0b2a715282478a5e373adda516c,2003.07459,dense,5,0.6131471927654584,0.5,0.5,1.0,1.0,1.0,1,1,0,0.5,1.0,0.3333333333333333,0.2857142857142857,0,1
f637bba86cfb94ca8ac4b058faf839c257d5eaa0,1806.07042,dense,5,0.0,0.0,0.0,0.0,0.0,0.0,0,0,0,0.0,0.0,0.0,0.0,0,0
f64449a21c452bc5395a0f0a49fb49825e6385f4,1909.04387,dense,5,0.6131471927654584,0.5,0.5,1.0,1.0,1.0,1,1,0,0.5,1.0,0.3333333333333333,0.2857142857142857,0,1
f71b95001dce46ee35cdbd8d177676de19ca2611,1911.07620,dense,5,0.3065735963827292,0.5,0.5,1.0,1.0,0.3333333333333333,1,0,0,0.5,0.5,0.2857142857142857,0.2857142857142857,1,0
f741d32b92630328df30f674af16fbbefcad3f93,1805.09821,dense,5,0.18154179253735267,0.3333333333333333,0.3333333333333333,1.0,1.0,0.2,1,1,0,0.3333333333333333,1.0,0.3333333333333333,0.25,0,1
f7662b11e87c1e051e13799413f3db459ac3e19c,1911.10742,dense,5,0.4599715079731103,0.2,0.4,1.0,1.0,1.0,1,0,0,0.2,0.3333333333333333,0.25,0.2,1,0
f77d7cddef3e021d70e16b9e16cecfd4b8ee80d3,1606.07947,dense,5,0.38685280723454163,0.5,0.5,1.0,1.0,0.5,1,1,0,0.5,1.0,0.3333333333333333,0.2857142857142857,0,1
f7b91b99279833f9f489635eb8f77c6d13136098,1912.11980,dense,5,0.3065735963827292,0.5,0.5,1.0,1.0,0.3333333333333333,1,1,0,0.5,1.0,0.3333333333333333,0.2857142857142857,0,1
f7d61648ae4bd46c603a271185c3adfac5fc5114,1909.00369,dense,5,0.8772153153380493,1.0,1.0,1.0,1.0,1.0,1,1,1,1.0,1.0,0.5714285714285714,0.5714285714285714,0,0
f7ee48dd32c666ef83a4ae4aa06bcde85dd8ec4b,1804.07445,dense,5,0.0,0.0,0.0,0.0,0.0,0.0,0,0,0,0.0,0.0,0.0,0.0,0,0
f88f45ef563ea9e40c5767ab2eaa77f4700f95f8,2002.09616,dense,5,0.3562071871080222,0.0,1.0,0.0,1.0,0.16666666666666666,0,0,0,0.0,0.0,0.0,0.0,0,0
f8bba20d1781ce2b14fad28d6eff024e5a6c2c02,1709.06365,dense,5,0.5912352048230277,0.5,1.0,1.0,1.0,0.5,1,1,0,0.5,1.0,0.3333333333333333,0.2857142857142857,0,1
f8f64da7172e72e684f0e024a19411b43629ff55,1804.05306,dense,5,0.9197207891481876,1.0,1.0,1.0,1.0,1.0,1,1,1,1.0,1.0,0.5714285714285714,0.5714285714285714,0,0
f92c344e9b1a986754277fd0f08a47dc3e5f9feb,1803.08419,dense,5,0.553486104522623,0.5,0.75,1.0,1.0,0.5,1,0,0,0.5,0.5,0.4444444444444444,0.4444444444444444,1,0
f93bad406e004014618dd64f6c604b1a9ee6a371,1811.00127,dense,5,0.43067655807339306,1.0,1.0,1.0,1.0,0.25,1,1,1,1.0,1.0,0.3333333333333333,0.3333333333333333,0,0
f9ae1b31c1a60aacb9ef869e1cc6b0e70c6e5d8e,2002.04374,dense,5,0.0,0.0,0.0,0.0,0.0,0.0,0,0,0,0.0,0.0,0.0,0.0,0,0
fa5f5f58f6277a1e433f80c9a92a5629d6d9a271,2002.09616,dense,5,1.0,1.0,1.0,1.0,1.0,1.0,1,1,1,1.0,1.0,0.3333333333333333,0.3333333333333333,0,0
fa800a21469a70fa6490bfc67cabdcc8bf086fb5,1902.06734,dense,5,0.8175295903539445,0.5,1.0,1.0,1.0,1.0,1,0,0,0.5,0.5,0.2857142857142857,0.2857142857142857,1,0
fac273ecb3e72f2dc94cdbc797582d7225a8e070,1703.05320,dense,5,0.0,0.0,0.0,0.0,0.0,0.0,0,0,0,0.0,0.0,0.0,0.0,0,0
faffcc6ef27c1441e6528f924e320368430d8da3,1908.08917,dense,5,0.5375811193822125,0.5,0.75,1.0,1.0,0.5,1,1,0,0.5,1.0,0.3333333333333333,0.4444444444444444,0,1
fb06ed5cf9f04ff2039298af33384ca71ddbb461,1806.09652,dense,5,0.3562071871080222,0.0,1.0,0.0,1.0,0.16666666666666666,0,0,0,0.0,0.0,0.0,0.0,0,0
fcb0ac1934e2fd9f58f4b459e6853999a27844f9,2004.02214,dense,5,0.2890648263178879,0.0,1.0,0.0,1.0,0.1,0,0,0,0.0,0.0,0.0,0.0,0,0
fcdafaea5b1c9edee305b81f6865efc8b8dc50d3,1707.02892,dense,5,0.34337431936037655,0.3333333333333333,0.6666666666666666,1.0,1.0,0.25,1,0,0,0.3333333333333333,0.3333333333333333,0.25,0.25,1,0
fd651d19046966ca65d4bcf6f6ae9c66cdf13777,2002.10210,dense,5,1.0,1.0,1.0,1.0,1.0,1.0,1,1,1,1.0,1.0,0.3333333333333333,0.3333333333333333,0,0
fd8a8eb69f07c584a76633f8802c2746f7236d64,1911.03642,dense,5,0.5,1.0,1.0,1.0,1.0,0.3333333333333333,1,1,1,1.0,1.0,0.3333333333333333,0.3333333333333333,0,0
fda47c68fd5f7b44bd539f83ded5882b96c36dd7,1704.03279,dense,5,0.6309297535714575,1.0,1.0,1.0,1.0,0.5,1,1,1,1.0,1.0,0.3333333333333333,0.3333333333333333,0,0
fe1a74449847755cd7a46647cc9d384abfee789e,1901.03253,dense,5,1.0,1.0,1.0,1.0,1.0,1.0,1,1,1,1.0,1.0,0.3333333333333333,0.3333333333333333,0,0
fe52b093735bb456d7e699aa9a2b806d2b498ba0,1905.00840,dense,5,0.15101961822780524,0.25,0.25,1.0,1.0,0.2,1,0,0,0.25,0.5,0.2857142857142857,0.2222222222222222,1,0
fe6181ab0aecf5bc8c3def843f82e530347d918b,1911.09753,dense,5,0.5,1.0,1.0,1.0,1.0,0.3333333333333333,1,1,1,1.0,1.0,0.3333333333333333,0.3333333333333333,0,0
fea9b4d136156f23a88e5c7841874a467f2ba86d,1908.06259,dense,5,0.31546487678572877,0.0,1.0,0.0,1.0,0.125,0,0,0,0.0,0.0,0.0,0.0,0,0
fee498457774d9617068890ff29528e9fa05a2ac,2003.03728,dense,5,0.2640681225725909,0.5,0.5,1.0,1.0,0.25,1,1,0,0.5,1.0,0.3333333333333333,0.2857142857142857,0,1
fef5b65263c81299acc350a101dabaf5a8cb9c6e,1807.08089,dense,5,1.0,1.0,1.0,1.0,1.0,1.0,1,1,1,1.0,1.0,0.3333333333333333,0.3333333333333333,0,0
ff36168caf48161db7039e3bd4732cef31d4de99,1909.11706,dense,5,1.0,1.0,1.0,1.0,1.0,1.0,1,1,1,1.0,1.0,0.3333333333333333,0.3333333333333333,0,0
000549a217ea24432c0656598279dbb85378c113,1804.05253,lead,5,0.38685280723454163,1.0,1.0,1.0,1.0,0.2,1,1,1,1.0,1.0,0.3333333333333333,0.3333333333333333,0,0
00341a46a67d31d36e6dc54d5297626319584891,1604.02201,lead,5,0.3333333333333333,0.0,1.0,0.0,1.0,0.14285714285714285,0,0,0,0.0,0.0,0.0,0.0,0,0
00aea97f69290b496ed11eb45a201ad28d741460,1909.01860,lead,5,0.0,0.0,0.0,0.0,0.0,0.0,0,0,0,0.0,0.0,0.0,0.0,0,0
00c443f8d32d6baf7c7cea8f4ca9fa749532ccfd,1612.00866,lead,5,0.0,0.0,0.0,0.0,0.0,0.0,0,0,0,0.0,0.0,0.0,0.0,0,0
00db191facf903cef18fb1727d1cab638c277e0a,1906.05506,lead,5,0.0,0.0,0.0,0.0,0.0,0.0,0,0,0,0.0,0.0,0.0,0.0,0,0
00df1ff914956d4d23299d02fd44e4c985bb61fa,1903.10318,lead,5,0.0,0.0,0.0,0.0,0.0,0.0,0,0,0,0.0,0.0,0.0,0.0,0,0
00e4c9aa87411dfc5455fc92f10e5c9266e7b95e,1710.06923,lead,5,0.0,0.0,0.0,0.0,0.0,0.0,0,0,0,0.0,0.0,0.0,0.0,0,0
00f507053c47e55d7e72bebdbd8a75b3ca88cf85,1806.07042,lead,5,0.0,0.0,0.0,0.0,0.0,0.0,0,0,0,0.0,0.0,0.0,0.0,0,0
00ffe2c59a3ba18d6d2b353d6ab062a152c88526,1709.05453,lead,5,0.20438239758848611,0.0,0.5,0.0,1.0,0.14285714285714285,0,0,0,0.0,0.0,0.0,0.0,0,0
014a3aa07686ee18a86c977bf0701db082e8480b,1908.06493,lead,5,0.0,0.0,0.0,0.0,0.0,0.0,0,0,0,0.0,0.0,0.0,0.0,0,0
018b81f810a39b3f437a85573d24531efccd835f,1906.11085,lead,5,0.3706656904013186,0.0,1.0,0.0,1.0,0.125,0,0,0,0.0,0.0,0.0,0.0,0,0
01c8c3836467a4399cc37e86244b5bdc5dda2401,1804.09692,lead,5,0.0,0.0,0.0,0.0,0.0,0.0,0,0,0,0.0,0.0,0.0,0.0,0,0
028d0d9b7a71133e51a14a32cd09dea1e2f39f05,1804.01155,lead,5,0.0,0.0,0.0,0.0,0.0,0.0,0,0,0,0.0,0.0,0.0,0.0,0,0
02a5acb484bda77ef32a13f5d93d336472cf8cd4,1612.04118,lead,5,0.0,0.0,0.0,0.0,0.0,0.0,0,0,0,0.0,0.0,0.0,0.0,0,0
036c400424357457e42b22df477b7c3cdc2eefe9,1711.11118,lead,5,0.5,1.0,1.0,1.0,1.0,0.3333333333333333,1,1,1,1.0,1.0,0.3333333333333333,0.3333333333333333,0,0
042800c3336ed5f4826203616a39747c61382ba6,1709.05453,lead,5,0.18457569677956817,0.0,0.5,0.0,1.0,0.1111111111111111,0,0,0,0.0,0.0,0.0,0.0,0,0
04796aaa59eeb2176339c0651838670fd916074d,1906.11085,lead,5,0.0,0.0,0.0,0.0,0.0,0.0,0,0,0,0.0,0.0,0.0,0.0,0,0
051034cc94f2c02d3041575c53f969b3311c9ea1,1804.07445,lead,5,0.0,0.0,0.0,0.0,0.0,0.0,0,0,0,0.0,0.0,0.0,0.0,0,0
058b6e3fdbb607fa7dbfc688628b3e13e130c35a,1912.00239,lead,5,0.0,0.0,0.0,0.0,0.0,0.0,0,0,0,0.0,0.0,0.0,0.0,0,0
065623cc1d5f5b19ec1f84d286522fc2f805c6ce,1706.04206,lead,5,0.0,0.0,0.0,0.0,0.0,0.0,0,0,0,0.0,0.0,0.0,0.0,0,0
07104dd36a0e7fdd2c211ad710de9a605495b697,1908.05908,lead,5,0.11305340175787204,0.0,0.2,0.0,1.0,0.14285714285714285,0,0,0,0.0,0.0,0.0,0.0,0,0
075d6ab5dd132666e85d0b6ad238118271dfc147,1909.00786,lead,5,0.43067655807339306,1.0,1.0,1.0,1.0,0.25,1,1,1,1.0,1.0,0.3333333333333333,0.3333333333333333,0,0
0778cbbd093f8b779f7cf26302b2a8e081ccfb40,1703.10152,lead,5,1.0,1.0,1.0,1.0,1.0,1.0,1,1,1,1.0,1.0,0.3333333333333333,0.3333333333333333,0,0
079e654c97508c521c07ab4d24cdaaede5602c61,1605.05156,lead,5,0.3562071871080222,0.0,1.0,0.0,1.0,0.16666666666666666,0,0,0,0.0,0.0,0.0,0.0,0,0
07a214748a69b31400585aef7aba6af3e3d9cce2,1612.05202,lead,5,0.38685280723454163,1.0,1.0,1.0,1.0,0.2,1,1,1,1.0,1.0,0.3333333333333333,0.3333333333333333,0,0
07d98dfa88944abd12acd45e98fb7d3719986aeb,1909.07873,lead,5,0.1736666713479918,0.07142857142857142,0.14285714285714285,1.0,1.0,0.3333333333333333,1,0,0,0.07142857142857142,0.07692307692307693,0.1111111111111111,0.10526315789473684,1,0
08561f6ba578ce8f8d284abf90f5b24eb1f804d3,1901.03253,lead,5,0.17723928678404774,0.0,0.5,0.0,1.0,0.1,0,0,0,0.0,0.0,0.0,0.0,0,0
088d42ecb1e15515f6a97a0da2fed81b61d61a23,1909.00437,lead,5,0.0,0.0,0.0,0.0,0.0,0.0,0,0,0,0.0,0.0,0.0,0.0,0,0
08b77c52676167af72581079adf1ca2b994ce251,2002.10210,lead,5,0.0,0.0,0.0,0.0,0.0,0.0,0,0,0,0.0,0.0,0.0,0.0,0,0
08c0d4db14773cbed8a63e69381a2265e85f8765,1901.05389,lead,5,0.0,0.0,0.0,0.0,0.0,0.0,0,0,0,0.0,0.0,0.0,0.0,0,0
0a5fd0e5f4ab12be57be20416a5ea7c3db5fb662,1912.10162,lead,5,0.0,0.0,0.0,0.0,0.0,0.0,0,0,0,0.0,0.0,0.0,0.0,0,0
0a70af6ba334dfd3574991b1dd06f54fc6a700f2,1910.01160,lead,5,0.0,0.0,0.0,0.0,0.0,0.0,0,0,0,0.0,0.0,0.0,0.0,0,0
0abc2499195185c94837e0340d00cd3b83ee795e,1909.13184,lead,5,0.5670778462264136,0.2222222222222222,0.7777777777777778,1.0,1.0,0.25,1,1,0,0.2222222222222222,1.0,0.3333333333333333,0.2857142857142857,0,1
0ac6fbd81e2dd95b800283dc7e59ce969d45fc02,1708.05521,lead,5,0.3010299956639812,0.0,1.0,0.0,1.0,0.1111111111111111,0,0,0,0.0,0.0,0.0,0.0,0,0
0aca0a208a1e28857fab44e397dc7880e010dbca,2003.12139,lead,5,0.0,0.0,0.0,0.0,0.0,0.0,0,0,0,0.0,0.0,0.0,0.0,0,0
0b10cfa61595b21bf3ff13b4df0fe1c17bbbf4e9,1908.07721,lead,5,0.20438239758848611,0.0,0.5,0.0,1.0,0.14285714285714285,0,0,0,0.0,0.0,0.0,0.0,0,0
0b1cc6c0de286eb724b1fd18dbc93e67ab89a236,1908.11664,lead,5,0.20210734650054757,0.3333333333333333,0.3333333333333333,1.0,1.0,0.25,1,1,0,0.3333333333333333,1.0,0.3333333333333333,0.25,0,1
0b5a7ccf09810ff5a86162d502697d16b3536249,1911.03353,lead,5,0.29007579773858083,0.25,0.5,1.0,1.0,0.2,1,0,0,0.25,0.5,0.2857142857142857,0.2222222222222222,1,0
0b5bf00d2788c534c4c6c007b72290c48be21e16,1806.07042,lead,5,0.0,0.0,0.0,0.0,0.0,0.0,0,0,0,0.0,0.0,0.0,0.0,0,0
0b5c599195973c563c4b1a0fe5d8fc77204d71a0,1811.01183,lead,5,0.0,0.0,0.0,0.0,0.0,0.0,0,0,0,0.0,0.0,0.0,0.0,0,0
0bc305d6b90f77f835bc4c904b22a4be07f963b2,1606.02601,lead,5,0.0,0.0,0.0,0.0,0.0,0.0,0,0,0,0.0,0.0,0.0,0.0,0,0
0bd3bea892c34a3820e98c4a42cdeda03753146b,1805.04558,lead,5,0.0,0.0,0.0,0.0,0.0,0.0,0,0,0,0.0,0.0,0.0,0.0,0,0
0bde3ecfdd7c4a9af23f53da2cda6cd7a8398220,1804.07445,lead,5,0.0,0.0,0.0,0.0,0.0,0.0,0,0,0,0.0,0.0,0.0,0.0,0,0
0c4e419fe57bf01d58a44f3e263777c22cdd90dc,1911.06815,lead,5,0.43067655807339306,1.0,1.0,1.0,1.0,0.25,1,1,1,1.0,1.0,0.3333333333333333,0.3333333333333333,0,0
0d3193d17c0a4edc8fa9854f279c2a1b878e8b29,2002.00175,lead,5,0.0,0.0,0.0,0.0,0.0,0.0,0,0,0,0.0,0.0,0.0,0.0,0,0
0d9241e904bd2bbf5b9a6ed7b5fc929651d3e28e,1910.13793,lead,5,0.0,0.0,0.0,0.0,0.0,0.0,0,0,0,0.0,0.0,0.0,0.0,0,0
0dbb5309d2be97f6eda29d7ae220aa16cafbabb7,1610.00479,lead,5,0.0,0.0,0.0,0.0,0.0,0.0,0,0,0,0.0,0.0,0.0,0.0,0,0
0dc9050c832a6091bc9db3f7fa7be72139f51177,1902.08830,lead,5,0.0,0.0,0.0,0.0,0.0,0.0,0,0,0,0.0,0.0,0.0,0.0,0,0
0dfe43985dea45d93ae2504cccca15ae1e207ccf,2002.00175,lead,5,0.3065735963827292,0.5,0.5,1.0,1.0,0.3333333333333333,1,0,0,0.5,0.5,0.2857142857142857,0.2857142857142857,1,0
0ef114d24a7a32821967e912dff23c016c4eab41,1901.09501,lead,5,0.0,0.0,0.0,0.0,0.0,0.0,0,0,0,0.0,0.0,0.0,0.0,0,0
0f1f81b6d4aa0da38b4cc8b060926e7df61bb646,1909.05190,lead,5,0.0,0.0,0.0,0.0,0.0,0.0,0,0,0,0.0,0.0,0.0,0.0,0,0
0f9c1586f1b4b531fa4fd113e767d06af90b1ae8,1603.07252,lead,5,0.0,0.0,0.0,0.0,0.0,0.0,0,0,0,0.0,0.0,0.0,0.0,0,0
0fe49431db5ffaa24372919daf24d8f84117bfda,1603.07252,lead,5,0.2741708125981702,0.25,0.5,1.0,1.0,0.2,1,0,0,0.25,0.5,0.2857142857142857,0.2222222222222222,1,0
0fee37ebe0a010cf8bd665fa566306d8e7d12631,1709.06365,lead,5,0.0,0.0,0.0,0.0,0.0,0.0,0,0,0,0.0,0.0,0.0,0.0,0,0
1002bd01372eba0f3078fb4a951505278ed45f2e,1906.01076,lead,5,0.0,0.0,0.0,0.0,0.0,0.0,0,0,0,0.0,0.0,0.0,0.0,0,0
10edfb9428b8a4652274c13962917662fdf84f8a,1911.07620,lead,5,0.0,0.0,0.0,0.0,0.0,0.0,0,0,0,0.0,0.0,0.0,0.0,0,0
1100e442e00c9914538a32aca7af994ce42e1b66,1911.03854,lead,5,0.0,0.0,0.0,0.0,0.0,0.0,0,0,0,0.0,0.0,0.0,0.0,0,0
1128a600a813116cba9a2cf99d8568ae340f327a,1802.08969,lead,5,0.0,0.0,0.0,0.0,0.0,0.0,0,0,0,0.0,0.0,0.0,0.0,0,0
11679d1feba747c64bbbc62939a20fbb69ada0f3,1902.06734,lead,5,0.0,0.0,0.0,0.0,0.0,0.0,0,0,0,0.0,0.0,0.0,0.0,0,0
119c404da6e42d4879eee10edeab4b2851162659,1910.10762,lead,5,0.18154179253735267,0.3333333333333333,0.3333333333333333,1.0,1.0,0.2,1,0,0,0.3333333333333333,0.5,0.2857142857142857,0.25,1,0
11a3af3f056e0fb5559fe5cbff1640e022732735,1612.05202,lead,5,0.0,0.0,0.0,0.0,0.0,0.0,0,0,0,0.0,0.0,0.0,0.0,0,0
11a8531699952f5a2286a4311f0fe80ed1befa1e,1905.07562,lead,5,0.19342640361727081,0.0,0.5,0.0,1.0,0.125,0,0,0,0.0,0.0,0.0,0.0,0,0
11c4071d9d7efeede84f47892b1fa0c6a93667eb,2004.02334,lead,5,0.0,0.0,0.0,0.0,0.0,0.0,0,0,0,0.0,0.0,0.0,0.0,0,0
11ef46187a5bf15e89d63220fdeaecbeb92d818e,1610.06510,lead,5,0.0,0.0,0.0,0.0,0.0,0.0,0,0,0,0.0,0.0,0.0,0.0,0,0
11f9c207476af75a9272105e646df02594059c3f,1603.09381,lead,5,0.0,0.0,0.0,0.0,0.0,0.0,0,0,0,0.0,0.0,0.0,0.0,0,0
12dc04e0ec1d3ba5ec543069fe457dfa4a1cac07,1910.13793,lead,5,0.0,0.0,0.0,0.0,0.0,0.0,0,0,0,0.0,0.0,0.0,0.0,0,0
130d73400698e2b3c6860b07f2e957e3ff022d48,1909.00871,lead,5,0.0,0.0,0.0,0.0,0.0,0.0,0,0,0,0.0,0.0,0.0,0.0,0,0
138ad61b43c85d5db166ea9bd3d3b19bb2e2bbfb,1909.13184,lead,5,0.23719771276929622,0.5,0.5,1.0,1.0,0.2,1,1,0,0.5,1.0,0.3333333333333333,0.2857142857142857,0,1
141f23e87c10c2d54d559881e641c983e3ec8ef3,1911.09241,lead,5,0.0,0.0,0.0,0.0,0.0,0.0,0,0,0,0.0,0.0,0.0,0.0,0,0
14fdc8087f2a62baea9d50c4aa3a3f8310b38d17,1909.12208,lead,5,0.0,0.0,0.0,0.0,0.0,0.0,0,0,0,0.0,0.0,0.0,0.0,0,0
157284acedf13377cbc6d58c8f3648d3a62f5db5,1905.05644,lead,5,0.0,0.0,0.0,0.0,0.0,0.0,0,0,0,0.0,0.0,0.0,0.0,0,0
157de5175259d6f25db703efb299f948dae597b7,1708.07690,lead,5,0.448643819352159,0.5,1.0,1.0,1.0,0.25,1,1,0,0.5,1.0,0.3333333333333333,0.2857142857142857,0,1
15aeda407ae3912419fd89211cdb98989d9cde58,1908.08788,lead,5,0.0,0.0,0.0,0.0,0.0,0.0,0,0,0,0.0,0.0,0.0,0.0,0,0
16a10c1681dc5a399b6d34b4eed7bb1fef816dd0,1910.02001,lead,5,0.0,0.0,0.0,0.0,0.0,0.0,0,0,0,0.0,0.0,0.0,0.0,0,0
16cc37e4f8e2db99eaf89337a3d9ada431170d5b,1907.08540,lead,5,0.3333333333333333,0.0,1.0,0.0,1.0,0.14285714285714285,0,0,0,0.0,0.0,0.0,0.0,0,0
16edc21a6abc89ee2280dccf1c867c2ac4552524,1809.03695,lead,5,0.4457341703503471,0.0,1.0,0.0,1.0,0.14285714285714285,0,0,0,0.0,0.0,0.0,0.0,0,0
1702985a3528e876bb19b8e223399729d778b4e4,2003.12450,lead,5,0.38685280723454163,1.0,1.0,1.0,1.0,0.2,1,1,1,1.0,1.0,0.3333333333333333,0.3333333333333333,0,0
175cddfd0bcd77b7327b62f99e57d8ea93f8d8ba,1906.05685,lead,5,0.0,0.0,0.0,0.0,0.0,0.0,0,0,0,0.0,0.0,0.0,0.0,0,0
17fd6deb9e10707f9d1b70165dedb045e1889aac,1908.11053,lead,5,0.0,0.0,0.0,0.0,0.0,0.0,0,0,0,0.0,0.0,0.0,0.0,0,0
180c7bea8caf05ca97d9962b90eb454be4176425,1910.01160,lead,5,0.0,0.0,0.0,0.0,0.0,0.0,0,0,0,0.0,0.0,0.0,0.0,0,0
182eb91090017a7c8ea38a88b219b641842664e4,1901.09501,lead,5,0.0,0.0,0.0,0.0,0.0,0.0,0,0,0,0.0,0.0,0.0,0.0,0,0
183b385fb59ff1e3f658d4555a08b67c005a8734,1809.03391,lead,5,0.5109559939712153,0.5,1.0,1.0,1.0,0.3333333333333333,1,1,0,0.5,1.0,0.3333333333333333,0.2857142857142857,0,1
19ebfba9aa5a9596b09a0cfb084ff8ebf24a3b91,1602.03483,lead,5,0.3065735963827292,0.5,0.5,1.0,1.0,0.3333333333333333,1,1,0,0.5,1.0,0.3333333333333333,0.2857142857142857,0,1
1a2b69dfa81dfeadd67b133229476086f2cc74a8,1712.00733,lead,5,0.0,0.0,0.0,0.0,0.0,0.0,0,0,0,0.0,0.0,0.0,0.0,0,0
1a419468d255d40ae82ed7777618072a48f0091b,1704.06851,lead,5,0.23463936301137822,0.3333333333333333,0.3333333333333333,1.0,1.0,0.3333333333333333,1,0,0,0.3333333333333333,0.5,0.2857142857142857,0.25,1,0
1a6156189297b2fe17f174ef55cbd20341bb7dbf,1611.06322,lead,5,0.0,0.0,0.0,0.0,0.0,0.0,0,0,0,0.0,0.0,0.0,0.0,0,0
1acf06105f6c1930f869347ef88160f55cbf382b,1909.00871,lead,5,0.0,0.0,0.0,0.0,0.0,0.0,0,0,0,0.0,0.0,0.0,0.0,0,0
1c182b4805b336bd6e1a3f43dc84b07db3908d4a,1910.12203,lead,5,0.5098501619682683,0.0,1.0,0.0,1.0,0.16666666666666666,0,0,0,0.0,0.0,0.0,0.0,0,0
1ce6c09cf886df41a3d3c52ce82f370c5a30334a,1905.01347,lead,5,0.0,0.0,0.0,0.0,0.0,0.0,0,0,0,0.0,0.0,0.0,0.0,0,0
1d047286ac63e5dca1ab811172b89d7d125679e5,1910.03943,lead,5,0.0,0.0,0.0,0.0,0.0,0.0,0,0,0,0.0,0.0,0.0,0.0,0,0
1d10e069b4304fabfbed69acf409f0a311bdc441,1806.09652,lead,5,0.0,0.0,0.0,0.0,0.0,0.0,0,0,0,0.0,0.0,0.0,0.0,0,0
1d263356692ed8cdee2a13f103a82d98f43d66eb,2003.11528,lead,5,0.0,0.0,0.0,0.0,0.0,0.0,0,0,0,0.0,0.0,0.0,0.0,0,0
1d6d21043b9fd0ed3ccccdc6317dcf5a1347ef03,1802.09059,lead,5,0.38685280723454163,0.5,0.5,1.0,1.0,0.5,1,1,0,0.5,1.0,0.3333333333333333,0.2857142857142857,0,1
1d7b99646a1bc05beec633d7a3beb083ad1e8734,1803.02155,lead,5,0.0,0.0,0.0,0.0,0.0,0.0,0,0,0,0.0,0.0,0.0,0.0,0,0
1d9d7c96c5e826ac06741eb40e89fca6b4b022bd,1603.00957,lead,5,0.5400753810454857,0.6666666666666666,1.0,1.0,1.0,0.25,1,1,0,0.6666666666666666,1.0,0.5714285714285714,0.5,0,1
1dc5bf9dca7de2ba21db10e9056d3906267ef5d5,1912.07940,lead,5,0.46845052016107697,0.5,1.0,1.0,1.0,0.25,1,1,0,0.5,1.0,0.3333333333333333,0.2857142857142857,0,1
1dcfcfa46dbcffc2fc7be92dd57df9620258097b,1908.11046,lead,5,0.0,0.0,0.0,0.0,0.0,0.0,0,0,0,0.0,0.0,0.0,0.0,0,0
1e11e74481ead4b7635922bbe0de041dc2dde28d,1610.03807,lead,5,0.0,0.0,0.0,0.0,0.0,0.0,0,0,0,0.0,0.0,0.0,0.0,0,0
1e7e3f0f760cd628f698b73d82c0f946707855ca,1710.07695,lead,5,0.0,0.0,0.0,0.0,0.0,0.0,0,0,0,0.0,0.0,0.0,0.0,0,0
1ec0be667a6594eb2e07c50258b120e693e040a8,1805.11598,lead,5,0.3535124404757274,0.0,0.75,0.0,1.0,0.125,0,0,0,0.0,0.0,0.0,0.0,0,0
1ecbbb60dc44a701e9c57c22167dd412711bb0be,1812.00382,lead,5,0.37800210039683896,0.0,1.0,0.0,1.0,0.125,0,0,0,0.0,0.0,0.0,0.0,0,0
1f011fa772ce802e74eda89f706cdb1aa2833686,1910.01340,lead,5,0.0,0.0,0.0,0.0,0.0,0.0,0,0,0,0.0,0.0,0.0,0.0,0,0
1f053f338df6d238cb163af1a0b1b073e749ed8a,1806.09652,lead,5,0.0,0.0,0.0,0.0,0.0,0.0,0,0,0,0.0,0.0,0.0,0.0,0,0
1f8044487af39244d723582b8a68f94750eed2cc,1910.01340,lead,5,0.46927872602275644,0.3333333333333333,0.3333333333333333,1.0,1.0,1.0,1,0,0,0.3333333333333333,0.3333333333333333,0.25,0.25,1,0
1faccdc78bbd99320c160ac386012720a0552119,1908.11053,lead,5,0.6131471927654584,0.5,0.5,1.0,1.0,1.0,1,0,0,0.5,0.5,0.2857142857142857,0.2857142857142857,1,0
1fcd25e9a63a53451cac9ad2b8a1b529aff44a97,1910.01992,lead,5,0.0,0.0,0.0,0.0,0.0,0.0,0,0,0,0.0,0.0,0.0,0.0,0,0
1fd31fdfff93d65f36e93f6919f6976f5f172197,1709.05295,lead,5,0.4911492931622974,0.5,1.0,1.0,1.0,0.3333333333333333,1,1,0,0.5,1.0,0.3333333333333333,0.2857142857142857,0,1
200c37060d037dee33f3b7c8b1a2aaa58376566e,1903.04329,lead,5,0.0,0.0,0.0,0.0,0.0,0.0,0,0,0,0.0,0.0,0.0,0.0,0,0
20632fc4d2b693b5aabfbbc99ee5c1e9fc485dea,1912.02866,lead,5,0.1482972305701491,0.1111111111111111,0.1111111111111111,1.0,1.0,0.5,1,1,0,0.1111111111111111,1.0,0.3333333333333333,0.14285714285714285,0,1
21c89ee0281f093b209533453196306b9699b552,1706.00188,lead,5,0.5249810332008933,0.5,1.0,1.0,1.0,0.3333333333333333,1,1,0,0.5,1.0,0.3333333333333333,0.2857142857142857,0,1
21f6cb3819c85312364dd17dd4091df946591ef0,1704.08390,lead,5,0.0,0.0,0.0,0.0,0.0,0.0,0,0,0,0.0,0.0,0.0,0.0,0,0
22225ba18a6efe74b1315cc08405011d5431498e,1705.00571,lead,5,0.5654495432396527,0.75,0.75,1.0,1.0,0.5,1,1,0,0.75,1.0,0.75,0.6666666666666666,0,1
22488c8628b6db5fd708b6471c31a8eac31f66df,1906.01749,lead,5,0.44130740935663865,0.5,1.0,1.0,1.0,0.25,1,1,0,0.5,1.0,0.3333333333333333,0.2857142857142857,0,1
2280ed1e2b3e99921e2bca21231af43b58ca04f0,1911.09247,lead,5,0.0,0.0,0.0,0.0,0.0,0.0,0,0,0,0.0,0.0,0.0,0.0,0,0
22c125c461f565f5437dac74bf19c2ef317bad86,1703.04009,lead,5,0.3333333333333333,0.0,1.0,0.0,1.0,0.14285714285714285,0,0,0,0.0,0.0,0.0,0.0,0,0
2301424672cb79297cf7ad95f23b58515e4acce8,1911.05652,lead,5,0.38685280723454163,0.5,0.5,1.0,1.0,0.5,1,1,0,0.5,1.0,0.3333333333333333,0.2857142857142857,0,1
230f127e83ac62dd65fccf6b1a4960cf0f7316c7,2004.02401,lead,5,0.0,0.0,0.0,0.0,0.0,0.0,0,0,0,0.0,0.0,0.0,0.0,0,0
230ff86b7b90b87c33c53014bb1e9c582dfc107f,1805.11937,lead,5,0.16716045496620227,0.0,0.3333333333333333,0.0,1.0,0.16666666666666666,0,0,0,0.0,0.0,0.0,0.0,0,0
23252644c04a043f630a855b563666dd57179d98,2002.00175,lead,5,0.0,0.0,0.0,0.0,0.0,0.0,0,0,0,0.0,0.0,0.0,0.0,0,0
235c7c7ca719068136928b18e19f9661e0f72806,2004.01820,lead,5,0.0,0.0,0.0,0.0,0.0,0.0,0,0,0,0.0,0.0,0.0,0.0,0,0
23cbf6ab365c1eb760b565d8ba51fb3f06257d62,1910.02677,lead,5,0.2685529228900211,0.14285714285714285,0.21428571428571427,1.0,1.0,0.3333333333333333,1,0,0,0.14285714285714285,0.15384615384615385,0.2222222222222222,0.21052631578947367,1,0
23fe8431058f2a7b7588745766fc715f271aad07,2004.02334,lead,5,0.0,0.0,0.0,0.0,0.0,0.0,0,0,0,0.0,0.0,0.0,0.0,0,0
243cf21c4e34c4b91fcc4905aa4dc15a72087f0c,1903.02930,lead,5,0.0,0.0,0.0,0.0,0.0,0.0,0,0,0,0.0,0.0,0.0,0.0,0,0
246e924017c48fa1f069361c44133fdf4f0386e1,1909.01720,lead,5,0.0,0.0,0.0,0.0,0.0,0.0,0,0,0,0.0,0.0,0.0,0.0,0,0
252599e53f52b3375b26d4e8e8b66322a42d2563,1709.06365,lead,5,0.0,0.0,0.0,0.0,0.0,0.0,0,0,0,0.0,0.0,0.0,0.0,0,0
25a8d432bf94af1662837877bc6c284e2fc3fbe2,1908.10001,lead,5,0.0,0.0,0.0,0.0,0.0,0.0,0,0,0,0.0,0.0,0.0,0.0,0,0
25e6ba07285155266c3154d3e2ca1ae05c2f7f2d,2004.03090,lead,5,0.0,0.0,0.0,0.0,0.0,0.0,0,0,0,0.0,0.0,0.0,0.0,0,0
26844cec57df6ff0f02245ea862af316b89edffe,1808.10290,lead,5,0.0,0.0,0.0,0.0,0.0,0.0,0,0,0,0.0,0.0,0.0,0.0,0,0
2686e8d51caff9a19684e0c9984bcb5a1937d08d,1606.02892,lead,5,0.0,0.0,0.0,0.0,0.0,0.0,0,0,0,0.0,0.0,0.0,0.0,0,0
26e32f24fe0c31ef25de78935daa479534b9dd58,1911.01940,lead,5,0.0,0.0,0.0,0.0,0.0,0.0,0,0,0,0.0,0.0,0.0,0.0,0,0
26eceba0e6e4c0b6dfa94e5708dd74b63f701731,1712.02555,lead,5,0.3562071871080222,0.0,1.0,0.0,1.0,0.16666666666666666,0,0,0,0.0,0.0,0.0,0.0,0,0
2711ae6dd532d136295c95253dbf202e37ecd3e7,1909.06708,lead,5,0.0,0.0,0.0,0.0,0.0,0.0,0,0,0,0.0,0.0,0.0,0.0,0,0
2749fb1725a2c4bdba5848e2fc424a43e7c4be51,2004.04498,lead,5,0.18154179253735267,0.3333333333333333,0.3333333333333333,1.0,1.0,0.2,1,1,0,0.3333333333333333,1.0,0.3333333333333333,0.25,0,1
27d7a30e42921e77cfffafac5cb0d16ce5a7df99,1707.02892,lead,5,0.0,0.0,0.0,0.0,0.0,0.0,0,0,0,0.0,0.0,0.0,0.0,0,0
2834a340116026d5995e537d474a47d6a74c3745,1705.01306,lead,5,0.0,0.0,0.0,0.0,0.0,0.0,0,0,0,0.0,0.0,0.0,0.0,0,0
283d358606341c399e369f2ba7952cd955326f73,1611.02378,lead,5,0.0,0.0,0.0,0.0,0.0,0.0,0,0,0,0.0,0.0,0.0,0.0,0,0
28847b20ca63dc56f2545e6f6ec3082d9dbe1b3f,2003.12660,lead,5,0.0,0.0,0.0,0.0,0.0,0.0,0,0,0,0.0,0.0,0.0,0.0,0,0
2895a3fc63f6f403445c11043460584e949fb16c,1710.07695,lead,5,0.0,0.0,0.0,0.0,0.0,0.0,0,0,0,0.0,0.0,0.0,0.0,0,0
28a8a1542b45f67674a2f1d54fff7a1e45bfad66,2002.04326,lead,5,0.0,0.0,0.0,0.0,0.0,0.0,0,0,0,0.0,0.0,0.0,0.0,0,0
2929e92f9b4939297b4d0f799d464d46e8d52063,1908.11046,lead,5,0.0,0.0,0.0,0.0,0.0,0.0,0,0,0,0.0,0.0,0.0,0.0,0,0
2974237446d04da33b78ce6d22a477cdf80877b7,1611.06322,lead,5,0.46927872602275644,0.3333333333333333,0.3333333333333333,1.0,1.0,1.0,1,1,0,0.3333333333333333,1.0,0.3333333333333333,0.25,0,1
29794bda61665a1fbe736111e107fd181eacba1b,1911.01214,lead,5,0.15642624200758548,0.0,0.3333333333333333,0.0,1.0,0.14285714285714285,0,0,0,0.0,0.0,0.0,0.0,0,0
2a120f358f50c377b5b63fb32633223fa4ee2149,1803.05160,lead,5,0.5706417189553201,1.0,1.0,1.0,1.0,0.3333333333333333,1,1,1,1.0,1.0,0.3333333333333333,0.5714285714285714,0,0
2a9c7243744b42f1e9fed9ff2ab17c6f156b1ba4,1804.05306,lead,5,0.0,0.0,0.0,0.0,0.0,0.0,0,0,0,0.0,0.0,0.0,0.0,0,0
2abcff4fdedf9b17f76875cc338ba4ab8d1eccd3,2003.11687,lead,5,1.0,1.0,1.0,1.0,1.0,1.0,1,1,1,1.0,1.0,0.3333333333333333,0.3333333333333333,0,0
2abf916bc03222d3b2a3d66851d87921ff35c0d2,1803.06745,lead,5,0.18457569677956817,0.0,0.5,0.0,1.0,0.1111111111111111,0,0,0,0.0,0.0,0.0,0.0,0,0
2ae66798333b905172e2c0954e9808662ab7f221,1903.00384,lead,5,0.13565197343244778,0.0,0.3333333333333333,0.0,1.0,0.1,0,0,0,0.0,0.0,0.0,0.0,0,0
2aeabec8a734a6e8ca9e7a308dd8c9a1011b3d6e,1801.05617,lead,5,0.0,0.0,0.0,0.0,0.0,0.0,0,0,0,0.0,0.0,0.0,0.0,0,0
2b32cf05c5e736f764ceecc08477e20ab9f2f5d7,1908.06493,lead,5,0.0,0.0,0.0,0.0,0.0,0.0,0,0,0,0.0,0.0,0.0,0.0,0,0
2ba2ff6c21a16bd295b07af1ef635b3b4c5bd17e,1912.04979,lead,5,0.0,0.0,0.0,0.0,0.0,0.0,0,0,0,0.0,0.0,0.0,0.0,0,0
2bd702174e915d97884d1571539fb1b5b0b7123a,1802.02614,lead,5,0.0,0.0,0.0,0.0,0.0,0.0,0,0,0,0.0,0.0,0.0,0.0,0,0
2c60628d54f2492e0cbf0fb8bacd8e54117f0c18,1902.10246,lead,5,0.0,0.0,0.0,0.0,0.0,0.0,0,0,0,0.0,0.0,0.0,0.0,0,0
2ca3ca39d59f448e30be6798514709be7e3c62d8,1603.01547,lead,5,0.0,0.0,0.0,0.0,0.0,0.0,0,0,0,0.0,0.0,0.0,0.0,0,0
2cb20bae085b67e357ab1e18ebafeac4bbde5b4a,1901.05389,lead,5,0.0,0.0,0.0,0.0,0.0,0.0,0,0,0,0.0,0.0,0.0,0.0,0,0
2d5d0b0c54105717bf48559b914fefd0c94964a6,2003.12660,lead,5,0.5249810332008933,0.5,1.0,1.0,1.0,0.3333333333333333,1,1,0,0.5,1.0,0.3333333333333333,0.2857142857142857,0,1
2d91554c3f320a4bcfeb00aa466309074a206712,1903.01411,lead,5,0.0,0.0,0.0,0.0,0.0,0.0,0,0,0,0.0,0.0,0.0,0.0,0,0
2dba0b83fc22995f83e7ac66cc8f68bcdcc70ee9,1909.04251,lead,5,0.0,0.0,0.0,0.0,0.0,0.0,0,0,0,0.0,0.0,0.0,0.0,0,0
2ddfb40a9e73f382a2eb641c8e22bbb80cef017b,1906.01502,lead,5,0.3235866969737877,0.0,0.6666666666666666,0.0,1.0,0.16666666666666666,0,0,0,0.0,0.0,0.0,0.0,0,0
2e37eb2a2a9ad80391e57acb53616eab048ab640,2003.13028,lead,5,0.0,0.0,0.0,0.0,0.0,0.0,0,0,0,0.0,0.0,0.0,0.0,0,0
2e4688205c8e344cded7a053b6014cce04ef1bd5,1611.04234,lead,5,0.0,0.0,0.0,0.0,0.0,0.0,0,0,0,0.0,0.0,0.0,0.0,0,0
2ecd12069388fd58ad5f8f4ae7ac1bb4f56497b9,1905.08067,lead,5,0.0,0.0,0.0,0.0,0.0,0.0,0,0,0,0.0,0.0,0.0,0.0,0,0
2ee4ecf98ef7d02c9e4d103968098fe35f067bbb,1908.07491,lead,5,0.0,0.0,0.0,0.0,0.0,0.0,0,0,0,0.0,0.0,0.0,0.0,0,0
2f23bd86a9e27dcd88007c9058ddfce78a1a377b,1707.07568,lead,5,0.6309297535714575,1.0,1.0,1.0,1.0,0.5,1,1,1,1.0,1.0,0.3333333333333333,0.3333333333333333,0,0
2f75b0498cf6a1fc35f1fb1cac44fc2fbd3d7878,2002.00175,lead,5,0.0,0.0,0.0,0.0,0.0,0.0,0,0,0,0.0,0.0,0.0,0.0,0,0
301a453abaa3bc15976817fefce7a41f3b779907,1805.04558,lead,5,0.20438239758848611,0.0,0.5,0.0,1.0,0.14285714285714285,0,0,0,0.0,0.0,0.0,0.0,0,0
30870a962cf88ac8c8e6b7b795936fd62214f507,1709.06136,lead,5,0.0,0.0,0.0,0.0,0.0,0.0,0,0,0,0.0,0.0,0.0,0.0,0,0
311f9971d61b91c7d76bba1ad6f038390977a8be,1910.02677,lead,5,0.0,0.0,0.0,0.0,0.0,0.0,0,0,0,0.0,0.0,0.0,0.0,0,0
31894361833b3e329a1fb9ebf85a78841cff229f,1905.08067,lead,5,0.0,0.0,0.0,0.0,0.0,0.0,0,0,0,0.0,0.0,0.0,0.0,0,0
31a3ec8d550054465e55a26b0136f4d50d72d354,1608.01972,lead,5,0.0,0.0,0.0,0.0,0.0,0.0,0,0,0,0.0,0.0,0.0,0.0,0,0
31e6062ba45d8956791e1b86bad7efcb6d1b191a,1703.10152,lead,5,0.0,0.0,0.0,0.0,0.0,0.0,0,0,0,0.0,0.0,0.0,0.0,0,0
32f2aa2df0152050cbcd27dd2f408b2fa5894031,1711.01567,lead,5,0.2640681225725909,0.5,0.5,1.0,1.0,0.25,1,1,0,0.5,1.0,0.3333333333333333,0.2857142857142857,0,1
3319d56556ae1597a86384057db0831e32774b90,1611.06322,lead,5,0.0,0.0,0.0,0.0,0.0,0.0,0,0,0,0.0,0.0,0.0,0.0,0,0
334aa5540c207768931a0fe78aa4981a895ba37c,1909.11980,lead,5,0.0,0.0,0.0,0.0,0.0,0.0,0,0,0,0.0,0.0,0.0,0.0,0,0
338a3758dccfa438a52d173fbe23a165ef74a0f0,1909.12016,lead,5,0.0,0.0,0.0,0.0,0.0,0.0,0,0,0,0.0,0.0,0.0,0.0,0,0
3435e365adf7866e45670c865dc33bb7d2a6a0c6,1911.03642,lead,5,0.0,0.0,0.0,0.0,0.0,0.0,0,0,0,0.0,0.0,0.0,0.0,0,0
344238de7208902f7b3a46819cc6d83cc37448a0,1908.06024,lead,5,0.0,0.0,0.0,0.0,0.0,0.0,0,0,0,0.0,0.0,0.0,0.0,0,0
3450723bf66956486de777f141bde5073e4a7694,1906.01076,lead,5,0.0,0.0,0.0,0.0,0.0,0.0,0,0,0,0.0,0.0,0.0,0.0,0,0
34b434825f0ca3225dc8914f9da865d2b4674f08,1912.08084,lead,5,0.09803928583135704,0.0,0.2,0.0,1.0,0.1,0,0,0,0.0,0.0,0.0,0.0,0,0
34e9e54fa79e89ecacac35f97b33ef3ca3a00f85,1909.02855,lead,5,0.5,1.0,1.0,1.0,1.0,0.3333333333333333,1,1,1,1.0,1.0,0.3333333333333333,0.3333333333333333,0,0
351f7b254e80348221e0654478663a5e53d3fe65,1810.12897,lead,5,0.0,0.0,0.0,0.0,0.0,0.0,0,0,0,0.0,0.0,0.0,0.0,0,0
3588988f2230f3329d7523fbb881b20bf177280d,1811.00051,lead,5,0.0,0.0,0.0,0.0,0.0,0.0,0,0,0,0.0,0.0,0.0,0.0,0,0
35e0e6f89b010f34cfb69309b85db524a419c862,1911.10401,lead,5,0.43067655807339306,1.0,1.0,1.0,1.0,0.25,1,1,1,1.0,1.0,0.3333333333333333,0.3333333333333333,0,0
35f48b8f73728fbdeb271b170804190b5448485a,1809.03695,lead,5,0.4457341703503471,0.0,1.0,0.0,1.0,0.14285714285714285,0,0,0,0.0,0.0,0.0,0.0,0,0
361f330d3232681f1a13c6d59abb6c18246e7b35,1909.00369,lead,5,0.3065735963827292,0.5,0.5,1.0,1.0,0.3333333333333333,1,0,0,0.5,0.5,0.2857142857142857,0.2857142857142857,1,0
363a24ecb8ab45215134935e7e8165fff72ff90f,2004.01970,lead,5,0.0,0.0,0.0,0.0,0.0,0.0,0,0,0,0.0,0.0,0.0,0.0,0,0
3699927c6c1146f5057576034d226a99946d52cb,1902.08830,lead,5,0.5109559939712153,0.5,1.0,1.0,1.0,0.3333333333333333,1,1,0,0.5,1.0,0.3333333333333333,0.2857142857142857,0,1
369d7bc5351409910c7a5e05c0cbb5abab8e50ec,2004.03090,lead,5,0.0,0.0,0.0,0.0,0.0,0.0,0,0,0,0.0,0.0,0.0,0.0,0,0
36cb7ebdd39e0b8a89ff946d3a3aef8a76a6bb43,1908.09919,lead,5,0.44149241373678083,0.5,0.5,1.0,1.0,0.5,1,1,0,0.5,1.0,0.5714285714285714,0.4444444444444444,0,1
371433bd3fb5042bacec4dfad3cfff66147c14f0,1909.04387,lead,5,0.0,0.0,0.0,0.0,0.0,0.0,0,0,0,0.0,0.0,0.0,0.0,0,0
376e8ed6e039e07c892c77b7525778178d56acb7,1908.07491,lead,5,0.0,0.0,0.0,0.0,0.0,0.0,0,0,0,0.0,0.0,0.0,0.0,0,0
37ac705166fa87dc74fe86575bf04bea56cc4930,2004.02363,lead,5,0.0,0.0,0.0,0.0,0.0,0.0,0,0,0,0.0,0.0,0.0,0.0,0,0
37b972a3afae04193411dc569f672d802c16ad71,1911.06815,lead,5,0.43067655807339306,1.0,1.0,1.0,1.0,0.25,1,1,1,1.0,1.0,0.3333333333333333,0.3333333333333333,0,0
37e6ce5cfc9d311e760dad8967d5085446125408,2002.08902,lead,5,0.0,0.0,0.0,0.0,0.0,0.0,0,0,0,0.0,0.0,0.0,0.0,0,0
38055717edf833566d912f14137b92a1d9c4f65a,1909.10481,lead,5,0.0,0.0,0.0,0.0,0.0,0.0,0,0,0,0.0,0.0,0.0,0.0,0,0
380e71848d4b0d1e983d504b1249119612f00bcb,1706.00188,lead,5,0.5109559939712153,0.5,1.0,1.0,1.0,0.3333333333333333,1,1,0,0.5,1.0,0.3333333333333333,0.2857142857142857,0,1
38289bd9592db4d3670b65a0fef1fe8a309fee61,1603.08868,lead,5,0.0,0.0,0.0,0.0,0.0,0.0,0,0,0,0.0,0.0,0.0,0.0,0,0
38363a7ed250bc729508c4c1dc975696a65c53cb,1911.04873,lead,5,0.0,0.0,0.0,0.0,0.0,0.0,0,0,0,0.0,0.0,0.0,0.0,0,0
389cc454ac97609e9d0f2b2fe70bf43218dd8ba7,1911.03324,lead,5,0.6309297535714575,1.0,1.0,1.0,1.0,0.5,1,1,1,1.0,1.0,0.3333333333333333,0.3333333333333333,0,0
389ff1927ba9fc8bac50959fc09f30c2143cc14e,1804.09692,lead,5,0.0,0.0,0.0,0.0,0.0,0.0,0,0,0,0.0,0.0,0.0,0.0,0,0
38af3f25c36c3725a31304ab96e2c200c55792b4,1806.03369,lead,5,0.0,0.0,0.0,0.0,0.0,0.0,0,0,0,0.0,0.0,0.0,0.0,0,0
397a1e851aab41c455c2b284f5e4947500d797f0,1911.10742,lead,5,0.0,0.0,0.0,0.0,0.0,0.0,0,0,0,0.0,0.0,0.0,0.0,0,0
3a06d40a4bf5ba6e26d9138434e9139a014deb40,1908.09283,lead,5,0.0,0.0,0.0,0.0,0.0,0.0,0,0,0,0.0,0.0,0.0,0.0,0,0
3a19dc6999aeb936d8a1c4509ebd5bfcda50f0f1,1909.12016,lead,5,0.6934264036172708,1.0,1.0,1.0,1.0,0.5,1,1,1,1.0,1.0,0.3333333333333333,0.5714285714285714,0,0
3a25f82512d56d9e1ffba72f977f515ae3ba3cca,2003.09244,lead,5,0.11706259313796354,0.16666666666666666,0.16666666666666666,1.0,1.0,0.2,1,1,0,0.16666666666666666,1.0,0.3333333333333333,0.18181818181818182,0,1
3a33512d253005ac280ee9ca4f9dfa69aa38d48f,1910.07973,lead,5,0.0,0.0,0.0,0.0,0.0,0.0,0,0,0,0.0,0.0,0.0,0.0,0,0
3c414f7fbf577dfd3363be6bbc9eba8bdd01f45f,1610.03955,lead,5,0.0,0.0,0.0,0.0,0.0,0.0,0,0,0,0.0,0.0,0.0,0.0,0,0
3cc0d773085dc175b85955e95911a2cfaab2cdc4,1707.06519,lead,5,0.0,0.0,0.0,0.0,0.0,0.0,0,0,0,0.0,0.0,0.0,0.0,0,0
3cc9a820c4a2cd2ff61da920c41ed09f3c0135be,1911.00461,lead,5,0.0,0.0,0.0,0.0,0.0,0.0,0,0,0,0.0,0.0,0.0,0.0,0,0
3ccc4ccebc3b0de5546b1208e8094a839fd4a4ab,1808.09180,lead,5,0.2640681225725909,0.5,0.5,1.0,1.0,0.25,1,1,0,0.5,1.0,0.3333333333333333,0.2857142857142857,0,1
3cfe464052f0a248b6e22c9351279403dfe34f3c,1910.10762,lead,5,0.20438239758848611,0.0,0.5,0.0,1.0,0.14285714285714285,0,0,0,0.0,0.0,0.0,0.0,0,0
3d5b4aa1ce99903b1fcd257c1e394f7990431d13,1810.13414,lead,5,0.0,0.0,0.0,0.0,0.0,0.0,0,0,0,0.0,0.0,0.0,0.0,0,0
3d662fb442d5fc332194770aac835f401c2148d9,1911.09247,lead,5,0.0,0.0,0.0,0.0,0.0,0.0,0,0,0,0.0,0.0,0.0,0.0,0,0
3d73cb92d866448ec72a571331967da5d34dfbb1,1910.09916,lead,5,0.0,0.0,0.0,0.0,0.0,0.0,0,0,0,0.0,0.0,0.0,0.0,0,0
3de3a083b8ba3086792d38ae9667e095070f7f37,1905.00472,lead,5,0.0,0.0,0.0,0.0,0.0,0.0,0,0,0,0.0,0.0,0.0,0.0,0,0
3df6d18d7b25d1c814e9dcc8ba78b3cdfe15edcd,1605.05195,lead,5,0.0,0.0,0.0,0.0,0.0,0.0,0,0,0,0.0,0.0,0.0,0.0,0,0
3e0fd1a3944e207edbbe7c7108239dbaf3bccd4f,2004.02105,lead,5,0.0,0.0,0.0,0.0,0.0,0.0,0,0,0,0.0,0.0,0.0,0.0,0,0
3e23cc3c5e4d5cec51d158130d6aeae120e94fc8,1610.07149,lead,5,0.0,0.0,0.0,0.0,0.0,0.0,0,0,0,0.0,0.0,0.0,0.0,0,0
3e5162e6399c7d03ecc7007efd21d06c04cf2843,1911.11025,lead,5,0.38685280723454163,1.0,1.0,1.0,1.0,0.2,1,1,1,1.0,1.0,0.3333333333333333,0.3333333333333333,0,0
3e88fcc94d0f451e87b65658751834f6103b2030,1908.05908,lead,5,0.17723928678404774,0.0,0.5,0.0,1.0,0.1,0,0,0,0.0,0.0,0.0,0.0,0,0
3ea82a5ca495ffbd1e30e8655aef1be4ba423efe,1911.12559,lead,5,0.40179981797758046,0.3333333333333333,0.6666666666666666,1.0,1.0,0.3333333333333333,1,0,0,0.3333333333333333,0.5,0.2857142857142857,0.25,1,0
3eb107f35f4f5f5f527a93ffb487aa2e3fe51efd,1805.07882,lead,5,0.0,0.0,0.0,0.0,0.0,0.0,0,0,0,0.0,0.0,0.0,0.0,0,0
3ed8ac1ba4df6609fa7de5077d83e820641edc5e,1707.09816,lead,5,0.0,0.0,0.0,0.0,0.0,0.0,0,0,0,0.0,0.0,0.0,0.0,0,0
3f717e6eceab0a066af65ddf782c1ebc502c28c0,1909.12079,lead,5,0.0,0.0,0.0,0.0,0.0,0.0,0,0,0,0.0,0.0,0.0,0.0,0,0
3f8a42eb0e904ce84c3fded2103f674e9cbc893d,1911.00202,lead,5,0.23463936301137822,0.3333333333333333,0.3333333333333333,1.0,1.0,0.3333333333333333,1,1,0,0.3333333333333333,1.0,0.3333333333333333,0.25,0,1
3fd8eab282569b1c18b82f20d579b335ae70e79f,1906.01502,lead,5,0.4227898344066503,0.0,1.0,0.0,1.0,0.16666666666666666,0,0,0,0.0,0.0,0.0,0.0,0,0
4137a82d7752be7a6c142ceb48ce784fd475fb06,1708.05521,lead,5,0.0,0.0,0.0,0.0,0.0,0.0,0,0,0,0.0,0.0,0.0,0.0,0,0
420862798054f736128a6f0c4393c7f9cc648b40,1603.09405,lead,5,0.0,0.0,0.0,0.0,0.0,0.0,0,0,0,0.0,0.0,0.0,0.0,0,0
42269ed04e986ec5dc4164bf57ef306aec4a1ae1,1608.01972,lead,5,0.17723928678404774,0.0,0.5,0.0,1.0,0.1,0,0,0,0.0,0.0,0.0,0.0,0,0
42279c3a202a93cfb4aef49212ccaf401a3f8761,1803.05160,lead,5,0.38121301394452073,0.2857142857142857,0.2857142857142857,1.0,1.0,1.0,1,0,0,0.2857142857142857,0.2,0.2,0.3333333333333333,1,0
425d17465ff91019eb87c28ff3942f781ba1bbcb,1901.03253,lead,5,0.0,0.0,0.0,0.0,0.0,0.0,0,0,0,0.0,0.0,0.0,0.0,0,0
4288621e960ffbfce59ef1c740d30baac1588b9b,1611.04887,lead,5,0.3381686774636725,0.06666666666666667,0.26666666666666666,1.0,1.0,0.5,1,0,0,0.06666666666666667,0.06666666666666667,0.1,0.1,1,0
42a4ab4607a9eec42c427a817b7e898230d26444,1909.09070,lead,5,0.32097939710179135,0.2,0.4,1.0,1.0,0.5,1,1,0,0.2,1.0,0.3333333333333333,0.2,0,1
42dcf1bb19b8470993c05e55413eed487b0f2559,1905.08067,lead,5,0.38685280723454163,1.0,1.0,1.0,1.0,0.2,1,1,1,1.0,1.0,0.3333333333333333,0.3333333333333333,0,0
42eb7c5311fc1ac0344f0b38d3184ccd4faad3be,2004.01820,lead,5,0.0,0.0,0.0,0.0,0.0,0.0,0,0,0,0.0,0.0,0.0,0.0,0,0
430ad71a0fd715a038f3c0fe8d7510e9730fba23,1805.09960,lead,5,0.0,0.0,0.0,0.0,0.0,0.0,0,0,0,0.0,0.0,0.0,0.0,0,0
43729be0effb5defc62bae930ceacf7219934f1e,2003.07568,lead,5,0.6713860725233041,0.6666666666666666,0.6666666666666666,1.0,1.0,1.0,1,1,0,0.6666666666666666,1.0,0.5714285714285714,0.5,0,1
43f43b135109ebd1d2d1f9af979c64ce550b5f0f,1804.05253,lead,5,0.0,0.0,0.0,0.0,0.0,0.0,0,0,0,0.0,0.0,0.0,0.0,0,0
441a2b80e82266c2cc2b306c0069f2b564813fed,1906.04236,lead,5,0.0,0.0,0.0,0.0,0.0,0.0,0,0,0,0.0,0.0,0.0,0.0,0,0
4485e32052741972877375667901f61e602ec4de,1805.11850,lead,5,0.2890648263178879,0.0,1.0,0.0,1.0,0.1,0,0,0,0.0,0.0,0.0,0.0,0,0
452e2d7d7d9e1bb4914903479cd7caff9f6fae42,1706.00188,lead,5,0.3010299956639812,0.0,1.0,0.0,1.0,0.1111111111111111,0,0,0,0.0,0.0,0.0,0.0,0,0
458e5ed506883bfec6623102ec9f43c071f0616f,1801.05617,lead,5,0.0,0.0,0.0,0.0,0.0,0.0,0,0,0,0.0,0.0,0.0,0.0,0,0
45aab23790161cbc55f78e16fdf5678a3f5b4b92,1610.06510,lead,5,0.0,0.0,0.0,0.0,0.0,0.0,0,0,0,0.0,0.0,0.0,0.0,0,0
45e6532ac06a59cb6a90624513242b06d7391501,1912.11637,lead,5,0.33775931993299535,0.3333333333333333,0.6666666666666666,1.0,1.0,0.25,1,0,0,0.3333333333333333,0.5,0.2857142857142857,0.25,1,0
4683812cba21c92319be68c03260b5a8175bbb6e,1602.07563,lead,5,0.0,0.0,0.0,0.0,0.0,0.0,0,0,0,0.0,0.0,0.0,0.0,0,0
468eb961215a554ace8088fa9097a7ad239f2d71,2004.04478,lead,5,0.0,0.0,0.0,0.0,0.0,0.0,0,0,0,0.0,0.0,0.0,0.0,0,0
46aa61557c8d20b1223a30366a0704d7af68bbbe,1910.07924,lead,5,0.0,0.0,0.0,0.0,0.0,0.0,0,0,0,0.0,0.0,0.0,0.0,0,0
46d051b8924ad0ef8cfba9c7b5b84707ee72f26a,1907.04072,lead,5,0.0,0.0,0.0,0.0,0.0,0.0,0,0,0,0.0,0.0,0.0,0.0,0,0
46e660becd727c994a2a35c6587e15ea8bf8272d,1809.08935,lead,5,0.3333333333333333,0.0,1.0,0.0,1.0,0.14285714285714285,0,0,0,0.0,0.0,0.0,0.0,0,0
471683ba6251b631f38a24d42b6dba6f52dee429,2003.12139,lead,5,0.0,0.0,0.0,0.0,0.0,0.0,0,0,0,0.0,0.0,0.0,0.0,0,0
4748a50c96acb1aa03f7efd1b43376c193b2450a,1709.04491,lead,5,0.0,0.0,0.0,0.0,0.0,0.0,0,0,0,0.0,0.0,0.0,0.0,0,0
475e698a801be0ad9e4f74756d1fff4fe0728009,1805.11598,lead,5,0.11751610475642714,0.0,0.25,0.0,1.0,0.1111111111111111,0,0,0,0.0,0.0,0.0,0.0,0,0
475ef4ad32a8589dae9d97048166d732ae5d7beb,1906.01502,lead,5,0.0,0.0,0.0,0.0,0.0,0.0,0,0,0,0.0,0.0,0.0,0.0,0,0
477da8d997ff87400c6aad19dcc74f8998bc89c3,1805.11850,lead,5,0.0,0.0,0.0,0.0,0.0,0.0,0,0,0,0.0,0.0,0.0,0.0,0,0
47b7bc232af7bf93338bd3926345e23e9e80c0c1,1811.01183,lead,5,0.0,0.0,0.0,0.0,0.0,0.0,0,0,0,0.0,0.0,0.0,0.0,0,0
47ffc9811b037613c9c4d1ec1e4f13c08396ed1c,1603.03876,lead,5,0.0,0.0,0.0,0.0,0.0,0.0,0,0,0,0.0,0.0,0.0,0.0,0,0
488e3c4fd1103c46e12815d1bf414a0356fb0d0e,1903.02930,lead,5,0.0,0.0,0.0,0.0,0.0,0.0,0,0,0,0.0,0.0,0.0,0.0,0,0
48ff9645a506aa2c17810d2654d1f0f0d9e609ee,1910.01108,lead,5,0.0,0.0,0.0,0.0,0.0,0.0,0,0,0,0.0,0.0,0.0,0.0,0,0
4999da863ecbd40378505bfb1f4e395061a3f559,1911.06919,lead,5,0.0,0.0,0.0,0.0,0.0,0.0,0,0,0,0.0,0.0,0.0,0.0,0,0
49cd18448101da146c3187a44412628f8c722d7b,1705.01306,lead,5,0.3562071871080222,0.0,1.0,0.0,1.0,0.16666666666666666,0,0,0,0.0,0.0,0.0,0.0,0,0
4a093a9af4903a59057a4372ac1b01603467ca58,1602.07563,lead,5,0.0,0.0,0.0,0.0,0.0,0.0,0,0,0,0.0,0.0,0.0,0.0,0,0
4a91432abe3f54fcbdd00bb85dc0df95b16edf42,1703.04009,lead,5,0.3333333333333333,0.0,1.0,0.0,1.0,0.14285714285714285,0,0,0,0.0,0.0,0.0,0.0,0,0
4ae0b50c88a174cfc283b90cd3c9407de13fd370,1802.09059,lead,5,0.38685280723454163,0.5,0.5,1.0,1.0,0.5,1,1,0,0.5,1.0,0.3333333333333333,0.2857142857142857,0,1
4afd4cfcb30433714b135b977baff346323af1e3,1911.02747,lead,5,0.38685280723454163,1.0,1.0,1.0,1.0,0.2,1,1,1,1.0,1.0,0.3333333333333333,0.3333333333333333,0,0
4b6745982aa64fbafe09f7c88c8d54d520b3f687,1805.09960,lead,5,0.3333333333333333,0.0,1.0,0.0,1.0,0.14285714285714285,0,0,0,0.0,0.0,0.0,0.0,0,0
4d5b74499804ea5bc5520beb88d0f9816f67205a,1907.04072,lead,5,0.0,0.0,0.0,0.0,0.0,0.0,0,0,0,0.0,0.0,0.0,0.0,0,0
4d824b49728649432371ecb08f66ba44e50569e0,1612.04118,lead,5,0.0,0.0,0.0,0.0,0.0,0.0,0,0,0,0.0,0.0,0.0,0.0,0,0
4ddc53afffaf1622d97695347dd1b3190d156dee,1808.07231,lead,5,0.0,0.0,0.0,0.0,0.0,0.0,0,0,0,0.0,0.0,0.0,0.0,0,0
4de6bcddd46726bf58326304b0490fdb9e7e86ec,1908.07491,lead,5,0.0,0.0,0.0,0.0,0.0,0.0,0,0,0,0.0,0.0,0.0,0.0,0,0
4e106b03cc2f54373e73d5922e97f7e5e9bf03e4,1906.00424,lead,5,0.3562071871080222,0.0,1.0,0.0,1.0,0.16666666666666666,0,0,0,0.0,0.0,0.0,0.0,0,0
4e59808a7f73ac499b9838d3c0ce814196a02473,1908.06259,lead,5,0.23719771276929622,0.5,0.5,1.0,1.0,0.2,1,1,0,0.5,1.0,0.3333333333333333,0.2857142857142857,0,1
4eb42c5d56d695030dd47ea7f6d65164924c4017,1910.09387,lead,5,0.3562071871080222,0.0,1.0,0.0,1.0,0.16666666666666666,0,0,0,0.0,0.0,0.0,0.0,0,0
4f57ac24f3f4689a2f885715cd84b7d867fe3f12,1908.06893,lead,5,0.0,0.0,0.0,0.0,0.0,0.0,0,0,0,0.0,0.0,0.0,0.0,0,0
5096aaea2d0f4bea4c12e14f4f7735e1aea1bfa6,1706.00188,lead,5,0.5109559939712153,0.5,1.0,1.0,1.0,0.3333333333333333,1,1,0,0.5,1.0,0.3333333333333333,0.2857142857142857,0,1
50bcbb730aa74637503c227f022a10f57d43f1f7,1703.05320,lead,5,0.0,0.0,0.0,0.0,0.0,0.0,0,0,0,0.0,0.0,0.0,0.0,0,0
50c1bf8b928069f3ffc7f0cb00aa056a163ef336,1906.01502,lead,5,0.21109268758922906,0.0,0.4,0.0,1.0,0.14285714285714285,0,0,0,0.0,0.0,0.0,0.0,0,0
50c441a9cc7345a0fa408d1ce2e13f194c1e82a8,1911.11161,lead,5,0.5714285040141098,0.5,1.0,1.0,1.0,0.5,1,0,0,0.5,0.5,0.2857142857142857,0.2857142857142857,1,0
5102dc911913e9ca0311253e44fd31c73eed0a57,1909.07158,lead,5,0.0,0.0,0.0,0.0,0.0,0.0,0,0,0,0.0,0.0,0.0,0.0,0,0
511e46b5aa8e1ee9e7dc890f47fa15ef94d4a0af,1804.07445,lead,5,0.0,0.0,0.0,0.0,0.0,0.0,0,0,0,0.0,0.0,0.0,0.0,0,0
5154f63c50729b8ac04939588c2f5ffeb916e3df,1801.05617,lead,5,0.0,0.0,0.0,0.0,0.0,0.0,0,0,0,0.0,0.0,0.0,0.0,0,0
5181527e6a61a9a192db5f8064e56ec263c42661,1909.11980,lead,5,0.6309297535714575,1.0,1.0,1.0,1.0,0.5,1,1,1,1.0,1.0,0.3333333333333333,0.3333333333333333,0,0
51e9f446d987219bc069222731dfc1081957ce1f,1910.03355,lead,5,0.0,0.0,0.0,0.0,0.0,0.0,0,0,0,0.0,0.0,0.0,0.0,0,0
521a3e7300567f6e8e4c531f223dbc9fc306c393,1911.00202,lead,5,0.0,0.0,0.0,0.0,0.0,0.0,0,0,0,0.0,0.0,0.0,0.0,0,0
52868394eb2b3b37eb5f47f51c06ad53061f4495,2002.06854,lead,5,0.29999474032883905,0.16666666666666666,0.5,1.0,1.0,0.2,1,1,0,0.16666666666666666,1.0,0.3333333333333333,0.18181818181818182,0,1
52faf319e37aa15fff1ab47f634a5a584dc42e75,1708.00549,lead,5,0.7040791436471738,0.4,0.8,1.0,1.0,1.0,1,1,0,0.4,1.0,0.3333333333333333,0.4,0,1
5370a0062aae7fa4e700ae47aa143be5c5fc6b22,1811.04791,lead,5,0.18154179253735267,0.3333333333333333,0.3333333333333333,1.0,1.0,0.2,1,1,0,0.3333333333333333,1.0,0.3333333333333333,0.25,0,1
539f5c27e1a2d240e52b711d0a50a3a6ddfa5cb2,1911.04128,lead,5,0.0,0.0,0.0,0.0,0.0,0.0,0,0,0,0.0,0.0,0.0,0.0,0,0
53a8c3cf22d6bf6477bc576a85a83d8447ee0484,1910.07973,lead,5,0.17723928678404774,0.0,0.5,0.0,1.0,0.1,0,0,0,0.0,0.0,0.0,0.0,0,0
54002c15493d4082d352a66fb9465d65bfe9ddca,1911.03977,lead,5,0.0,0.0,0.0,0.0,0.0,0.0,0,0,0,0.0,0.0,0.0,0.0,0,0
5422a3f2a083395416d6f99c57d28335eb2e44e1,1911.09709,lead,5,0.430624116386567,0.5,1.0,1.0,1.0,0.2,1,1,0,0.5,1.0,0.3333333333333333,0.2857142857142857,0,1
5499440674f0e4a9d6912b9ac29fa1f7b7cd5253,1811.01183,lead,5,0.0,0.0,0.0,0.0,0.0,0.0,0,0,0,0.0,0.0,0.0,0.0,0,0
5522a9eeb06221722052e3c38f9b0d0dbe7c13e6,1709.06136,lead,5,0.43067655807339306,1.0,1.0,1.0,1.0,0.25,1,1,1,1.0,1.0,0.3333333333333333,0.3333333333333333,0,0
552b1c813f25bf39ace6cd5eefa56f4e4dd70c84,1911.03854,lead,5,0.21840743681816419,0.0,0.5,0.0,1.0,0.16666666666666666,0,0,0,0.0,0.0,0.0,0.0,0,0
554d798e4ce58fd30820200c474d7e796dc8ba89,1810.02268,lead,5,0.0,0.0,0.0,0.0,0.0,0.0,0,0,0,0.0,0.0,0.0,0.0,0,0
55612e92791296baf18013d2c8dd0474f35af770,1707.07568,lead,5,0.0,0.0,0.0,0.0,0.0,0.0,0,0,0,0.0,0.0,0.0,0.0,0,0
556782bb96f8fc07d14865f122362ebcc79134ec,1909.11706,lead,5,0.21840743681816419,0.0,0.5,0.0,1.0,0.16666666666666666,0,0,0,0.0,0.0,0.0,0.0,0,0
55bde89fc5822572f794614df3130d23537f7cf2,2002.04745,lead,5,0.0,0.0,0.0,0.0,0.0,0.0,0,0,0,0.0,0.0,0.0,0.0,0,0
568466c62dd73a025bfd9643417cdb7a611f23a1,1909.12016,lead,5,0.43067655807339306,1.0,1.0,1.0,1.0,0.25,1,1,1,1.0,1.0,0.3333333333333333,0.3333333333333333,0,0
5695908a8c6beb0e3863a1458a1b93aab508fd34,1910.10670,lead,5,1.0,1.0,1.0,1.0,1.0,1.0,1,1,1,1.0,1.0,0.5714285714285714,0.5714285714285714,0,0
56d41e0fcc288c1e65806ae77097d685c83e22db,1709.09749,lead,5,0.3065735963827292,0.5,0.5,1.0,1.0,0.3333333333333333,1,1,0,0.5,1.0,0.3333333333333333,0.2857142857142857,0,1
56d788af4694c1cd1eebee0b83c585836d1f5f99,1912.08084,lead,5,0.19342640361727081,0.0,0.5,0.0,1.0,0.125,0,0,0,0.0,0.0,0.0,0.0,0,0
573b8b1ad919d3fd0ef7df84e55e5bfd165b3e84,1909.07873,lead,5,0.0,0.0,0.0,0.0,0.0,0.0,0,0,0,0.0,0.0,0.0,0.0,0,0
5752c8d333afc1e6c666b18d1477c8f669b7a602,1707.02892,lead,5,0.0,0.0,0.0,0.0,0.0,0.0,0,0,0,0.0,0.0,0.0,0.0,0,0
576a3ed6e4faa4c3893db632e97a52ac6e864aac,1605.04278,lead,5,0.3333333333333333,0.0,1.0,0.0,1.0,0.14285714285714285,0,0,0,0.0,0.0,0.0,0.0,0,0
578add9d3dadf86cd0876d42b03bf0114f83d0e7,1907.04072,lead,5,0.0,0.0,0.0,0.0,0.0,0.0,0,0,0,0.0,0.0,0.0,0.0,0,0
57d07d2b509c5860880583efe2ed4c5620a96747,2004.04478,lead,5,0.0,0.0,0.0,0.0,0.0,0.0,0,0,0,0.0,0.0,0.0,0.0,0,0
57ee20f494d8ce3fae46028c3f3551d180dba3e0,1611.06322,lead,5,0.0,0.0,0.0,0.0,0.0,0.0,0,0,0,0.0,0.0,0.0,0.0,0,0
58a3cfbbf209174fcffe44ce99840c758b448364,1707.05589,lead,5,0.4500112274528523,0.3333333333333333,0.5,1.0,1.0,0.5,1,1,0,0.3333333333333333,1.0,0.5714285714285714,0.36363636363636365,0,1
59a3d4cdd1c3797962bf8d72c226c847e06e1d44,1908.05925,lead,5,0.0,0.0,0.0,0.0,0.0,0.0,0,0,0,0.0,0.0,0.0,0.0,0,0
5a7d1ae6796e09299522ebda7bfcfad312d6d128,1912.07076,lead,5,0.14606834984270645,0.2,0.2,1.0,1.0,0.25,1,1,0,0.2,1.0,0.3333333333333333,0.2,0,1
5ae005917efc17a505ba1ba5e996c4266d6c74b6,1806.06571,lead,5,0.15101961822780524,0.25,0.25,1.0,1.0,0.2,1,0,0,0.25,0.3333333333333333,0.25,0.2222222222222222,1,0
5b2839bef513e5d441f0bb8352807f673f4b2070,1803.06745,lead,5,0.0,0.0,0.0,0.0,0.0,0.0,0,0,0,0.0,0.0,0.0,0.0,0,0
5bfbc9ca7fd41be9627f6ef587bb7e21c7983be0,2002.06851,lead,5,0.4911492931622974,0.5,1.0,1.0,1.0,0.3333333333333333,1,1,0,0.5,1.0,0.3333333333333333,0.2857142857142857,0,1
5c17559749810c67c50a7dbe34580d5e3b4f9acb,1706.04206,lead,5,0.18457569677956817,0.0,0.5,0.0,1.0,0.1111111111111111,0,0,0,0.0,0.0,0.0,0.0,0,0
5cc5e2db82f5d40a5244224dad94da50b4f673db,1804.03839,lead,5,0.6309297535714575,1.0,1.0,1.0,1.0,0.5,1,1,1,1.0,1.0,0.3333333333333333,0.3333333333333333,0,0
5d0a3f8ca3882f87773cf8c2ef1b4f72b9cc241e,1808.10006,lead,5,0.0,0.0,0.0,0.0,0.0,0.0,0,0,0,0.0,0.0,0.0,0.0,0,0
5d3e87937ecebf0695bece08eccefb2f88ad4a0f,1907.05338,lead,5,0.0,0.0,0.0,0.0,0.0,0.0,0,0,0,0.0,0.0,0.0,0.0,0,0
5d93245832d90b31aee42ea2bf1e7704c22ebeca,1808.07231,lead,5,0.0,0.0,0.0,0.0,0.0,0.0,0,0,0,0.0,0.0,0.0,0.0,0,0
5da9e2eef741bd7efccec8e441b8e52e906b2d2d,1804.00982,lead,5,0.0,0.0,0.0,0.0,0.0,0.0,0,0,0,0.0,0.0,0.0,0.0,0,0
5db47bbb97282983e10414240db78154ea7ac75f,1909.07873,lead,5,0.0,0.0,0.0,0.0,0.0,0.0,0,0,0,0.0,0.0,0.0,0.0,0,0
5dfd58f91e7740899c23ebfe04b7176edce9ead2,1809.03391,lead,5,0.4415801103577823,0.5,1.0,1.0,1.0,0.2,1,1,0,0.5,1.0,0.3333333333333333,0.2857142857142857,0,1
5e4eac0b0a73d465d74568c21819acaec557b700,1809.03680,lead,5,0.0,0.0,0.0,0.0,0.0,0.0,0,0,0,0.0,0.0,0.0,0.0,0,0
5f6c1513cbda9ae711bc38df08fe72e3d3028af2,1802.06053,lead,5,0.0,0.0,0.0,0.0,0.0,0.0,0,0,0,0.0,0.0,0.0,0.0,0,0
5f7f4a1d4380c118a58ed506c057d3b7aa234c1e,1906.04287,lead,5,0.0,0.0,0.0,0.0,0.0,0.0,0,0,0,0.0,0.0,0.0,0.0,0,0
5fd112980d0dd7f7ce30e6273fe6e7b230b13225,1910.14589,lead,5,0.0,0.0,0.0,0.0,0.0,0.0,0,0,0,0.0,0.0,0.0,0.0,0,0
610fc593638c5e9809ea9839912d0b282541d42d,1804.08000,lead,5,0.6309297535714575,1.0,1.0,1.0,1.0,0.5,1,1,1,1.0,1.0,0.3333333333333333,0.3333333333333333,0,0
6167618e0c53964f3a706758bdf5e807bc5d7760,1909.01860,lead,5,0.0,0.0,0.0,0.0,0.0,0.0,0,0,0,0.0,0.0,0.0,0.0,0,0
61a2599acfbd3d75de58e97ecdba2d9cf0978324,1912.08084,lead,5,0.17723928678404774,0.0,0.5,0.0,1.0,0.1,0,0,0,0.0,0.0,0.0,0.0,0,0
61e96abdc924c34c6b82a587168ea3d14fe792d1,1911.10401,lead,5,0.2640681225725909,0.5,0.5,1.0,1.0,0.25,1,1,0,0.5,1.0,0.3333333333333333,0.2857142857142857,0,1
620b6c410a055295d137511d3c99207a47c03b5e,1908.09590,lead,5,0.0,0.0,0.0,0.0,0.0,0.0,0,0,0,0.0,0.0,0.0,0.0,0,0
627ce8a1db08a732d5a8f7e1f8a72e3de89847e6,1911.09247,lead,5,0.0,0.0,0.0,0.0,0.0,0.0,0,0,0,0.0,0.0,0.0,0.0,0,0
62edffd051d056cf60e17deafcc55a8c9af398cb,1908.10461,lead,5,0.0,0.0,0.0,0.0,0.0,0.0,0,0,0,0.0,0.0,0.0,0.0,0,0
6371c6863fe9a14bf67560e754ce531d70de10ab,2002.04326,lead,5,0.48381288316677695,0.5,1.0,1.0,1.0,0.3333333333333333,1,1,0,0.5,1.0,0.3333333333333333,0.2857142857142857,0,1
63cdac43a643fc1e06da44910458e89b2c7cd921,1904.03670,lead,5,0.0,0.0,0.0,0.0,0.0,0.0,0,0,0,0.0,0.0,0.0,0.0,0,0
63d2e97657419a0185127534f4ff9d0039cb1a63,1804.05253,lead,5,0.2640681225725909,0.5,0.5,1.0,1.0,0.25,1,1,0,0.5,1.0,0.3333333333333333,0.2857142857142857,0,1
63eda2af88c35a507fbbfda0ec1082f58091883a,1711.11118,lead,5,0.5,1.0,1.0,1.0,1.0,0.3333333333333333,1,1,1,1.0,1.0,0.3333333333333333,0.3333333333333333,0,0
641fe5dc93611411582e6a4a0ea2d5773eaf0310,1802.03052,lead,5,0.0,0.0,0.0,0.0,0.0,0.0,0,0,0,0.0,0.0,0.0,0.0,0,0
643527e94e8eed1e2229915fcf8cd74d769173fc,1908.09283,lead,5,0.0,0.0,0.0,0.0,0.0,0.0,0,0,0,0.0,0.0,0.0,0.0,0,0
643645e02ffe8fde45918615ec92013a035d1b92,1704.03279,lead,5,0.0,0.0,0.0,0.0,0.0,0.0,0,0,0,0.0,0.0,0.0,0.0,0,0
64632981279c7aa16ffc1a44ffc31f4520f5559e,1710.07695,lead,5,0.0,0.0,0.0,0.0,0.0,0.0,0,0,0,0.0,0.0,0.0,0.0,0,0
647f6e6b168ec38fcdb737d3b276f78402282f9d,1910.13793,lead,5,0.0,0.0,0.0,0.0,0.0,0.0,0,0,0,0.0,0.0,0.0,0.0,0,0
64c45fdb536ae294cf06716ac20d08b5fdb7944d,1710.01789,lead,5,0.0,0.0,0.0,0.0,0.0,0.0,0,0,0,0.0,0.0,0.0,0.0,0,0
64f7337970e8d1989b2e1f7106d86f73c4a3d0af,1803.08419,lead,5,0.0,0.0,0.0,0.0,0.0,0.0,0,0,0,0.0,0.0,0.0,0.0,0,0
654fe0109502f2ed2dc8dad359dbbce4393e03dc,1908.09892,lead,5,0.0761433407173835,0.0,0.125,0.0,1.0,0.1111111111111111,0,0,0,0.0,0.0,0.0,0.0,0,0
6590055fb033cb32826f2afecb3d7f607dd97d57,1911.03642,lead,5,0.0,0.0,0.0,0.0,0.0,0.0,0,0,0,0.0,0.0,0.0,0.0,0,0
65b39676db60f914f29f74b7c1264422ee42ad5c,1611.00440,lead,5,0.38364913903790027,0.6666666666666666,0.6666666666666666,1.0,1.0,0.25,1,1,0,0.6666666666666666,1.0,0.5714285714285714,0.5,0,1
65c7a2b734dab51c4c81f722527424ff33b023f8,1610.06510,lead,5,0.0,0.0,0.0,0.0,0.0,0.0,0,0,0,0.0,0.0,0.0,0.0,0,0
65e26b15e087bedb6e8782d91596b35e7454b16b,1611.01116,lead,5,0.16716045496620227,0.0,0.3333333333333333,0.0,1.0,0.16666666666666666,0,0,0,0.0,0.0,0.0,0.0,0,0
6606160e210d05b94f7cbd9c5ff91947339f9d02,1902.08830,lead,5,0.24630238874073,0.25,0.25,1.0,1.0,0.5,1,1,0,0.25,1.0,0.3333333333333333,0.2222222222222222,0,1
6656a9472499331f4eda45182ea697a4d63e943c,1805.09960,lead,5,0.0,0.0,0.0,0.0,0.0,0.0,0,0,0,0.0,0.0,0.0,0.0,0,0
6657ece018b1455035421b822ea2d7961557c645,1906.05685,lead,5,0.0,0.0,0.0,0.0,0.0,0.0,0,0,0,0.0,0.0,0.0,0.0,0,0
6683008e0a8c4583058d38e185e2e2e18ac6cf50,2002.08902,lead,5,0.0,0.0,0.0,0.0,0.0,0.0,0,0,0,0.0,0.0,0.0,0.0,0,0
66dfcdab1db6a8fcdf392157a478b4cca0d87961,1910.12203,lead,5,0.0,0.0,0.0,0.0,0.0,0.0,0,0,0,0.0,0.0,0.0,0.0,0,0
67672648e7ebcbef18921006e2c8787966f8cdf2,1901.09501,lead,5,0.3562071871080222,0.0,1.0,0.0,1.0,0.16666666666666666,0,0,0,0.0,0.0,0.0,0.0,0,0
67c16ba64fe27838b1034d15194c07a9c98cdebe,1708.05482,lead,5,0.0,0.0,0.0,0.0,0.0,0.0,0,0,0,0.0,0.0,0.0,0.0,0,0
67cb001f8ca122ea859724804b41529fea5faeef,1805.07882,lead,5,0.23719771276929622,0.5,0.5,1.0,1.0,0.2,1,0,0,0.5,0.5,0.2857142857142857,0.2857142857142857,1,0
67f1b8a9f72e62cd74ec42e9631ef763a9b098c7,1908.10001,lead,5,0.0,0.0,0.0,0.0,0.0,0.0,0,0,0,0.0,0.0,0.0,0.0,0,0
6883767bbdf14e124c61df4f76335d3e91bfcb03,1902.06734,lead,5,0.0,0.0,0.0,0.0,0.0,0.0,0,0,0,0.0,0.0,0.0,0.0,0,0
68aa460ad357b4228b16b31b2cbec986215813bf,1911.12893,lead,5,0.0,0.0,0.0,0.0,0.0,0.0,0,0,0,0.0,0.0,0.0,0.0,0,0
68f1df3fb0703ff694a055d23e7ec3f6fb449b8d,1801.03615,lead,5,0.3191471544989227,0.5,0.5,1.0,1.0,0.25,1,1,0,0.5,1.0,0.5714285714285714,0.4444444444444444,0,1
69a46a227269c3aac9bf9d7c3d698c787642f806,1911.11025,lead,5,0.2890648263178879,0.0,1.0,0.0,1.0,0.1,0,0,0,0.0,0.0,0.0,0.0,0,0
6a20a3220c4edad758b912e2d3e5b99b0b295d96,1805.04579,lead,5,0.2865826258153645,0.25,0.375,1.0,1.0,0.25,1,1,0,0.25,1.0,0.3333333333333333,0.3076923076923077,0,1
6b1a6517b343fdb79f246955091ff25e440b9511,1902.04094,lead,5,0.3535124404757274,0.0,0.75,0.0,1.0,0.125,0,0,0,0.0,0.0,0.0,0.0,0,0
6b4006a90aeaaff8914052d72d28851a9c0c0146,1804.07445,lead,5,0.0,0.0,0.0,0.0,0.0,0.0,0,0,0,0.0,0.0,0.0,0.0,0,0
6bce04570d4745dcfaca5cba64075242308b65cf,2002.08902,lead,5,0.0,0.0,0.0,0.0,0.0,0.0,0,0,0,0.0,0.0,0.0,0.0,0,0
6c1614991647705265fb348d28ba60dd3b63b799,1908.10090,lead,5,0.0,0.0,0.0,0.0,0.0,0.0,0,0,0,0.0,0.0,0.0,0.0,0,0
6cad6f074b0486210ffa4982c8d1632f5aa91d91,1912.10162,lead,5,0.4367467095119258,0.6666666666666666,0.6666666666666666,1.0,1.0,0.3333333333333333,1,1,0,0.6666666666666666,1.0,0.5714285714285714,0.5,0,1
6cb3007a09ab0f1602cdad20cc0437fbdd4d7f3e,2003.07459,lead,5,0.0,0.0,0.0,0.0,0.0,0.0,0,0,0,0.0,0.0,0.0,0.0,0,0
6d17dc00f7e5331128b6b585e78cac0b9082e13d,1911.12722,lead,5,0.0,0.0,0.0,0.0,0.0,0.0,0,0,0,0.0,0.0,0.0,0.0,0,0
6d55e377335815b7ad134d1a2977d231ad34a25b,1701.03578,lead,5,0.0,0.0,0.0,0.0,0.0,0.0,0,0,0,0.0,0.0,0.0,0.0,0,0
6d8a51e2790043497ed2637a1abc36bdffb39b71,1911.02747,lead,5,0.15101961822780524,0.25,0.25,1.0,1.0,0.2,1,1,0,0.25,1.0,0.3333333333333333,0.2222222222222222,0,1
6e134d51a795c385d72f38f36bca4259522bcf51,1703.10152,lead,5,0.0,0.0,0.0,0.0,0.0,0.0,0,0,0,0.0,0.0,0.0,0.0,0,0
6e3e9818551fc2f8450bbf09b0fe82ac2506bc7a,1906.06349,lead,5,0.0,0.0,0.0,0.0,0.0,0.0,0,0,0,0.0,0.0,0.0,0.0,0,0
6e63db22a2a34c20ad341eb33f3422f40d0001d3,1909.02855,lead,5,0.0,0.0,0.0,0.0,0.0,0.0,0,0,0,0.0,0.0,0.0,0.0,0,0
6e80386b33fbfba8bc1ab811a597d844ae67c578,1910.12203,lead,5,0.3562071871080222,0.0,1.0,0.0,1.0,0.16666666666666666,0,0,0,0.0,0.0,0.0,0.0,0,0
70512cc9dcd45157e40c8d1f85e82d21ade7645b,1603.01547,lead,5,0.0,0.0,0.0,0.0,0.0,0.0,0,0,0,0.0,0.0,0.0,0.0,0,0
708f5f83a3c356b23b27a9175f5c35ac00cdf5db,1910.09916,lead,5,0.0,0.0,0.0,0.0,0.0,0.0,0,0,0,0.0,0.0,0.0,0.0,0,0
70abb108c3170e81f8725ddc1a3f2357be5a4959,1708.09025,lead,5,0.0,0.0,0.0,0.0,0.0,0.0,0,0,0,0.0,0.0,0.0,0.0,0,0
713e1c7b0ab17759ba85d7cd2041e387831661df,2002.06854,lead,5,0.23719771276929622,0.5,0.5,1.0,1.0,0.2,1,1,0,0.5,1.0,0.3333333333333333,0.2857142857142857,0,1
71413505d7d6579e2a453a1f09f4efd20197ab4b,1612.03762,lead,5,0.14126697285982898,0.0,0.3333333333333333,0.0,1.0,0.1111111111111111,0,0,0,0.0,0.0,0.0,0.0,0,0
718c0232b1f15ddb73d40c3afbd6c5c0d0354566,1806.09652,lead,5,0.0,0.0,0.0,0.0,0.0,0.0,0,0,0,0.0,0.0,0.0,0.0,0,0
71b07d08fb6ac8732aa4060ae94ec7c0657bb1db,1910.01160,lead,5,0.18457569677956817,0.0,0.5,0.0,1.0,0.1111111111111111,0,0,0,0.0,0.0,0.0,0.0,0,0
71b29ab3ddcdd11dcc63b0bb55e75914c07a2217,1908.06024,lead,5,0.6309297535714575,1.0,1.0,1.0,1.0,0.5,1,1,1,1.0,1.0,0.3333333333333333,0.3333333333333333,0,0
71fd0efea1b441d86d9a75255815ba3efe09779b,1905.07562,lead,5,0.0,0.0,0.0,0.0,0.0,0.0,0,0,0,0.0,0.0,0.0,0.0,0,0
7239c02a0dcc0c3c9d9cddb5e895bcf9cfcefee6,1602.03483,lead,5,0.0,0.0,0.0,0.0,0.0,0.0,0,0,0,0.0,0.0,0.0,0.0,0,0
726c5c1b6951287f4bae22978f9a91d22d9bef61,1610.09722,lead,5,0.0,0.0,0.0,0.0,0.0,0.0,0,0,0,0.0,0.0,0.0,0.0,0,0
72dbdd11b655b25b2b254e39689a7d912f334b71,1909.03553,lead,5,0.0,0.0,0.0,0.0,0.0,0.0,0,0,0,0.0,0.0,0.0,0.0,0,0
732bd97ae34541f215c436e2a1b98db1649cba27,1809.03391,lead,5,0.3010299956639812,0.0,1.0,0.0,1.0,0.1111111111111111,0,0,0,0.0,0.0,0.0,0.0,0,0
7380e62edcb11f728f6d617ee332dc8b5752b185,1612.07486,lead,5,0.23719771276929622,0.5,0.5,1.0,1.0,0.2,1,0,0,0.5,0.5,0.2857142857142857,0.2857142857142857,1,0
73c535a7b46f0c2408ea2b1da0a878b376a2bca5,1605.04278,lead,5,0.0,0.0,0.0,0.0,0.0,0.0,0,0,0,0.0,0.0,0.0,0.0,0,0
740cc392c0c8bfadfe6b3a60c0be635c03e17f2a,2004.00809,lead,5,0.6309297535714575,1.0,1.0,1.0,1.0,0.5,1,1,1,1.0,1.0,0.3333333333333333,0.3333333333333333,0,0
742d5e182b57bfa5f589fde645717ed0ac3f49c2,1610.09722,lead,5,0.0,0.0,0.0,0.0,0.0,0.0,0,0,0,0.0,0.0,0.0,0.0,0,0
74a17eb3bf1d4f36e2db1459a342c529b9785f6e,1805.09960,lead,5,0.20438239758848611,0.0,0.5,0.0,1.0,0.14285714285714285,0,0,0,0.0,0.0,0.0,0.0,0,0
74acaa205a5998af4ad7edbed66837a6f2b5c58b,1712.00733,lead,5,0.0,0.0,0.0,0.0,0.0,0.0,0,0,0,0.0,0.0,0.0,0.0,0,0
74cef0205e0f31d0ab28d0e4d96c1e8ef62d4cce,1903.04329,lead,5,0.0,0.0,0.0,0.0,0.0,0.0,0,0,0,0.0,0.0,0.0,0.0,0,0
74ebfba06f37cc95dfe59c3790ebe6165e6be19c,1702.02584,lead,5,0.37800210039683896,0.0,1.0,0.0,1.0,0.125,0,0,0,0.0,0.0,0.0,0.0,0,0
74fcb741d29892918903702dbb145fef372d1de3,1909.02322,lead,5,0.4366632592553499,0.5,0.75,1.0,1.0,0.25,1,0,0,0.5,0.6666666666666666,0.5,0.4444444444444444,1,0
753a187c1dd8d96353187fbb193b5f86293a796c,1911.01214,lead,5,0.20438239758848611,0.0,0.5,0.0,1.0,0.14285714285714285,0,0,0,0.0,0.0,0.0,0.0,0,0
754d7475b8bf50499ed77328b4b0eeedf9cb2623,1806.09652,lead,5,0.0,0.0,0.0,0.0,0.0,0.0,0,0,0,0.0,0.0,0.0,0.0,0,0
7557f2c3424ae70e2a79c51f9752adc99a9bdd39,1901.05389,lead,5,0.0,0.0,0.0,0.0,0.0,0.0,0,0,0,0.0,0.0,0.0,0.0,0,0
7561bd3b8ba7829b3a01ff07f9f3e93a7b8869cc,2002.06851,lead,5,0.0,0.0,0.0,0.0,0.0,0.0,0,0,0,0.0,0.0,0.0,0.0,0,0
756a8a9125e6984e0ca768b653c6c760efa3db66,1905.00840,lead,5,0.0,0.0,0.0,0.0,0.0,0.0,0,0,0,0.0,0.0,0.0,0.0,0,0
7572f6e68a2ed2c41b87c5088ba8680afa0c0a0b,1808.07231,lead,5,0.0,0.0,0.0,0.0,0.0,0.0,0,0,0,0.0,0.0,0.0,0.0,0,0
75b3e2d2caec56e5c8fbf6532070b98d70774b95,1911.12237,lead,5,0.23719771276929622,0.5,0.5,1.0,1.0,0.2,1,1,0,0.5,1.0,0.3333333333333333,0.2857142857142857,0,1
75c221920bee14a6153bd5f4c1179591b2f48d59,2004.02401,lead,5,0.0,0.0,0.0,0.0,0.0,0.0,0,0,0,0.0,0.0,0.0,0.0,0,0
7625068cc22a095109580b83eff48616387167c2,2004.03090,lead,5,0.3065735963827292,0.5,0.5,1.0,1.0,0.3333333333333333,1,1,0,0.5,1.0,0.3333333333333333,0.2857142857142857,0,1
76ae794ced3b5ae565f361451813f2f3bc85b214,1605.05156,lead,5,0.3664527071182851,0.14285714285714285,0.5714285714285714,1.0,1.0,0.2,1,0,0,0.14285714285714285,0.14285714285714285,0.16666666666666666,0.16666666666666666,1,0
76e17e648a4d1f386eb6bf61b0c24f134af872be,1808.07231,lead,5,0.0,0.0,0.0,0.0,0.0,0.0,0,0,0,0.0,0.0,0.0,0.0,0,0
76f90c88926256e7f90d2104a88acfdd7fc5475e,1910.07154,lead,5,0.6309297535714575,1.0,1.0,1.0,1.0,0.5,1,1,1,1.0,1.0,0.3333333333333333,0.3333333333333333,0,0
7748c072e07d6c6db5a34be38b4a5e97ac6d7999,1905.00840,lead,5,0.0,0.0,0.0,0.0,0.0,0.0,0,0,0,0.0,0.0,0.0,0.0,0,0
778c6a27182349dc5275282c3e9577bda2555c3d,1905.08067,lead,5,0.0,0.0,0.0,0.0,0.0,0.0,0,0,0,0.0,0.0,0.0,0.0,0,0
77a331d4d909d92fab9552b429adde5379b2ae69,1706.02222,lead,5,0.0,0.0,0.0,0.0,0.0,0.0,0,0,0,0.0,0.0,0.0,0.0,0,0
77bbe1698e001c5889217be3164982ea36e85752,1908.11046,lead,5,0.5437713091520254,1.0,1.0,1.0,1.0,0.3333333333333333,1,1,1,1.0,1.0,0.3333333333333333,0.5714285714285714,0,0
77bc886478925c8e9fb369b1ba5d05c42b3cd79a,1804.00982,lead,5,0.0,0.0,0.0,0.0,0.0,0.0,0,0,0,0.0,0.0,0.0,0.0,0,0
77c3416578b52994227bae7f2529600f02183e12,2003.11687,lead,5,0.0,0.0,0.0,0.0,0.0,0.0,0,0,0,0.0,0.0,0.0,0.0,0,0
78c7318b2218b906a67d8854f3e511034075f79a,1909.03087,lead,5,0.0,0.0,0.0,0.0,0.0,0.0,0,0,0,0.0,0.0,0.0,0.0,0,0
78f8dad0f1acf024f69b3218b2d204b8019bb0d2,1901.05415,lead,5,0.0,0.0,0.0,0.0,0.0,0.0,0,0,0,0.0,0.0,0.0,0.0,0,0
79258cea30cd6c0662df4bb712bf667589498a1f,1707.07568,lead,5,0.0,0.0,0.0,0.0,0.0,0.0,0,0,0,0.0,0.0,0.0,0.0,0,0
7969b8d80e12aa3ebb89b5622bc564f44e98329f,1909.11706,lead,5,0.0,0.0,0.0,0.0,0.0,0.0,0,0,0,0.0,0.0,0.0,0.0,0,0
79885526713cc16eb734c88ff1169ae802cad589,2002.00175,lead,5,0.0,0.0,0.0,0.0,0.0,0.0,0,0,0,0.0,0.0,0.0,0.0,0,0
79e61134a6e29141cd19252571ffc92a0b4bc97f,1907.05338,lead,5,0.0,0.0,0.0,0.0,0.0,0.0,0,0,0,0.0,0.0,0.0,0.0,0,0
7a212a34e9dbb0ba52c40471842b2e0e3e14f276,1908.09355,lead,5,0.21840743681816419,0.0,0.5,0.0,1.0,0.16666666666666666,0,0,0,0.0,0.0,0.0,0.0,0,0
7a84fed904acc1e0380deb6e5a2e1daacfb5907a,2001.04346,lead,5,0.0,0.0,0.0,0.0,0.0,0.0,0,0,0,0.0,0.0,0.0,0.0,0,0
7a8b24062a5bb63a8b4c729f6247a7fd2fec7f07,1907.08540,lead,5,0.0,0.0,0.0,0.0,0.0,0.0,0,0,0,0.0,0.0,0.0,0.0,0,0
7ae95716977d39d96e871e552c35ca0753115229,1610.09722,lead,5,0.0,0.0,0.0,0.0,0.0,0.0,0,0,0,0.0,0.0,0.0,0.0,0,0
7b76b8b69246525a48c0a8ca0c42db3319cd10a5,1704.08390,lead,5,0.0,0.0,0.0,0.0,0.0,0.0,0,0,0,0.0,0.0,0.0,0.0,0,0
7ba6330d105f49c7f71dba148bb73245a8ef2966,1708.07690,lead,5,0.0,0.0,0.0,0.0,0.0,0.0,0,0,0,0.0,0.0,0.0,0.0,0,0
7c2d6bc913523d77e8fdc82c60598ee95b445d84,1911.09709,lead,5,0.49818925746641285,0.6666666666666666,0.6666666666666666,1.0,1.0,0.5,1,1,0,0.6666666666666666,1.0,0.5714285714285714,0.5,0,1
7caeb5ef6f2985b2cf383cd01765d247c936605f,1910.01992,lead,5,0.350055666043193,0.2,0.6,1.0,1.0,0.2,1,0,0,0.2,0.25,0.2222222222222222,0.2,1,0
7cf44877dae8873139aede381fb9908dd0c546c4,1703.04357,lead,5,0.5706417189553201,1.0,1.0,1.0,1.0,0.3333333333333333,1,1,1,1.0,1.0,0.3333333333333333,0.5714285714285714,0,0
7d34cdd9cb1c988e218ce0fd59ba6a3b5de2024a,1802.03052,lead,5,0.0,0.0,0.0,0.0,0.0,0.0,0,0,0,0.0,0.0,0.0,0.0,0,0
7d503b3d4d415cf3e91ab08bd5a1a2474dd1047b,1909.08357,lead,5,0.0,0.0,0.0,0.0,0.0,0.0,0,0,0,0.0,0.0,0.0,0.0,0,0
7d8cd7d6c86349ef0bd4fdbd84c8dc49c7678f46,1709.06365,lead,5,0.0,0.0,0.0,0.0,0.0,0.0,0,0,0,0.0,0.0,0.0,0.0,0,0
7de0b2df60d3161dd581ed7915837d460020bc11,1909.06502,lead,5,0.42177340954886444,0.5,1.0,1.0,1.0,0.2,1,1,0,0.5,1.0,0.3333333333333333,0.2857142857142857,0,1
7e906dc00e92088a25df3719104d1750e5a27485,1909.13184,lead,5,1.0,1.0,1.0,1.0,1.0,1.0,1,1,1,1.0,1.0,0.3333333333333333,0.3333333333333333,0,0
7e9aec2bdf4256c6249cad9887c168d395b35270,1909.00871,lead,5,0.0,0.0,0.0,0.0,0.0,0.0,0,0,0,0.0,0.0,0.0,0.0,0,0
7ece07a84635269bb19796497847e4517d1e3e61,1709.06136,lead,5,0.18457569677956817,0.0,0.5,0.0,1.0,0.1111111111111111,0,0,0,0.0,0.0,0.0,0.0,0,0
7ef7a5867060f91eac8ad857c186e51b767c734b,1908.06259,lead,5,0.0,0.0,0.0,0.0,0.0,0.0,0,0,0,0.0,0.0,0.0,0.0,0,0
7f958017cbb08962c80e625c2fd7a1e2375f27a3,1809.08899,lead,5,0.0,0.0,0.0,0.0,0.0,0.0,0,0,0,0.0,0.0,0.0,0.0,0,0
7ff7c286d3118a8be5688e2d18e9a56fe83679ad,1812.00382,lead,5,0.45749452618986164,0.5,1.0,1.0,1.0,0.25,1,1,0,0.5,1.0,0.3333333333333333,0.2857142857142857,0,1
800fcd8b08d36c5276f9e5e1013208d41b46de59,1805.04558,lead,5,0.0,0.0,0.0,0.0,0.0,0.0,0,0,0,0.0,0.0,0.0,0.0,0,0
803babb71e1bdaf507847d6c712585f4128e9f47,1910.14589,lead,5,0.0,0.0,0.0,0.0,0.0,0.0,0,0,0,0.0,0.0,0.0,0.0,0,0
804466848f4fa1c552f0d971dce226cd18b9edda,1908.11053,lead,5,0.0,0.0,0.0,0.0,0.0,0.0,0,0,0,0.0,0.0,0.0,0.0,0,0
804bf5adc6dc5dd52f8079cf041ed3a710e03f8a,1805.04833,lead,5,0.0,0.0,0.0,0.0,0.0,0.0,0,0,0,0.0,0.0,0.0,0.0,0,0
80bb07e553449bde9ac0ff35fcc718d7c161f2d4,2003.12660,lead,5,0.3333333333333333,0.0,1.0,0.0,1.0,0.14285714285714285,0,0,0,0.0,0.0,0.0,0.0,0,0
80d6b9123a10358f57f259b8996a792cac08cb88,1809.06083,lead,5,0.0,0.0,0.0,0.0,0.0,0.0,0,0,0,0.0,0.0,0.0,0.0,0,0
811b67460e65232b8f363dc3f329ffecdfcc4ab2,1911.12893,lead,5,0.0,0.0,0.0,0.0,0.0,0.0,0,0,0,0.0,0.0,0.0,0.0,0,0
813a8156f9ed8ead53dda60ef54601f6ca8076e9,1607.00167,lead,5,0.3065735963827292,0.5,0.5,1.0,1.0,0.3333333333333333,1,0,0,0.5,0.5,0.2857142857142857,0.2857142857142857,1,0
814e945668e2b6f31b088918758b120fb00ada7d,2003.11687,lead,5,0.0,0.0,0.0,0.0,0.0,0.0,0,0,0,0.0,0.0,0.0,0.0,0,0
81e101b2c803257492d67a00e8a1d9a07cbab136,1909.05372,lead,5,0.0,0.0,0.0,0.0,0.0,0.0,0,0,0,0.0,0.0,0.0,0.0,0,0
824629b36a75753b1500d9dcaee0fc3c758297b1,1905.08067,lead,5,0.0,0.0,0.0,0.0,0.0,0.0,0,0,0,0.0,0.0,0.0,0.0,0,0
8246d1eee1482555d075127ac84f2e1d0781a446,1805.11598,lead,5,0.6509209298071326,1.0,1.0,1.0,1.0,0.5,1,1,1,1.0,1.0,0.5714285714285714,0.5714285714285714,0,0
8276671a4d4d1fbc097cd4a4b7f5e7fadd7b9833,2002.00175,lead,5,0.0,0.0,0.0,0.0,0.0,0.0,0,0,0,0.0,0.0,0.0,0.0,0,0
82f8843b59668567bba09fc8f93963ca7d1fe107,1908.07491,lead,5,0.11284514134893527,0.0,0.25,0.0,1.0,0.1,0,0,0,0.0,0.0,0.0,0.0,0,0
83db51da819adf6faeb950fe04b4df942a887fb5,1809.08899,lead,5,0.49954410894683854,0.0,1.0,0.0,1.0,0.16666666666666666,0,0,0,0.0,0.0,0.0,0.0,0,0
845bdcd900c0f96b2ae091d086fb1ab8bb1063f0,2004.00809,lead,5,0.6112833214150002,0.3333333333333333,1.0,1.0,1.0,0.5,1,1,0,0.3333333333333333,1.0,0.3333333333333333,0.25,0,1
84765903b8c7234ca2919d0a40e3c6a5bcedf45d,1911.04873,lead,5,0.0,0.0,0.0,0.0,0.0,0.0,0,0,0,0.0,0.0,0.0,0.0,0,0
8599d6d14ac157169920c73b98a79737c7a68cf5,1909.00437,lead,5,0.18457569677956817,0.0,0.5,0.0,1.0,0.1111111111111111,0,0,0,0.0,0.0,0.0,0.0,0,0
85e417231a4bbb6691f7a89bd81710525f8fec4c,1611.06322,lead,5,0.0,0.0,0.0,0.0,0.0,0.0,0,0,0,0.0,0.0,0.0,0.0,0,0
860257956b83099cccf1359e5d960289d7d50265,1702.02367,lead,5,0.0,0.0,0.0,0.0,0.0,0.0,0,0,0,0.0,0.0,0.0,0.0,0,0
863b3f29f8c59f224b4cbdb5f1097b45a25f1d88,2001.04346,lead,5,0.0,0.0,0.0,0.0,0.0,0.0,0,0,0,0.0,0.0,0.0,0.0,0,0
865811dcf63a1dd3f22c62ec39ffbca4b182de31,1709.05295,lead,5,0.0,0.0,0.0,0.0,0.0,0.0,0,0,0,0.0,0.0,0.0,0.0,0,0
86656aae3c27c6ea108f5600dd09ab7e421d876a,1906.01749,lead,5,0.31546487678572877,0.0,1.0,0.0,1.0,0.125,0,0,0,0.0,0.0,0.0,0.0,0,0
867b1bb1e6a38de525be7757d49928a132d0dbd8,1912.00342,lead,5,0.2640681225725909,0.5,0.5,1.0,1.0,0.25,1,1,0,0.5,1.0,0.3333333333333333,0.2857142857142857,0,1
86c867b393db0ec4ad09abb48cc1353cac47ea4c,1806.07042,lead,5,0.3065735963827292,0.5,0.5,1.0,1.0,0.3333333333333333,1,1,0,0.5,1.0,0.3333333333333333,0.2857142857142857,0,1
86d1c990c1639490c239c3dbf5492ecc44ab6652,1708.01065,lead,5,0.0,0.0,0.0,0.0,0.0,0.0,0,0,0,0.0,0.0,0.0,0.0,0,0
8701ec7345ccc2c35eca4e132a8e16d58585cd63,1908.05731,lead,5,0.0,0.0,0.0,0.0,0.0,0.0,0,0,0,0.0,0.0,0.0,0.0,0,0
871f7661f5a3da366b0b5feaa36f54fd3dedae8e,2003.09244,lead,5,0.0,0.0,0.0,0.0,0.0,0.0,0,0,0,0.0,0.0,0.0,0.0,0,0
8795bb1f874e5f3337710d8c3d5be49e672ab43a,1908.05803,lead,5,0.38685280723454163,1.0,1.0,1.0,1.0,0.2,1,1,1,1.0,1.0,0.3333333333333333,0.3333333333333333,0,0
88757bc49ccab76e587fba7521f0981d6a1af2f7,1702.02584,lead,5,0.43067655807339306,1.0,1.0,1.0,1.0,0.25,1,1,1,1.0,1.0,0.3333333333333333,0.3333333333333333,0,0
887d7f3edf37ccc6bf2e755dae418b04d2309686,1805.11937,lead,5,0.0,0.0,0.0,0.0,0.0,0.0,0,0,0,0.0,0.0,0.0,0.0,0,0
89373db8ced1fe420eae0093b2736f06b565616e,1901.02780,lead,5,0.8318724637288826,0.75,0.75,1.0,1.0,1.0,1,1,0,0.75,1.0,0.75,0.6666666666666666,0,1
894bbb1e42540894deb31c04cba0e6cfb10ea912,1911.12237,lead,5,0.0,0.0,0.0,0.0,0.0,0.0,0,0,0,0.0,0.0,0.0,0.0,0,0
8a0e1a298716698a305153c524bf03d18969b1c6,2001.11316,lead,5,0.6131471927654584,0.5,0.5,1.0,1.0,1.0,1,1,0,0.5,1.0,0.3333333333333333,0.2857142857142857,0,1
8ad5ebca2f69023b60ccfa3aac0ed426234437ac,1911.02747,lead,5,0.23719771276929622,0.5,0.5,1.0,1.0,0.2,1,0,0,0.5,0.5,0.2857142857142857,0.2857142857142857,1,0
8b1af67e3905244653b4cf66ba0acec8d6bff81f,1704.08390,lead,5,0.16716045496620227,0.0,0.3333333333333333,0.0,1.0,0.16666666666666666,0,0,0,0.0,0.0,0.0,0.0,0,0
8b49423b7d1fa834128aa5038aa16c6ef3fdfa32,1909.04242,lead,5,0.0,0.0,0.0,0.0,0.0,0.0,0,0,0,0.0,0.0,0.0,0.0,0,0
8b8adb1d5a1824c8995b3eba668745c44f61c9c6,1903.04329,lead,5,0.15101961822780524,0.25,0.25,1.0,1.0,0.2,1,0,0,0.25,0.5,0.2857142857142857,0.2222222222222222,1,0
8c288120139615532838f21094bba62a77f92617,1802.06053,lead,5,0.0,0.0,0.0,0.0,0.0,0.0,0,0,0,0.0,0.0,0.0,0.0,0,0
8c89f1d1b3c2a45c0254c4c8d6e700ab9a4b4ffb,1703.10090,lead,5,0.3621576404427382,0.42857142857142855,0.42857142857142855,1.0,1.0,0.3333333333333333,1,0,0,0.42857142857142855,0.75,0.6666666666666666,0.5,1,0
8cbe3fa4ec0f66071e3d6b829b09b6395b631c44,1611.06322,lead,5,0.43067655807339306,1.0,1.0,1.0,1.0,0.25,1,1,1,1.0,1.0,0.3333333333333333,0.3333333333333333,0,0
8cf52ba480d372fc15024b3db704952f10fdca27,1802.02614,lead,5,0.5,1.0,1.0,1.0,1.0,0.3333333333333333,1,1,1,1.0,1.0,0.3333333333333333,0.3333333333333333,0,0
8cf5abf0126f19253930478b02f0839af28e4093,1805.04558,lead,5,0.0,0.0,0.0,0.0,0.0,0.0,0,0,0,0.0,0.0,0.0,0.0,0,0
8d3f79620592d040f9f055b4fce0f73cc45aab63,1711.04964,lead,5,0.0,0.0,0.0,0.0,0.0,0.0,0,0,0,0.0,0.0,0.0,0.0,0,0
8d683d2e1f46626ceab60ee4ab833b50b346c29e,1908.11053,lead,5,0.0,0.0,0.0,0.0,0.0,0.0,0,0,0,0.0,0.0,0.0,0.0,0,0
8db11d9166474a0e98b99ac7f81d1f14539d79ec,1910.10487,lead,5,0.0,0.0,0.0,0.0,0.0,0.0,0,0,0,0.0,0.0,0.0,0.0,0,0
8ddf78dbdc6ac964a7102ae84df18582841f2e3c,1605.05156,lead,5,0.3562071871080222,0.0,1.0,0.0,1.0,0.16666666666666666,0,0,0,0.0,0.0,0.0,0.0,0,0
8de0e1fdcca81b49615a6839076f8d42226bf1fe,1908.07888,lead,5,0.0,0.0,0.0,0.0,0.0,0.0,0,0,0,0.0,0.0,0.0,0.0,0,0
8dfdd1ed805bb23c774fbb032ef1d97c6802e07c,1706.02427,lead,5,0.23463936301137822,0.3333333333333333,0.3333333333333333,1.0,1.0,0.3333333333333333,1,1,0,0.3333333333333333,1.0,0.3333333333333333,0.25,0,1
8e113fd9661bc8af97e30c75a20712f01fc4520a,1911.10401,lead,5,0.0,0.0,0.0,0.0,0.0,0.0,0,0,0,0.0,0.0,0.0,0.0,0,0
8e26c471ca0ee1b9779da04c0b81918fd310d0f3,1906.05506,lead,5,0.23719771276929622,0.5,0.5,1.0,1.0,0.2,1,1,0,0.5,1.0,0.3333333333333333,0.2857142857142857,0,1
8f6b11413a19fe4639b3fba88fc6b3678286fa0c,1911.09241,lead,5,0.0,0.0,0.0,0.0,0.0,0.0,0,0,0,0.0,0.0,0.0,0.0,0,0
8faec509406d33444bd620afc829adc9eae97644,1912.07940,lead,5,0.46845052016107697,0.5,1.0,1.0,1.0,0.25,1,1,0,0.5,1.0,0.3333333333333333,0.2857142857142857,0,1
8ffae517bc0efa453b7e316d41bd9f1b6679b158,1909.05372,lead,5,0.20438239758848611,0.0,0.5,0.0,1.0,0.14285714285714285,0,0,0,0.0,0.0,0.0,0.0,0,0
903ac8686ed7e6e3269a5d863f06ff11c50e49e8,1907.00168,lead,5,0.6309297535714575,1.0,1.0,1.0,1.0,0.5,1,1,1,1.0,1.0,0.3333333333333333,0.3333333333333333,0,0
90756bdcd812b7ecc1c5df2298aa7561fd2eb02c,1804.01155,lead,5,0.0,0.0,0.0,0.0,0.0,0.0,0,0,0,0.0,0.0,0.0,0.0,0,0
908ba58d26d15c14600623498d4e86c9b73b14b2,2004.02105,lead,5,0.23719771276929622,0.5,0.5,1.0,1.0,0.2,1,1,0,0.5,1.0,0.3333333333333333,0.2857142857142857,0,1
909ecf675f874421eecc926a9f7486475aa1423c,1908.07888,lead,5,0.0,0.0,0.0,0.0,0.0,0.0,0,0,0,0.0,0.0,0.0,0.0,0,0
90aba75508aa145475d7cc9a501bbe987c0e8413,2004.02363,lead,5,0.38685280723454163,1.0,1.0,1.0,1.0,0.2,1,1,1,1.0,1.0,0.3333333333333333,0.3333333333333333,0,0
90dde59e1857a0d2b1ee4615ab017fee0741f29f,1911.12893,lead,5,0.0,0.0,0.0,0.0,0.0,0.0,0,0,0,0.0,0.0,0.0,0.0,0,0
9119fbfba84d298014d1b74e0e3d30330320002c,1912.00239,lead,5,0.0,0.0,0.0,0.0,0.0,0.0,0,0,0,0.0,0.0,0.0,0.0,0,0
91336f12ab94a844b66b607f8621eb8bbd209f32,1909.09070,lead,5,0.0,0.0,0.0,0.0,0.0,0.0,0,0,0,0.0,0.0,0.0,0.0,0,0
9133a85730c4090fe8b8d08eb3d9146efe7d7037,1803.05160,lead,5,0.09109240322345806,0.0,0.16666666666666666,0.0,1.0,0.1111111111111111,0,0,0,0.0,0.0,0.0,0.0,0,0
915e4d0b3cb03789a20380ead961d473cb95bfc3,1710.11027,lead,5,0.3010299956639812,0.0,1.0,0.0,1.0,0.1111111111111111,0,0,0,0.0,0.0,0.0,0.0,0,0
919681faa9731057b3fae5052b7da598abd3e04b,2004.04498,lead,5,0.0,0.0,0.0,0.0,0.0,0.0,0,0,0,0.0,0.0,0.0,0.0,0,0
91e361e85c6d3884694f3c747d61bfcef171bab0,1909.12079,lead,5,0.7039180890341347,0.6666666666666666,0.6666666666666666,1.0,1.0,1.0,1,0,0,0.6666666666666666,0.6666666666666666,0.5,0.5,1,0
9207f19e65422bdf28f20e270ede6c725a38e5f9,1605.05156,lead,5,0.45560514958746035,0.5,1.0,1.0,1.0,0.2,1,0,0,0.5,0.5,0.2857142857142857,0.2857142857142857,1,0
92fc94a4999d1b25a0593904025eb7b8953bb28b,1909.06708,lead,5,0.0,0.0,0.0,0.0,0.0,0.0,0,0,0,0.0,0.0,0.0,0.0,0,0
9489b0ecb643c1fc95c001c65d4e9771315989aa,1704.04451,lead,5,0.0,0.0,0.0,0.0,0.0,0.0,0,0,0,0.0,0.0,0.0,0.0,0,0
949a2bc34176e47a4d895bcc3223f2a960f15a81,1708.09025,lead,5,0.0,0.0,0.0,0.0,0.0,0.0,0,0,0,0.0,0.0,0.0,0.0,0,0
95646d0ac798dcfc15b43fa97a1908df9f7b9681,1910.13793,lead,5,0.0,0.0,0.0,0.0,0.0,0.0,0,0,0,0.0,0.0,0.0,0.0,0,0
9595fdf7b51251679cd39bc4f6befc81f09c853c,1901.05389,lead,5,0.0,0.0,0.0,0.0,0.0,0.0,0,0,0,0.0,0.0,0.0,0.0,0,0
95af7aaea3ce9dab4cf64e2229ce9b98381dd050,1612.03762,lead,5,0.0,0.0,0.0,0.0,0.0,0.0,0,0,0,0.0,0.0,0.0,0.0,0,0
95ef89dc29ff291bdbe48cb956329a6a06d36db8,1911.00461,lead,5,0.9197207891481876,1.0,1.0,1.0,1.0,1.0,1,1,1,1.0,1.0,0.3333333333333333,0.5714285714285714,0,0
961a97149127e1123c94fbf7e2021eb1aa580ecb,1911.09247,lead,5,0.0,0.0,0.0,0.0,0.0,0.0,0,0,0,0.0,0.0,0.0,0.0,0,0
96459b02efa82993a0b413530ed0b517c6633eea,1908.10090,lead,5,0.0,0.0,0.0,0.0,0.0,0.0,0,0,0,0.0,0.0,0.0,0.0,0,0
965e0ce975a0b8612a30cfc31bbfd4b8a57aa138,1706.02427,lead,5,0.20438239758848611,0.0,0.5,0.0,1.0,0.14285714285714285,0,0,0,0.0,0.0,0.0,0.0,0,0
97055ab0227ed6ac7a8eba558b94f01867bb9562,1610.07149,lead,5,0.0,0.0,0.0,0.0,0.0,0.0,0,0,0,0.0,0.0,0.0,0.0,0,0
97708d93bccc832ea671dc31a76dad6a121fcd60,1707.06875,lead,5,0.0,0.0,0.0,0.0,0.0,0.0,0,0,0,0.0,0.0,0.0,0.0,0,0
9887ca3d25e2109f41d1da80eeea05c465053fbc,1911.12722,lead,5,0.38685280723454163,0.5,0.5,1.0,1.0,0.5,1,0,0,0.5,0.5,0.2857142857142857,0.2857142857142857,1,0
98b97d24f31e9c535997e9b6cb126eb99fc72a90,1910.01160,lead,5,0.0,0.0,0.0,0.0,0.0,0.0,0,0,0,0.0,0.0,0.0,0.0,0,0
991ea04072b3412928be5e6e903cfa54eeac3951,1808.10006,lead,5,0.0,0.0,0.0,0.0,0.0,0.0,0,0,0,0.0,0.0,0.0,0.0,0,0
9925e7d8757e8fd7411bcb5250bc08158a244fb3,1911.05652,lead,5,0.43067655807339306,1.0,1.0,1.0,1.0,0.25,1,1,1,1.0,1.0,0.3333333333333333,0.3333333333333333,0,0
992e67f706c728bc0e534f974c1656da10e7a724,1911.10401,lead,5,0.0,0.0,0.0,0.0,0.0,0.0,0,0,0,0.0,0.0,0.0,0.0,0,0
998fa38634000f2d7b52d16518b9e18e898ce933,1908.05758,lead,5,0.0,0.0,0.0,0.0,0.0,0.0,0,0,0,0.0,0.0,0.0,0.0,0,0
99e99f2c25706085cd4de4d55afe0ac43213d7c8,2002.09616,lead,5,0.0,0.0,0.0,0.0,0.0,0.0,0,0,0,0.0,0.0,0.0,0.0,0,0
99f898eb91538cb82bc9a00892d54ae2a740961e,1710.10380,lead,5,0.0,0.0,0.0,0.0,0.0,0.0,0,0,0,0.0,0.0,0.0,0.0,0,0
9a7aeecbecf5e30ffa595c233fca31719c9b429f,1704.08390,lead,5,0.0,0.0,0.0,0.0,0.0,0.0,0,0,0,0.0,0.0,0.0,0.0,0,0
9aabcba3d44ee7d0bbf6a2c019ab9e0f02fab244,1605.05195,lead,5,0.40179981797758046,0.3333333333333333,0.6666666666666666,1.0,1.0,0.3333333333333333,1,0,0,0.3333333333333333,0.5,0.2857142857142857,0.25,1,0
9b05d5f723a8a452522907778a084b52e27fd924,1803.08614,lead,5,0.17723928678404774,0.0,0.5,0.0,1.0,0.1,0,0,0,0.0,0.0,0.0,0.0,0,0
9b1382b44dc69f7ee20acf952f7ceb1c3ef83965,1610.03955,lead,5,0.5109559939712153,0.5,1.0,1.0,1.0,0.3333333333333333,1,1,0,0.5,1.0,0.3333333333333333,0.2857142857142857,0,1
9b536f4428206ef7afabc4ff0a2ebcbabd68b985,2001.11316,lead,5,0.0,0.0,0.0,0.0,0.0,0.0,0,0,0,0.0,0.0,0.0,0.0,0,0
9b6339e24f58b576143d2adf599cfc4a31fd3b0c,2003.11531,lead,5,0.0,0.0,0.0,0.0,0.0,0.0,0,0,0,0.0,0.0,0.0,0.0,0,0
9b868c7d17852f46a8fe725f24cb9548fdbd2b05,1903.02930,lead,5,0.0,0.0,0.0,0.0,0.0,0.0,0,0,0,0.0,0.0,0.0,0.0,0,0
9baca9bdb8e7d5a750f8cbe3282beb371347c164,1901.05389,lead,5,0.0,0.0,0.0,0.0,0.0,0.0,0,0,0,0.0,0.0,0.0,0.0,0,0
9be9354eeb2bb1827eeb1e23a20cfdca59fb349a,2002.03056,lead,5,0.0,0.0,0.0,0.0,0.0,0.0,0,0,0,0.0,0.0,0.0,0.0,0,0
9c2cacf77041e02d38f92a4c490df1e04552f96f,1905.00472,lead,5,0.0,0.0,0.0,0.0,0.0,0.0,0,0,0,0.0,0.0,0.0,0.0,0,0
9c529bd3f7565b2178a79aae01c98c90f9d372ad,1705.00571,lead,5,0.38685280723454163,1.0,1.0,1.0,1.0,0.2,1,1,1,1.0,1.0,0.3333333333333333,0.3333333333333333,0,0
9ca85242ebeeafa88a0246986aa760014f6094f2,1803.05160,lead,5,0.0,0.0,0.0,0.0,0.0,0.0,0,0,0,0.0,0.0,0.0,0.0,0,0
9ce90f4132b34a328fa49a63e897f376a3ad3ca8,1909.00871,lead,5,0.3065735963827292,0.5,0.5,1.0,1.0,0.3333333333333333,1,1,0,0.5,1.0,0.3333333333333333,0.2857142857142857,0,1
9d6b2672b11d49c37a6bfb06172d39742d48aef4,1705.10272,lead,5,0.38685280723454163,1.0,1.0,1.0,1.0,0.2,1,1,1,1.0,1.0,0.3333333333333333,0.3333333333333333,0,0
9d6d17120c42a834b2b5d96f2120d646218ed4bb,1706.02427,lead,5,0.2836929289153804,0.0,0.6666666666666666,0.0,1.0,0.125,0,0,0,0.0,0.0,0.0,0.0,0,0
9d963d385bd495a7e193f8a498d64c1612e6c20c,1907.01339,lead,5,0.0,0.0,0.0,0.0,0.0,0.0,0,0,0,0.0,0.0,0.0,0.0,0,0
9da181ac8f2600eb19364c1b1e3cdeb569811a11,1908.10001,lead,5,0.11751610475642714,0.0,0.25,0.0,1.0,0.1111111111111111,0,0,0,0.0,0.0,0.0,0.0,0,0
9dcc10a4a325d4c9cb3bb8134831ee470be47e93,1602.03483,lead,5,0.0,0.0,0.0,0.0,0.0,0.0,0,0,0,0.0,0.0,0.0,0.0,0,0
9dd8ce48a2a59a63ae6366ab8b2b8828e5ae7f35,1904.02954,lead,5,0.0,0.0,0.0,0.0,0.0,0.0,0,0,0,0.0,0.0,0.0,0.0,0,0
9e9aa8af4b49e2e1e8cd9995293a7982ea1aba0e,1910.09387,lead,5,0.0,0.0,0.0,0.0,0.0,0.0,0,0,0,0.0,0.0,0.0,0.0,0,0
9ec0527bda2c302f4e82949cc0ae7f7769b7bfb8,2003.00864,lead,5,0.0,0.0,0.0,0.0,0.0,0.0,0,0,0,0.0,0.0,0.0,0.0,0,0
9eec16e560f9ccafd7ba6f1e0db742b330b42ba9,1710.11334,lead,5,0.23719771276929622,0.5,0.5,1.0,1.0,0.2,1,1,0,0.5,1.0,0.3333333333333333,0.2857142857142857,0,1
9ef0d2365bde0d18054511fbb53cec5fa2cda5ee,1908.11049,lead,5,0.2640681225725909,0.5,0.5,1.0,1.0,0.25,1,1,0,0.5,1.0,0.3333333333333333,0.2857142857142857,0,1
9f065e787a0d40bb4550be1e0d64796925459005,1708.07252,lead,5,0.3065735963827292,0.5,0.5,1.0,1.0,0.3333333333333333,1,1,0,0.5,1.0,0.3333333333333333,0.2857142857142857,0,1
9f1d81b2a6fe6835042a5229690e1951b97ff671,1806.04387,lead,5,0.31546487678572877,0.0,1.0,0.0,1.0,0.125,0,0,0,0.0,0.0,0.0,0.0,0,0
9f1e60ee86a5c46abe75b67ef369bf92a5090568,1911.11899,lead,5,0.0,0.0,0.0,0.0,0.0,0.0,0,0,0,0.0,0.0,0.0,0.0,0,0
9f74f3991b8681619d95ab93a7c8733a843ddffe,1907.10676,lead,5,0.16958010263680806,0.2,0.2,1.0,1.0,0.3333333333333333,1,1,0,0.2,1.0,0.3333333333333333,0.2,0,1
a064337bafca8cf01e222950ea97ebc184c47bc0,1609.02075,lead,5,0.2691828628414762,0.0,0.5,0.0,1.0,0.16666666666666666,0,0,0,0.0,0.0,0.0,0.0,0,0
a064d01d45a33814947161ff208abb88d4353b26,1711.03759,lead,5,0.6309297535714575,1.0,1.0,1.0,1.0,0.5,1,1,1,1.0,1.0,0.3333333333333333,0.3333333333333333,0,0
a0fd0c0fe042ad045b8d5095c81643ef3a352b81,1604.02038,lead,5,0.36926780146674987,0.3333333333333333,0.6666666666666666,1.0,1.0,0.25,1,0,0,0.3333333333333333,0.5,0.2857142857142857,0.25,1,0
a18d74109ed55ed14c33913efa62e12f207279c0,1802.09059,lead,5,0.31546487678572877,0.0,1.0,0.0,1.0,0.125,0,0,0,0.0,0.0,0.0,0.0,0,0
a1ac4463031bbc42c80893b57c0055b860f12e10,1908.06893,lead,5,0.0,0.0,0.0,0.0,0.0,0.0,0,0,0,0.0,0.0,0.0,0.0,0,0
a24b2269b292fd0ee81d50303d1315383c594382,2004.03090,lead,5,0.3010299956639812,0.0,1.0,0.0,1.0,0.1111111111111111,0,0,0,0.0,0.0,0.0,0.0,0,0
a28c73a6a8c46a43a1eec2b42b542dd7fde1e30e,1906.05506,lead,5,0.0,0.0,0.0,0.0,0.0,0.0,0,0,0,0.0,0.0,0.0,0.0,0,0
a2baa8e266318f23f43321c4b2b9cf467718c94a,1611.00440,lead,5,0.3010299956639812,0.0,1.0,0.0,1.0,0.1111111111111111,0,0,0,0.0,0.0,0.0,0.0,0,0
a2edd0454026811223b8f31512bdae91159677be,2002.03056,lead,5,0.2303612461053624,0.0,0.5,0.0,1.0,0.1111111111111111,0,0,0,0.0,0.0,0.0,0.0,0,0
a3705b53c6710b41154c65327b7bbec175bdfae7,1910.03355,lead,5,0.0,0.0,0.0,0.0,0.0,0.0,0,0,0,0.0,0.0,0.0,0.0,0,0
a398c9b061f28543bc77c2951d0dfc5d1bee9e87,1808.00957,lead,5,0.0,0.0,0.0,0.0,0.0,0.0,0,0,0,0.0,0.0,0.0,0.0,0,0
a3a867f7b3557c168d05c517c468ff6c7337bff9,1701.03578,lead,5,0.3156484524795145,0.4,0.4,1.0,1.0,0.3333333333333333,1,0,0,0.4,0.6666666666666666,0.5,0.4,1,0
a3ba21341f0cb79d068d24de33b23c36fa646752,2002.06851,lead,5,0.0,0.0,0.0,0.0,0.0,0.0,0,0,0,0.0,0.0,0.0,0.0,0,0
a3e7d7389228a197c8c44e0c504a791b60f2c80d,1909.00091,lead,5,0.0,0.0,0.0,0.0,0.0,0.0,0,0,0,0.0,0.0,0.0,0.0,0,0
a464052fd11af1d2d99e407c11791269533d43d1,1802.06053,lead,5,0.6934264036172708,1.0,1.0,1.0,1.0,0.5,1,1,1,1.0,1.0,0.5714285714285714,0.5714285714285714,0,0
a4a9971799c8860b50f219c93f050ebf6a627b3d,1905.08067,lead,5,0.38364913903790027,0.6666666666666666,0.6666666666666666,1.0,1.0,0.25,1,1,0,0.6666666666666666,1.0,0.5,0.5,0,1
a4b77a20e067789691e0ab246bc5b11913d77ae1,1703.04009,lead,5,0.6309297535714575,1.0,1.0,1.0,1.0,0.5,1,1,1,1.0,1.0,0.3333333333333333,0.3333333333333333,0,0
a4cf0cf372f62b2dbc7f31c600c6c66246263328,1912.11980,lead,5,0.0,0.0,0.0,0.0,0.0,0.0,0,0,0,0.0,0.0,0.0,0.0,0,0
a59e86a15405c8a11890db072b99fda3173e5ab2,1704.04451,lead,5,0.0,0.0,0.0,0.0,0.0,0.0,0,0,0,0.0,0.0,0.0,0.0,0,0
a5df7361ae37b9512fb57cb93efbece9ded8cab1,1710.11027,lead,5,0.0,0.0,0.0,0.0,0.0,0.0,0,0,0,0.0,0.0,0.0,0.0,0,0
a606bffed3bfeebd1b66125be580f908244e5d92,1911.09753,lead,5,0.0,0.0,0.0,0.0,0.0,0.0,0,0,0,0.0,0.0,0.0,0.0,0,0
a67a2d9acad1787b636ca2681330f4c29a0b0254,1606.07043,lead,5,0.0,0.0,0.0,0.0,0.0,0.0,0,0,0,0.0,0.0,0.0,0.0,0,0
a71fb012631e6a8854d5945b6d0ab2ab8e7b7ee6,1611.04234,lead,5,0.0,0.0,0.0,0.0,0.0,0.0,0,0,0,0.0,0.0,0.0,0.0,0,0
a7313c29b154e84b571322532f5cab08e9d49e51,2003.13028,lead,5,0.0,0.0,0.0,0.0,0.0,0.0,0,0,0,0.0,0.0,0.0,0.0,0,0
a77d38427639d54461ae308f3045434f81e497d0,1906.08871,lead,5,0.0,0.0,0.0,0.0,0.0,0.0,0,0,0,0.0,0.0,0.0,0.0,0,0
a786cceba4372f6041187c426432853eda03dca6,1910.02001,lead,5,0.0,0.0,0.0,0.0,0.0,0.0,0,0,0,0.0,0.0,0.0,0.0,0,0
a79a23573d74ec62cbed5d5457a51419a66f6296,1906.04287,lead,5,0.0,0.0,0.0,0.0,0.0,0.0,0,0,0,0.0,0.0,0.0,0.0,0,0
a7e1b13cc42bfe78d37b9c943de6288e5f00f01b,1608.01972,lead,5,0.0,0.0,0.0,0.0,0.0,0.0,0,0,0,0.0,0.0,0.0,0.0,0,0
a836ab8eb5a72af4b0a0c83bf42a2a14d1b38763,1911.07620,lead,5,0.0,0.0,0.0,0.0,0.0,0.0,0,0,0,0.0,0.0,0.0,0.0,0,0
a837dcbd339e27a974e28944178c790a5b0b37c0,1910.02001,lead,5,0.0,0.0,0.0,0.0,0.0,0.0,0,0,0,0.0,0.0,0.0,0.0,0,0
a8cc891bb8dccf0d32c1c9cd1699d5ead0eed711,1909.04251,lead,5,0.0,0.0,0.0,0.0,0.0,0.0,0,0,0,0.0,0.0,0.0,0.0,0,0
a8e5e10d13b3f21dd11e8eb58e30cc25efc56e93,1708.09025,lead,5,0.0,0.0,0.0,0.0,0.0,0.0,0,0,0,0.0,0.0,0.0,0.0,0,0
a8f189fad8b72f8b2b4d2da4ed8475d31642d9e7,1611.01116,lead,5,0.0,0.0,0.0,0.0,0.0,0.0,0,0,0,0.0,0.0,0.0,0.0,0,0
a98ae529b47362f917a398015c8525af3646abf0,1912.11637,lead,5,0.0,0.0,0.0,0.0,0.0,0.0,0,0,0,0.0,0.0,0.0,0.0,0,0
a994cc18046912a8c9328dc572f4e4310736c0e2,1704.03279,lead,5,0.0,0.0,0.0,0.0,0.0,0.0,0,0,0,0.0,0.0,0.0,0.0,0,0
a9cae57f494deb0245b40217d699e9a22db0ea6e,1611.02378,lead,5,0.0,0.0,0.0,0.0,0.0,0.0,0,0,0,0.0,0.0,0.0,0.0,0,0
a9d5f83f4b32c52105f2ae1c570f1c590ac52487,1909.08211,lead,5,0.0,0.0,0.0,0.0,0.0,0.0,0,0,0,0.0,0.0,0.0,0.0,0,0
a9eb8039431e2cb885cfcf96eb58c0675b36b3bd,1908.05758,lead,5,0.21840743681816419,0.0,0.5,0.0,1.0,0.16666666666666666,0,0,0,0.0,0.0,0.0,0.0,0,0
a9ff35f77615b3a4e7fd7b3a53d0b288a46f06ce,1911.11025,lead,5,0.0,0.0,0.0,0.0,0.0,0.0,0,0,0,0.0,0.0,0.0,0.0,0,0
aa287673534fc05d8126c8e3486ca28821827034,1607.00167,lead,5,0.2638647595767405,0.25,0.5,1.0,1.0,0.2,1,0,0,0.25,0.3333333333333333,0.25,0.2222222222222222,1,0
aa7c5386aedfb13a361a2629b67cb54277e208d2,1911.04128,lead,5,0.20438239758848611,0.0,0.5,0.0,1.0,0.14285714285714285,0,0,0,0.0,0.0,0.0,0.0,0,0
ab8b0e6912a7ca22cf39afdac5531371cda66514,1912.03010,lead,5,0.0,0.0,0.0,0.0,0.0,0.0,0,0,0,0.0,0.0,0.0,0.0,0,0
ab975efc916c34f55e1144b1d28e7dfdc257e371,1804.03839,lead,5,0.0,0.0,0.0,0.0,0.0,0.0,0,0,0,0.0,0.0,0.0,0.0,0,0
ac87dd34d28c3edd9419fa0145f3d38c87d696aa,1807.08089,lead,5,0.0,0.0,0.0,0.0,0.0,0.0,0,0,0,0.0,0.0,0.0,0.0,0,0
acac0606aab83cae5d13047863c7af542d58e54c,1908.07491,lead,5,0.38685280723454163,1.0,1.0,1.0,1.0,0.2,1,1,1,1.0,1.0,0.3333333333333333,0.3333333333333333,0,0
ae1c4f9e33d0cd64d9a313c318ad635620303cdd,1906.11085,lead,5,0.37800210039683896,0.0,1.0,0.0,1.0,0.125,0,0,0,0.0,0.0,0.0,0.0,0,0
ae7c5cf9c2c121097eb00d389cfd7cc2a5a7d577,2004.02143,lead,5,0.23463936301137822,0.3333333333333333,0.3333333333333333,1.0,1.0,0.3333333333333333,1,0,0,0.3333333333333333,0.5,0.2857142857142857,0.25,1,0
ae89eed483c11ccd70a34795e9fe416af8a35da2,1911.01214,lead,5,0.0,0.0,0.0,0.0,0.0,0.0,0,0,0,0.0,0.0,0.0,0.0,0,0
aebd1f0d728d0de5f76238844da044a44109f76f,1911.04474,lead,5,0.0,0.0,0.0,0.0,0.0,0.0,0,0,0,0.0,0.0,0.0,0.0,0,0
af45ff2c4209f14235482329d0729864fb2bd4b0,1911.12893,lead,5,0.14126697285982898,0.0,0.3333333333333333,0.0,1.0,0.1111111111111111,0,0,0,0.0,0.0,0.0,0.0,0,0
af948ea91136c700957b438d927f58d9b051c97c,2004.02143,lead,5,0.0,0.0,0.0,0.0,0.0,0.0,0,0,0,0.0,0.0,0.0,0.0,0,0
afad388a0141bdda5ca9586803ac53d5f10f41f6,1908.08917,lead,5,0.0,0.0,0.0,0.0,0.0,0.0,0,0,0,0.0,0.0,0.0,0.0,0,0
b012df09fa2a3d6b581032d68991768cf4bc9d7b,1908.10461,lead,5,0.0,0.0,0.0,0.0,0.0,0.0,0,0,0,0.0,0.0,0.0,0.0,0,0
b03249984c26baffb67e7736458b320148675900,1901.05389,lead,5,0.0,0.0,0.0,0.0,0.0,0.0,0,0,0,0.0,0.0,0.0,0.0,0,0
b065c2846817f3969b39e355d5d017e326d6f42e,1708.01065,lead,5,0.0,0.0,0.0,0.0,0.0,0.0,0,0,0,0.0,0.0,0.0,0.0,0,0
b10388e343868ca8e5c7c601ebb903f52e756e61,1803.08419,lead,5,0.21840743681816419,0.0,0.5,0.0,1.0,0.16666666666666666,0,0,0,0.0,0.0,0.0,0.0,0,0
b160bfb341f24ae42a268aa18641237a4b3a6457,2003.03728,lead,5,0.0,0.0,0.0,0.0,0.0,0.0,0,0,0,0.0,0.0,0.0,0.0,0,0
b1fe6a39b474933038b44b6d45e5ca32af7c3e36,2004.04498,lead,5,0.0,0.0,0.0,0.0,0.0,0.0,0,0,0,0.0,0.0,0.0,0.0,0,0
b210c3e48c15cdc8c47cf6f4b6eb1c29a1933654,1604.02201,lead,5,0.5249810332008933,0.5,1.0,1.0,1.0,0.3333333333333333,1,1,0,0.5,1.0,0.3333333333333333,0.2857142857142857,0,1
b21245212244ad7adf7d321420f2239a0f0fe56b,1908.10149,lead,5,0.0,0.0,0.0,0.0,0.0,0.0,0,0,0,0.0,0.0,0.0,0.0,0,0
b32de10d84b808886d7a91ab0c423d4fc751384c,1603.09381,lead,5,0.3333333333333333,0.0,1.0,0.0,1.0,0.14285714285714285,0,0,0,0.0,0.0,0.0,0.0,0,0
b3432f52af0b95929e6723dd1f01ce029d90a268,1808.07733,lead,5,0.0,0.0,0.0,0.0,0.0,0.0,0,0,0,0.0,0.0,0.0,0.0,0,0
b39b278aa1cf2f87ad4159725dff77b387f2df84,2003.11687,lead,5,0.0,0.0,0.0,0.0,0.0,0.0,0,0,0,0.0,0.0,0.0,0.0,0,0
b3b9d7c8722e8ec41cbbae40e68458485a5ba25c,1910.07924,lead,5,0.0,0.0,0.0,0.0,0.0,0.0,0,0,0,0.0,0.0,0.0,0.0,0,0
b3dc9a35e8c3ed7abcc4ca0bf308dea75be9c016,1708.01065,lead,5,0.0,0.0,0.0,0.0,0.0,0.0,0,0,0,0.0,0.0,0.0,0.0,0,0
b424ad7f9214076b963a0077d7345d7bb5a7a205,2002.00175,lead,5,0.2640681225725909,0.5,0.5,1.0,1.0,0.25,1,1,0,0.5,1.0,0.3333333333333333,0.2857142857142857,0,1
b4b7333805cb6fdde44907747887a971422dc298,2003.09244,lead,5,0.2890648263178879,0.0,1.0,0.0,1.0,0.1,0,0,0,0.0,0.0,0.0,0.0,0,0
b537832bba2eb6d34702a9d71138e661c05a7c3a,1906.01076,lead,5,0.0,0.0,0.0,0.0,0.0,0.0,0,0,0,0.0,0.0,0.0,0.0,0,0
b57ad10468e1ba2a7a34396688dbb10a575d89f5,1706.02427,lead,5,0.0,0.0,0.0,0.0,0.0,0.0,0,0,0,0.0,0.0,0.0,0.0,0,0
b59f3a58939f7ac007d3263a459c56ebefc4b49a,2003.09244,lead,5,0.0,0.0,0.0,0.0,0.0,0.0,0,0,0,0.0,0.0,0.0,0.0,0,0
b62b7ec5128219f04be41854247d5af992797937,1910.03355,lead,5,0.0,0.0,0.0,0.0,0.0,0.0,0,0,0,0.0,0.0,0.0,0.0,0,0
b6aa5665c981e3b582db4760759217e2979d5626,1909.10481,lead,5,0.0,0.0,0.0,0.0,0.0,0.0,0,0,0,0.0,0.0,0.0,0.0,0,0
b6c2a391c4a94eaa768150f151040bb67872c0bf,1605.05195,lead,5,0.2640681225725909,0.5,0.5,1.0,1.0,0.25,1,1,0,0.5,1.0,0.3333333333333333,0.2857142857142857,0,1
b6e97d1b1565732b1b3f1d74e6d2800dd21be37a,1707.05589,lead,5,0.0,0.0,0.0,0.0,0.0,0.0,0,0,0,0.0,0.0,0.0,0.0,0,0
b70e4c49300dc3eab18e907ab903afd2a0c6075a,1909.00437,lead,5,0.0,0.0,0.0,0.0,0.0,0.0,0,0,0,0.0,0.0,0.0,0.0,0,0
b783ec5cb9ad595da7db2c0ddf871152ae382c5f,1805.04833,lead,5,0.41183384043543503,0.0,1.0,0.0,1.0,0.16666666666666666,0,0,0,0.0,0.0,0.0,0.0,0,0
b78bb6fe817c2d4bc69236df998f546e94c3ee21,1704.06851,lead,5,0.0,0.0,0.0,0.0,0.0,0.0,0,0,0,0.0,0.0,0.0,0.0,0,0
b79c85fa84712d3028cb5be2af873c634e51140e,1605.05156,lead,5,0.43067655807339306,1.0,1.0,1.0,1.0,0.25,1,1,1,1.0,1.0,0.3333333333333333,0.3333333333333333,0,0
b79ff0a50bf9f361c5e5fed68525283856662076,1805.09960,lead,5,0.0,0.0,0.0,0.0,0.0,0.0,0,0,0,0.0,0.0,0.0,0.0,0,0
b8b79a6123716cb9fabf751b31dff424235a2ee2,1812.05813,lead,5,0.0,0.0,0.0,0.0,0.0,0.0,0,0,0,0.0,0.0,0.0,0.0,0,0
b8bbdc3987bb456739544426c6037c78ede01b77,1909.11980,lead,5,0.0,0.0,0.0,0.0,0.0,0.0,0,0,0,0.0,0.0,0.0,0.0,0,0
b942d94e4187e4fdc706cfdf92e3a869fc294911,1909.05372,lead,5,0.2837996183571467,0.0,0.5,0.0,1.0,0.14285714285714285,0,0,0,0.0,0.0,0.0,0.0,0,0
b948bb86855b2c0bfc8fad88ff1e29cd94bb6ada,1905.05644,lead,5,0.0,0.0,0.0,0.0,0.0,0.0,0,0,0,0.0,0.0,0.0,0.0,0,0
b968bd264995cd03d7aaad1baba1838c585ec909,1804.09692,lead,5,0.0,0.0,0.0,0.0,0.0,0.0,0,0,0,0.0,0.0,0.0,0.0,0,0
b9d9803ba24127f91ba4d7cff4da11492da20f09,2004.03090,lead,5,0.0,0.0,0.0,0.0,0.0,0.0,0,0,0,0.0,0.0,0.0,0.0,0,0
ba39317e918b4386765f88e8c8ae99f9a098c935,1703.04009,lead,5,0.2890648263178879,0.0,1.0,0.0,1.0,0.1,0,0,0,0.0,0.0,0.0,0.0,0,0
ba406e07c33a9161e29c75d292c82a15503beae5,1907.12984,lead,5,0.0,0.0,0.0,0.0,0.0,0.0,0,0,0,0.0,0.0,0.0,0.0,0,0
ba7fea78b0b888a714cb7d89944b69c5038a1ef1,1806.03369,lead,5,0.0,0.0,0.0,0.0,0.0,0.0,0,0,0,0.0,0.0,0.0,0.0,0,0
baaa6ad7148b785429a20f38786cd03ab9a2646e,1908.08917,lead,5,0.45560514958746035,0.5,1.0,1.0,1.0,0.2,1,1,0,0.5,1.0,0.3333333333333333,0.2857142857142857,0,1
baad4b6f834d5944f61bd12f30908e3cf3739dcd,1911.06815,lead,5,0.11284514134893527,0.0,0.25,0.0,1.0,0.1,0,0,0,0.0,0.0,0.0,0.0,0,0
bab4ae97afd598a11d1fc7c05c6fdb98c30cafe0,1711.03759,lead,5,0.0,0.0,0.0,0.0,0.0,0.0,0,0,0,0.0,0.0,0.0,0.0,0,0
bab4e8881f4d75e266bce6fbfa4c3bcd3eacf30f,1708.03312,lead,5,0.0,0.0,0.0,0.0,0.0,0.0,0,0,0,0.0,0.0,0.0,0.0,0,0
baec99756b80eec7c0234a08bc2855e6770bcaeb,1907.04072,lead,5,0.0,0.0,0.0,0.0,0.0,0.0,0,0,0,0.0,0.0,0.0,0.0,0,0
bbfe7e131ed776c85f2359b748db1325386c1af5,1807.03674,lead,5,1.0,1.0,1.0,1.0,1.0,1.0,1,1,1,1.0,1.0,0.3333333333333333,0.3333333333333333,0,0
bc6ad5964f444cf414b661a4b942dafb7640c564,1809.03680,lead,5,0.0,0.0,0.0,0.0,0.0,0.0,0,0,0,0.0,0.0,0.0,0.0,0,0
bc8526d4805e2554adb2e9c01736d3f3a3b19895,1604.02038,lead,5,0.13032376591037062,0.16666666666666666,0.16666666666666666,1.0,1.0,0.25,1,0,0,0.16666666666666666,0.16666666666666666,0.18181818181818182,0.18181818181818182,1,0
bcf222ad4bb537b01019ed354ea03cd6bf2c1f8e,1905.07562,lead,5,0.6364391809889587,0.3333333333333333,0.6666666666666666,1.0,1.0,1.0,1,1,0,0.3333333333333333,1.0,0.3333333333333333,0.25,0,1
bd191d95806cee4cf80295e9ce1cd227aba100ab,1912.07076,lead,5,0.483639123806428,0.0,1.0,0.0,1.0,0.14285714285714285,0,0,0,0.0,0.0,0.0,0.0,0,0
bd255aadf099854541d06997f83a0e478f526120,1911.11025,lead,5,0.0,0.0,0.0,0.0,0.0,0.0,0,0,0,0.0,0.0,0.0,0.0,0,0
bd3562d2b3c162e9d27404d56b77e15f707d8b0f,1705.00571,lead,5,0.0,0.0,0.0,0.0,0.0,0.0,0,0,0,0.0,0.0,0.0,0.0,0,0
bd53399be8ff59060792da4c8e42a7fc1e6cbd85,2003.13028,lead,5,0.0,0.0,0.0,0.0,0.0,0.0,0,0,0,0.0,0.0,0.0,0.0,0,0
bda21bfb2dd74085cbc355c70dab5984ef41dba7,1906.04236,lead,5,0.38685280723454163,1.0,1.0,1.0,1.0,0.2,1,1,1,1.0,1.0,0.3333333333333333,0.3333333333333333,0,0
bdae851d4cf1d05506cf3e8359786031ac4f756f,1911.12237,lead,5,0.0,0.0,0.0,0.0,0.0,0.0,0,0,0,0.0,0.0,0.0,0.0,0,0
be632f0246c2e5f049d12e796812f496e083c33e,1908.10001,lead,5,0.0,0.0,0.0,0.0,0.0,0.0,0,0,0,0.0,0.0,0.0,0.0,0,0
bfd55ae9630a08a9e287074fff3691dfbffc3258,1908.09283,lead,5,0.0,0.0,0.0,0.0,0.0,0.0,0,0,0,0.0,0.0,0.0,0.0,0,0
c01a8b42fd27b0a3bec717ededd98b6d085a0f5c,1710.11027,lead,5,0.39780880120575696,0.0,1.0,0.0,1.0,0.14285714285714285,0,0,0,0.0,0.0,0.0,0.0,0,0
c0355afc7871bf2e12260592873ffdb5c0c4c919,1909.10481,lead,5,0.0,0.0,0.0,0.0,0.0,0.0,0,0,0,0.0,0.0,0.0,0.0,0,0
c035a011b737b0a10deeafc3abe6a282b389d48b,1707.07212,lead,5,0.0,0.0,0.0,0.0,0.0,0.0,0,0,0,0.0,0.0,0.0,0.0,0,0
c0847af3958d791beaa14c4040ada2d364251c4d,2004.02105,lead,5,0.0,0.0,0.0,0.0,0.0,0.0,0,0,0,0.0,0.0,0.0,0.0,0,0
c0af44ebd7cd81270d9b5b54d4a40feed162fa54,1801.05617,lead,5,0.0,0.0,0.0,0.0,0.0,0.0,0,0,0,0.0,0.0,0.0,0.0,0,0
c0dbf3f1957f3bff3ced5b48aff60097f3eac7bb,1808.07231,lead,5,0.0,0.0,0.0,0.0,0.0,0.0,0,0,0,0.0,0.0,0.0,0.0,0,0
c135e1f8ecaf7965f6a6d3e30b537eb37ad74230,1910.02001,lead,5,0.5012658353418871,1.0,1.0,1.0,1.0,0.25,1,1,1,1.0,1.0,0.5714285714285714,0.5714285714285714,0,0
c138a45301713c1a9f6edafeef338ba2f99220ce,1912.08084,lead,5,0.0,0.0,0.0,0.0,0.0,0.0,0,0,0,0.0,0.0,0.0,0.0,0,0
c176eb1ccaa0e50fb7512153f0716e60bf74aa53,1910.01340,lead,5,0.8159313210935148,0.5,1.0,1.0,1.0,1.0,1,0,0,0.5,0.6666666666666666,0.5,0.4444444444444444,1,0
c17ece1dad42d92c78fca2e3d8afa9a20ff19598,1906.01010,lead,5,0.5912352048230277,0.5,1.0,1.0,1.0,0.5,1,1,0,0.5,1.0,0.3333333333333333,0.2857142857142857,0,1
c2037887945abbdf959389dc839a86bc82594505,1803.06745,lead,5,0.38685280723454163,0.5,0.5,1.0,1.0,0.5,1,1,0,0.5,1.0,0.3333333333333333,0.2857142857142857,0,1
c25014b7e57bb2949138d64d49f356d69838bc25,1908.10001,lead,5,0.0,0.0,0.0,0.0,0.0,0.0,0,0,0,0.0,0.0,0.0,0.0,0,0
c2ce25878a17760c79031a426b6f38931cd854b2,2003.11528,lead,5,0.0,0.0,0.0,0.0,0.0,0.0,0,0,0,0.0,0.0,0.0,0.0,0,0
c30b0d6b23f0f01573eea315176c5ffe4e0c6b5c,1910.02677,lead,5,0.0,0.0,0.0,0.0,0.0,0.0,0,0,0,0.0,0.0,0.0,0.0,0,0
c3befe7006ca81ce64397df654c31c11482dafbe,1611.04887,lead,5,0.6240505200038379,1.0,1.0,1.0,1.0,0.5,1,1,1,1.0,1.0,0.5714285714285714,0.5714285714285714,0,0
c3ce95658eea1e62193570955f105839de3d7e2d,1911.03324,lead,5,0.2640681225725909,0.5,0.5,1.0,1.0,0.25,1,1,0,0.5,1.0,0.3333333333333333,0.2857142857142857,0,1
c47312f2ca834ee75fa9bfbf912ea04239064117,1907.00937,lead,5,0.0,0.0,0.0,0.0,0.0,0.0,0,0,0,0.0,0.0,0.0,0.0,0,0
c4b621f573bbb411bdaa84a7562c9c4795a7eb3a,1808.09180,lead,5,0.2640681225725909,0.5,0.5,1.0,1.0,0.25,1,1,0,0.5,1.0,0.3333333333333333,0.2857142857142857,0,1
c5221bb28e58a4f13cf2eccce0e1b1bec7dd3c13,1909.09070,lead,5,0.17342765698823945,0.14285714285714285,0.14285714285714285,1.0,1.0,0.5,1,1,0,0.14285714285714285,1.0,0.3333333333333333,0.16666666666666666,0,1
c53b036eff430a9d0449fb50b8d2dc9d2679d9fe,1706.02222,lead,5,0.0,0.0,0.0,0.0,0.0,0.0,0,0,0,0.0,0.0,0.0,0.0,0,0
c589d83565f528b87e355b9280c1e7143a42401d,1909.07873,lead,5,0.0,0.0,0.0,0.0,0.0,0.0,0,0,0,0.0,0.0,0.0,0.0,0,0
c59d67930edd3d369bd51a619849facdd0770644,1705.10272,lead,5,0.38685280723454163,1.0,1.0,1.0,1.0,0.2,1,1,1,1.0,1.0,0.3333333333333333,0.3333333333333333,0,0
c5ea4da3c760ba89194ad807bc1ef60e1761429f,1602.07563,lead,5,0.0,0.0,0.0,0.0,0.0,0.0,0,0,0,0.0,0.0,0.0,0.0,0,0
c68946ae2e548ec8517c7902585c032b3f3876e6,1901.05389,lead,5,0.5294362295028773,0.25,0.5,1.0,1.0,1.0,1,0,0,0.25,0.5,0.2857142857142857,0.2222222222222222,1,0
c6f2598b85dc74123fe879bf23aafc7213853f5b,1911.12237,lead,5,0.0,0.0,0.0,0.0,0.0,0.0,0,0,0,0.0,0.0,0.0,0.0,0,0
c72e05dd41ed5a85335ffeca5a03e71514e60e84,1911.12559,lead,5,0.5204370438439433,0.25,1.0,1.0,1.0,0.2,1,0,0,0.25,0.3333333333333333,0.25,0.2222222222222222,1,0
c79f168503a60d1b08bb2c9aac124199d210b06d,1904.02954,lead,5,0.0,0.0,0.0,0.0,0.0,0.0,0,0,0,0.0,0.0,0.0,0.0,0,0
c7d3bccee59ab683e6bf047579bc6eab9de9d973,1705.10272,lead,5,0.0,0.0,0.0,0.0,0.0,0.0,0,0,0,0.0,0.0,0.0,0.0,0,0
c7f43c95db3d0c870407cd0e7becdd802463683b,1910.09362,lead,5,0.20210734650054757,0.3333333333333333,0.3333333333333333,1.0,1.0,0.25,1,0,0,0.3333333333333333,0.5,0.2857142857142857,0.25,1,0
c7ffef8bf0100eb6148bd932d0409b21759060b1,1707.06519,lead,5,0.0,0.0,0.0,0.0,0.0,0.0,0,0,0,0.0,0.0,0.0,0.0,0,0
c845110efee2f633d47f5682573bc6091e8f5023,1911.05652,lead,5,0.0,0.0,0.0,0.0,0.0,0.0,0,0,0,0.0,0.0,0.0,0.0,0,0
c87966e7f497975b76a60f6be50c33d296a4a4e7,2004.01820,lead,5,0.0,0.0,0.0,0.0,0.0,0.0,0,0,0,0.0,0.0,0.0,0.0,0,0
c8f8ecac23a991bceb8387e68b3b3f2a5d8cf029,2003.12660,lead,5,0.3333333333333333,0.0,1.0,0.0,1.0,0.14285714285714285,0,0,0,0.0,0.0,0.0,0.0,0,0
c97306c1be5d59cf27b1054adfa8f1da47d292ce,1810.02229,lead,5,0.5,1.0,1.0,1.0,1.0,0.3333333333333333,1,1,1,1.0,1.0,0.3333333333333333,0.3333333333333333,0,0
c9a323c152c5d9bc2d244e0ed10afbdb0f93062a,1909.00369,lead,5,0.19342640361727081,0.0,0.5,0.0,1.0,0.125,0,0,0,0.0,0.0,0.0,0.0,0,0
c9eae337edea0edb12030a7d4b01c3a3c73c16d3,1806.04387,lead,5,0.0,0.0,0.0,0.0,0.0,0.0,0,0,0,0.0,0.0,0.0,0.0,0,0
caebea05935cae1f5d88749a2fc748e62976eab7,1710.11334,lead,5,0.38685280723454163,0.5,0.5,1.0,1.0,0.5,1,1,0,0.5,1.0,0.3333333333333333,0.2857142857142857,0,1
cb58605a7c230043bd0d6e8d5b068f8b533f45fe,1909.11706,lead,5,0.21840743681816419,0.0,0.5,0.0,1.0,0.16666666666666666,0,0,0,0.0,0.0,0.0,0.0,0,0
cb7a00233502c4b7801d34bc95d6d22d79776ae8,1603.08868,lead,5,0.3333333333333333,0.0,1.0,0.0,1.0,0.14285714285714285,0,0,0,0.0,0.0,0.0,0.0,0,0
cbb3c1c1e6e1818b6480f929f1c299eaa5ffd07a,1907.10676,lead,5,0.0,0.0,0.0,0.0,0.0,0.0,0,0,0,0.0,0.0,0.0,0.0,0,0
cbe42bf7c99ee248cdb2c5d6cf86b41106e66863,1908.02284,lead,5,0.0,0.0,0.0,0.0,0.0,0.0,0,0,0,0.0,0.0,0.0,0.0,0,0
cc3dd701f3a674618de95a4196e9c7f4c8fbf1e5,1805.04833,lead,5,0.0,0.0,0.0,0.0,0.0,0.0,0,0,0,0.0,0.0,0.0,0.0,0,0
cc78a08f5bfe233405c99cb3dac1f11f3a9268b1,1907.08540,lead,5,0.3333333333333333,0.0,1.0,0.0,1.0,0.14285714285714285,0,0,0,0.0,0.0,0.0,0.0,0,0
cc8bcea4052bf92f249dda276acc5fd16cac6fb4,1809.03695,lead,5,0.3333333333333333,0.0,1.0,0.0,1.0,0.14285714285714285,0,0,0,0.0,0.0,0.0,0.0,0,0
ccec4f8deff651858f44553f8daa5a19e8ed8d3b,1909.05190,lead,5,0.09010000865236768,0.0,0.125,0.0,1.0,0.16666666666666666,0,0,0,0.0,0.0,0.0,0.0,0,0
cd82bdaa0c94330f8cccfb1c59b4e6761a5a4f4d,1911.01214,lead,5,0.0,0.0,0.0,0.0,0.0,0.0,0,0,0,0.0,0.0,0.0,0.0,0,0
cdbbba22e62bc9402aea74ac5960503f59e984ff,1805.04558,lead,5,0.18457569677956817,0.0,0.5,0.0,1.0,0.1111111111111111,0,0,0,0.0,0.0,0.0,0.0,0,0
ce23849e9e9a22626965f1ca8ca948a5c87280e9,1909.01720,lead,5,0.0,0.0,0.0,0.0,0.0,0.0,0,0,0,0.0,0.0,0.0,0.0,0,0
ce504a7ee2c1f068ef4dde8d435245b4e77bb0b5,1708.09025,lead,5,0.13120507751234178,0.2,0.2,1.0,1.0,0.2,1,0,0,0.2,0.2,0.2,0.2,1,0
ce8d8de78a21a3ba280b658ac898f73d0b52bf1b,1910.10487,lead,5,0.0,0.0,0.0,0.0,0.0,0.0,0,0,0,0.0,0.0,0.0,0.0,0,0
ced63053eb631c78a4ddd8c85ec0f3323a631a54,1708.05482,lead,5,0.0,0.0,0.0,0.0,0.0,0.0,0,0,0,0.0,0.0,0.0,0.0,0,0
cf0b7d8a2449d04078f69ec9717a547adfb67d17,1801.04433,lead,5,0.0,0.0,0.0,0.0,0.0,0.0,0,0,0,0.0,0.0,0.0,0.0,0,0
cf3fab54b2b289b66e7dba4706c47a62569627c5,1708.07690,lead,5,0.0874717141014082,0.0,0.16666666666666666,0.0,1.0,0.1,0,0,0,0.0,0.0,0.0,0.0,0,0
cf58d25bfa2561a359fdd7b6b20aef0b41dc634e,1912.08084,lead,5,0.23719771276929622,0.5,0.5,1.0,1.0,0.2,1,1,0,0.5,1.0,0.3333333333333333,0.2857142857142857,0,1
cf68906b7d96ca0c13952a6597d1f23e5184c304,1710.10380,lead,5,0.0,0.0,0.0,0.0,0.0,0.0,0,0,0,0.0,0.0,0.0,0.0,0,0
cf82251a6a5a77e29627560eb7c05c3eddc20825,2004.04498,lead,5,0.31546487678572877,0.0,1.0,0.0,1.0,0.125,0,0,0,0.0,0.0,0.0,0.0,0,0
cfa44bb587b0c05906d8325491ca9e0f024269e8,1708.01065,lead,5,0.23719771276929622,0.5,0.5,1.0,1.0,0.2,1,1,0,0.5,1.0,0.3333333333333333,0.2857142857142857,0,1
cfcf94b81589e7da215b4f743a3f8de92a6dda7a,1712.00733,lead,5,0.0,0.0,0.0,0.0,0.0,0.0,0,0,0,0.0,0.0,0.0,0.0,0,0
cfdd583d01abaca923f5c466bb20e1d4b8c749ff,1810.02268,lead,5,0.07839826897867533,0.0,0.08333333333333333,0.0,1.0,0.16666666666666666,0,0,0,0.0,0.0,0.0,0.0,0,0
cfe21b979a6c851bdafb2e414622f61e62b1d98c,2003.13028,lead,5,0.0,0.0,0.0,0.0,0.0,0.0,0,0,0,0.0,0.0,0.0,0.0,0,0
d0dc6729b689561370b6700b892c9de8871bb44d,1604.02201,lead,5,0.5912352048230277,0.5,1.0,1.0,1.0,0.5,1,0,0,0.5,0.5,0.2857142857142857,0.2857142857142857,1,0
d147117ef24217c43252d917d45dff6e66ff807c,1712.00733,lead,5,0.20438239758848611,0.0,0.5,0.0,1.0,0.14285714285714285,0,0,0,0.0,0.0,0.0,0.0,0,0
d1a4529ea32aaab5ca3b9d9ae5c16f146c23af6b,1809.08935,lead,5,0.3010299956639812,0.0,1.0,0.0,1.0,0.1111111111111111,0,0,0,0.0,0.0,0.0,0.0,0,0
d206f2cbcc3d2a6bd0ccaa3b57fece396159f609,1805.00195,lead,5,0.40298313359773236,0.0,1.0,0.0,1.0,0.16666666666666666,0,0,0,0.0,0.0,0.0,0.0,0,0
d207f78beb6cd754268881bf575c8f98000667ea,1705.02023,lead,5,0.0,0.0,0.0,0.0,0.0,0.0,0,0,0,0.0,0.0,0.0,0.0,0,0
d211a37830c59aeab4970fdb2e03d9b7368b421c,1805.04558,lead,5,0.0,0.0,0.0,0.0,0.0,0.0,0,0,0,0.0,0.0,0.0,0.0,0,0
d2d9c7177728987d9e8b0c44549bbe03c8c00ef2,1906.05685,lead,5,0.0,0.0,0.0,0.0,0.0,0.0,0,0,0,0.0,0.0,0.0,0.0,0,0
d2f91303cec132750a416192f67c8ac1d3cf6fc0,1708.07252,lead,5,0.0,0.0,0.0,0.0,0.0,0.0,0,0,0,0.0,0.0,0.0,0.0,0,0
d323f0d65b57b30ae85fb9f24298927a3d1216e9,1810.12897,lead,5,0.2640681225725909,0.5,0.5,1.0,1.0,0.25,1,0,0,0.5,0.5,0.2857142857142857,0.2857142857142857,1,0
d36a6447bfe58204e0d29f9213d84be04d875624,1906.08871,lead,5,0.0,0.0,0.0,0.0,0.0,0.0,0,0,0,0.0,0.0,0.0,0.0,0,0
d38b3e0896b105d171e69ce34c689e4a7e934522,1912.10162,lead,5,0.0,0.0,0.0,0.0,0.0,0.0,0,0,0,0.0,0.0,0.0,0.0,0,0
d3cfbe497a30b750a8de3ea7f2cecf4753a4e1f9,1905.09439,lead,5,0.0,0.0,0.0,0.0,0.0,0.0,0,0,0,0.0,0.0,0.0,0.0,0,0
d3fb0d84d763cb38f400b7de3daaa59ed2a1b0ab,1707.07212,lead,5,0.0,0.0,0.0,0.0,0.0,0.0,0,0,0,0.0,0.0,0.0,0.0,0,0
d418bf6595b1b51a114f28ac8a6909c278838aeb,1908.10149,lead,5,0.3333333333333333,0.0,1.0,0.0,1.0,0.14285714285714285,0,0,0,0.0,0.0,0.0,0.0,0,0
d4b84f48460517bc0a6d4e0c38f6853c58081166,1804.01155,lead,5,0.0,0.0,0.0,0.0,0.0,0.0,0,0,0,0.0,0.0,0.0,0.0,0,0
d5c393df758dec6ea6827ae5b887eb6c303a4f4d,1612.05202,lead,5,0.0,0.0,0.0,0.0,0.0,0.0,0,0,0,0.0,0.0,0.0,0.0,0,0
d622564b250cffbb9ebbe6636326b15ec3c622d9,1902.10246,lead,5,0.0,0.0,0.0,0.0,0.0,0.0,0,0,0,0.0,0.0,0.0,0.0,0,0
d64fa192a7e9918c6a22d819abad581af0644c7d,1802.08969,lead,5,0.18154179253735267,0.3333333333333333,0.3333333333333333,1.0,1.0,0.2,1,0,0,0.3333333333333333,0.3333333333333333,0.25,0.25,1,0
d66550f65484696c1284903708b87809ea705786,1805.04833,lead,5,0.0,0.0,0.0,0.0,0.0,0.0,0,0,0,0.0,0.0,0.0,0.0,0,0
d66c31f24f582c499309a435ec3c688dc3a41313,1907.00937,lead,5,0.0,0.0,0.0,0.0,0.0,0.0,0,0,0,0.0,0.0,0.0,0.0,0,0
d68cc9aaf0466b97354600a5646c3be4512fc096,2004.03090,lead,5,0.3065735963827292,0.5,0.5,1.0,1.0,0.3333333333333333,1,1,0,0.5,1.0,0.3333333333333333,0.2857142857142857,0,1
d6a815d24c46557827d8aca65d3ffd008ac1bc07,1803.02914,lead,5,0.18457569677956817,0.0,0.5,0.0,1.0,0.1111111111111111,0,0,0,0.0,0.0,0.0,0.0,0,0
d6b0c71721ed24ef1d9bd31ed3a266b0c7fc9b57,1704.06960,lead,5,0.0,0.0,0.0,0.0,0.0,0.0,0,0,0,0.0,0.0,0.0,0.0,0,0
d7799d26fe39302c4aff5b530aa691e8653fffe8,1803.09000,lead,5,0.0,0.0,0.0,0.0,0.0,0.0,0,0,0,0.0,0.0,0.0,0.0,0,0
d8ae36ae1b4d3af5b59ebd24efe94796101c1c12,1802.02614,lead,5,0.0,0.0,0.0,0.0,0.0,0.0,0,0,0,0.0,0.0,0.0,0.0,0,0
d9354c0bb32ec037ff2aacfed58d57887a713163,1707.07212,lead,5,0.13565197343244778,0.0,0.3333333333333333,0.0,1.0,0.1,0,0,0,0.0,0.0,0.0,0.0,0,0
d976c22e9d068e4e31fb46e929023459f8290a63,1903.10548,lead,5,0.3562071871080222,0.0,1.0,0.0,1.0,0.16666666666666666,0,0,0,0.0,0.0,0.0,0.0,0,0
d97843afec733410d2c580b4ec98ebca5abf2631,1607.00167,lead,5,0.38685280723454163,1.0,1.0,1.0,1.0,0.2,1,1,1,1.0,1.0,0.3333333333333333,0.3333333333333333,0,0
d98148f65d893101fa9e18aaf549058712485436,1709.04005,lead,5,0.5,1.0,1.0,1.0,1.0,0.3333333333333333,1,1,1,1.0,1.0,0.3333333333333333,0.3333333333333333,0,0
d9949dd4865e79c53284932d868ca8fd10d55e70,2003.07459,lead,5,0.17723928678404774,0.0,0.5,0.0,1.0,0.1,0,0,0,0.0,0.0,0.0,0.0,0,0
d9a45fea8539aac01dec01f29b7d04b44b9c2ca6,1909.01720,lead,5,0.5706417189553201,1.0,1.0,1.0,1.0,0.3333333333333333,1,1,1,1.0,1.0,0.3333333333333333,0.5714285714285714,0,0
d9e7633004ed1bc1ee45be58409bcc1fa6db59b2,1908.11049,lead,5,0.20210734650054757,0.3333333333333333,0.3333333333333333,1.0,1.0,0.25,1,1,0,0.3333333333333333,1.0,0.3333333333333333,0.25,0,1
da077b385d619305033785af5b204696d6145bd8,1911.02747,lead,5,0.4401191709229659,0.0,1.0,0.0,1.0,0.14285714285714285,0,0,0,0.0,0.0,0.0,0.0,0,0
da0a2195bbf6736119ff32493898d2aadffcbcb8,1605.05166,lead,5,0.6509209298071326,1.0,1.0,1.0,1.0,0.5,1,1,1,1.0,1.0,0.5714285714285714,0.5714285714285714,0,0
da21bcaa8e3a9eadc8a5194fd57ae797e93c3049,2004.01970,lead,5,0.0,0.0,0.0,0.0,0.0,0.0,0,0,0,0.0,0.0,0.0,0.0,0,0
dc473819b196c0ea922773e173a6b283fa778791,1605.05156,lead,5,0.0,0.0,0.0,0.0,0.0,0.0,0,0,0,0.0,0.0,0.0,0.0,0,0
dce27c49b9bf1919ca545e04663507d83bb42dbe,1808.10006,lead,5,0.0,0.0,0.0,0.0,0.0,0.0,0,0,0,0.0,0.0,0.0,0.0,0,0
dd81f58c782169886235c48b8f9a08e0954dd3ae,2003.12660,lead,5,0.21840743681816419,0.0,0.5,0.0,1.0,0.16666666666666666,0,0,0,0.0,0.0,0.0,0.0,0,0
de0154affd86c608c457bf83d888bbd1f879df93,1911.12722,lead,5,0.0,0.0,0.0,0.0,0.0,0.0,0,0,0,0.0,0.0,0.0,0.0,0,0
de0d135b94ba3b3a4f4a0fb03df38a84f9dc9da4,1909.02322,lead,5,0.0,0.0,0.0,0.0,0.0,0.0,0,0,0,0.0,0.0,0.0,0.0,0,0
de313b5061fc22e8ffef1706445728de298eae31,1811.01183,lead,5,0.0,0.0,0.0,0.0,0.0,0.0,0,0,0,0.0,0.0,0.0,0.0,0,0
de344aeb089affebd15a8c370ae9ab5734e99203,1803.06745,lead,5,0.3010299956639812,0.0,1.0,0.0,1.0,0.1111111111111111,0,0,0,0.0,0.0,0.0,0.0,0,0
de580e43614ee38d2d9fc6263ff96e6ca2b54eb5,1911.01214,lead,5,0.3333333333333333,0.0,1.0,0.0,1.0,0.14285714285714285,0,0,0,0.0,0.0,0.0,0.0,0,0
de689a17b0b9fb6bbb80e9b85fb44b36b56de2fd,2003.07459,lead,5,0.0,0.0,0.0,0.0,0.0,0.0,0,0,0,0.0,0.0,0.0,0.0,0,0
df01e98095ba8765d9ab0d40c9e8ef34b64d3700,2002.04815,lead,5,0.0,0.0,0.0,0.0,0.0,0.0,0,0,0,0.0,0.0,0.0,0.0,0,0
df4895c6ae426006e75c511a304d56d37c42a1c7,1805.11850,lead,5,0.3010299956639812,0.0,1.0,0.0,1.0,0.1111111111111111,0,0,0,0.0,0.0,0.0,0.0,0,0
df623717255ea2c9e0f846859d8a9ef51dc1102b,1606.02892,lead,5,0.0,0.0,0.0,0.0,0.0,0.0,0,0,0,0.0,0.0,0.0,0.0,0,0
dfaeb8faf04505a4178945c933ba217e472979d8,1708.01065,lead,5,0.0,0.0,0.0,0.0,0.0,0.0,0,0,0,0.0,0.0,0.0,0.0,0,0
dfdd309e56b71589b25412ba85b0a5d79a467ceb,1610.09722,lead,5,0.0,0.0,0.0,0.0,0.0,0.0,0,0,0,0.0,0.0,0.0,0.0,0,0
e0b54906184a4ad87d127bed22194e62de38222b,1910.01340,lead,5,0.0,0.0,0.0,0.0,0.0,0.0,0,0,0,0.0,0.0,0.0,0.0,0,0
e0b8a2649e384bbdb17472f8da2c3df4134b1e57,1707.07568,lead,5,0.21779548001177884,0.16666666666666666,0.3333333333333333,1.0,1.0,0.25,1,0,0,0.16666666666666666,0.25,0.2222222222222222,0.18181818181818182,1,0
e12166fa9d6f63c4e92252c95c6a7bc96977ebf4,1901.10619,lead,5,0.0,0.0,0.0,0.0,0.0,0.0,0,0,0,0.0,0.0,0.0,0.0,0,0
e14e3e0944ec3290d1985e9a3da82a7df17575cd,1806.07042,lead,5,0.18154179253735267,0.3333333333333333,0.3333333333333333,1.0,1.0,0.2,1,1,0,0.3333333333333333,1.0,0.3333333333333333,0.25,0,1
e1ab241059ef1700738f885f051d724a7fcf283a,1707.09816,lead,5,0.0,0.0,0.0,0.0,0.0,0.0,0,0,0,0.0,0.0,0.0,0.0,0,0
e381f1811774806be109f9b05896a2a3c5e1ef43,1710.11334,lead,5,0.0,0.0,0.0,0.0,0.0,0.0,0,0,0,0.0,0.0,0.0,0.0,0,0
e3bafa432cd3e1225170ff04de2fdf1ede38c6ef,1805.11598,lead,5,0.43067655807339306,1.0,1.0,1.0,1.0,0.25,1,1,1,1.0,1.0,0.3333333333333333,0.3333333333333333,0,0
e3c44964eb6ddc554901244eb6595f26a9bae47e,1910.07154,lead,5,0.0,0.0,0.0,0.0,0.0,0.0,0,0,0,0.0,0.0,0.0,0.0,0,0
e459760879f662b2205cbdc0f5396dbfe41323ae,1908.09590,lead,5,0.21840743681816419,0.0,0.5,0.0,1.0,0.16666666666666666,0,0,0,0.0,0.0,0.0,0.0,0,0
e462efb58c71f186cd6b315a2d861cbb7171f65b,1906.04236,lead,5,0.0,0.0,0.0,0.0,0.0,0.0,0,0,0,0.0,0.0,0.0,0.0,0,0
e56c1f0e9eabda41f929d0dfd5cfa50edd69fa89,1909.06708,lead,5,0.0,0.0,0.0,0.0,0.0,0.0,0,0,0,0.0,0.0,0.0,0.0,0,0
e5b2eb6a49c163872054333f8670dd3f9563046a,2004.02334,lead,5,0.0,0.0,0.0,0.0,0.0,0.0,0,0,0,0.0,0.0,0.0,0.0,0,0
e5be900e70ea86c019efb06438ba200e11773a7c,1909.13466,lead,5,0.0,0.0,0.0,0.0,0.0,0.0,0,0,0,0.0,0.0,0.0,0.0,0,0
e5f8d2fc1332e982a54ee4b4c1f7f55e900d0b86,1811.04791,lead,5,0.2429718246796358,0.0,0.5,0.0,1.0,0.14285714285714285,0,0,0,0.0,0.0,0.0,0.0,0,0
e6204daf4efeb752fdbd5c26e179efcb8ddd2807,1601.03313,lead,5,0.0,0.0,0.0,0.0,0.0,0.0,0,0,0,0.0,0.0,0.0,0.0,0,0
e6bc11bd6cfd4b2138c29602b9b56fc5378a4293,1709.04491,lead,5,0.0,0.0,0.0,0.0,0.0,0.0,0,0,0,0.0,0.0,0.0,0.0,0,0
e6f5444b7c08d79d4349e35d5298a63bb30e7004,1708.07252,lead,5,0.0,0.0,0.0,0.0,0.0,0.0,0,0,0,0.0,0.0,0.0,0.0,0,0
e797634fa77e490783b349034f9e095ee570b7a9,1804.05253,lead,5,0.45560514958746035,0.5,1.0,1.0,1.0,0.2,1,1,0,0.5,1.0,0.3333333333333333,0.2857142857142857,0,1
e831ce6c406bf5d1c493162732e1b320abb71b6f,1908.07491,lead,5,0.0,0.0,0.0,0.0,0.0,0.0,0,0,0,0.0,0.0,0.0,0.0,0,0
e8c3f59313df20db0cdd49b84a37c44da849fe17,2003.07459,lead,5,0.0,0.0,0.0,0.0,0.0,0.0,0,0,0,0.0,0.0,0.0,0.0,0,0
e90425ac05a15dc145bbf3034e78b56e7cec36ac,1803.09000,lead,5,0.0,0.0,0.0,0.0,0.0,0.0,0,0,0,0.0,0.0,0.0,0.0,0,0
e96b0d64c8d9fdd90235c499bf1ec562d2cbb8b2,1605.04278,lead,5,0.0,0.0,0.0,0.0,0.0,0.0,0,0,0,0.0,0.0,0.0,0.0,0,0
e9a0a69eacd554141f56b60ab2d1912cc33f526a,1803.06745,lead,5,0.0,0.0,0.0,0.0,0.0,0.0,0,0,0,0.0,0.0,0.0,0.0,0,0
ea6edf45f094586caf4684463287254d44b00e95,1907.12984,lead,5,0.0,0.0,0.0,0.0,0.0,0.0,0,0,0,0.0,0.0,0.0,0.0,0,0
eaacee4246f003d29a108fe857b5dd317287ecf1,1911.12559,lead,5,0.0,0.0,0.0,0.0,0.0,0.0,0,0,0,0.0,0.0,0.0,0.0,0,0
eaae11ffd4ff955de2cd6389b888f5fd2c660a32,1910.14589,lead,5,0.0,0.0,0.0,0.0,0.0,0.0,0,0,0,0.0,0.0,0.0,0.0,0,0
ead7704a64447dccd504951618d3be463eba86bf,1807.03674,lead,5,0.43067655807339306,1.0,1.0,1.0,1.0,0.25,1,1,1,1.0,1.0,0.3333333333333333,0.3333333333333333,0,0
eaed0b721cc3137b964f5265c7ecf76f565053e9,1806.03369,lead,5,0.0,0.0,0.0,0.0,0.0,0.0,0,0,0,0.0,0.0,0.0,0.0,0,0
eafea4a24d103fdecf8f347c7d84daff6ef828a3,1611.01116,lead,5,0.21840743681816419,0.0,0.5,0.0,1.0,0.16666666666666666,0,0,0,0.0,0.0,0.0,0.0,0,0
eb653a5c59851eda313ece0bcd8c589b6155d73e,1908.02284,lead,5,0.0,0.0,0.0,0.0,0.0,0.0,0,0,0,0.0,0.0,0.0,0.0,0,0
ebb4db9c24aa36db9954dd65ea079a798df80558,1908.09355,lead,5,0.0,0.0,0.0,0.0,0.0,0.0,0,0,0,0.0,0.0,0.0,0.0,0,0
ebe1084a06abdabefffc66f029eeb0b69f114fd9,1810.02268,lead,5,0.0,0.0,0.0,0.0,0.0,0.0,0,0,0,0.0,0.0,0.0,0.0,0,0
ebe6b8ec141172f7fea66f0a896b3124276d4884,1911.11025,lead,5,0.3333333333333333,0.0,1.0,0.0,1.0,0.14285714285714285,0,0,0,0.0,0.0,0.0,0.0,0,0
ec2045e0da92989642a5b5f2b1130c8bd765bcc5,1901.03253,lead,5,0.0,0.0,0.0,0.0,0.0,0.0,0,0,0,0.0,0.0,0.0,0.0,0,0
ec39120fb879ae10452d3f244e1e32237047005a,2004.04060,lead,5,0.0,0.0,0.0,0.0,0.0,0.0,0,0,0,0.0,0.0,0.0,0.0,0,0
ec54ae2f4811196fcaafa45e76130239e69995f9,1909.07158,lead,5,0.0,0.0,0.0,0.0,0.0,0.0,0,0,0,0.0,0.0,0.0,0.0,0,0
ec62df859ad901bf0848f0a8b91eedc78dba5657,1909.05190,lead,5,0.0,0.0,0.0,0.0,0.0,0.0,0,0,0,0.0,0.0,0.0,0.0,0,0
ec70c7c560e08cff2820bad93f5216bc0a469f5a,1908.11664,lead,5,0.0,0.0,0.0,0.0,0.0,0.0,0,0,0,0.0,0.0,0.0,0.0,0,0
ec8f39d32084996ab825debd7113c71daac38b06,1606.07043,lead,5,0.3065735963827292,0.5,0.5,1.0,1.0,0.3333333333333333,1,1,0,0.5,1.0,0.3333333333333333,0.2857142857142857,0,1
ecaa10a2d9927fa6ab6a954488f12aa6b42ddc1a,1909.04242,lead,5,0.2090905274901754,0.0,0.4,0.0,1.0,0.125,0,0,0,0.0,0.0,0.0,0.0,0,0
ed15a593d64a5ba58f63c021ae9fd8f50051a667,2001.05540,lead,5,0.08274602130532002,0.0,0.14285714285714285,0.0,1.0,0.1111111111111111,0,0,0,0.0,0.0,0.0,0.0,0,0
ed44f7e698d6124cb86791841d02fc6f8b4d862a,1908.11049,lead,5,0.3065735963827292,0.5,0.5,1.0,1.0,0.3333333333333333,1,1,0,0.5,1.0,0.3333333333333333,0.2857142857142857,0,1
ed7ce13cd95f7664a5e4fc530dcf72dc3808dced,1712.02555,lead,5,0.0,0.0,0.0,0.0,0.0,0.0,0,0,0,0.0,0.0,0.0,0.0,0,0
ee2c2fb01d67f4c58855bf23186cbd45cecbfa56,1606.07947,lead,5,0.0,0.0,0.0,0.0,0.0,0.0,0,0,0,0.0,0.0,0.0,0.0,0,0
ef6304512652ba56bd13dbe282a5ce1d41a4f171,1909.03553,lead,5,0.0,0.0,0.0,0.0,0.0,0.0,0,0,0,0.0,0.0,0.0,0.0,0,0
eff9192e05d23e9a67d10be0c89a7ab2b873995b,1910.09387,lead,5,0.36181498356361597,0.0,1.0,0.0,1.0,0.1111111111111111,0,0,0,0.0,0.0,0.0,0.0,0,0
f0404673085517eea708c5e91f32fb0f7728fa08,1607.03895,lead,5,0.5065745439910657,0.3333333333333333,1.0,1.0,1.0,0.25,1,0,0,0.3333333333333333,0.5,0.2857142857142857,0.25,1,0
f0afc116809b70528226d37190e8e79e1e9cd11e,1906.05685,lead,5,0.0,0.0,0.0,0.0,0.0,0.0,0,0,0,0.0,0.0,0.0,0.0,0,0
f11856814a57b86667179e1e275e4f99ff1bcad8,1707.06875,lead,5,0.3405423735369708,0.0,0.5714285714285714,0.0,1.0,0.14285714285714285,0,0,0,0.0,0.0,0.0,0.0,0,0
f15bc40960bd3f81bc791f43ab5c94c52378692d,1804.00982,lead,5,0.19342640361727081,0.0,0.5,0.0,1.0,0.125,0,0,0,0.0,0.0,0.0,0.0,0,0
f1a50f88898556ecdba8e9cac13ae54c11835945,1909.03553,lead,5,0.5,1.0,1.0,1.0,1.0,0.3333333333333333,1,1,1,1.0,1.0,0.3333333333333333,0.3333333333333333,0,0
f1d61b44105e651925d02a51e6d7ea10ea28ebd8,1909.00437,lead,5,0.18154179253735267,0.3333333333333333,0.3333333333333333,1.0,1.0,0.2,1,0,0,0.3333333333333333,0.5,0.2857142857142857,0.25,1,0
f1f7a040545c9501215d3391e267c7874f9a6004,1612.09535,lead,5,0.0,0.0,0.0,0.0,0.0,0.0,0,0,0,0.0,0.0,0.0,0.0,0,0
f264612db9096caf938bd8ee4085848143b34f81,1605.05166,lead,5,0.5,1.0,1.0,1.0,1.0,0.3333333333333333,1,1,1,1.0,1.0,0.3333333333333333,0.3333333333333333,0,0
f2b1e87f61c65aaa99bcf9825de11ae237260270,1909.00786,lead,5,0.0,0.0,0.0,0.0,0.0,0.0,0,0,0,0.0,0.0,0.0,0.0,0,0
f2b8a2ed5916d75cf568a931829a5a3cde2fc345,1801.05617,lead,5,0.0,0.0,0.0,0.0,0.0,0.0,0,0,0,0.0,0.0,0.0,0.0,0,0
f2bcfdbebb418e7da165c19b8c7167719432ee48,1603.07252,lead,5,0.430624116386567,0.5,1.0,1.0,1.0,0.2,1,1,0,0.5,1.0,0.3333333333333333,0.2857142857142857,0,1
f381b0ef693243d67657f6c34bbce015f6b1fd07,1603.08868,lead,5,0.0,0.0,0.0,0.0,0.0,0.0,0,0,0,0.0,0.0,0.0,0.0,0,0
f3b4e52ba962a0004064132d123fd9b78d9e12e2,1907.12984,lead,5,0.0,0.0,0.0,0.0,0.0,0.0,0,0,0,0.0,0.0,0.0,0.0,0,0
f3b851c9063192c86a3cc33b2328c02efa41b668,2003.08769,lead,5,0.0,0.0,0.0,0.0,0.0,0.0,0,0,0,0.0,0.0,0.0,0.0,0,0
f40e23adc8245562c8677f0f86fa5175179b5422,1807.08089,lead,5,0.23719771276929622,0.5,0.5,1.0,1.0,0.2,1,1,0,0.5,1.0,0.3333333333333333,0.2857142857142857,0,1
f4e16b185b506713ff99acc4dbd9ec3208e4997b,1602.07563,lead,5,0.0,0.0,0.0,0.0,0.0,0.0,0,0,0,0.0,0.0,0.0,0.0,0,0
f52c9744a371104eb2677c181a7004f7a77d9dd3,1912.00342,lead,5,0.0,0.0,0.0,0.0,0.0,0.0,0,0,0,0.0,0.0,0.0,0.0,0,0
f5513f9314b9d7b41518f98c6bc6d42b8555258d,1605.05166,lead,5,0.42495990177520937,0.0,1.0,0.0,1.0,0.125,0,0,0,0.0,0.0,0.0,0.0,0,0
f5913e37039b9517a323ec700b712e898316161b,1711.03759,lead,5,0.0,0.0,0.0,0.0,0.0,0.0,0,0,0,0.0,0.0,0.0,0.0,0,0
f5bc07df5c61dcb589a848bd36f4ce9c22abd46a,1703.10090,lead,5,0.13743816645714543,0.14285714285714285,0.14285714285714285,1.0,1.0,0.3333333333333333,1,0,0,0.14285714285714285,0.25,0.2222222222222222,0.16666666666666666,1,0
f61268905626c0b2a715282478a5e373adda516c,2003.07459,lead,5,0.38685280723454163,0.5,0.5,1.0,1.0,0.5,1,1,0,0.5,1.0,0.3333333333333333,0.2857142857142857,0,1
f637bba86cfb94ca8ac4b058faf839c257d5eaa0,1806.07042,lead,5,0.43067655807339306,1.0,1.0,1.0,1.0,0.25,1,1,1,1.0,1.0,0.3333333333333333,0.3333333333333333,0,0
f64449a21c452bc5395a0f0a49fb49825e6385f4,1909.04387,lead,5,0.38685280723454163,0.5,0.5,1.0,1.0,0.5,1,1,0,0.5,1.0,0.3333333333333333,0.2857142857142857,0,1
f71b95001dce46ee35cdbd8d177676de19ca2611,1911.07620,lead,5,0.0,0.0,0.0,0.0,0.0,0.0,0,0,0,0.0,0.0,0.0,0.0,0,0
f741d32b92630328df30f674af16fbbefcad3f93,1805.09821,lead,5,0.0,0.0,0.0,0.0,0.0,0.0,0,0,0,0.0,0.0,0.0,0.0,0,0
f7662b11e87c1e051e13799413f3db459ac3e19c,1911.10742,lead,5,0.16958010263680806,0.2,0.2,1.0,1.0,0.3333333333333333,1,0,0,0.2,0.5,0.2857142857142857,0.2,1,0
f77d7cddef3e021d70e16b9e16cecfd4b8ee80d3,1606.07947,lead,5,0.0,0.0,0.0,0.0,0.0,0.0,0,0,0,0.0,0.0,0.0,0.0,0,0
f7b91b99279833f9f489635eb8f77c6d13136098,1912.11980,lead,5,0.0,0.0,0.0,0.0,0.0,0.0,0,0,0,0.0,0.0,0.0,0.0,0,0
f7d61648ae4bd46c603a271185c3adfac5fc5114,1909.00369,lead,5,0.19342640361727081,0.0,0.5,0.0,1.0,0.125,0,0,0,0.0,0.0,0.0,0.0,0,0
f7ee48dd32c666ef83a4ae4aa06bcde85dd8ec4b,1804.07445,lead,5,0.0,0.0,0.0,0.0,0.0,0.0,0,0,0,0.0,0.0,0.0,0.0,0,0
f88f45ef563ea9e40c5767ab2eaa77f4700f95f8,2002.09616,lead,5,0.0,0.0,0.0,0.0,0.0,0.0,0,0,0,0.0,0.0,0.0,0.0,0,0
f8bba20d1781ce2b14fad28d6eff024e5a6c2c02,1709.06365,lead,5,0.0,0.0,0.0,0.0,0.0,0.0,0,0,0,0.0,0.0,0.0,0.0,0,0
f8f64da7172e72e684f0e024a19411b43629ff55,1804.05306,lead,5,0.39780880120575696,0.0,1.0,0.0,1.0,0.14285714285714285,0,0,0,0.0,0.0,0.0,0.0,0,0
f92c344e9b1a986754277fd0f08a47dc3e5f9feb,1803.08419,lead,5,0.13905617951077562,0.0,0.25,0.0,1.0,0.16666666666666666,0,0,0,0.0,0.0,0.0,0.0,0,0
f93bad406e004014618dd64f6c604b1a9ee6a371,1811.00127,lead,5,0.0,0.0,0.0,0.0,0.0,0.0,0,0,0,0.0,0.0,0.0,0.0,0,0
f9ae1b31c1a60aacb9ef869e1cc6b0e70c6e5d8e,2002.04374,lead,5,0.4716276524567204,0.0,1.0,0.0,1.0,0.16666666666666666,0,0,0,0.0,0.0,0.0,0.0,0,0
fa5f5f58f6277a1e433f80c9a92a5629d6d9a271,2002.09616,lead,5,0.0,0.0,0.0,0.0,0.0,0.0,0,0,0,0.0,0.0,0.0,0.0,0,0
fa800a21469a70fa6490bfc67cabdcc8bf086fb5,1902.06734,lead,5,0.0,0.0,0.0,0.0,0.0,0.0,0,0,0,0.0,0.0,0.0,0.0,0,0
fac273ecb3e72f2dc94cdbc797582d7225a8e070,1703.05320,lead,5,0.13565197343244778,0.0,0.3333333333333333,0.0,1.0,0.1,0,0,0,0.0,0.0,0.0,0.0,0,0
faffcc6ef27c1441e6528f924e320368430d8da3,1908.08917,lead,5,0.25190132085971084,0.0,0.5,0.0,1.0,0.16666666666666666,0,0,0,0.0,0.0,0.0,0.0,0,0
fb06ed5cf9f04ff2039298af33384ca71ddbb461,1806.09652,lead,5,0.0,0.0,0.0,0.0,0.0,0.0,0,0,0,0.0,0.0,0.0,0.0,0,0
fcb0ac1934e2fd9f58f4b459e6853999a27844f9,2004.02214,lead,5,0.0,0.0,0.0,0.0,0.0,0.0,0,0,0,0.0,0.0,0.0,0.0,0,0
fcdafaea5b1c9edee305b81f6865efc8b8dc50d3,1707.02892,lead,5,0.0,0.0,0.0,0.0,0.0,0.0,0,0,0,0.0,0.0,0.0,0.0,0,0
fd651d19046966ca65d4bcf6f6ae9c66cdf13777,2002.10210,lead,5,0.0,0.0,0.0,0.0,0.0,0.0,0,0,0,0.0,0.0,0.0,0.0,0,0
fd8a8eb69f07c584a76633f8802c2746f7236d64,1911.03642,lead,5,0.43067655807339306,1.0,1.0,1.0,1.0,0.25,1,1,1,1.0,1.0,0.3333333333333333,0.3333333333333333,0,0
fda47c68fd5f7b44bd539f83ded5882b96c36dd7,1704.03279,lead,5,0.0,0.0,0.0,0.0,0.0,0.0,0,0,0,0.0,0.0,0.0,0.0,0,0
fe1a74449847755cd7a46647cc9d384abfee789e,1901.03253,lead,5,0.0,0.0,0.0,0.0,0.0,0.0,0,0,0,0.0,0.0,0.0,0.0,0,0
fe52b093735bb456d7e699aa9a2b806d2b498ba0,1905.00840,lead,5,0.19519002499605084,0.25,0.25,1.0,1.0,0.3333333333333333,1,0,0,0.25,0.5,0.2857142857142857,0.2222222222222222,1,0
fe6181ab0aecf5bc8c3def843f82e530347d918b,1911.09753,lead,5,0.0,0.0,0.0,0.0,0.0,0.0,0,0,0,0.0,0.0,0.0,0.0,0,0
fea9b4d136156f23a88e5c7841874a467f2ba86d,1908.06259,lead,5,0.5,1.0,1.0,1.0,1.0,0.3333333333333333,1,1,1,1.0,1.0,0.3333333333333333,0.3333333333333333,0,0
fee498457774d9617068890ff29528e9fa05a2ac,2003.03728,lead,5,0.0,0.0,0.0,0.0,0.0,0.0,0,0,0,0.0,0.0,0.0,0.0,0,0
fef5b65263c81299acc350a101dabaf5a8cb9c6e,1807.08089,lead,5,0.0,0.0,0.0,0.0,0.0,0.0,0,0,0,0.0,0.0,0.0,0.0,0,0
ff36168caf48161db7039e3bd4732cef31d4de99,1909.11706,lead,5,0.0,0.0,0.0,0.0,0.0,0.0,0,0,0,0.0,0.0,0.0,0.0,0,0
000549a217ea24432c0656598279dbb85378c113,1804.05253,random,5,0.0,0.0,0.0,0.0,0.0,0.0,0,0,0,0.0,0.0,0.0,0.0,0,0
00341a46a67d31d36e6dc54d5297626319584891,1604.02201,random,5,0.0,0.0,0.0,0.0,0.0,0.0,0,0,0,0.0,0.0,0.0,0.0,0,0
00aea97f69290b496ed11eb45a201ad28d741460,1909.01860,random,5,0.2890648263178879,0.0,1.0,0.0,1.0,0.1,0,0,0,0.0,0.0,0.0,0.0,0,0
00c443f8d32d6baf7c7cea8f4ca9fa749532ccfd,1612.00866,random,5,0.0,0.0,0.0,0.0,0.0,0.0,0,0,0,0.0,0.0,0.0,0.0,0,0
00db191facf903cef18fb1727d1cab638c277e0a,1906.05506,random,5,0.0,0.0,0.0,0.0,0.0,0.0,0,0,0,0.0,0.0,0.0,0.0,0,0
00df1ff914956d4d23299d02fd44e4c985bb61fa,1903.10318,random,5,0.0,0.0,0.0,0.0,0.0,0.0,0,0,0,0.0,0.0,0.0,0.0,0,0
00e4c9aa87411dfc5455fc92f10e5c9266e7b95e,1710.06923,random,5,0.0,0.0,0.0,0.0,0.0,0.0,0,0,0,0.0,0.0,0.0,0.0,0,0
00f507053c47e55d7e72bebdbd8a75b3ca88cf85,1806.07042,random,5,0.3010299956639812,0.0,1.0,0.0,1.0,0.1111111111111111,0,0,0,0.0,0.0,0.0,0.0,0,0
00ffe2c59a3ba18d6d2b353d6ab062a152c88526,1709.05453,random,5,0.0,0.0,0.0,0.0,0.0,0.0,0,0,0,0.0,0.0,0.0,0.0,0,0
014a3aa07686ee18a86c977bf0701db082e8480b,1908.06493,random,5,0.11751610475642714,0.0,0.25,0.0,1.0,0.1111111111111111,0,0,0,0.0,0.0,0.0,0.0,0,0
018b81f810a39b3f437a85573d24531efccd835f,1906.11085,random,5,0.3065735963827292,0.5,0.5,1.0,1.0,0.3333333333333333,1,1,0,0.5,1.0,0.3333333333333333,0.2857142857142857,0,1
01c8c3836467a4399cc37e86244b5bdc5dda2401,1804.09692,random,5,0.0,0.0,0.0,0.0,0.0,0.0,0,0,0,0.0,0.0,0.0,0.0,0,0
028d0d9b7a71133e51a14a32cd09dea1e2f39f05,1804.01155,random,5,0.1480409554829326,0.0,0.3333333333333333,0.0,1.0,0.125,0,0,0,0.0,0.0,0.0,0.0,0,0
02a5acb484bda77ef32a13f5d93d336472cf8cd4,1612.04118,random,5,0.3010299956639812,0.0,1.0,0.0,1.0,0.1111111111111111,0,0,0,0.0,0.0,0.0,0.0,0,0
036c400424357457e42b22df477b7c3cdc2eefe9,1711.11118,random,5,0.38685280723454163,1.0,1.0,1.0,1.0,0.2,1,1,1,1.0,1.0,0.3333333333333333,0.3333333333333333,0,0
042800c3336ed5f4826203616a39747c61382ba6,1709.05453,random,5,0.6131471927654584,0.5,0.5,1.0,1.0,1.0,1,0,0,0.5,0.5,0.2857142857142857,0.2857142857142857,1,0
04796aaa59eeb2176339c0651838670fd916074d,1906.11085,random,5,0.6309297535714575,1.0,1.0,1.0,1.0,0.5,1,1,1,1.0,1.0,0.3333333333333333,0.3333333333333333,0,0
051034cc94f2c02d3041575c53f969b3311c9ea1,1804.07445,random,5,0.6364391809889587,0.3333333333333333,0.6666666666666666,1.0,1.0,1.0,1,1,0,0.3333333333333333,1.0,0.3333333333333333,0.25,0,1
058b6e3fdbb607fa7dbfc688628b3e13e130c35a,1912.00239,random,5,0.2640681225725909,0.5,0.5,1.0,1.0,0.25,1,1,0,0.5,1.0,0.3333333333333333,0.2857142857142857,0,1
065623cc1d5f5b19ec1f84d286522fc2f805c6ce,1706.04206,random,5,0.2890648263178879,0.0,1.0,0.0,1.0,0.1,0,0,0,0.0,0.0,0.0,0.0,0,0
07104dd36a0e7fdd2c211ad710de9a605495b697,1908.05908,random,5,0.11305340175787204,0.0,0.2,0.0,1.0,0.14285714285714285,0,0,0,0.0,0.0,0.0,0.0,0,0
075d6ab5dd132666e85d0b6ad238118271dfc147,1909.00786,random,5,0.0,0.0,0.0,0.0,0.0,0.0,0,0,0,0.0,0.0,0.0,0.0,0,0
0778cbbd093f8b779f7cf26302b2a8e081ccfb40,1703.10152,random,5,0.3562071871080222,0.0,1.0,0.0,1.0,0.16666666666666666,0,0,0,0.0,0.0,0.0,0.0,0,0
079e654c97508c521c07ab4d24cdaaede5602c61,1605.05156,random,5,0.0,0.0,0.0,0.0,0.0,0.0,0,0,0,0.0,0.0,0.0,0.0,0,0
07a214748a69b31400585aef7aba6af3e3d9cce2,1612.05202,random,5,0.0,0.0,0.0,0.0,0.0,0.0,0,0,0,0.0,0.0,0.0,0.0,0,0
07d98dfa88944abd12acd45e98fb7d3719986aeb,1909.07873,random,5,0.42257499837058643,0.14285714285714285,0.21428571428571427,1.0,1.0,1.0,1,0,0,0.14285714285714285,0.15384615384615385,0.2222222222222222,0.21052631578947367,1,0
08561f6ba578ce8f8d284abf90f5b24eb1f804d3,1901.03253,random,5,0.0,0.0,0.0,0.0,0.0,0.0,0,0,0,0.0,0.0,0.0,0.0,0,0
088d42ecb1e15515f6a97a0da2fed81b61d61a23,1909.00437,random,5,0.0,0.0,0.0,0.0,0.0,0.0,0,0,0,0.0,0.0,0.0,0.0,0,0
08b77c52676167af72581079adf1ca2b994ce251,2002.10210,random,5,0.11752277470724268,0.1111111111111111,0.1111111111111111,1.0,1.0,0.3333333333333333,1,0,0,0.1111111111111111,0.1111111111111111,0.14285714285714285,0.14285714285714285,1,0
08c0d4db14773cbed8a63e69381a2265e85f8765,1901.05389,random,5,0.0,0.0,0.0,0.0,0.0,0.0,0,0,0,0.0,0.0,0.0,0.0,0,0
0a5fd0e5f4ab12be57be20416a5ea7c3db5fb662,1912.10162,random,5,0.3391602052736161,0.2,0.2,1.0,1.0,1.0,1,1,0,0.2,1.0,0.3333333333333333,0.2,0,1
0a70af6ba334dfd3574991b1dd06f54fc6a700f2,1910.01160,random,5,0.38685280723454163,0.5,0.5,1.0,1.0,0.5,1,1,0,0.5,1.0,0.3333333333333333,0.2857142857142857,0,1
0abc2499195185c94837e0340d00cd3b83ee795e,1909.13184,random,5,0.7237748791694039,0.3333333333333333,0.7777777777777778,1.0,1.0,1.0,1,0,0,0.3333333333333333,0.375,0.46153846153846156,0.42857142857142855,1,0
0ac6fbd81e2dd95b800283dc7e59ce969d45fc02,1708.05521,random,5,0.0,0.0,0.0,0.0,0.0,0.0,0,0,0,0.0,0.0,0.0,0.0,0,0
0aca0a208a1e28857fab44e397dc7880e010dbca,2003.12139,random,5,0.20438239758848611,0.0,0.5,0.0,1.0,0.14285714285714285,0,0,0,0.0,0.0,0.0,0.0,0,0
0b10cfa61595b21bf3ff13b4df0fe1c17bbbf4e9,1908.07721,random,5,0.19342640361727081,0.0,0.5,0.0,1.0,0.125,0,0,0,0.0,0.0,0.0,0.0,0,0
0b1cc6c0de286eb724b1fd18dbc93e67ab89a236,1908.11664,random,5,0.0,0.0,0.0,0.0,0.0,0.0,0,0,0,0.0,0.0,0.0,0.0,0,0
0b5a7ccf09810ff5a86162d502697d16b3536249,1911.03353,random,5,0.16812753627111746,0.25,0.25,1.0,1.0,0.25,1,0,0,0.25,0.5,0.2857142857142857,0.2222222222222222,1,0
0b5bf00d2788c534c4c6c007b72290c48be21e16,1806.07042,random,5,0.0,0.0,0.0,0.0,0.0,0.0,0,0,0,0.0,0.0,0.0,0.0,0,0
0b5c599195973c563c4b1a0fe5d8fc77204d71a0,1811.01183,random,5,0.3333333333333333,0.0,1.0,0.0,1.0,0.14285714285714285,0,0,0,0.0,0.0,0.0,0.0,0,0
0bc305d6b90f77f835bc4c904b22a4be07f963b2,1606.02601,random,5,0.0,0.0,0.0,0.0,0.0,0.0,0,0,0,0.0,0.0,0.0,0.0,0,0
0bd3bea892c34a3820e98c4a42cdeda03753146b,1805.04558,random,5,0.10699313236726378,0.0,0.2,0.0,1.0,0.125,0,0,0,0.0,0.0,0.0,0.0,0,0
0bde3ecfdd7c4a9af23f53da2cda6cd7a8398220,1804.07445,random,5,0.0,0.0,0.0,0.0,0.0,0.0,0,0,0,0.0,0.0,0.0,0.0,0,0
0c4e419fe57bf01d58a44f3e263777c22cdd90dc,1911.06815,random,5,0.3333333333333333,0.0,1.0,0.0,1.0,0.14285714285714285,0,0,0,0.0,0.0,0.0,0.0,0,0
0d3193d17c0a4edc8fa9854f279c2a1b878e8b29,2002.00175,random,5,0.38685280723454163,0.5,0.5,1.0,1.0,0.5,1,1,0,0.5,1.0,0.3333333333333333,0.2857142857142857,0,1
0d9241e904bd2bbf5b9a6ed7b5fc929651d3e28e,1910.13793,random,5,0.0,0.0,0.0,0.0,0.0,0.0,0,0,0,0.0,0.0,0.0,0.0,0,0
0dbb5309d2be97f6eda29d7ae220aa16cafbabb7,1610.00479,random,5,0.0,0.0,0.0,0.0,0.0,0.0,0,0,0,0.0,0.0,0.0,0.0,0,0
0dc9050c832a6091bc9db3f7fa7be72139f51177,1902.08830,random,5,0.0,0.0,0.0,0.0,0.0,0.0,0,0,0,0.0,0.0,0.0,0.0,0,0
0dfe43985dea45d93ae2504cccca15ae1e207ccf,2002.00175,random,5,0.0,0.0,0.0,0.0,0.0,0.0,0,0,0,0.0,0.0,0.0,0.0,0,0
0ef114d24a7a32821967e912dff23c016c4eab41,1901.09501,random,5,0.07945707943276742,0.0,0.14285714285714285,0.0,1.0,0.1,0,0,0,0.0,0.0,0.0,0.0,0,0
0f1f81b6d4aa0da38b4cc8b060926e7df61bb646,1909.05190,random,5,0.08274602130532002,0.0,0.14285714285714285,0.0,1.0,0.1111111111111111,0,0,0,0.0,0.0,0.0,0.0,0,0
0f9c1586f1b4b531fa4fd113e767d06af90b1ae8,1603.07252,random,5,0.13565197343244778,0.0,0.3333333333333333,0.0,1.0,0.1,0,0,0,0.0,0.0,0.0,0.0,0,0
0fe49431db5ffaa24372919daf24d8f84117bfda,1603.07252,random,5,0.0,0.0,0.0,0.0,0.0,0.0,0,0,0,0.0,0.0,0.0,0.0,0,0
0fee37ebe0a010cf8bd665fa566306d8e7d12631,1709.06365,random,5,0.0,0.0,0.0,0.0,0.0,0.0,0,0,0,0.0,0.0,0.0,0.0,0,0
1002bd01372eba0f3078fb4a951505278ed45f2e,1906.01076,random,5,0.0,0.0,0.0,0.0,0.0,0.0,0,0,0,0.0,0.0,0.0,0.0,0,0
10edfb9428b8a4652274c13962917662fdf84f8a,1911.07620,random,5,0.0,0.0,0.0,0.0,0.0,0.0,0,0,0,0.0,0.0,0.0,0.0,0,0
1100e442e00c9914538a32aca7af994ce42e1b66,1911.03854,random,5,0.25909036127391766,0.16666666666666666,0.3333333333333333,1.0,1.0,0.3333333333333333,1,0,0,0.16666666666666666,0.16666666666666666,0.18181818181818182,0.18181818181818182,1,0
1128a600a813116cba9a2cf99d8568ae340f327a,1802.08969,random,5,0.10699313236726378,0.0,0.2,0.0,1.0,0.125,0,0,0,0.0,0.0,0.0,0.0,0,0
11679d1feba747c64bbbc62939a20fbb69ada0f3,1902.06734,random,5,0.9197207891481876,1.0,1.0,1.0,1.0,1.0,1,1,1,1.0,1.0,0.5714285714285714,0.5714285714285714,0,0
119c404da6e42d4879eee10edeab4b2851162659,1910.10762,random,5,0.6257049680303419,0.3333333333333333,0.6666666666666666,1.0,1.0,1.0,1,0,0,0.3333333333333333,0.5,0.2857142857142857,0.25,1,0
11a3af3f056e0fb5559fe5cbff1640e022732735,1612.05202,random,5,0.0,0.0,0.0,0.0,0.0,0.0,0,0,0,0.0,0.0,0.0,0.0,0,0
11a8531699952f5a2286a4311f0fe80ed1befa1e,1905.07562,random,5,0.0,0.0,0.0,0.0,0.0,0.0,0,0,0,0.0,0.0,0.0,0.0,0,0
11c4071d9d7efeede84f47892b1fa0c6a93667eb,2004.02334,random,5,0.0,0.0,0.0,0.0,0.0,0.0,0,0,0,0.0,0.0,0.0,0.0,0,0
11ef46187a5bf15e89d63220fdeaecbeb92d818e,1610.06510,random,5,0.0,0.0,0.0,0.0,0.0,0.0,0,0,0,0.0,0.0,0.0,0.0,0,0
11f9c207476af75a9272105e646df02594059c3f,1603.09381,random,5,0.3010299956639812,0.0,1.0,0.0,1.0,0.1111111111111111,0,0,0,0.0,0.0,0.0,0.0,0,0
12dc04e0ec1d3ba5ec543069fe457dfa4a1cac07,1910.13793,random,5,0.0,0.0,0.0,0.0,0.0,0.0,0,0,0,0.0,0.0,0.0,0.0,0,0
130d73400698e2b3c6860b07f2e957e3ff022d48,1909.00871,random,5,0.0,0.0,0.0,0.0,0.0,0.0,0,0,0,0.0,0.0,0.0,0.0,0,0
138ad61b43c85d5db166ea9bd3d3b19bb2e2bbfb,1909.13184,random,5,0.3065735963827292,0.5,0.5,1.0,1.0,0.3333333333333333,1,1,0,0.5,1.0,0.3333333333333333,0.2857142857142857,0,1
141f23e87c10c2d54d559881e641c983e3ec8ef3,1911.09241,random,5,0.0,0.0,0.0,0.0,0.0,0.0,0,0,0,0.0,0.0,0.0,0.0,0,0
14fdc8087f2a62baea9d50c4aa3a3f8310b38d17,1909.12208,random,5,0.0,0.0,0.0,0.0,0.0,0.0,0,0,0,0.0,0.0,0.0,0.0,0,0
157284acedf13377cbc6d58c8f3648d3a62f5db5,1905.05644,random,5,0.0,0.0,0.0,0.0,0.0,0.0,0,0,0,0.0,0.0,0.0,0.0,0,0
157de5175259d6f25db703efb299f948dae597b7,1708.07690,random,5,0.0,0.0,0.0,0.0,0.0,0.0,0,0,0,0.0,0.0,0.0,0.0,0,0
15aeda407ae3912419fd89211cdb98989d9cde58,1908.08788,random,5,0.0,0.0,0.0,0.0,0.0,0.0,0,0,0,0.0,0.0,0.0,0.0,0,0
16a10c1681dc5a399b6d34b4eed7bb1fef816dd0,1910.02001,random,5,0.20438239758848611,0.0,0.5,0.0,1.0,0.14285714285714285,0,0,0,0.0,0.0,0.0,0.0,0,0
16cc37e4f8e2db99eaf89337a3d9ada431170d5b,1907.08540,random,5,0.0,0.0,0.0,0.0,0.0,0.0,0,0,0,0.0,0.0,0.0,0.0,0,0
16edc21a6abc89ee2280dccf1c867c2ac4552524,1809.03695,random,5,0.5780136823717549,0.6666666666666666,1.0,1.0,1.0,0.3333333333333333,1,1,0,0.6666666666666666,1.0,0.5714285714285714,0.5,0,1
1702985a3528e876bb19b8e223399729d778b4e4,2003.12450,random,5,0.43067655807339306,1.0,1.0,1.0,1.0,0.25,1,1,1,1.0,1.0,0.3333333333333333,0.3333333333333333,0,0
175cddfd0bcd77b7327b62f99e57d8ea93f8d8ba,1906.05685,random,5,0.0,0.0,0.0,0.0,0.0,0.0,0,0,0,0.0,0.0,0.0,0.0,0,0
17fd6deb9e10707f9d1b70165dedb045e1889aac,1908.11053,random,5,0.0,0.0,0.0,0.0,0.0,0.0,0,0,0,0.0,0.0,0.0,0.0,0,0
180c7bea8caf05ca97d9962b90eb454be4176425,1910.01160,random,5,0.0,0.0,0.0,0.0,0.0,0.0,0,0,0,0.0,0.0,0.0,0.0,0,0
182eb91090017a7c8ea38a88b219b641842664e4,1901.09501,random,5,0.0,0.0,0.0,0.0,0.0,0.0,0,0,0,0.0,0.0,0.0,0.0,0,0
183b385fb59ff1e3f658d4555a08b67c005a8734,1809.03391,random,5,0.38685280723454163,0.5,0.5,1.0,1.0,0.5,1,1,0,0.5,1.0,0.3333333333333333,0.2857142857142857,0,1
19ebfba9aa5a9596b09a0cfb084ff8ebf24a3b91,1602.03483,random,5,0.0,0.0,0.0,0.0,0.0,0.0,0,0,0,0.0,0.0,0.0,0.0,0,0
1a2b69dfa81dfeadd67b133229476086f2cc74a8,1712.00733,random,5,0.0,0.0,0.0,0.0,0.0,0.0,0,0,0,0.0,0.0,0.0,0.0,0,0
1a419468d255d40ae82ed7777618072a48f0091b,1704.06851,random,5,0.0,0.0,0.0,0.0,0.0,0.0,0,0,0,0.0,0.0,0.0,0.0,0,0
1a6156189297b2fe17f174ef55cbd20341bb7dbf,1611.06322,random,5,0.0,0.0,0.0,0.0,0.0,0.0,0,0,0,0.0,0.0,0.0,0.0,0,0
1acf06105f6c1930f869347ef88160f55cbf382b,1909.00871,random,5,0.0,0.0,0.0,0.0,0.0,0.0,0,0,0,0.0,0.0,0.0,0.0,0,0
1c182b4805b336bd6e1a3f43dc84b07db3908d4a,1910.12203,random,5,0.0,0.0,0.0,0.0,0.0,0.0,0,0,0,0.0,0.0,0.0,0.0,0,0
1ce6c09cf886df41a3d3c52ce82f370c5a30334a,1905.01347,random,5,0.0,0.0,0.0,0.0,0.0,0.0,0,0,0,0.0,0.0,0.0,0.0,0,0
1d047286ac63e5dca1ab811172b89d7d125679e5,1910.03943,random,5,0.0,0.0,0.0,0.0,0.0,0.0,0,0,0,0.0,0.0,0.0,0.0,0,0
1d10e069b4304fabfbed69acf409f0a311bdc441,1806.09652,random,5,0.0,0.0,0.0,0.0,0.0,0.0,0,0,0,0.0,0.0,0.0,0.0,0,0
1d263356692ed8cdee2a13f103a82d98f43d66eb,2003.11528,random,5,0.20210734650054757,0.3333333333333333,0.3333333333333333,1.0,1.0,0.25,1,0,0,0.3333333333333333,0.5,0.2857142857142857,0.25,1,0
1d6d21043b9fd0ed3ccccdc6317dcf5a1347ef03,1802.09059,random,5,0.0,0.0,0.0,0.0,0.0,0.0,0,0,0,0.0,0.0,0.0,0.0,0,0
1d7b99646a1bc05beec633d7a3beb083ad1e8734,1803.02155,random,5,0.0,0.0,0.0,0.0,0.0,0.0,0,0,0,0.0,0.0,0.0,0.0,0,0
1d9d7c96c5e826ac06741eb40e89fca6b4b022bd,1603.00957,random,5,0.18154179253735267,0.3333333333333333,0.3333333333333333,1.0,1.0,0.2,1,0,0,0.3333333333333333,0.5,0.2857142857142857,0.25,1,0
1dc5bf9dca7de2ba21db10e9056d3906267ef5d5,1912.07940,random,5,0.6131471927654584,0.5,0.5,1.0,1.0,1.0,1,1,0,0.5,1.0,0.3333333333333333,0.2857142857142857,0,1
1dcfcfa46dbcffc2fc7be92dd57df9620258097b,1908.11046,random,5,0.20438239758848611,0.0,0.5,0.0,1.0,0.14285714285714285,0,0,0,0.0,0.0,0.0,0.0,0,0
1e11e74481ead4b7635922bbe0de041dc2dde28d,1610.03807,random,5,0.23719771276929622,0.5,0.5,1.0,1.0,0.2,1,0,0,0.5,0.5,0.2857142857142857,0.2857142857142857,1,0
1e7e3f0f760cd628f698b73d82c0f946707855ca,1710.07695,random,5,0.0,0.0,0.0,0.0,0.0,0.0,0,0,0,0.0,0.0,0.0,0.0,0,0
1ec0be667a6594eb2e07c50258b120e693e040a8,1805.11598,random,5,0.41322699210894576,0.25,0.75,1.0,1.0,0.2,1,0,0,0.25,0.5,0.2857142857142857,0.2222222222222222,1,0
1ecbbb60dc44a701e9c57c22167dd412711bb0be,1812.00382,random,5,0.18457569677956817,0.0,0.5,0.0,1.0,0.1111111111111111,0,0,0,0.0,0.0,0.0,0.0,0,0
1f011fa772ce802e74eda89f706cdb1aa2833686,1910.01340,random,5,0.08514311764162098,0.1,0.1,1.0,1.0,0.2,1,0,0,0.1,0.1111111111111111,0.14285714285714285,0.13333333333333333,1,0
1f053f338df6d238cb163af1a0b1b073e749ed8a,1806.09652,random,5,0.6934264036172708,1.0,1.0,1.0,1.0,0.5,1,1,1,1.0,1.0,0.5714285714285714,0.5714285714285714,0,0
1f8044487af39244d723582b8a68f94750eed2cc,1910.01340,random,5,0.0,0.0,0.0,0.0,0.0,0.0,0,0,0,0.0,0.0,0.0,0.0,0,0
1faccdc78bbd99320c160ac386012720a0552119,1908.11053,random,5,0.0,0.0,0.0,0.0,0.0,0.0,0,0,0,0.0,0.0,0.0,0.0,0,0
1fcd25e9a63a53451cac9ad2b8a1b529aff44a97,1910.01992,random,5,0.0,0.0,0.0,0.0,0.0,0.0,0,0,0,0.0,0.0,0.0,0.0,0,0
1fd31fdfff93d65f36e93f6919f6976f5f172197,1709.05295,random,5,0.0,0.0,0.0,0.0,0.0,0.0,0,0,0,0.0,0.0,0.0,0.0,0,0
200c37060d037dee33f3b7c8b1a2aaa58376566e,1903.04329,random,5,0.0,0.0,0.0,0.0,0.0,0.0,0,0,0,0.0,0.0,0.0,0.0,0,0
20632fc4d2b693b5aabfbbc99ee5c1e9fc485dea,1912.02866,random,5,0.23922526118912793,0.2222222222222222,0.2222222222222222,1.0,1.0,0.5,1,0,0,0.2222222222222222,0.25,0.2222222222222222,0.2857142857142857,1,0
21c89ee0281f093b209533453196306b9699b552,1706.00188,random,5,0.8065735963827293,0.5,1.0,1.0,1.0,1.0,1,1,0,0.5,1.0,0.3333333333333333,0.2857142857142857,0,1
21f6cb3819c85312364dd17dd4091df946591ef0,1704.08390,random,5,0.0,0.0,0.0,0.0,0.0,0.0,0,0,0,0.0,0.0,0.0,0.0,0,0
22225ba18a6efe74b1315cc08405011d5431498e,1705.00571,random,5,0.29127873064148246,0.25,0.5,1.0,1.0,0.25,1,0,0,0.25,0.3333333333333333,0.25,0.2222222222222222,1,0
22488c8628b6db5fd708b6471c31a8eac31f66df,1906.01749,random,5,0.6131471927654584,0.5,0.5,1.0,1.0,1.0,1,1,0,0.5,1.0,0.3333333333333333,0.2857142857142857,0,1
2280ed1e2b3e99921e2bca21231af43b58ca04f0,1911.09247,random,5,0.3562071871080222,0.0,1.0,0.0,1.0,0.16666666666666666,0,0,0,0.0,0.0,0.0,0.0,0,0
22c125c461f565f5437dac74bf19c2ef317bad86,1703.04009,random,5,0.3562071871080222,0.0,1.0,0.0,1.0,0.16666666666666666,0,0,0,0.0,0.0,0.0,0.0,0,0
2301424672cb79297cf7ad95f23b58515e4acce8,1911.05652,random,5,0.19342640361727081,0.0,0.5,0.0,1.0,0.125,0,0,0,0.0,0.0,0.0,0.0,0,0
230f127e83ac62dd65fccf6b1a4960cf0f7316c7,2004.02401,random,5,0.10699313236726378,0.0,0.2,0.0,1.0,0.125,0,0,0,0.0,0.0,0.0,0.0,0,0
230ff86b7b90b87c33c53014bb1e9c582dfc107f,1805.11937,random,5,0.13565197343244778,0.0,0.3333333333333333,0.0,1.0,0.1,0,0,0,0.0,0.0,0.0,0.0,0,0
23252644c04a043f630a855b563666dd57179d98,2002.00175,random,5,0.6309297535714575,1.0,1.0,1.0,1.0,0.5,1,1,1,1.0,1.0,0.3333333333333333,0.3333333333333333,0,0
235c7c7ca719068136928b18e19f9661e0f72806,2004.01820,random,5,0.11838279295536291,0.14285714285714285,0.14285714285714285,1.0,1.0,0.25,1,0,0,0.14285714285714285,0.16666666666666666,0.18181818181818182,0.16666666666666666,1,0
23cbf6ab365c1eb760b565d8ba51fb3f06257d62,1910.02677,random,5,0.20483424751859086,0.14285714285714285,0.14285714285714285,1.0,1.0,0.3333333333333333,1,0,0,0.14285714285714285,0.15384615384615385,0.2222222222222222,0.21052631578947367,1,0
23fe8431058f2a7b7588745766fc715f271aad07,2004.02334,random,5,0.0,0.0,0.0,0.0,0.0,0.0,0,0,0,0.0,0.0,0.0,0.0,0,0
243cf21c4e34c4b91fcc4905aa4dc15a72087f0c,1903.02930,random,5,0.3562071871080222,0.0,1.0,0.0,1.0,0.16666666666666666,0,0,0,0.0,0.0,0.0,0.0,0,0
246e924017c48fa1f069361c44133fdf4f0386e1,1909.01720,random,5,0.0,0.0,0.0,0.0,0.0,0.0,0,0,0,0.0,0.0,0.0,0.0,0,0
252599e53f52b3375b26d4e8e8b66322a42d2563,1709.06365,random,5,0.0,0.0,0.0,0.0,0.0,0.0,0,0,0,0.0,0.0,0.0,0.0,0,0
25a8d432bf94af1662837877bc6c284e2fc3fbe2,1908.10001,random,5,0.0,0.0,0.0,0.0,0.0,0.0,0,0,0,0.0,0.0,0.0,0.0,0,0
25e6ba07285155266c3154d3e2ca1ae05c2f7f2d,2004.03090,random,5,0.5730008572581421,0.3333333333333333,1.0,1.0,1.0,0.5,1,1,0,0.3333333333333333,1.0,0.3333333333333333,0.25,0,1
26844cec57df6ff0f02245ea862af316b89edffe,1808.10290,random,5,0.0,0.0,0.0,0.0,0.0,0.0,0,0,0,0.0,0.0,0.0,0.0,0,0
2686e8d51caff9a19684e0c9984bcb5a1937d08d,1606.02892,random,5,0.2890648263178879,0.0,1.0,0.0,1.0,0.1,0,0,0,0.0,0.0,0.0,0.0,0,0
26e32f24fe0c31ef25de78935daa479534b9dd58,1911.01940,random,5,0.13565197343244778,0.0,0.3333333333333333,0.0,1.0,0.1,0,0,0,0.0,0.0,0.0,0.0,0,0
26eceba0e6e4c0b6dfa94e5708dd74b63f701731,1712.02555,random,5,0.0,0.0,0.0,0.0,0.0,0.0,0,0,0,0.0,0.0,0.0,0.0,0,0
2711ae6dd532d136295c95253dbf202e37ecd3e7,1909.06708,random,5,0.3379680345449381,0.3333333333333333,0.6666666666666666,1.0,1.0,0.2,1,1,0,0.3333333333333333,1.0,0.3333333333333333,0.25,0,1
2749fb1725a2c4bdba5848e2fc424a43e7c4be51,2004.04498,random,5,0.16716045496620227,0.0,0.3333333333333333,0.0,1.0,0.16666666666666666,0,0,0,0.0,0.0,0.0,0.0,0,0
27d7a30e42921e77cfffafac5cb0d16ce5a7df99,1707.02892,random,5,0.5,1.0,1.0,1.0,1.0,0.3333333333333333,1,1,1,1.0,1.0,0.3333333333333333,0.3333333333333333,0,0
2834a340116026d5995e537d474a47d6a74c3745,1705.01306,random,5,0.0,0.0,0.0,0.0,0.0,0.0,0,0,0,0.0,0.0,0.0,0.0,0,0
283d358606341c399e369f2ba7952cd955326f73,1611.02378,random,5,0.3065735963827292,0.5,0.5,1.0,1.0,0.3333333333333333,1,1,0,0.5,1.0,0.3333333333333333,0.2857142857142857,0,1
28847b20ca63dc56f2545e6f6ec3082d9dbe1b3f,2003.12660,random,5,0.17723928678404774,0.0,0.5,0.0,1.0,0.1,0,0,0,0.0,0.0,0.0,0.0,0,0
2895a3fc63f6f403445c11043460584e949fb16c,1710.07695,random,5,0.0,0.0,0.0,0.0,0.0,0.0,0,0,0,0.0,0.0,0.0,0.0,0,0
28a8a1542b45f67674a2f1d54fff7a1e45bfad66,2002.04326,random,5,0.0,0.0,0.0,0.0,0.0,0.0,0,0,0,0.0,0.0,0.0,0.0,0,0
2929e92f9b4939297b4d0f799d464d46e8d52063,1908.11046,random,5,0.0,0.0,0.0,0.0,0.0,0.0,0,0,0,0.0,0.0,0.0,0.0,0,0
2974237446d04da33b78ce6d22a477cdf80877b7,1611.06322,random,5,0.5307212739772434,0.6666666666666666,0.6666666666666666,1.0,1.0,0.5,1,1,0,0.6666666666666666,1.0,0.3333333333333333,0.5,0,1
29794bda61665a1fbe736111e107fd181eacba1b,1911.01214,random,5,0.0,0.0,0.0,0.0,0.0,0.0,0,0,0,0.0,0.0,0.0,0.0,0,0
2a120f358f50c377b5b63fb32633223fa4ee2149,1803.05160,random,5,0.0,0.0,0.0,0.0,0.0,0.0,0,0,0,0.0,0.0,0.0,0.0,0,0
2a9c7243744b42f1e9fed9ff2ab17c6f156b1ba4,1804.05306,random,5,0.0,0.0,0.0,0.0,0.0,0.0,0,0,0,0.0,0.0,0.0,0.0,0,0
2abcff4fdedf9b17f76875cc338ba4ab8d1eccd3,2003.11687,random,5,1.0,1.0,1.0,1.0,1.0,1.0,1,1,1,1.0,1.0,0.3333333333333333,0.3333333333333333,0,0
2abf916bc03222d3b2a3d66851d87921ff35c0d2,1803.06745,random,5,0.0,0.0,0.0,0.0,0.0,0.0,0,0,0,0.0,0.0,0.0,0.0,0,0
2ae66798333b905172e2c0954e9808662ab7f221,1903.00384,random,5,0.0,0.0,0.0,0.0,0.0,0.0,0,0,0,0.0,0.0,0.0,0.0,0,0
2aeabec8a734a6e8ca9e7a308dd8c9a1011b3d6e,1801.05617,random,5,0.5323325778787926,0.3333333333333333,1.0,1.0,1.0,0.3333333333333333,1,1,0,0.3333333333333333,1.0,0.3333333333333333,0.25,0,1
2b32cf05c5e736f764ceecc08477e20ab9f2f5d7,1908.06493,random,5,0.3391602052736161,0.2,0.2,1.0,1.0,1.0,1,0,0,0.2,0.25,0.2222222222222222,0.2,1,0
2ba2ff6c21a16bd295b07af1ef635b3b4c5bd17e,1912.04979,random,5,0.23719771276929622,0.5,0.5,1.0,1.0,0.2,1,1,0,0.5,1.0,0.3333333333333333,0.2857142857142857,0,1
2bd702174e915d97884d1571539fb1b5b0b7123a,1802.02614,random,5,0.0,0.0,0.0,0.0,0.0,0.0,0,0,0,0.0,0.0,0.0,0.0,0,0
2c60628d54f2492e0cbf0fb8bacd8e54117f0c18,1902.10246,random,5,0.2640681225725909,0.5,0.5,1.0,1.0,0.25,1,0,0,0.5,0.5,0.2857142857142857,0.2857142857142857,1,0
2ca3ca39d59f448e30be6798514709be7e3c62d8,1603.01547,random,5,0.23463936301137822,0.3333333333333333,0.3333333333333333,1.0,1.0,0.3333333333333333,1,0,0,0.3333333333333333,0.5,0.2857142857142857,0.25,1,0
2cb20bae085b67e357ab1e18ebafeac4bbde5b4a,1901.05389,random,5,0.0,0.0,0.0,0.0,0.0,0.0,0,0,0,0.0,0.0,0.0,0.0,0,0
2d5d0b0c54105717bf48559b914fefd0c94964a6,2003.12660,random,5,0.38685280723454163,0.5,0.5,1.0,1.0,0.5,1,1,0,0.5,1.0,0.3333333333333333,0.2857142857142857,0,1
2d91554c3f320a4bcfeb00aa466309074a206712,1903.01411,random,5,0.11004588314904008,0.1,0.1,1.0,1.0,0.3333333333333333,1,0,0,0.1,0.1,0.13333333333333333,0.13333333333333333,1,0
2dba0b83fc22995f83e7ac66cc8f68bcdcc70ee9,1909.04251,random,5,0.0,0.0,0.0,0.0,0.0,0.0,0,0,0,0.0,0.0,0.0,0.0,0,0
2ddfb40a9e73f382a2eb641c8e22bbb80cef017b,1906.01502,random,5,0.23463936301137822,0.3333333333333333,0.3333333333333333,1.0,1.0,0.3333333333333333,1,0,0,0.3333333333333333,0.5,0.2857142857142857,0.25,1,0
2e37eb2a2a9ad80391e57acb53616eab048ab640,2003.13028,random,5,0.0,0.0,0.0,0.0,0.0,0.0,0,0,0,0.0,0.0,0.0,0.0,0,0
2e4688205c8e344cded7a053b6014cce04ef1bd5,1611.04234,random,5,0.38685280723454163,1.0,1.0,1.0,1.0,0.2,1,1,1,1.0,1.0,0.3333333333333333,0.3333333333333333,0,0
2ecd12069388fd58ad5f8f4ae7ac1bb4f56497b9,1905.08067,random,5,0.0,0.0,0.0,0.0,0.0,0.0,0,0,0,0.0,0.0,0.0,0.0,0,0
2ee4ecf98ef7d02c9e4d103968098fe35f067bbb,1908.07491,random,5,0.0,0.0,0.0,0.0,0.0,0.0,0,0,0,0.0,0.0,0.0,0.0,0,0
2f23bd86a9e27dcd88007c9058ddfce78a1a377b,1707.07568,random,5,0.0,0.0,0.0,0.0,0.0,0.0,0,0,0,0.0,0.0,0.0,0.0,0,0
2f75b0498cf6a1fc35f1fb1cac44fc2fbd3d7878,2002.00175,random,5,0.0,0.0,0.0,0.0,0.0,0.0,0,0,0,0.0,0.0,0.0,0.0,0,0
301a453abaa3bc15976817fefce7a41f3b779907,1805.04558,random,5,0.0,0.0,0.0,0.0,0.0,0.0,0,0,0,0.0,0.0,0.0,0.0,0,0
30870a962cf88ac8c8e6b7b795936fd62214f507,1709.06136,random,5,0.23719771276929622,0.5,0.5,1.0,1.0,0.2,1,0,0,0.5,0.5,0.2857142857142857,0.2857142857142857,1,0
311f9971d61b91c7d76bba1ad6f038390977a8be,1910.02677,random,5,0.0,0.0,0.0,0.0,0.0,0.0,0,0,0,0.0,0.0,0.0,0.0,0,0
31894361833b3e329a1fb9ebf85a78841cff229f,1905.08067,random,5,0.2890648263178879,0.0,1.0,0.0,1.0,0.1,0,0,0,0.0,0.0,0.0,0.0,0,0
31a3ec8d550054465e55a26b0136f4d50d72d354,1608.01972,random,5,0.20438239758848611,0.0,0.5,0.0,1.0,0.14285714285714285,0,0,0,0.0,0.0,0.0,0.0,0,0
31e6062ba45d8956791e1b86bad7efcb6d1b191a,1703.10152,random,5,0.44615333764087994,0.2,0.4,1.0,1.0,1.0,1,0,0,0.2,0.25,0.2222222222222222,0.2,1,0
32f2aa2df0152050cbcd27dd2f408b2fa5894031,1711.01567,random,5,0.0,0.0,0.0,0.0,0.0,0.0,0,0,0,0.0,0.0,0.0,0.0,0,0
3319d56556ae1597a86384057db0831e32774b90,1611.06322,random,5,0.0,0.0,0.0,0.0,0.0,0.0,0,0,0,0.0,0.0,0.0,0.0,0,0
334aa5540c207768931a0fe78aa4981a895ba37c,1909.11980,random,5,0.2960819109658652,0.3333333333333333,0.3333333333333333,1.0,1.0,0.5,1,0,0,0.3333333333333333,0.5,0.2857142857142857,0.25,1,0
338a3758dccfa438a52d173fbe23a165ef74a0f0,1909.12016,random,5,0.34870224750355494,0.3333333333333333,0.6666666666666666,1.0,1.0,0.2,1,0,0,0.3333333333333333,0.3333333333333333,0.25,0.25,1,0
3435e365adf7866e45670c865dc33bb7d2a6a0c6,1911.03642,random,5,0.0,0.0,0.0,0.0,0.0,0.0,0,0,0,0.0,0.0,0.0,0.0,0,0
344238de7208902f7b3a46819cc6d83cc37448a0,1908.06024,random,5,0.21398626473452756,0.2,0.2,1.0,1.0,0.5,1,1,0,0.2,1.0,0.3333333333333333,0.2,0,1
3450723bf66956486de777f141bde5073e4a7694,1906.01076,random,5,0.0,0.0,0.0,0.0,0.0,0.0,0,0,0,0.0,0.0,0.0,0.0,0,0
34b434825f0ca3225dc8914f9da865d2b4674f08,1912.08084,random,5,0.0,0.0,0.0,0.0,0.0,0.0,0,0,0,0.0,0.0,0.0,0.0,0,0
34e9e54fa79e89ecacac35f97b33ef3ca3a00f85,1909.02855,random,5,0.0,0.0,0.0,0.0,0.0,0.0,0,0,0,0.0,0.0,0.0,0.0,0,0
351f7b254e80348221e0654478663a5e53d3fe65,1810.12897,random,5,0.3065735963827292,0.5,0.5,1.0,1.0,0.3333333333333333,1,0,0,0.5,0.5,0.2857142857142857,0.2857142857142857,1,0
3588988f2230f3329d7523fbb881b20bf177280d,1811.00051,random,5,0.0,0.0,0.0,0.0,0.0,0.0,0,0,0,0.0,0.0,0.0,0.0,0,0
35e0e6f89b010f34cfb69309b85db524a419c862,1911.10401,random,5,0.5,1.0,1.0,1.0,1.0,0.3333333333333333,1,1,1,1.0,1.0,0.3333333333333333,0.3333333333333333,0,0
35f48b8f73728fbdeb271b170804190b5448485a,1809.03695,random,5,0.4632423659320675,0.3333333333333333,0.6666666666666666,1.0,1.0,0.5,1,1,0,0.3333333333333333,1.0,0.3333333333333333,0.25,0,1
361f330d3232681f1a13c6d59abb6c18246e7b35,1909.00369,random,5,0.6052602440527057,0.5,1.0,1.0,1.0,0.5,1,1,0,0.5,1.0,0.3333333333333333,0.2857142857142857,0,1
363a24ecb8ab45215134935e7e8165fff72ff90f,2004.01970,random,5,0.0,0.0,0.0,0.0,0.0,0.0,0,0,0,0.0,0.0,0.0,0.0,0,0
3699927c6c1146f5057576034d226a99946d52cb,1902.08830,random,5,0.0,0.0,0.0,0.0,0.0,0.0,0,0,0,0.0,0.0,0.0,0.0,0,0
369d7bc5351409910c7a5e05c0cbb5abab8e50ec,2004.03090,random,5,0.0,0.0,0.0,0.0,0.0,0.0,0,0,0,0.0,0.0,0.0,0.0,0,0
36cb7ebdd39e0b8a89ff946d3a3aef8a76a6bb43,1908.09919,random,5,0.25190132085971084,0.0,0.5,0.0,1.0,0.16666666666666666,0,0,0,0.0,0.0,0.0,0.0,0,0
371433bd3fb5042bacec4dfad3cfff66147c14f0,1909.04387,random,5,0.43768250601780867,0.3333333333333333,0.5,1.0,1.0,0.5,1,0,0,0.3333333333333333,0.3333333333333333,0.36363636363636365,0.36363636363636365,1,0
376e8ed6e039e07c892c77b7525778178d56acb7,1908.07491,random,5,1.0,1.0,1.0,1.0,1.0,1.0,1,1,1,1.0,1.0,0.3333333333333333,0.3333333333333333,0,0
37ac705166fa87dc74fe86575bf04bea56cc4930,2004.02363,random,5,0.0,0.0,0.0,0.0,0.0,0.0,0,0,0,0.0,0.0,0.0,0.0,0,0
37b972a3afae04193411dc569f672d802c16ad71,1911.06815,random,5,0.0,0.0,0.0,0.0,0.0,0.0,0,0,0,0.0,0.0,0.0,0.0,0,0
37e6ce5cfc9d311e760dad8967d5085446125408,2002.08902,random,5,1.0,1.0,1.0,1.0,1.0,1.0,1,1,1,1.0,1.0,0.3333333333333333,0.3333333333333333,0,0
38055717edf833566d912f14137b92a1d9c4f65a,1909.10481,random,5,0.0,0.0,0.0,0.0,0.0,0.0,0,0,0,0.0,0.0,0.0,0.0,0,0
380e71848d4b0d1e983d504b1249119612f00bcb,1706.00188,random,5,0.20438239758848611,0.0,0.5,0.0,1.0,0.14285714285714285,0,0,0,0.0,0.0,0.0,0.0,0,0
38289bd9592db4d3670b65a0fef1fe8a309fee61,1603.08868,random,5,0.0,0.0,0.0,0.0,0.0,0.0,0,0,0,0.0,0.0,0.0,0.0,0,0
38363a7ed250bc729508c4c1dc975696a65c53cb,1911.04873,random,5,0.38685280723454163,1.0,1.0,1.0,1.0,0.2,1,1,1,1.0,1.0,0.3333333333333333,0.3333333333333333,0,0
389cc454ac97609e9d0f2b2fe70bf43218dd8ba7,1911.03324,random,5,0.0,0.0,0.0,0.0,0.0,0.0,0,0,0,0.0,0.0,0.0,0.0,0,0
389ff1927ba9fc8bac50959fc09f30c2143cc14e,1804.09692,random,5,0.0,0.0,0.0,0.0,0.0,0.0,0,0,0,0.0,0.0,0.0,0.0,0,0
38af3f25c36c3725a31304ab96e2c200c55792b4,1806.03369,random,5,0.19342640361727081,0.0,0.5,0.0,1.0,0.125,0,0,0,0.0,0.0,0.0,0.0,0,0
397a1e851aab41c455c2b284f5e4947500d797f0,1911.10742,random,5,0.0,0.0,0.0,0.0,0.0,0.0,0,0,0,0.0,0.0,0.0,0.0,0,0
3a06d40a4bf5ba6e26d9138434e9139a014deb40,1908.09283,random,5,0.0,0.0,0.0,0.0,0.0,0.0,0,0,0,0.0,0.0,0.0,0.0,0,0
3a19dc6999aeb936d8a1c4509ebd5bfcda50f0f1,1909.12016,random,5,0.0,0.0,0.0,0.0,0.0,0.0,0,0,0,0.0,0.0,0.0,0.0,0,0
3a25f82512d56d9e1ffba72f977f515ae3ba3cca,2003.09244,random,5,0.10086747116627115,0.0,0.16666666666666666,0.0,1.0,0.14285714285714285,0,0,0,0.0,0.0,0.0,0.0,0,0
3a33512d253005ac280ee9ca4f9dfa69aa38d48f,1910.07973,random,5,0.0,0.0,0.0,0.0,0.0,0.0,0,0,0,0.0,0.0,0.0,0.0,0,0
3c414f7fbf577dfd3363be6bbc9eba8bdd01f45f,1610.03955,random,5,0.19342640361727081,0.0,0.5,0.0,1.0,0.125,0,0,0,0.0,0.0,0.0,0.0,0,0
3cc0d773085dc175b85955e95911a2cfaab2cdc4,1707.06519,random,5,0.18457569677956817,0.0,0.5,0.0,1.0,0.1111111111111111,0,0,0,0.0,0.0,0.0,0.0,0,0
3cc9a820c4a2cd2ff61da920c41ed09f3c0135be,1911.00461,random,5,0.0,0.0,0.0,0.0,0.0,0.0,0,0,0,0.0,0.0,0.0,0.0,0,0
3ccc4ccebc3b0de5546b1208e8094a839fd4a4ab,1808.09180,random,5,0.0,0.0,0.0,0.0,0.0,0.0,0,0,0,0.0,0.0,0.0,0.0,0,0
3cfe464052f0a248b6e22c9351279403dfe34f3c,1910.10762,random,5,0.0,0.0,0.0,0.0,0.0,0.0,0,0,0,0.0,0.0,0.0,0.0,0,0
3d5b4aa1ce99903b1fcd257c1e394f7990431d13,1810.13414,random,5,0.0,0.0,0.0,0.0,0.0,0.0,0,0,0,0.0,0.0,0.0,0.0,0,0
3d662fb442d5fc332194770aac835f401c2148d9,1911.09247,random,5,0.0,0.0,0.0,0.0,0.0,0.0,0,0,0,0.0,0.0,0.0,0.0,0,0
3d73cb92d866448ec72a571331967da5d34dfbb1,1910.09916,random,5,0.0,0.0,0.0,0.0,0.0,0.0,0,0,0,0.0,0.0,0.0,0.0,0,0
3de3a083b8ba3086792d38ae9667e095070f7f37,1905.00472,random,5,0.0,0.0,0.0,0.0,0.0,0.0,0,0,0,0.0,0.0,0.0,0.0,0,0
3df6d18d7b25d1c814e9dcc8ba78b3cdfe15edcd,1605.05195,random,5,0.43067655807339306,1.0,1.0,1.0,1.0,0.25,1,1,1,1.0,1.0,0.3333333333333333,0.3333333333333333,0,0
3e0fd1a3944e207edbbe7c7108239dbaf3bccd4f,2004.02105,random,5,0.3562071871080222,0.0,1.0,0.0,1.0,0.16666666666666666,0,0,0,0.0,0.0,0.0,0.0,0,0
3e23cc3c5e4d5cec51d158130d6aeae120e94fc8,1610.07149,random,5,0.0,0.0,0.0,0.0,0.0,0.0,0,0,0,0.0,0.0,0.0,0.0,0,0
3e5162e6399c7d03ecc7007efd21d06c04cf2843,1911.11025,random,5,0.0,0.0,0.0,0.0,0.0,0.0,0,0,0,0.0,0.0,0.0,0.0,0,0
3e88fcc94d0f451e87b65658751834f6103b2030,1908.05908,random,5,0.0,0.0,0.0,0.0,0.0,0.0,0,0,0,0.0,0.0,0.0,0.0,0,0
3ea82a5ca495ffbd1e30e8655aef1be4ba423efe,1911.12559,random,5,0.6508205185601091,0.6666666666666666,0.6666666666666666,1.0,1.0,1.0,1,1,0,0.6666666666666666,1.0,0.3333333333333333,0.5,0,1
3eb107f35f4f5f5f527a93ffb487aa2e3fe51efd,1805.07882,random,5,0.0874717141014082,0.0,0.16666666666666666,0.0,1.0,0.1,0,0,0,0.0,0.0,0.0,0.0,0,0
3ed8ac1ba4df6609fa7de5077d83e820641edc5e,1707.09816,random,5,0.0,0.0,0.0,0.0,0.0,0.0,0,0,0,0.0,0.0,0.0,0.0,0,0
3f717e6eceab0a066af65ddf782c1ebc502c28c0,1909.12079,random,5,0.43067655807339306,1.0,1.0,1.0,1.0,0.25,1,1,1,1.0,1.0,0.3333333333333333,0.3333333333333333,0,0
3f8a42eb0e904ce84c3fded2103f674e9cbc893d,1911.00202,random,5,0.0,0.0,0.0,0.0,0.0,0.0,0,0,0,0.0,0.0,0.0,0.0,0,0
3fd8eab282569b1c18b82f20d579b335ae70e79f,1906.01502,random,5,0.17723928678404774,0.0,0.5,0.0,1.0,0.1,0,0,0,0.0,0.0,0.0,0.0,0,0
4137a82d7752be7a6c142ceb48ce784fd475fb06,1708.05521,random,5,0.0,0.0,0.0,0.0,0.0,0.0,0,0,0,0.0,0.0,0.0,0.0,0,0
420862798054f736128a6f0c4393c7f9cc648b40,1603.09405,random,5,0.3562071871080222,0.0,1.0,0.0,1.0,0.16666666666666666,0,0,0,0.0,0.0,0.0,0.0,0,0
42269ed04e986ec5dc4164bf57ef306aec4a1ae1,1608.01972,random,5,0.0,0.0,0.0,0.0,0.0,0.0,0,0,0,0.0,0.0,0.0,0.0,0,0
42279c3a202a93cfb4aef49212ccaf401a3f8761,1803.05160,random,5,0.0979129253499678,0.0,0.14285714285714285,0.0,1.0,0.16666666666666666,0,0,0,0.0,0.0,0.0,0.0,0,0
425d17465ff91019eb87c28ff3942f781ba1bbcb,1901.03253,random,5,0.0,0.0,0.0,0.0,0.0,0.0,0,0,0,0.0,0.0,0.0,0.0,0,0
4288621e960ffbfce59ef1c740d30baac1588b9b,1611.04887,random,5,0.06625422345438903,0.0,0.06666666666666667,0.0,1.0,0.1111111111111111,0,0,0,0.0,0.0,0.0,0.0,0,0
42a4ab4607a9eec42c427a817b7e898230d26444,1909.09070,random,5,0.09803928583135704,0.0,0.2,0.0,1.0,0.1,0,0,0,0.0,0.0,0.0,0.0,0,0
42dcf1bb19b8470993c05e55413eed487b0f2559,1905.08067,random,5,0.43067655807339306,1.0,1.0,1.0,1.0,0.25,1,1,1,1.0,1.0,0.3333333333333333,0.3333333333333333,0,0
42eb7c5311fc1ac0344f0b38d3184ccd4faad3be,2004.01820,random,5,0.0,0.0,0.0,0.0,0.0,0.0,0,0,0,0.0,0.0,0.0,0.0,0,0
430ad71a0fd715a038f3c0fe8d7510e9730fba23,1805.09960,random,5,0.0,0.0,0.0,0.0,0.0,0.0,0,0,0,0.0,0.0,0.0,0.0,0,0
43729be0effb5defc62bae930ceacf7219934f1e,2003.07568,random,5,0.0,0.0,0.0,0.0,0.0,0.0,0,0,0,0.0,0.0,0.0,0.0,0,0
43f43b135109ebd1d2d1f9af979c64ce550b5f0f,1804.05253,random,5,0.0,0.0,0.0,0.0,0.0,0.0,0,0,0,0.0,0.0,0.0,0.0,0,0
441a2b80e82266c2cc2b306c0069f2b564813fed,1906.04236,random,5,0.0,0.0,0.0,0.0,0.0,0.0,0,0,0,0.0,0.0,0.0,0.0,0,0
4485e32052741972877375667901f61e602ec4de,1805.11850,random,5,0.0,0.0,0.0,0.0,0.0,0.0,0,0,0,0.0,0.0,0.0,0.0,0,0
452e2d7d7d9e1bb4914903479cd7caff9f6fae42,1706.00188,random,5,0.31546487678572877,0.0,1.0,0.0,1.0,0.125,0,0,0,0.0,0.0,0.0,0.0,0,0
458e5ed506883bfec6623102ec9f43c071f0616f,1801.05617,random,5,0.0,0.0,0.0,0.0,0.0,0.0,0,0,0,0.0,0.0,0.0,0.0,0,0
45aab23790161cbc55f78e16fdf5678a3f5b4b92,1610.06510,random,5,0.3333333333333333,0.0,1.0,0.0,1.0,0.14285714285714285,0,0,0,0.0,0.0,0.0,0.0,0,0
45e6532ac06a59cb6a90624513242b06d7391501,1912.11637,random,5,0.0,0.0,0.0,0.0,0.0,0.0,0,0,0,0.0,0.0,0.0,0.0,0,0
4683812cba21c92319be68c03260b5a8175bbb6e,1602.07563,random,5,0.0,0.0,0.0,0.0,0.0,0.0,0,0,0,0.0,0.0,0.0,0.0,0,0
468eb961215a554ace8088fa9097a7ad239f2d71,2004.04478,random,5,0.0,0.0,0.0,0.0,0.0,0.0,0,0,0,0.0,0.0,0.0,0.0,0,0
46aa61557c8d20b1223a30366a0704d7af68bbbe,1910.07924,random,5,0.1487639058405727,0.1,0.2,1.0,1.0,0.2,1,0,0,0.1,0.16666666666666666,0.18181818181818182,0.13333333333333333,1,0
46d051b8924ad0ef8cfba9c7b5b84707ee72f26a,1907.04072,random,5,0.2890648263178879,0.0,1.0,0.0,1.0,0.1,0,0,0,0.0,0.0,0.0,0.0,0,0
46e660becd727c994a2a35c6587e15ea8bf8272d,1809.08935,random,5,0.43067655807339306,1.0,1.0,1.0,1.0,0.25,1,1,1,1.0,1.0,0.3333333333333333,0.3333333333333333,0,0
471683ba6251b631f38a24d42b6dba6f52dee429,2003.12139,random,5,0.0,0.0,0.0,0.0,0.0,0.0,0,0,0,0.0,0.0,0.0,0.0,0,0
4748a50c96acb1aa03f7efd1b43376c193b2450a,1709.04491,random,5,0.6131471927654584,0.5,0.5,1.0,1.0,1.0,1,1,0,0.5,1.0,0.3333333333333333,0.2857142857142857,0,1
475e698a801be0ad9e4f74756d1fff4fe0728009,1805.11598,random,5,0.5294362295028773,0.25,0.5,1.0,1.0,1.0,1,1,0,0.25,1.0,0.3333333333333333,0.2222222222222222,0,1
475ef4ad32a8589dae9d97048166d732ae5d7beb,1906.01502,random,5,0.0,0.0,0.0,0.0,0.0,0.0,0,0,0,0.0,0.0,0.0,0.0,0,0
477da8d997ff87400c6aad19dcc74f8998bc89c3,1805.11850,random,5,0.0,0.0,0.0,0.0,0.0,0.0,0,0,0,0.0,0.0,0.0,0.0,0,0
47b7bc232af7bf93338bd3926345e23e9e80c0c1,1811.01183,random,5,0.0,0.0,0.0,0.0,0.0,0.0,0,0,0,0.0,0.0,0.0,0.0,0,0
47ffc9811b037613c9c4d1ec1e4f13c08396ed1c,1603.03876,random,5,0.38685280723454163,1.0,1.0,1.0,1.0,0.2,1,1,1,1.0,1.0,0.3333333333333333,0.3333333333333333,0,0
488e3c4fd1103c46e12815d1bf414a0356fb0d0e,1903.02930,random,5,0.0,0.0,0.0,0.0,0.0,0.0,0,0,0,0.0,0.0,0.0,0.0,0,0
48ff9645a506aa2c17810d2654d1f0f0d9e609ee,1910.01108,random,5,0.5109559939712153,0.5,1.0,1.0,1.0,0.3333333333333333,1,0,0,0.5,0.5,0.2857142857142857,0.2857142857142857,1,0
4999da863ecbd40378505bfb1f4e395061a3f559,1911.06919,random,5,0.2960819109658652,0.3333333333333333,0.3333333333333333,1.0,1.0,0.5,1,0,0,0.3333333333333333,0.5,0.2857142857142857,0.25,1,0
49cd18448101da146c3187a44412628f8c722d7b,1705.01306,random,5,0.0,0.0,0.0,0.0,0.0,0.0,0,0,0,0.0,0.0,0.0,0.0,0,0
4a093a9af4903a59057a4372ac1b01603467ca58,1602.07563,random,5,0.6131471927654584,0.5,0.5,1.0,1.0,1.0,1,1,0,0.5,1.0,0.3333333333333333,0.2857142857142857,0,1
4a91432abe3f54fcbdd00bb85dc0df95b16edf42,1703.04009,random,5,0.3562071871080222,0.0,1.0,0.0,1.0,0.16666666666666666,0,0,0,0.0,0.0,0.0,0.0,0,0
4ae0b50c88a174cfc283b90cd3c9407de13fd370,1802.09059,random,5,0.0,0.0,0.0,0.0,0.0,0.0,0,0,0,0.0,0.0,0.0,0.0,0,0
4afd4cfcb30433714b135b977baff346323af1e3,1911.02747,random,5,0.0,0.0,0.0,0.0,0.0,0.0,0,0,0,0.0,0.0,0.0,0.0,0,0
4b6745982aa64fbafe09f7c88c8d54d520b3f687,1805.09960,random,5,0.0,0.0,0.0,0.0,0.0,0.0,0,0,0,0.0,0.0,0.0,0.0,0,0
4d5b74499804ea5bc5520beb88d0f9816f67205a,1907.04072,random,5,0.0,0.0,0.0,0.0,0.0,0.0,0,0,0,0.0,0.0,0.0,0.0,0,0
4d824b49728649432371ecb08f66ba44e50569e0,1612.04118,random,5,0.0,0.0,0.0,0.0,0.0,0.0,0,0,0,0.0,0.0,0.0,0.0,0,0
4ddc53afffaf1622d97695347dd1b3190d156dee,1808.07231,random,5,0.0,0.0,0.0,0.0,0.0,0.0,0,0,0,0.0,0.0,0.0,0.0,0,0
4de6bcddd46726bf58326304b0490fdb9e7e86ec,1908.07491,random,5,0.0,0.0,0.0,0.0,0.0,0.0,0,0,0,0.0,0.0,0.0,0.0,0,0
4e106b03cc2f54373e73d5922e97f7e5e9bf03e4,1906.00424,random,5,0.0,0.0,0.0,0.0,0.0,0.0,0,0,0,0.0,0.0,0.0,0.0,0,0
4e59808a7f73ac499b9838d3c0ce814196a02473,1908.06259,random,5,0.42177340954886444,0.5,1.0,1.0,1.0,0.2,1,1,0,0.5,1.0,0.3333333333333333,0.2857142857142857,0,1
4eb42c5d56d695030dd47ea7f6d65164924c4017,1910.09387,random,5,0.3562071871080222,0.0,1.0,0.0,1.0,0.16666666666666666,0,0,0,0.0,0.0,0.0,0.0,0,0
4f57ac24f3f4689a2f885715cd84b7d867fe3f12,1908.06893,random,5,0.0,0.0,0.0,0.0,0.0,0.0,0,0,0,0.0,0.0,0.0,0.0,0,0
5096aaea2d0f4bea4c12e14f4f7735e1aea1bfa6,1706.00188,random,5,0.6052602440527057,0.5,1.0,1.0,1.0,0.5,1,1,0,0.5,1.0,0.3333333333333333,0.2857142857142857,0,1
50bcbb730aa74637503c227f022a10f57d43f1f7,1703.05320,random,5,0.3065735963827292,0.5,0.5,1.0,1.0,0.3333333333333333,1,1,0,0.5,1.0,0.3333333333333333,0.2857142857142857,0,1
50c1bf8b928069f3ffc7f0cb00aa056a163ef336,1906.01502,random,5,0.29039140533630226,0.2,0.4,1.0,1.0,0.3333333333333333,1,0,0,0.2,0.5,0.2857142857142857,0.2,1,0
50c441a9cc7345a0fa408d1ce2e13f194c1e82a8,1911.11161,random,5,0.6131471927654584,0.5,0.5,1.0,1.0,1.0,1,0,0,0.5,0.5,0.2857142857142857,0.2857142857142857,1,0
5102dc911913e9ca0311253e44fd31c73eed0a57,1909.07158,random,5,0.0,0.0,0.0,0.0,0.0,0.0,0,0,0,0.0,0.0,0.0,0.0,0,0
511e46b5aa8e1ee9e7dc890f47fa15ef94d4a0af,1804.07445,random,5,0.31546487678572877,0.0,1.0,0.0,1.0,0.125,0,0,0,0.0,0.0,0.0,0.0,0,0
5154f63c50729b8ac04939588c2f5ffeb916e3df,1801.05617,random,5,0.0,0.0,0.0,0.0,0.0,0.0,0,0,0,0.0,0.0,0.0,0.0,0,0
5181527e6a61a9a192db5f8064e56ec263c42661,1909.11980,random,5,0.0,0.0,0.0,0.0,0.0,0.0,0,0,0,0.0,0.0,0.0,0.0,0,0
51e9f446d987219bc069222731dfc1081957ce1f,1910.03355,random,5,0.18457569677956817,0.0,0.5,0.0,1.0,0.1111111111111111,0,0,0,0.0,0.0,0.0,0.0,0,0
521a3e7300567f6e8e4c531f223dbc9fc306c393,1911.00202,random,5,0.0,0.0,0.0,0.0,0.0,0.0,0,0,0,0.0,0.0,0.0,0.0,0,0
52868394eb2b3b37eb5f47f51c06ad53061f4495,2002.06854,random,5,0.11706259313796354,0.16666666666666666,0.16666666666666666,1.0,1.0,0.2,1,1,0,0.16666666666666666,1.0,0.3333333333333333,0.18181818181818182,0,1
52faf319e37aa15fff1ab47f634a5a584dc42e75,1708.00549,random,5,0.2188505885308512,0.0,0.4,0.0,1.0,0.16666666666666666,0,0,0,0.0,0.0,0.0,0.0,0,0
5370a0062aae7fa4e700ae47aa143be5c5fc6b22,1811.04791,random,5,0.18154179253735267,0.3333333333333333,0.3333333333333333,1.0,1.0,0.2,1,0,0,0.3333333333333333,0.5,0.2857142857142857,0.25,1,0
539f5c27e1a2d240e52b711d0a50a3a6ddfa5cb2,1911.04128,random,5,0.0,0.0,0.0,0.0,0.0,0.0,0,0,0,0.0,0.0,0.0,0.0,0,0
53a8c3cf22d6bf6477bc576a85a83d8447ee0484,1910.07973,random,5,0.3065735963827292,0.5,0.5,1.0,1.0,0.3333333333333333,1,1,0,0.5,1.0,0.3333333333333333,0.2857142857142857,0,1
54002c15493d4082d352a66fb9465d65bfe9ddca,1911.03977,random,5,0.0,0.0,0.0,0.0,0.0,0.0,0,0,0,0.0,0.0,0.0,0.0,0,0
5422a3f2a083395416d6f99c57d28335eb2e44e1,1911.09709,random,5,0.2640681225725909,0.5,0.5,1.0,1.0,0.25,1,1,0,0.5,1.0,0.3333333333333333,0.2857142857142857,0,1
5499440674f0e4a9d6912b9ac29fa1f7b7cd5253,1811.01183,random,5,0.3065735963827292,0.5,0.5,1.0,1.0,0.3333333333333333,1,1,0,0.5,1.0,0.3333333333333333,0.2857142857142857,0,1
5522a9eeb06221722052e3c38f9b0d0dbe7c13e6,1709.06136,random,5,0.0,0.0,0.0,0.0,0.0,0.0,0,0,0,0.0,0.0,0.0,0.0,0,0
552b1c813f25bf39ace6cd5eefa56f4e4dd70c84,1911.03854,random,5,0.6131471927654584,0.5,0.5,1.0,1.0,1.0,1,1,0,0.5,1.0,0.3333333333333333,0.2857142857142857,0,1
554d798e4ce58fd30820200c474d7e796dc8ba89,1810.02268,random,5,0.21840743681816419,0.0,0.5,0.0,1.0,0.16666666666666666,0,0,0,0.0,0.0,0.0,0.0,0,0
55612e92791296baf18013d2c8dd0474f35af770,1707.07568,random,5,0.0,0.0,0.0,0.0,0.0,0.0,0,0,0,0.0,0.0,0.0,0.0,0,0
556782bb96f8fc07d14865f122362ebcc79134ec,1909.11706,random,5,0.21840743681816419,0.0,0.5,0.0,1.0,0.16666666666666666,0,0,0,0.0,0.0,0.0,0.0,0,0
55bde89fc5822572f794614df3130d23537f7cf2,2002.04745,random,5,0.3333333333333333,0.0,1.0,0.0,1.0,0.14285714285714285,0,0,0,0.0,0.0,0.0,0.0,0,0
568466c62dd73a025bfd9643417cdb7a611f23a1,1909.12016,random,5,0.0,0.0,0.0,0.0,0.0,0.0,0,0,0,0.0,0.0,0.0,0.0,0,0
5695908a8c6beb0e3863a1458a1b93aab508fd34,1910.10670,random,5,0.23719771276929622,0.5,0.5,1.0,1.0,0.2,1,1,0,0.5,1.0,0.3333333333333333,0.2857142857142857,0,1
56d41e0fcc288c1e65806ae77097d685c83e22db,1709.09749,random,5,0.0,0.0,0.0,0.0,0.0,0.0,0,0,0,0.0,0.0,0.0,0.0,0,0
56d788af4694c1cd1eebee0b83c585836d1f5f99,1912.08084,random,5,0.0,0.0,0.0,0.0,0.0,0.0,0,0,0,0.0,0.0,0.0,0.0,0,0
573b8b1ad919d3fd0ef7df84e55e5bfd165b3e84,1909.07873,random,5,0.0,0.0,0.0,0.0,0.0,0.0,0,0,0,0.0,0.0,0.0,0.0,0,0
5752c8d333afc1e6c666b18d1477c8f669b7a602,1707.02892,random,5,0.0,0.0,0.0,0.0,0.0,0.0,0,0,0,0.0,0.0,0.0,0.0,0,0
576a3ed6e4faa4c3893db632e97a52ac6e864aac,1605.04278,random,5,0.0,0.0,0.0,0.0,0.0,0.0,0,0,0,0.0,0.0,0.0,0.0,0,0
578add9d3dadf86cd0876d42b03bf0114f83d0e7,1907.04072,random,5,0.3333333333333333,0.0,1.0,0.0,1.0,0.14285714285714285,0,0,0,0.0,0.0,0.0,0.0,0,0
57d07d2b509c5860880583efe2ed4c5620a96747,2004.04478,random,5,0.0,0.0,0.0,0.0,0.0,0.0,0,0,0,0.0,0.0,0.0,0.0,0,0
57ee20f494d8ce3fae46028c3f3551d180dba3e0,1611.06322,random,5,0.18154179253735267,0.3333333333333333,0.3333333333333333,1.0,1.0,0.2,1,1,0,0.3333333333333333,1.0,0.3333333333333333,0.25,0,1
58a3cfbbf209174fcffe44ce99840c758b448364,1707.05589,random,5,0.10086747116627115,0.0,0.16666666666666666,0.0,1.0,0.14285714285714285,0,0,0,0.0,0.0,0.0,0.0,0,0
59a3d4cdd1c3797962bf8d72c226c847e06e1d44,1908.05925,random,5,0.19519002499605084,0.25,0.25,1.0,1.0,0.3333333333333333,1,1,0,0.25,1.0,0.3333333333333333,0.2222222222222222,0,1
5a7d1ae6796e09299522ebda7bfcfad312d6d128,1912.07076,random,5,0.16958010263680806,0.2,0.2,1.0,1.0,0.3333333333333333,1,1,0,0.2,1.0,0.3333333333333333,0.2,0,1
5ae005917efc17a505ba1ba5e996c4266d6c74b6,1806.06571,random,5,0.0,0.0,0.0,0.0,0.0,0.0,0,0,0,0.0,0.0,0.0,0.0,0,0
5b2839bef513e5d441f0bb8352807f673f4b2070,1803.06745,random,5,0.0,0.0,0.0,0.0,0.0,0.0,0,0,0,0.0,0.0,0.0,0.0,0,0
5bfbc9ca7fd41be9627f6ef587bb7e21c7983be0,2002.06851,random,5,0.23719771276929622,0.5,0.5,1.0,1.0,0.2,1,1,0,0.5,1.0,0.3333333333333333,0.2857142857142857,0,1
5c17559749810c67c50a7dbe34580d5e3b4f9acb,1706.04206,random,5,0.38685280723454163,0.5,0.5,1.0,1.0,0.5,1,0,0,0.5,0.5,0.2857142857142857,0.2857142857142857,1,0
5cc5e2db82f5d40a5244224dad94da50b4f673db,1804.03839,random,5,0.0,0.0,0.0,0.0,0.0,0.0,0,0,0,0.0,0.0,0.0,0.0,0,0
5d0a3f8ca3882f87773cf8c2ef1b4f72b9cc241e,1808.10006,random,5,0.0,0.0,0.0,0.0,0.0,0.0,0,0,0,0.0,0.0,0.0,0.0,0,0
5d3e87937ecebf0695bece08eccefb2f88ad4a0f,1907.05338,random,5,0.16716045496620227,0.0,0.3333333333333333,0.0,1.0,0.16666666666666666,0,0,0,0.0,0.0,0.0,0.0,0,0
5d93245832d90b31aee42ea2bf1e7704c22ebeca,1808.07231,random,5,0.0,0.0,0.0,0.0,0.0,0.0,0,0,0,0.0,0.0,0.0,0.0,0,0
5da9e2eef741bd7efccec8e441b8e52e906b2d2d,1804.00982,random,5,0.5,1.0,1.0,1.0,1.0,0.3333333333333333,1,1,1,1.0,1.0,0.3333333333333333,0.3333333333333333,0,0
5db47bbb97282983e10414240db78154ea7ac75f,1909.07873,random,5,0.0,0.0,0.0,0.0,0.0,0.0,0,0,0,0.0,0.0,0.0,0.0,0,0
5dfd58f91e7740899c23ebfe04b7176edce9ead2,1809.03391,random,5,0.7977228895450266,0.5,1.0,1.0,1.0,1.0,1,1,0,0.5,1.0,0.3333333333333333,0.2857142857142857,0,1
5e4eac0b0a73d465d74568c21819acaec557b700,1809.03680,random,5,0.2890648263178879,0.0,1.0,0.0,1.0,0.1,0,0,0,0.0,0.0,0.0,0.0,0,0
5f6c1513cbda9ae711bc38df08fe72e3d3028af2,1802.06053,random,5,0.0,0.0,0.0,0.0,0.0,0.0,0,0,0,0.0,0.0,0.0,0.0,0,0
5f7f4a1d4380c118a58ed506c057d3b7aa234c1e,1906.04287,random,5,0.6309297535714575,1.0,1.0,1.0,1.0,0.5,1,1,1,1.0,1.0,0.3333333333333333,0.3333333333333333,0,0
5fd112980d0dd7f7ce30e6273fe6e7b230b13225,1910.14589,random,5,0.0,0.0,0.0,0.0,0.0,0.0,0,0,0,0.0,0.0,0.0,0.0,0,0
610fc593638c5e9809ea9839912d0b282541d42d,1804.08000,random,5,0.3562071871080222,0.0,1.0,0.0,1.0,0.16666666666666666,0,0,0,0.0,0.0,0.0,0.0,0,0
6167618e0c53964f3a706758bdf5e807bc5d7760,1909.01860,random,5,0.0,0.0,0.0,0.0,0.0,0.0,0,0,0,0.0,0.0,0.0,0.0,0,0
61a2599acfbd3d75de58e97ecdba2d9cf0978324,1912.08084,random,5,0.0,0.0,0.0,0.0,0.0,0.0,0,0,0,0.0,0.0,0.0,0.0,0,0
61e96abdc924c34c6b82a587168ea3d14fe792d1,1911.10401,random,5,0.5640920940185894,0.5,1.0,1.0,1.0,0.5,1,1,0,0.5,1.0,0.3333333333333333,0.2857142857142857,0,1
620b6c410a055295d137511d3c99207a47c03b5e,1908.09590,random,5,0.0,0.0,0.0,0.0,0.0,0.0,0,0,0,0.0,0.0,0.0,0.0,0,0
627ce8a1db08a732d5a8f7e1f8a72e3de89847e6,1911.09247,random,5,0.16716045496620227,0.0,0.3333333333333333,0.0,1.0,0.16666666666666666,0,0,0,0.0,0.0,0.0,0.0,0,0
62edffd051d056cf60e17deafcc55a8c9af398cb,1908.10461,random,5,0.38685280723454163,1.0,1.0,1.0,1.0,0.2,1,1,1,1.0,1.0,0.3333333333333333,0.3333333333333333,0,0
6371c6863fe9a14bf67560e754ce531d70de10ab,2002.04326,random,5,0.2640681225725909,0.5,0.5,1.0,1.0,0.25,1,1,0,0.5,1.0,0.3333333333333333,0.2857142857142857,0,1
63cdac43a643fc1e06da44910458e89b2c7cd921,1904.03670,random,5,0.0,0.0,0.0,0.0,0.0,0.0,0,0,0,0.0,0.0,0.0,0.0,0,0
63d2e97657419a0185127534f4ff9d0039cb1a63,1804.05253,random,5,0.2640681225725909,0.5,0.5,1.0,1.0,0.25,1,1,0,0.5,1.0,0.3333333333333333,0.2857142857142857,0,1
63eda2af88c35a507fbbfda0ec1082f58091883a,1711.11118,random,5,0.0,0.0,0.0,0.0,0.0,0.0,0,0,0,0.0,0.0,0.0,0.0,0,0
641fe5dc93611411582e6a4a0ea2d5773eaf0310,1802.03052,random,5,0.0,0.0,0.0,0.0,0.0,0.0,0,0,0,0.0,0.0,0.0,0.0,0,0
643527e94e8eed1e2229915fcf8cd74d769173fc,1908.09283,random,5,0.38685280723454163,1.0,1.0,1.0,1.0,0.2,1,1,1,1.0,1.0,0.3333333333333333,0.3333333333333333,0,0
643645e02ffe8fde45918615ec92013a035d1b92,1704.03279,random,5,0.0,0.0,0.0,0.0,0.0,0.0,0,0,0,0.0,0.0,0.0,0.0,0,0
64632981279c7aa16ffc1a44ffc31f4520f5559e,1710.07695,random,5,0.43067655807339306,1.0,1.0,1.0,1.0,0.25,1,1,1,1.0,1.0,0.3333333333333333,0.3333333333333333,0,0
647f6e6b168ec38fcdb737d3b276f78402282f9d,1910.13793,random,5,0.0,0.0,0.0,0.0,0.0,0.0,0,0,0,0.0,0.0,0.0,0.0,0,0
64c45fdb536ae294cf06716ac20d08b5fdb7944d,1710.01789,random,5,0.13565197343244778,0.0,0.3333333333333333,0.0,1.0,0.1,0,0,0,0.0,0.0,0.0,0.0,0,0
64f7337970e8d1989b2e1f7106d86f73c4a3d0af,1803.08419,random,5,0.0,0.0,0.0,0.0,0.0,0.0,0,0,0,0.0,0.0,0.0,0.0,0,0
654fe0109502f2ed2dc8dad359dbbce4393e03dc,1908.09892,random,5,0.44167373394786114,0.25,0.375,1.0,1.0,1.0,1,1,0,0.25,1.0,0.3333333333333333,0.3076923076923077,0,1
6590055fb033cb32826f2afecb3d7f607dd97d57,1911.03642,random,5,0.0,0.0,0.0,0.0,0.0,0.0,0,0,0,0.0,0.0,0.0,0.0,0,0
65b39676db60f914f29f74b7c1264422ee42ad5c,1611.00440,random,5,0.3084274278260313,0.0,0.6666666666666666,0.0,1.0,0.16666666666666666,0,0,0,0.0,0.0,0.0,0.0,0,0
65c7a2b734dab51c4c81f722527424ff33b023f8,1610.06510,random,5,0.0,0.0,0.0,0.0,0.0,0.0,0,0,0,0.0,0.0,0.0,0.0,0,0
65e26b15e087bedb6e8782d91596b35e7454b16b,1611.01116,random,5,0.2960819109658652,0.3333333333333333,0.3333333333333333,1.0,1.0,0.5,1,0,0,0.3333333333333333,0.5,0.2857142857142857,0.25,1,0
6606160e210d05b94f7cbd9c5ff91947339f9d02,1902.08830,random,5,0.0,0.0,0.0,0.0,0.0,0.0,0,0,0,0.0,0.0,0.0,0.0,0,0
6656a9472499331f4eda45182ea697a4d63e943c,1805.09960,random,5,0.0,0.0,0.0,0.0,0.0,0.0,0,0,0,0.0,0.0,0.0,0.0,0,0
6657ece018b1455035421b822ea2d7961557c645,1906.05685,random,5,0.0,0.0,0.0,0.0,0.0,0.0,0,0,0,0.0,0.0,0.0,0.0,0,0
6683008e0a8c4583058d38e185e2e2e18ac6cf50,2002.08902,random,5,0.0,0.0,0.0,0.0,0.0,0.0,0,0,0,0.0,0.0,0.0,0.0,0,0
66dfcdab1db6a8fcdf392157a478b4cca0d87961,1910.12203,random,5,0.0,0.0,0.0,0.0,0.0,0.0,0,0,0,0.0,0.0,0.0,0.0,0,0
67672648e7ebcbef18921006e2c8787966f8cdf2,1901.09501,random,5,0.0,0.0,0.0,0.0,0.0,0.0,0,0,0,0.0,0.0,0.0,0.0,0,0
67c16ba64fe27838b1034d15194c07a9c98cdebe,1708.05482,random,5,0.20210734650054757,0.3333333333333333,0.3333333333333333,1.0,1.0,0.25,1,1,0,0.3333333333333333,1.0,0.3333333333333333,0.25,0,1
67cb001f8ca122ea859724804b41529fea5faeef,1805.07882,random,5,0.0,0.0,0.0,0.0,0.0,0.0,0,0,0,0.0,0.0,0.0,0.0,0,0
67f1b8a9f72e62cd74ec42e9631ef763a9b098c7,1908.10001,random,5,0.5,1.0,1.0,1.0,1.0,0.3333333333333333,1,1,1,1.0,1.0,0.3333333333333333,0.3333333333333333,0,0
6883767bbdf14e124c61df4f76335d3e91bfcb03,1902.06734,random,5,0.2890648263178879,0.0,1.0,0.0,1.0,0.1,0,0,0,0.0,0.0,0.0,0.0,0,0
68aa460ad357b4228b16b31b2cbec986215813bf,1911.12893,random,5,0.3391602052736161,0.2,0.2,1.0,1.0,1.0,1,0,0,0.2,0.25,0.2222222222222222,0.2,1,0
68f1df3fb0703ff694a055d23e7ec3f6fb449b8d,1801.03615,random,5,0.0,0.0,0.0,0.0,0.0,0.0,0,0,0,0.0,0.0,0.0,0.0,0,0
69a46a227269c3aac9bf9d7c3d698c787642f806,1911.11025,random,5,0.0,0.0,0.0,0.0,0.0,0.0,0,0,0,0.0,0.0,0.0,0.0,0,0
6a20a3220c4edad758b912e2d3e5b99b0b295d96,1805.04579,random,5,0.07311683844390994,0.0,0.125,0.0,1.0,0.1,0,0,0,0.0,0.0,0.0,0.0,0,0
6b1a6517b343fdb79f246955091ff25e440b9511,1902.04094,random,5,0.11751610475642714,0.0,0.25,0.0,1.0,0.1111111111111111,0,0,0,0.0,0.0,0.0,0.0,0,0
6b4006a90aeaaff8914052d72d28851a9c0c0146,1804.07445,random,5,0.0,0.0,0.0,0.0,0.0,0.0,0,0,0,0.0,0.0,0.0,0.0,0,0
6bce04570d4745dcfaca5cba64075242308b65cf,2002.08902,random,5,0.3333333333333333,0.0,1.0,0.0,1.0,0.14285714285714285,0,0,0,0.0,0.0,0.0,0.0,0,0
6c1614991647705265fb348d28ba60dd3b63b799,1908.10090,random,5,0.0,0.0,0.0,0.0,0.0,0.0,0,0,0,0.0,0.0,0.0,0.0,0,0
6cad6f074b0486210ffa4982c8d1632f5aa91d91,1912.10162,random,5,0.23463936301137822,0.3333333333333333,0.3333333333333333,1.0,1.0,0.3333333333333333,1,1,0,0.3333333333333333,1.0,0.3333333333333333,0.25,0,1
6cb3007a09ab0f1602cdad20cc0437fbdd4d7f3e,2003.07459,random,5,0.4415801103577823,0.5,1.0,1.0,1.0,0.2,1,0,0,0.5,0.5,0.2857142857142857,0.2857142857142857,1,0
6d17dc00f7e5331128b6b585e78cac0b9082e13d,1911.12722,random,5,0.0,0.0,0.0,0.0,0.0,0.0,0,0,0,0.0,0.0,0.0,0.0,0,0
6d55e377335815b7ad134d1a2977d231ad34a25b,1701.03578,random,5,0.16716045496620227,0.0,0.3333333333333333,0.0,1.0,0.16666666666666666,0,0,0,0.0,0.0,0.0,0.0,0,0
6d8a51e2790043497ed2637a1abc36bdffb39b71,1911.02747,random,5,0.123151194370365,0.0,0.25,0.0,1.0,0.125,0,0,0,0.0,0.0,0.0,0.0,0,0
6e134d51a795c385d72f38f36bca4259522bcf51,1703.10152,random,5,0.2691828628414762,0.0,0.5,0.0,1.0,0.16666666666666666,0,0,0,0.0,0.0,0.0,0.0,0,0
6e3e9818551fc2f8450bbf09b0fe82ac2506bc7a,1906.06349,random,5,0.0,0.0,0.0,0.0,0.0,0.0,0,0,0,0.0,0.0,0.0,0.0,0,0
6e63db22a2a34c20ad341eb33f3422f40d0001d3,1909.02855,random,5,0.3333333333333333,0.0,1.0,0.0,1.0,0.14285714285714285,0,0,0,0.0,0.0,0.0,0.0,0,0
6e80386b33fbfba8bc1ab811a597d844ae67c578,1910.12203,random,5,0.0,0.0,0.0,0.0,0.0,0.0,0,0,0,0.0,0.0,0.0,0.0,0,0
70512cc9dcd45157e40c8d1f85e82d21ade7645b,1603.01547,random,5,0.0,0.0,0.0,0.0,0.0,0.0,0,0,0,0.0,0.0,0.0,0.0,0,0
708f5f83a3c356b23b27a9175f5c35ac00cdf5db,1910.09916,random,5,0.3333333333333333,0.0,1.0,0.0,1.0,0.14285714285714285,0,0,0,0.0,0.0,0.0,0.0,0,0
70abb108c3170e81f8725ddc1a3f2357be5a4959,1708.09025,random,5,0.0,0.0,0.0,0.0,0.0,0.0,0,0,0,0.0,0.0,0.0,0.0,0,0
713e1c7b0ab17759ba85d7cd2041e387831661df,2002.06854,random,5,0.0,0.0,0.0,0.0,0.0,0.0,0,0,0,0.0,0.0,0.0,0.0,0,0
71413505d7d6579e2a453a1f09f4efd20197ab4b,1612.03762,random,5,0.0,0.0,0.0,0.0,0.0,0.0,0,0,0,0.0,0.0,0.0,0.0,0,0
718c0232b1f15ddb73d40c3afbd6c5c0d0354566,1806.09652,random,5,0.0,0.0,0.0,0.0,0.0,0.0,0,0,0,0.0,0.0,0.0,0.0,0,0
71b07d08fb6ac8732aa4060ae94ec7c0657bb1db,1910.01160,random,5,0.0,0.0,0.0,0.0,0.0,0.0,0,0,0,0.0,0.0,0.0,0.0,0,0
71b29ab3ddcdd11dcc63b0bb55e75914c07a2217,1908.06024,random,5,0.0,0.0,0.0,0.0,0.0,0.0,0,0,0,0.0,0.0,0.0,0.0,0,0
71fd0efea1b441d86d9a75255815ba3efe09779b,1905.07562,random,5,0.0,0.0,0.0,0.0,0.0,0.0,0,0,0,0.0,0.0,0.0,0.0,0,0
7239c02a0dcc0c3c9d9cddb5e895bcf9cfcefee6,1602.03483,random,5,0.0,0.0,0.0,0.0,0.0,0.0,0,0,0,0.0,0.0,0.0,0.0,0,0
726c5c1b6951287f4bae22978f9a91d22d9bef61,1610.09722,random,5,0.2090905274901754,0.0,0.4,0.0,1.0,0.125,0,0,0,0.0,0.0,0.0,0.0,0,0
72dbdd11b655b25b2b254e39689a7d912f334b71,1909.03553,random,5,0.0,0.0,0.0,0.0,0.0,0.0,0,0,0,0.0,0.0,0.0,0.0,0,0
732bd97ae34541f215c436e2a1b98db1649cba27,1809.03391,random,5,0.38685280723454163,1.0,1.0,1.0,1.0,0.2,1,1,1,1.0,1.0,0.3333333333333333,0.3333333333333333,0,0
7380e62edcb11f728f6d617ee332dc8b5752b185,1612.07486,random,5,0.0,0.0,0.0,0.0,0.0,0.0,0,0,0,0.0,0.0,0.0,0.0,0,0
73c535a7b46f0c2408ea2b1da0a878b376a2bca5,1605.04278,random,5,0.0,0.0,0.0,0.0,0.0,0.0,0,0,0,0.0,0.0,0.0,0.0,0,0
740cc392c0c8bfadfe6b3a60c0be635c03e17f2a,2004.00809,random,5,0.0,0.0,0.0,0.0,0.0,0.0,0,0,0,0.0,0.0,0.0,0.0,0,0
742d5e182b57bfa5f589fde645717ed0ac3f49c2,1610.09722,random,5,0.0,0.0,0.0,0.0,0.0,0.0,0,0,0,0.0,0.0,0.0,0.0,0,0
74a17eb3bf1d4f36e2db1459a342c529b9785f6e,1805.09960,random,5,0.3065735963827292,0.5,0.5,1.0,1.0,0.3333333333333333,1,1,0,0.5,1.0,0.3333333333333333,0.2857142857142857,0,1
74acaa205a5998af4ad7edbed66837a6f2b5c58b,1712.00733,random,5,0.10209739512291163,0.0,0.2,0.0,1.0,0.1111111111111111,0,0,0,0.0,0.0,0.0,0.0,0,0
74cef0205e0f31d0ab28d0e4d96c1e8ef62d4cce,1903.04329,random,5,0.3333333333333333,0.0,1.0,0.0,1.0,0.14285714285714285,0,0,0,0.0,0.0,0.0,0.0,0,0
74ebfba06f37cc95dfe59c3790ebe6165e6be19c,1702.02584,random,5,0.0,0.0,0.0,0.0,0.0,0.0,0,0,0,0.0,0.0,0.0,0.0,0,0
74fcb741d29892918903702dbb145fef372d1de3,1909.02322,random,5,0.6366824387328317,0.5,0.5,1.0,1.0,1.0,1,0,0,0.5,0.5,0.4444444444444444,0.4444444444444444,1,0
753a187c1dd8d96353187fbb193b5f86293a796c,1911.01214,random,5,0.0,0.0,0.0,0.0,0.0,0.0,0,0,0,0.0,0.0,0.0,0.0,0,0
754d7475b8bf50499ed77328b4b0eeedf9cb2623,1806.09652,random,5,1.0,1.0,1.0,1.0,1.0,1.0,1,1,1,1.0,1.0,0.3333333333333333,0.3333333333333333,0,0
7557f2c3424ae70e2a79c51f9752adc99a9bdd39,1901.05389,random,5,0.31546487678572877,0.0,1.0,0.0,1.0,0.125,0,0,0,0.0,0.0,0.0,0.0,0,0
7561bd3b8ba7829b3a01ff07f9f3e93a7b8869cc,2002.06851,random,5,0.0,0.0,0.0,0.0,0.0,0.0,0,0,0,0.0,0.0,0.0,0.0,0,0
756a8a9125e6984e0ca768b653c6c760efa3db66,1905.00840,random,5,0.0,0.0,0.0,0.0,0.0,0.0,0,0,0,0.0,0.0,0.0,0.0,0,0
7572f6e68a2ed2c41b87c5088ba8680afa0c0a0b,1808.07231,random,5,0.13905617951077562,0.0,0.25,0.0,1.0,0.16666666666666666,0,0,0,0.0,0.0,0.0,0.0,0,0
75b3e2d2caec56e5c8fbf6532070b98d70774b95,1911.12237,random,5,0.0,0.0,0.0,0.0,0.0,0.0,0,0,0,0.0,0.0,0.0,0.0,0,0
75c221920bee14a6153bd5f4c1179591b2f48d59,2004.02401,random,5,0.0,0.0,0.0,0.0,0.0,0.0,0,0,0,0.0,0.0,0.0,0.0,0,0
7625068cc22a095109580b83eff48616387167c2,2004.03090,random,5,0.0,0.0,0.0,0.0,0.0,0.0,0,0,0,0.0,0.0,0.0,0.0,0,0
76ae794ced3b5ae565f361451813f2f3bc85b214,1605.05156,random,5,0.46792684243864047,0.2857142857142857,0.42857142857142855,1.0,1.0,1.0,1,0,0,0.2857142857142857,0.2857142857142857,0.3333333333333333,0.3333333333333333,1,0
76e17e648a4d1f386eb6bf61b0c24f134af872be,1808.07231,random,5,0.8065735963827293,0.5,1.0,1.0,1.0,1.0,1,1,0,0.5,1.0,0.3333333333333333,0.2857142857142857,0,1
76f90c88926256e7f90d2104a88acfdd7fc5475e,1910.07154,random,5,0.0,0.0,0.0,0.0,0.0,0.0,0,0,0,0.0,0.0,0.0,0.0,0,0
7748c072e07d6c6db5a34be38b4a5e97ac6d7999,1905.00840,random,5,0.0,0.0,0.0,0.0,0.0,0.0,0,0,0,0.0,0.0,0.0,0.0,0,0
778c6a27182349dc5275282c3e9577bda2555c3d,1905.08067,random,5,0.20438239758848611,0.0,0.5,0.0,1.0,0.14285714285714285,0,0,0,0.0,0.0,0.0,0.0,0,0
77a331d4d909d92fab9552b429adde5379b2ae69,1706.02222,random,5,0.2960819109658652,0.3333333333333333,0.3333333333333333,1.0,1.0,0.5,1,0,0,0.3333333333333333,0.5,0.2857142857142857,0.25,1,0
77bbe1698e001c5889217be3164982ea36e85752,1908.11046,random,5,0.0,0.0,0.0,0.0,0.0,0.0,0,0,0,0.0,0.0,0.0,0.0,0,0
77bc886478925c8e9fb369b1ba5d05c42b3cd79a,1804.00982,random,5,0.0,0.0,0.0,0.0,0.0,0.0,0,0,0,0.0,0.0,0.0,0.0,0,0
77c3416578b52994227bae7f2529600f02183e12,2003.11687,random,5,0.0,0.0,0.0,0.0,0.0,0.0,0,0,0,0.0,0.0,0.0,0.0,0,0
78c7318b2218b906a67d8854f3e511034075f79a,1909.03087,random,5,0.13565197343244778,0.0,0.3333333333333333,0.0,1.0,0.1,0,0,0,0.0,0.0,0.0,0.0,0,0
78f8dad0f1acf024f69b3218b2d204b8019bb0d2,1901.05415,random,5,0.0,0.0,0.0,0.0,0.0,0.0,0,0,0,0.0,0.0,0.0,0.0,0,0
79258cea30cd6c0662df4bb712bf667589498a1f,1707.07568,random,5,0.2890648263178879,0.0,1.0,0.0,1.0,0.1,0,0,0,0.0,0.0,0.0,0.0,0,0
7969b8d80e12aa3ebb89b5622bc564f44e98329f,1909.11706,random,5,0.3065735963827292,0.5,0.5,1.0,1.0,0.3333333333333333,1,1,0,0.5,1.0,0.3333333333333333,0.2857142857142857,0,1
79885526713cc16eb734c88ff1169ae802cad589,2002.00175,random,5,0.0,0.0,0.0,0.0,0.0,0.0,0,0,0,0.0,0.0,0.0,0.0,0,0
79e61134a6e29141cd19252571ffc92a0b4bc97f,1907.05338,random,5,0.0,0.0,0.0,0.0,0.0,0.0,0,0,0,0.0,0.0,0.0,0.0,0,0
7a212a34e9dbb0ba52c40471842b2e0e3e14f276,1908.09355,random,5,0.0,0.0,0.0,0.0,0.0,0.0,0,0,0,0.0,0.0,0.0,0.0,0,0
7a84fed904acc1e0380deb6e5a2e1daacfb5907a,2001.04346,random,5,0.0,0.0,0.0,0.0,0.0,0.0,0,0,0,0.0,0.0,0.0,0.0,0,0
7a8b24062a5bb63a8b4c729f6247a7fd2fec7f07,1907.08540,random,5,0.0,0.0,0.0,0.0,0.0,0.0,0,0,0,0.0,0.0,0.0,0.0,0,0
7ae95716977d39d96e871e552c35ca0753115229,1610.09722,random,5,0.0,0.0,0.0,0.0,0.0,0.0,0,0,0,0.0,0.0,0.0,0.0,0,0
7b76b8b69246525a48c0a8ca0c42db3319cd10a5,1704.08390,random,5,0.20438239758848611,0.0,0.5,0.0,1.0,0.14285714285714285,0,0,0,0.0,0.0,0.0,0.0,0,0
7ba6330d105f49c7f71dba148bb73245a8ef2966,1708.07690,random,5,0.0,0.0,0.0,0.0,0.0,0.0,0,0,0,0.0,0.0,0.0,0.0,0,0
7c2d6bc913523d77e8fdc82c60598ee95b445d84,1911.09709,random,5,0.0,0.0,0.0,0.0,0.0,0.0,0,0,0,0.0,0.0,0.0,0.0,0,0
7caeb5ef6f2985b2cf383cd01765d247c936605f,1910.01992,random,5,0.14606834984270645,0.2,0.2,1.0,1.0,0.25,1,0,0,0.2,0.25,0.2222222222222222,0.2,1,0
7cf44877dae8873139aede381fb9908dd0c546c4,1703.04357,random,5,0.18457569677956817,0.0,0.5,0.0,1.0,0.1111111111111111,0,0,0,0.0,0.0,0.0,0.0,0,0
7d34cdd9cb1c988e218ce0fd59ba6a3b5de2024a,1802.03052,random,5,0.0,0.0,0.0,0.0,0.0,0.0,0,0,0,0.0,0.0,0.0,0.0,0,0
7d503b3d4d415cf3e91ab08bd5a1a2474dd1047b,1909.08357,random,5,0.31546487678572877,0.0,1.0,0.0,1.0,0.125,0,0,0,0.0,0.0,0.0,0.0,0,0
7d8cd7d6c86349ef0bd4fdbd84c8dc49c7678f46,1709.06365,random,5,0.45595497572354077,0.25,0.5,1.0,1.0,0.5,1,0,0,0.25,0.2857142857142857,0.3333333333333333,0.3076923076923077,1,0
7de0b2df60d3161dd581ed7915837d460020bc11,1909.06502,random,5,0.0,0.0,0.0,0.0,0.0,0.0,0,0,0,0.0,0.0,0.0,0.0,0,0
7e906dc00e92088a25df3719104d1750e5a27485,1909.13184,random,5,0.2890648263178879,0.0,1.0,0.0,1.0,0.1,0,0,0,0.0,0.0,0.0,0.0,0,0
7e9aec2bdf4256c6249cad9887c168d395b35270,1909.00871,random,5,0.31546487678572877,0.0,1.0,0.0,1.0,0.125,0,0,0,0.0,0.0,0.0,0.0,0,0
7ece07a84635269bb19796497847e4517d1e3e61,1709.06136,random,5,0.23719771276929622,0.5,0.5,1.0,1.0,0.2,1,0,0,0.5,0.5,0.2857142857142857,0.2857142857142857,1,0
7ef7a5867060f91eac8ad857c186e51b767c734b,1908.06259,random,5,0.0,0.0,0.0,0.0,0.0,0.0,0,0,0,0.0,0.0,0.0,0.0,0,0
7f958017cbb08962c80e625c2fd7a1e2375f27a3,1809.08899,random,5,0.0,0.0,0.0,0.0,0.0,0.0,0,0,0,0.0,0.0,0.0,0.0,0,0
7ff7c286d3118a8be5688e2d18e9a56fe83679ad,1812.00382,random,5,0.0,0.0,0.0,0.0,0.0,0.0,0,0,0,0.0,0.0,0.0,0.0,0,0
800fcd8b08d36c5276f9e5e1013208d41b46de59,1805.04558,random,5,0.0,0.0,0.0,0.0,0.0,0.0,0,0,0,0.0,0.0,0.0,0.0,0,0
803babb71e1bdaf507847d6c712585f4128e9f47,1910.14589,random,5,0.0,0.0,0.0,0.0,0.0,0.0,0,0,0,0.0,0.0,0.0,0.0,0,0
804466848f4fa1c552f0d971dce226cd18b9edda,1908.11053,random,5,0.0,0.0,0.0,0.0,0.0,0.0,0,0,0,0.0,0.0,0.0,0.0,0,0
804bf5adc6dc5dd52f8079cf041ed3a710e03f8a,1805.04833,random,5,0.0,0.0,0.0,0.0,0.0,0.0,0,0,0,0.0,0.0,0.0,0.0,0,0
80bb07e553449bde9ac0ff35fcc718d7c161f2d4,2003.12660,random,5,0.0,0.0,0.0,0.0,0.0,0.0,0,0,0,0.0,0.0,0.0,0.0,0,0
80d6b9123a10358f57f259b8996a792cac08cb88,1809.06083,random,5,0.0,0.0,0.0,0.0,0.0,0.0,0,0,0,0.0,0.0,0.0,0.0,0,0
811b67460e65232b8f363dc3f329ffecdfcc4ab2,1911.12893,random,5,0.25617367829355947,0.14285714285714285,0.2857142857142857,1.0,1.0,0.5,1,1,0,0.14285714285714285,1.0,0.3333333333333333,0.16666666666666666,0,1
813a8156f9ed8ead53dda60ef54601f6ca8076e9,1607.00167,random,5,0.17723928678404774,0.0,0.5,0.0,1.0,0.1,0,0,0,0.0,0.0,0.0,0.0,0,0
814e945668e2b6f31b088918758b120fb00ada7d,2003.11687,random,5,0.0,0.0,0.0,0.0,0.0,0.0,0,0,0,0.0,0.0,0.0,0.0,0,0
81e101b2c803257492d67a00e8a1d9a07cbab136,1909.05372,random,5,0.2640681225725909,0.5,0.5,1.0,1.0,0.25,1,1,0,0.5,1.0,0.3333333333333333,0.2857142857142857,0,1
824629b36a75753b1500d9dcaee0fc3c758297b1,1905.08067,random,5,0.31546487678572877,0.0,1.0,0.0,1.0,0.125,0,0,0,0.0,0.0,0.0,0.0,0,0
8246d1eee1482555d075127ac84f2e1d0781a446,1805.11598,random,5,0.3065735963827292,0.5,0.5,1.0,1.0,0.3333333333333333,1,1,0,0.5,1.0,0.3333333333333333,0.2857142857142857,0,1
8276671a4d4d1fbc097cd4a4b7f5e7fadd7b9833,2002.00175,random,5,0.0,0.0,0.0,0.0,0.0,0.0,0,0,0,0.0,0.0,0.0,0.0,0,0
82f8843b59668567bba09fc8f93963ca7d1fe107,1908.07491,random,5,0.0,0.0,0.0,0.0,0.0,0.0,0,0,0,0.0,0.0,0.0,0.0,0,0
83db51da819adf6faeb950fe04b4df942a887fb5,1809.08899,random,5,0.2685357229842324,0.25,0.5,1.0,1.0,0.2,1,0,0,0.25,0.3333333333333333,0.25,0.2222222222222222,1,0
845bdcd900c0f96b2ae091d086fb1ab8bb1063f0,2004.00809,random,5,0.0,0.0,0.0,0.0,0.0,0.0,0,0,0,0.0,0.0,0.0,0.0,0,0
84765903b8c7234ca2919d0a40e3c6a5bcedf45d,1911.04873,random,5,0.0,0.0,0.0,0.0,0.0,0.0,0,0,0,0.0,0.0,0.0,0.0,0,0
8599d6d14ac157169920c73b98a79737c7a68cf5,1909.00437,random,5,0.0,0.0,0.0,0.0,0.0,0.0,0,0,0,0.0,0.0,0.0,0.0,0,0
85e417231a4bbb6691f7a89bd81710525f8fec4c,1611.06322,random,5,0.2807081466403135,0.14285714285714285,0.42857142857142855,1.0,1.0,0.2,1,0,0,0.14285714285714285,0.14285714285714285,0.16666666666666666,0.16666666666666666,1,0
860257956b83099cccf1359e5d960289d7d50265,1702.02367,random,5,0.21840743681816419,0.0,0.5,0.0,1.0,0.16666666666666666,0,0,0,0.0,0.0,0.0,0.0,0,0
863b3f29f8c59f224b4cbdb5f1097b45a25f1d88,2001.04346,random,5,0.0,0.0,0.0,0.0,0.0,0.0,0,0,0,0.0,0.0,0.0,0.0,0,0
865811dcf63a1dd3f22c62ec39ffbca4b182de31,1709.05295,random,5,0.18457569677956817,0.0,0.5,0.0,1.0,0.1111111111111111,0,0,0,0.0,0.0,0.0,0.0,0,0
86656aae3c27c6ea108f5600dd09ab7e421d876a,1906.01749,random,5,0.6309297535714575,1.0,1.0,1.0,1.0,0.5,1,1,1,1.0,1.0,0.3333333333333333,0.3333333333333333,0,0
867b1bb1e6a38de525be7757d49928a132d0dbd8,1912.00342,random,5,0.3065735963827292,0.5,0.5,1.0,1.0,0.3333333333333333,1,1,0,0.5,1.0,0.3333333333333333,0.2857142857142857,0,1
86c867b393db0ec4ad09abb48cc1353cac47ea4c,1806.07042,random,5,0.0,0.0,0.0,0.0,0.0,0.0,0,0,0,0.0,0.0,0.0,0.0,0,0
86d1c990c1639490c239c3dbf5492ecc44ab6652,1708.01065,random,5,0.0,0.0,0.0,0.0,0.0,0.0,0,0,0,0.0,0.0,0.0,0.0,0,0
8701ec7345ccc2c35eca4e132a8e16d58585cd63,1908.05731,random,5,0.2836929289153804,0.0,0.6666666666666666,0.0,1.0,0.125,0,0,0,0.0,0.0,0.0,0.0,0,0
871f7661f5a3da366b0b5feaa36f54fd3dedae8e,2003.09244,random,5,0.0,0.0,0.0,0.0,0.0,0.0,0,0,0,0.0,0.0,0.0,0.0,0,0
8795bb1f874e5f3337710d8c3d5be49e672ab43a,1908.05803,random,5,0.2890648263178879,0.0,1.0,0.0,1.0,0.1,0,0,0,0.0,0.0,0.0,0.0,0,0
88757bc49ccab76e587fba7521f0981d6a1af2f7,1702.02584,random,5,0.0,0.0,0.0,0.0,0.0,0.0,0,0,0,0.0,0.0,0.0,0.0,0,0
887d7f3edf37ccc6bf2e755dae418b04d2309686,1805.11937,random,5,0.0,0.0,0.0,0.0,0.0,0.0,0,0,0,0.0,0.0,0.0,0.0,0,0
89373db8ced1fe420eae0093b2736f06b565616e,1901.02780,random,5,0.2685357229842324,0.25,0.5,1.0,1.0,0.2,1,0,0,0.25,0.3333333333333333,0.25,0.2222222222222222,1,0
894bbb1e42540894deb31c04cba0e6cfb10ea912,1911.12237,random,5,0.0,0.0,0.0,0.0,0.0,0.0,0,0,0,0.0,0.0,0.0,0.0,0,0
8a0e1a298716698a305153c524bf03d18969b1c6,2001.11316,random,5,0.0,0.0,0.0,0.0,0.0,0.0,0,0,0,0.0,0.0,0.0,0.0,0,0
8ad5ebca2f69023b60ccfa3aac0ed426234437ac,1911.02747,random,5,0.38685280723454163,0.5,0.5,1.0,1.0,0.5,1,0,0,0.5,0.5,0.2857142857142857,0.2857142857142857,1,0
8b1af67e3905244653b4cf66ba0acec8d6bff81f,1704.08390,random,5,0.4525081529734507,0.3333333333333333,0.6666666666666666,1.0,1.0,0.5,1,1,0,0.3333333333333333,1.0,0.3333333333333333,0.25,0,1
8b49423b7d1fa834128aa5038aa16c6ef3fdfa32,1909.04242,random,5,0.0,0.0,0.0,0.0,0.0,0.0,0,0,0,0.0,0.0,0.0,0.0,0,0
8b8adb1d5a1824c8995b3eba668745c44f61c9c6,1903.04329,random,5,0.0,0.0,0.0,0.0,0.0,0.0,0,0,0,0.0,0.0,0.0,0.0,0,0
8c288120139615532838f21094bba62a77f92617,1802.06053,random,5,0.3010299956639812,0.0,1.0,0.0,1.0,0.1111111111111111,0,0,0,0.0,0.0,0.0,0.0,0,0
8c89f1d1b3c2a45c0254c4c8d6e700ab9a4b4ffb,1703.10090,random,5,0.27487633291429087,0.14285714285714285,0.14285714285714285,1.0,1.0,1.0,1,0,0,0.14285714285714285,0.25,0.2222222222222222,0.16666666666666666,1,0
8cbe3fa4ec0f66071e3d6b829b09b6395b631c44,1611.06322,random,5,0.0,0.0,0.0,0.0,0.0,0.0,0,0,0,0.0,0.0,0.0,0.0,0,0
8cf52ba480d372fc15024b3db704952f10fdca27,1802.02614,random,5,0.0,0.0,0.0,0.0,0.0,0.0,0,0,0,0.0,0.0,0.0,0.0,0,0
8cf5abf0126f19253930478b02f0839af28e4093,1805.04558,random,5,0.0,0.0,0.0,0.0,0.0,0.0,0,0,0,0.0,0.0,0.0,0.0,0,0
8d3f79620592d040f9f055b4fce0f73cc45aab63,1711.04964,random,5,0.0,0.0,0.0,0.0,0.0,0.0,0,0,0,0.0,0.0,0.0,0.0,0,0
8d683d2e1f46626ceab60ee4ab833b50b346c29e,1908.11053,random,5,0.0,0.0,0.0,0.0,0.0,0.0,0,0,0,0.0,0.0,0.0,0.0,0,0
8db11d9166474a0e98b99ac7f81d1f14539d79ec,1910.10487,random,5,0.21840743681816419,0.0,0.5,0.0,1.0,0.16666666666666666,0,0,0,0.0,0.0,0.0,0.0,0,0
8ddf78dbdc6ac964a7102ae84df18582841f2e3c,1605.05156,random,5,0.5,1.0,1.0,1.0,1.0,0.3333333333333333,1,1,1,1.0,1.0,0.3333333333333333,0.3333333333333333,0,0
8de0e1fdcca81b49615a6839076f8d42226bf1fe,1908.07888,random,5,0.6309297535714575,1.0,1.0,1.0,1.0,0.5,1,1,1,1.0,1.0,0.3333333333333333,0.3333333333333333,0,0
8dfdd1ed805bb23c774fbb032ef1d97c6802e07c,1706.02427,random,5,0.15642624200758548,0.0,0.3333333333333333,0.0,1.0,0.14285714285714285,0,0,0,0.0,0.0,0.0,0.0,0,0
8e113fd9661bc8af97e30c75a20712f01fc4520a,1911.10401,random,5,0.0,0.0,0.0,0.0,0.0,0.0,0,0,0,0.0,0.0,0.0,0.0,0,0
8e26c471ca0ee1b9779da04c0b81918fd310d0f3,1906.05506,random,5,0.3065735963827292,0.5,0.5,1.0,1.0,0.3333333333333333,1,1,0,0.5,1.0,0.3333333333333333,0.2857142857142857,0,1
8f6b11413a19fe4639b3fba88fc6b3678286fa0c,1911.09241,random,5,0.0,0.0,0.0,0.0,0.0,0.0,0,0,0,0.0,0.0,0.0,0.0,0,0
8faec509406d33444bd620afc829adc9eae97644,1912.07940,random,5,0.0,0.0,0.0,0.0,0.0,0.0,0,0,0,0.0,0.0,0.0,0.0,0,0
8ffae517bc0efa453b7e316d41bd9f1b6679b158,1909.05372,random,5,0.2640681225725909,0.5,0.5,1.0,1.0,0.25,1,1,0,0.5,1.0,0.3333333333333333,0.2857142857142857,0,1
903ac8686ed7e6e3269a5d863f06ff11c50e49e8,1907.00168,random,5,0.38685280723454163,1.0,1.0,1.0,1.0,0.2,1,1,1,1.0,1.0,0.3333333333333333,0.3333333333333333,0,0
90756bdcd812b7ecc1c5df2298aa7561fd2eb02c,1804.01155,random,5,0.42177340954886444,0.5,1.0,1.0,1.0,0.2,1,1,0,0.5,1.0,0.3333333333333333,0.2857142857142857,0,1
908ba58d26d15c14600623498d4e86c9b73b14b2,2004.02105,random,5,0.0,0.0,0.0,0.0,0.0,0.0,0,0,0,0.0,0.0,0.0,0.0,0,0
909ecf675f874421eecc926a9f7486475aa1423c,1908.07888,random,5,0.0,0.0,0.0,0.0,0.0,0.0,0,0,0,0.0,0.0,0.0,0.0,0,0
90aba75508aa145475d7cc9a501bbe987c0e8413,2004.02363,random,5,0.0,0.0,0.0,0.0,0.0,0.0,0,0,0,0.0,0.0,0.0,0.0,0,0
90dde59e1857a0d2b1ee4615ab017fee0741f29f,1911.12893,random,5,0.0,0.0,0.0,0.0,0.0,0.0,0,0,0,0.0,0.0,0.0,0.0,0,0
9119fbfba84d298014d1b74e0e3d30330320002c,1912.00239,random,5,1.0,1.0,1.0,1.0,1.0,1.0,1,1,1,1.0,1.0,0.3333333333333333,0.3333333333333333,0,0
91336f12ab94a844b66b607f8621eb8bbd209f32,1909.09070,random,5,0.0,0.0,0.0,0.0,0.0,0.0,0,0,0,0.0,0.0,0.0,0.0,0,0
9133a85730c4090fe8b8d08eb3d9146efe7d7037,1803.05160,random,5,0.10778915452451093,0.0,0.16666666666666666,0.0,1.0,0.16666666666666666,0,0,0,0.0,0.0,0.0,0.0,0,0
915e4d0b3cb03789a20380ead961d473cb95bfc3,1710.11027,random,5,0.31546487678572877,0.0,1.0,0.0,1.0,0.125,0,0,0,0.0,0.0,0.0,0.0,0,0
919681faa9731057b3fae5052b7da598abd3e04b,2004.04498,random,5,0.13743816645714543,0.14285714285714285,0.14285714285714285,1.0,1.0,0.3333333333333333,1,0,0,0.14285714285714285,0.3333333333333333,0.25,0.16666666666666666,1,0
91e361e85c6d3884694f3c747d61bfcef171bab0,1909.12079,random,5,0.15642624200758548,0.0,0.3333333333333333,0.0,1.0,0.14285714285714285,0,0,0,0.0,0.0,0.0,0.0,0,0
9207f19e65422bdf28f20e270ede6c725a38e5f9,1605.05156,random,5,0.3889580943680543,0.0,1.0,0.0,1.0,0.14285714285714285,0,0,0,0.0,0.0,0.0,0.0,0,0
92fc94a4999d1b25a0593904025eb7b8953bb28b,1909.06708,random,5,0.16812753627111746,0.25,0.25,1.0,1.0,0.25,1,0,0,0.25,0.5,0.2857142857142857,0.2222222222222222,1,0
9489b0ecb643c1fc95c001c65d4e9771315989aa,1704.04451,random,5,0.0,0.0,0.0,0.0,0.0,0.0,0,0,0,0.0,0.0,0.0,0.0,0,0
949a2bc34176e47a4d895bcc3223f2a960f15a81,1708.09025,random,5,0.18457569677956817,0.0,0.5,0.0,1.0,0.1111111111111111,0,0,0,0.0,0.0,0.0,0.0,0,0
95646d0ac798dcfc15b43fa97a1908df9f7b9681,1910.13793,random,5,1.0,1.0,1.0,1.0,1.0,1.0,1,1,1,1.0,1.0,0.3333333333333333,0.3333333333333333,0,0
9595fdf7b51251679cd39bc4f6befc81f09c853c,1901.05389,random,5,0.3562071871080222,0.0,1.0,0.0,1.0,0.16666666666666666,0,0,0,0.0,0.0,0.0,0.0,0,0
95af7aaea3ce9dab4cf64e2229ce9b98381dd050,1612.03762,random,5,0.15130120674940672,0.16666666666666666,0.16666666666666666,1.0,1.0,0.3333333333333333,1,1,0,0.16666666666666666,1.0,0.3333333333333333,0.18181818181818182,0,1
95ef89dc29ff291bdbe48cb956329a6a06d36db8,1911.00461,random,5,0.0,0.0,0.0,0.0,0.0,0.0,0,0,0,0.0,0.0,0.0,0.0,0,0
961a97149127e1123c94fbf7e2021eb1aa580ecb,1911.09247,random,5,0.21398626473452756,0.2,0.2,1.0,1.0,0.5,1,0,0,0.2,0.25,0.2222222222222222,0.2,1,0
96459b02efa82993a0b413530ed0b517c6633eea,1908.10090,random,5,1.0,1.0,1.0,1.0,1.0,1.0,1,1,1,1.0,1.0,0.5714285714285714,0.5714285714285714,0,0
965e0ce975a0b8612a30cfc31bbfd4b8a57aa138,1706.02427,random,5,0.0,0.0,0.0,0.0,0.0,0.0,0,0,0,0.0,0.0,0.0,0.0,0,0
97055ab0227ed6ac7a8eba558b94f01867bb9562,1610.07149,random,5,0.0,0.0,0.0,0.0,0.0,0.0,0,0,0,0.0,0.0,0.0,0.0,0,0
97708d93bccc832ea671dc31a76dad6a121fcd60,1707.06875,random,5,0.0,0.0,0.0,0.0,0.0,0.0,0,0,0,0.0,0.0,0.0,0.0,0,0
9887ca3d25e2109f41d1da80eeea05c465053fbc,1911.12722,random,5,0.0,0.0,0.0,0.0,0.0,0.0,0,0,0,0.0,0.0,0.0,0.0,0,0
98b97d24f31e9c535997e9b6cb126eb99fc72a90,1910.01160,random,5,0.0,0.0,0.0,0.0,0.0,0.0,0,0,0,0.0,0.0,0.0,0.0,0,0
991ea04072b3412928be5e6e903cfa54eeac3951,1808.10006,random,5,0.0,0.0,0.0,0.0,0.0,0.0,0,0,0,0.0,0.0,0.0,0.0,0,0
9925e7d8757e8fd7411bcb5250bc08158a244fb3,1911.05652,random,5,0.0,0.0,0.0,0.0,0.0,0.0,0,0,0,0.0,0.0,0.0,0.0,0,0
992e67f706c728bc0e534f974c1656da10e7a724,1911.10401,random,5,1.0,1.0,1.0,1.0,1.0,1.0,1,1,1,1.0,1.0,0.3333333333333333,0.3333333333333333,0,0
998fa38634000f2d7b52d16518b9e18e898ce933,1908.05758,random,5,0.4573973988771914,0.25,0.75,1.0,1.0,0.3333333333333333,1,0,0,0.25,0.25,0.2222222222222222,0.2222222222222222,1,0
99e99f2c25706085cd4de4d55afe0ac43213d7c8,2002.09616,random,5,0.6309297535714575,1.0,1.0,1.0,1.0,0.5,1,1,1,1.0,1.0,0.3333333333333333,0.3333333333333333,0,0
99f898eb91538cb82bc9a00892d54ae2a740961e,1710.10380,random,5,0.0,0.0,0.0,0.0,0.0,0.0,0,0,0,0.0,0.0,0.0,0.0,0,0
9a7aeecbecf5e30ffa595c233fca31719c9b429f,1704.08390,random,5,1.0,1.0,1.0,1.0,1.0,1.0,1,1,1,1.0,1.0,0.3333333333333333,0.3333333333333333,0,0
9aabcba3d44ee7d0bbf6a2c019ab9e0f02fab244,1605.05195,random,5,0.13565197343244778,0.0,0.3333333333333333,0.0,1.0,0.1,0,0,0,0.0,0.0,0.0,0.0,0,0
9b05d5f723a8a452522907778a084b52e27fd924,1803.08614,random,5,0.0,0.0,0.0,0.0,0.0,0.0,0,0,0,0.0,0.0,0.0,0.0,0,0
9b1382b44dc69f7ee20acf952f7ceb1c3ef83965,1610.03955,random,5,0.0,0.0,0.0,0.0,0.0,0.0,0,0,0,0.0,0.0,0.0,0.0,0,0
9b536f4428206ef7afabc4ff0a2ebcbabd68b985,2001.11316,random,5,0.20438239758848611,0.0,0.5,0.0,1.0,0.14285714285714285,0,0,0,0.0,0.0,0.0,0.0,0,0
9b6339e24f58b576143d2adf599cfc4a31fd3b0c,2003.11531,random,5,0.0,0.0,0.0,0.0,0.0,0.0,0,0,0,0.0,0.0,0.0,0.0,0,0
9b868c7d17852f46a8fe725f24cb9548fdbd2b05,1903.02930,random,5,0.6131471927654584,0.5,0.5,1.0,1.0,1.0,1,1,0,0.5,1.0,0.3333333333333333,0.2857142857142857,0,1
9baca9bdb8e7d5a750f8cbe3282beb371347c164,1901.05389,random,5,0.5,1.0,1.0,1.0,1.0,0.3333333333333333,1,1,1,1.0,1.0,0.3333333333333333,0.3333333333333333,0,0
9be9354eeb2bb1827eeb1e23a20cfdca59fb349a,2002.03056,random,5,0.0,0.0,0.0,0.0,0.0,0.0,0,0,0,0.0,0.0,0.0,0.0,0,0
9c2cacf77041e02d38f92a4c490df1e04552f96f,1905.00472,random,5,0.0,0.0,0.0,0.0,0.0,0.0,0,0,0,0.0,0.0,0.0,0.0,0,0
9c529bd3f7565b2178a79aae01c98c90f9d372ad,1705.00571,random,5,0.0,0.0,0.0,0.0,0.0,0.0,0,0,0,0.0,0.0,0.0,0.0,0,0
9ca85242ebeeafa88a0246986aa760014f6094f2,1803.05160,random,5,0.0,0.0,0.0,0.0,0.0,0.0,0,0,0,0.0,0.0,0.0,0.0,0,0
9ce90f4132b34a328fa49a63e897f376a3ad3ca8,1909.00871,random,5,0.0,0.0,0.0,0.0,0.0,0.0,0,0,0,0.0,0.0,0.0,0.0,0,0
9d6b2672b11d49c37a6bfb06172d39742d48aef4,1705.10272,random,5,0.43067655807339306,1.0,1.0,1.0,1.0,0.25,1,1,1,1.0,1.0,0.3333333333333333,0.3333333333333333,0,0
9d6d17120c42a834b2b5d96f2120d646218ed4bb,1706.02427,random,5,0.0,0.0,0.0,0.0,0.0,0.0,0,0,0,0.0,0.0,0.0,0.0,0,0
9d963d385bd495a7e193f8a498d64c1612e6c20c,1907.01339,random,5,0.6052602440527057,0.5,1.0,1.0,1.0,0.5,1,0,0,0.5,0.5,0.2857142857142857,0.2857142857142857,1,0
9da181ac8f2600eb19364c1b1e3cdeb569811a11,1908.10001,random,5,0.11751610475642714,0.0,0.25,0.0,1.0,0.1111111111111111,0,0,0,0.0,0.0,0.0,0.0,0,0
9dcc10a4a325d4c9cb3bb8134831ee470be47e93,1602.03483,random,5,0.0,0.0,0.0,0.0,0.0,0.0,0,0,0,0.0,0.0,0.0,0.0,0,0
9dd8ce48a2a59a63ae6366ab8b2b8828e5ae7f35,1904.02954,random,5,0.0,0.0,0.0,0.0,0.0,0.0,0,0,0,0.0,0.0,0.0,0.0,0,0
9e9aa8af4b49e2e1e8cd9995293a7982ea1aba0e,1910.09387,random,5,0.1480409554829326,0.0,0.3333333333333333,0.0,1.0,0.125,0,0,0,0.0,0.0,0.0,0.0,0,0
9ec0527bda2c302f4e82949cc0ae7f7769b7bfb8,2003.00864,random,5,0.0,0.0,0.0,0.0,0.0,0.0,0,0,0,0.0,0.0,0.0,0.0,0,0
9eec16e560f9ccafd7ba6f1e0db742b330b42ba9,1710.11334,random,5,0.20438239758848611,0.0,0.5,0.0,1.0,0.14285714285714285,0,0,0,0.0,0.0,0.0,0.0,0,0
9ef0d2365bde0d18054511fbb53cec5fa2cda5ee,1908.11049,random,5,0.0,0.0,0.0,0.0,0.0,0.0,0,0,0,0.0,0.0,0.0,0.0,0,0
9f065e787a0d40bb4550be1e0d64796925459005,1708.07252,random,5,0.0,0.0,0.0,0.0,0.0,0.0,0,0,0,0.0,0.0,0.0,0.0,0,0
9f1d81b2a6fe6835042a5229690e1951b97ff671,1806.04387,random,5,0.3010299956639812,0.0,1.0,0.0,1.0,0.1111111111111111,0,0,0,0.0,0.0,0.0,0.0,0,0
9f1e60ee86a5c46abe75b67ef369bf92a5090568,1911.11899,random,5,0.0,0.0,0.0,0.0,0.0,0.0,0,0,0,0.0,0.0,0.0,0.0,0,0
9f74f3991b8681619d95ab93a7c8733a843ddffe,1907.10676,random,5,0.09803928583135704,0.0,0.2,0.0,1.0,0.1,0,0,0,0.0,0.0,0.0,0.0,0,0
a064337bafca8cf01e222950ea97ebc184c47bc0,1609.02075,random,5,0.123151194370365,0.0,0.25,0.0,1.0,0.125,0,0,0,0.0,0.0,0.0,0.0,0,0
a064d01d45a33814947161ff208abb88d4353b26,1711.03759,random,5,0.0,0.0,0.0,0.0,0.0,0.0,0,0,0,0.0,0.0,0.0,0.0,0,0
a0fd0c0fe042ad045b8d5095c81643ef3a352b81,1604.02038,random,5,0.0,0.0,0.0,0.0,0.0,0.0,0,0,0,0.0,0.0,0.0,0.0,0,0
a18d74109ed55ed14c33913efa62e12f207279c0,1802.09059,random,5,0.0,0.0,0.0,0.0,0.0,0.0,0,0,0,0.0,0.0,0.0,0.0,0,0
a1ac4463031bbc42c80893b57c0055b860f12e10,1908.06893,random,5,0.0,0.0,0.0,0.0,0.0,0.0,0,0,0,0.0,0.0,0.0,0.0,0,0
a24b2269b292fd0ee81d50303d1315383c594382,2004.03090,random,5,0.3333333333333333,0.0,1.0,0.0,1.0,0.14285714285714285,0,0,0,0.0,0.0,0.0,0.0,0,0
a28c73a6a8c46a43a1eec2b42b542dd7fde1e30e,1906.05506,random,5,0.0,0.0,0.0,0.0,0.0,0.0,0,0,0,0.0,0.0,0.0,0.0,0,0
a2baa8e266318f23f43321c4b2b9cf467718c94a,1611.00440,random,5,0.0,0.0,0.0,0.0,0.0,0.0,0,0,0,0.0,0.0,0.0,0.0,0,0
a2edd0454026811223b8f31512bdae91159677be,2002.03056,random,5,0.3903800499921017,0.25,0.25,1.0,1.0,1.0,1,0,0,0.25,0.25,0.2222222222222222,0.2222222222222222,1,0
a3705b53c6710b41154c65327b7bbec175bdfae7,1910.03355,random,5,0.0,0.0,0.0,0.0,0.0,0.0,0,0,0,0.0,0.0,0.0,0.0,0,0
a398c9b061f28543bc77c2951d0dfc5d1bee9e87,1808.00957,random,5,0.0,0.0,0.0,0.0,0.0,0.0,0,0,0,0.0,0.0,0.0,0.0,0,0
a3a867f7b3557c168d05c517c468ff6c7337bff9,1701.03578,random,5,0.21515079688078367,0.0,0.4,0.0,1.0,0.14285714285714285,0,0,0,0.0,0.0,0.0,0.0,0,0
a3ba21341f0cb79d068d24de33b23c36fa646752,2002.06851,random,5,0.0,0.0,0.0,0.0,0.0,0.0,0,0,0,0.0,0.0,0.0,0.0,0,0
a3e7d7389228a197c8c44e0c504a791b60f2c80d,1909.00091,random,5,0.0,0.0,0.0,0.0,0.0,0.0,0,0,0,0.0,0.0,0.0,0.0,0,0
a464052fd11af1d2d99e407c11791269533d43d1,1802.06053,random,5,0.2640681225725909,0.5,0.5,1.0,1.0,0.25,1,1,0,0.5,1.0,0.3333333333333333,0.2857142857142857,0,1
a4a9971799c8860b50f219c93f050ebf6a627b3d,1905.08067,random,5,0.16716045496620227,0.0,0.3333333333333333,0.0,1.0,0.16666666666666666,0,0,0,0.0,0.0,0.0,0.0,0,0
a4b77a20e067789691e0ab246bc5b11913d77ae1,1703.04009,random,5,0.0,0.0,0.0,0.0,0.0,0.0,0,0,0,0.0,0.0,0.0,0.0,0,0
a4cf0cf372f62b2dbc7f31c600c6c66246263328,1912.11980,random,5,0.0,0.0,0.0,0.0,0.0,0.0,0,0,0,0.0,0.0,0.0,0.0,0,0
a59e86a15405c8a11890db072b99fda3173e5ab2,1704.04451,random,5,0.0,0.0,0.0,0.0,0.0,0.0,0,0,0,0.0,0.0,0.0,0.0,0,0
a5df7361ae37b9512fb57cb93efbece9ded8cab1,1710.11027,random,5,0.21840743681816419,0.0,0.5,0.0,1.0,0.16666666666666666,0,0,0,0.0,0.0,0.0,0.0,0,0
a606bffed3bfeebd1b66125be580f908244e5d92,1911.09753,random,5,0.2640681225725909,0.5,0.5,1.0,1.0,0.25,1,1,0,0.5,1.0,0.3333333333333333,0.2857142857142857,0,1
a67a2d9acad1787b636ca2681330f4c29a0b0254,1606.07043,random,5,0.0,0.0,0.0,0.0,0.0,0.0,0,0,0,0.0,0.0,0.0,0.0,0,0
a71fb012631e6a8854d5945b6d0ab2ab8e7b7ee6,1611.04234,random,5,0.0,0.0,0.0,0.0,0.0,0.0,0,0,0,0.0,0.0,0.0,0.0,0,0
a7313c29b154e84b571322532f5cab08e9d49e51,2003.13028,random,5,0.23719771276929622,0.5,0.5,1.0,1.0,0.2,1,0,0,0.5,0.5,0.2857142857142857,0.2857142857142857,1,0
a77d38427639d54461ae308f3045434f81e497d0,1906.08871,random,5,0.2429718246796358,0.0,0.5,0.0,1.0,0.14285714285714285,0,0,0,0.0,0.0,0.0,0.0,0,0
a786cceba4372f6041187c426432853eda03dca6,1910.02001,random,5,0.0,0.0,0.0,0.0,0.0,0.0,0,0,0,0.0,0.0,0.0,0.0,0,0
a79a23573d74ec62cbed5d5457a51419a66f6296,1906.04287,random,5,0.0,0.0,0.0,0.0,0.0,0.0,0,0,0,0.0,0.0,0.0,0.0,0,0
a7e1b13cc42bfe78d37b9c943de6288e5f00f01b,1608.01972,random,5,0.38685280723454163,1.0,1.0,1.0,1.0,0.2,1,1,1,1.0,1.0,0.3333333333333333,0.3333333333333333,0,0
a836ab8eb5a72af4b0a0c83bf42a2a14d1b38763,1911.07620,random,5,0.20438239758848611,0.0,0.5,0.0,1.0,0.14285714285714285,0,0,0,0.0,0.0,0.0,0.0,0,0
a837dcbd339e27a974e28944178c790a5b0b37c0,1910.02001,random,5,0.0,0.0,0.0,0.0,0.0,0.0,0,0,0,0.0,0.0,0.0,0.0,0,0
a8cc891bb8dccf0d32c1c9cd1699d5ead0eed711,1909.04251,random,5,0.0,0.0,0.0,0.0,0.0,0.0,0,0,0,0.0,0.0,0.0,0.0,0,0
a8e5e10d13b3f21dd11e8eb58e30cc25efc56e93,1708.09025,random,5,0.0,0.0,0.0,0.0,0.0,0.0,0,0,0,0.0,0.0,0.0,0.0,0,0
a8f189fad8b72f8b2b4d2da4ed8475d31642d9e7,1611.01116,random,5,0.23719771276929622,0.5,0.5,1.0,1.0,0.2,1,0,0,0.5,0.5,0.2857142857142857,0.2857142857142857,1,0
a98ae529b47362f917a398015c8525af3646abf0,1912.11637,random,5,0.0,0.0,0.0,0.0,0.0,0.0,0,0,0,0.0,0.0,0.0,0.0,0,0
a994cc18046912a8c9328dc572f4e4310736c0e2,1704.03279,random,5,0.3562071871080222,0.0,1.0,0.0,1.0,0.16666666666666666,0,0,0,0.0,0.0,0.0,0.0,0,0
a9cae57f494deb0245b40217d699e9a22db0ea6e,1611.02378,random,5,0.0,0.0,0.0,0.0,0.0,0.0,0,0,0,0.0,0.0,0.0,0.0,0,0
a9d5f83f4b32c52105f2ae1c570f1c590ac52487,1909.08211,random,5,0.0,0.0,0.0,0.0,0.0,0.0,0,0,0,0.0,0.0,0.0,0.0,0,0
a9eb8039431e2cb885cfcf96eb58c0675b36b3bd,1908.05758,random,5,0.38685280723454163,0.5,0.5,1.0,1.0,0.5,1,1,0,0.5,1.0,0.3333333333333333,0.2857142857142857,0,1
a9ff35f77615b3a4e7fd7b3a53d0b288a46f06ce,1911.11025,random,5,0.0,0.0,0.0,0.0,0.0,0.0,0,0,0,0.0,0.0,0.0,0.0,0,0
aa287673534fc05d8126c8e3486ca28821827034,1607.00167,random,5,0.4202024810692814,0.25,0.75,1.0,1.0,0.2,1,0,0,0.25,0.3333333333333333,0.25,0.2222222222222222,1,0
aa7c5386aedfb13a361a2629b67cb54277e208d2,1911.04128,random,5,0.17723928678404774,0.0,0.5,0.0,1.0,0.1,0,0,0,0.0,0.0,0.0,0.0,0,0
ab8b0e6912a7ca22cf39afdac5531371cda66514,1912.03010,random,5,0.3065735963827292,0.5,0.5,1.0,1.0,0.3333333333333333,1,1,0,0.5,1.0,0.3333333333333333,0.2857142857142857,0,1
ab975efc916c34f55e1144b1d28e7dfdc257e371,1804.03839,random,5,0.0,0.0,0.0,0.0,0.0,0.0,0,0,0,0.0,0.0,0.0,0.0,0,0
ac87dd34d28c3edd9419fa0145f3d38c87d696aa,1807.08089,random,5,0.0,0.0,0.0,0.0,0.0,0.0,0,0,0,0.0,0.0,0.0,0.0,0,0
acac0606aab83cae5d13047863c7af542d58e54c,1908.07491,random,5,0.43067655807339306,1.0,1.0,1.0,1.0,0.25,1,1,1,1.0,1.0,0.3333333333333333,0.3333333333333333,0,0
ae1c4f9e33d0cd64d9a313c318ad635620303cdd,1906.11085,random,5,0.19342640361727081,0.0,0.5,0.0,1.0,0.125,0,0,0,0.0,0.0,0.0,0.0,0,0
ae7c5cf9c2c121097eb00d389cfd7cc2a5a7d577,2004.02143,random,5,0.0,0.0,0.0,0.0,0.0,0.0,0,0,0,0.0,0.0,0.0,0.0,0,0
ae89eed483c11ccd70a34795e9fe416af8a35da2,1911.01214,random,5,0.16716045496620227,0.0,0.3333333333333333,0.0,1.0,0.16666666666666666,0,0,0,0.0,0.0,0.0,0.0,0,0
aebd1f0d728d0de5f76238844da044a44109f76f,1911.04474,random,5,0.09092803061897883,0.1111111111111111,0.1111111111111111,1.0,1.0,0.2,1,0,0,0.1111111111111111,0.5,0.2857142857142857,0.14285714285714285,1,0
af45ff2c4209f14235482329d0729864fb2bd4b0,1911.12893,random,5,0.15642624200758548,0.0,0.3333333333333333,0.0,1.0,0.14285714285714285,0,0,0,0.0,0.0,0.0,0.0,0,0
af948ea91136c700957b438d927f58d9b051c97c,2004.02143,random,5,0.0,0.0,0.0,0.0,0.0,0.0,0,0,0,0.0,0.0,0.0,0.0,0,0
afad388a0141bdda5ca9586803ac53d5f10f41f6,1908.08917,random,5,0.32228364030009987,0.16666666666666666,0.5,1.0,1.0,0.25,1,0,0,0.16666666666666666,0.2,0.2,0.18181818181818182,1,0
b012df09fa2a3d6b581032d68991768cf4bc9d7b,1908.10461,random,5,0.38685280723454163,1.0,1.0,1.0,1.0,0.2,1,1,1,1.0,1.0,0.3333333333333333,0.3333333333333333,0,0
b03249984c26baffb67e7736458b320148675900,1901.05389,random,5,1.0,1.0,1.0,1.0,1.0,1.0,1,1,1,1.0,1.0,0.3333333333333333,0.3333333333333333,0,0
b065c2846817f3969b39e355d5d017e326d6f42e,1708.01065,random,5,0.0,0.0,0.0,0.0,0.0,0.0,0,0,0,0.0,0.0,0.0,0.0,0,0
b10388e343868ca8e5c7c601ebb903f52e756e61,1803.08419,random,5,0.0,0.0,0.0,0.0,0.0,0.0,0,0,0,0.0,0.0,0.0,0.0,0,0
b160bfb341f24ae42a268aa18641237a4b3a6457,2003.03728,random,5,0.0,0.0,0.0,0.0,0.0,0.0,0,0,0,0.0,0.0,0.0,0.0,0,0
b1fe6a39b474933038b44b6d45e5ca32af7c3e36,2004.04498,random,5,0.0,0.0,0.0,0.0,0.0,0.0,0,0,0,0.0,0.0,0.0,0.0,0,0
b210c3e48c15cdc8c47cf6f4b6eb1c29a1933654,1604.02201,random,5,0.0,0.0,0.0,0.0,0.0,0.0,0,0,0,0.0,0.0,0.0,0.0,0,0
b21245212244ad7adf7d321420f2239a0f0fe56b,1908.10149,random,5,0.48247555939075504,0.5,1.0,1.0,1.0,0.25,1,0,0,0.5,0.5,0.2857142857142857,0.2857142857142857,1,0
b32de10d84b808886d7a91ab0c423d4fc751384c,1603.09381,random,5,0.31546487678572877,0.0,1.0,0.0,1.0,0.125,0,0,0,0.0,0.0,0.0,0.0,0,0
b3432f52af0b95929e6723dd1f01ce029d90a268,1808.07733,random,5,0.18457569677956817,0.0,0.5,0.0,1.0,0.1111111111111111,0,0,0,0.0,0.0,0.0,0.0,0,0
b39b278aa1cf2f87ad4159725dff77b387f2df84,2003.11687,random,5,0.0,0.0,0.0,0.0,0.0,0.0,0,0,0,0.0,0.0,0.0,0.0,0,0
b3b9d7c8722e8ec41cbbae40e68458485a5ba25c,1910.07924,random,5,0.3391602052736161,0.2,0.2,1.0,1.0,1.0,1,0,0,0.2,0.2,0.2,0.2,1,0
b3dc9a35e8c3ed7abcc4ca0bf308dea75be9c016,1708.01065,random,5,0.0,0.0,0.0,0.0,0.0,0.0,0,0,0,0.0,0.0,0.0,0.0,0,0
b424ad7f9214076b963a0077d7345d7bb5a7a205,2002.00175,random,5,0.18457569677956817,0.0,0.5,0.0,1.0,0.1111111111111111,0,0,0,0.0,0.0,0.0,0.0,0,0
b4b7333805cb6fdde44907747887a971422dc298,2003.09244,random,5,0.43067655807339306,1.0,1.0,1.0,1.0,0.25,1,1,1,1.0,1.0,0.3333333333333333,0.3333333333333333,0,0
b537832bba2eb6d34702a9d71138e661c05a7c3a,1906.01076,random,5,0.0,0.0,0.0,0.0,0.0,0.0,0,0,0,0.0,0.0,0.0,0.0,0,0
b57ad10468e1ba2a7a34396688dbb10a575d89f5,1706.02427,random,5,0.0,0.0,0.0,0.0,0.0,0.0,0,0,0,0.0,0.0,0.0,0.0,0,0
b59f3a58939f7ac007d3263a459c56ebefc4b49a,2003.09244,random,5,0.16989454721481587,0.0,0.25,0.0,1.0,0.16666666666666666,0,0,0,0.0,0.0,0.0,0.0,0,0
b62b7ec5128219f04be41854247d5af992797937,1910.03355,random,5,0.0,0.0,0.0,0.0,0.0,0.0,0,0,0,0.0,0.0,0.0,0.0,0,0
b6aa5665c981e3b582db4760759217e2979d5626,1909.10481,random,5,0.0,0.0,0.0,0.0,0.0,0.0,0,0,0,0.0,0.0,0.0,0.0,0,0
b6c2a391c4a94eaa768150f151040bb67872c0bf,1605.05195,random,5,0.21840743681816419,0.0,0.5,0.0,1.0,0.16666666666666666,0,0,0,0.0,0.0,0.0,0.0,0,0
b6e97d1b1565732b1b3f1d74e6d2800dd21be37a,1707.05589,random,5,0.11284514134893527,0.0,0.25,0.0,1.0,0.1,0,0,0,0.0,0.0,0.0,0.0,0,0
b70e4c49300dc3eab18e907ab903afd2a0c6075a,1909.00437,random,5,0.0,0.0,0.0,0.0,0.0,0.0,0,0,0,0.0,0.0,0.0,0.0,0,0
b783ec5cb9ad595da7db2c0ddf871152ae382c5f,1805.04833,random,5,0.0,0.0,0.0,0.0,0.0,0.0,0,0,0,0.0,0.0,0.0,0.0,0,0
b78bb6fe817c2d4bc69236df998f546e94c3ee21,1704.06851,random,5,0.252016380211836,0.2,0.4,1.0,1.0,0.2,1,0,0,0.2,0.2,0.2,0.2,1,0
b79c85fa84712d3028cb5be2af873c634e51140e,1605.05156,random,5,0.0,0.0,0.0,0.0,0.0,0.0,0,0,0,0.0,0.0,0.0,0.0,0,0
b79ff0a50bf9f361c5e5fed68525283856662076,1805.09960,random,5,0.0,0.0,0.0,0.0,0.0,0.0,0,0,0,0.0,0.0,0.0,0.0,0,0
b8b79a6123716cb9fabf751b31dff424235a2ee2,1812.05813,random,5,0.0,0.0,0.0,0.0,0.0,0.0,0,0,0,0.0,0.0,0.0,0.0,0,0
b8bbdc3987bb456739544426c6037c78ede01b77,1909.11980,random,5,0.16716045496620227,0.0,0.3333333333333333,0.0,1.0,0.16666666666666666,0,0,0,0.0,0.0,0.0,0.0,0,0
b942d94e4187e4fdc706cfdf92e3a869fc294911,1909.05372,random,5,0.0,0.0,0.0,0.0,0.0,0.0,0,0,0,0.0,0.0,0.0,0.0,0,0
b948bb86855b2c0bfc8fad88ff1e29cd94bb6ada,1905.05644,random,5,0.0,0.0,0.0,0.0,0.0,0.0,0,0,0,0.0,0.0,0.0,0.0,0,0
b968bd264995cd03d7aaad1baba1838c585ec909,1804.09692,random,5,0.10699313236726378,0.0,0.2,0.0,1.0,0.125,0,0,0,0.0,0.0,0.0,0.0,0,0
b9d9803ba24127f91ba4d7cff4da11492da20f09,2004.03090,random,5,0.2890648263178879,0.0,1.0,0.0,1.0,0.1,0,0,0,0.0,0.0,0.0,0.0,0,0
ba39317e918b4386765f88e8c8ae99f9a098c935,1703.04009,random,5,0.6309297535714575,1.0,1.0,1.0,1.0,0.5,1,1,1,1.0,1.0,0.3333333333333333,0.3333333333333333,0,0
ba406e07c33a9161e29c75d292c82a15503beae5,1907.12984,random,5,0.0,0.0,0.0,0.0,0.0,0.0,0,0,0,0.0,0.0,0.0,0.0,0,0
ba7fea78b0b888a714cb7d89944b69c5038a1ef1,1806.03369,random,5,0.2890648263178879,0.0,1.0,0.0,1.0,0.1,0,0,0,0.0,0.0,0.0,0.0,0,0
baaa6ad7148b785429a20f38786cd03ab9a2646e,1908.08917,random,5,0.0,0.0,0.0,0.0,0.0,0.0,0,0,0,0.0,0.0,0.0,0.0,0,0
baad4b6f834d5944f61bd12f30908e3cf3739dcd,1911.06815,random,5,0.0,0.0,0.0,0.0,0.0,0.0,0,0,0,0.0,0.0,0.0,0.0,0,0
bab4ae97afd598a11d1fc7c05c6fdb98c30cafe0,1711.03759,random,5,0.0,0.0,0.0,0.0,0.0,0.0,0,0,0,0.0,0.0,0.0,0.0,0,0
bab4e8881f4d75e266bce6fbfa4c3bcd3eacf30f,1708.03312,random,5,0.15642624200758548,0.0,0.3333333333333333,0.0,1.0,0.14285714285714285,0,0,0,0.0,0.0,0.0,0.0,0,0
baec99756b80eec7c0234a08bc2855e6770bcaeb,1907.04072,random,5,0.0,0.0,0.0,0.0,0.0,0.0,0,0,0,0.0,0.0,0.0,0.0,0,0
bbfe7e131ed776c85f2359b748db1325386c1af5,1807.03674,random,5,0.3562071871080222,0.0,1.0,0.0,1.0,0.16666666666666666,0,0,0,0.0,0.0,0.0,0.0,0,0
bc6ad5964f444cf414b661a4b942dafb7640c564,1809.03680,random,5,0.2890648263178879,0.0,1.0,0.0,1.0,0.1,0,0,0,0.0,0.0,0.0,0.0,0,0
bc8526d4805e2554adb2e9c01736d3f3a3b19895,1604.02038,random,5,0.30260241349881345,0.16666666666666666,0.16666666666666666,1.0,1.0,1.0,1,0,0,0.16666666666666666,0.16666666666666666,0.18181818181818182,0.18181818181818182,1,0
bcf222ad4bb537b01019ed354ea03cd6bf2c1f8e,1905.07562,random,5,0.0,0.0,0.0,0.0,0.0,0.0,0,0,0,0.0,0.0,0.0,0.0,0,0
bd191d95806cee4cf80295e9ce1cd227aba100ab,1912.07076,random,5,0.0,0.0,0.0,0.0,0.0,0.0,0,0,0,0.0,0.0,0.0,0.0,0,0
bd255aadf099854541d06997f83a0e478f526120,1911.11025,random,5,0.0,0.0,0.0,0.0,0.0,0.0,0,0,0,0.0,0.0,0.0,0.0,0,0
bd3562d2b3c162e9d27404d56b77e15f707d8b0f,1705.00571,random,5,0.4911492931622974,0.5,1.0,1.0,1.0,0.3333333333333333,1,0,0,0.5,0.5,0.2857142857142857,0.2857142857142857,1,0
bd53399be8ff59060792da4c8e42a7fc1e6cbd85,2003.13028,random,5,0.0,0.0,0.0,0.0,0.0,0.0,0,0,0,0.0,0.0,0.0,0.0,0,0
bda21bfb2dd74085cbc355c70dab5984ef41dba7,1906.04236,random,5,0.0,0.0,0.0,0.0,0.0,0.0,0,0,0,0.0,0.0,0.0,0.0,0,0
bdae851d4cf1d05506cf3e8359786031ac4f756f,1911.12237,random,5,0.06943122193677727,0.0,0.09090909090909091,0.0,1.0,0.125,0,0,0,0.0,0.0,0.0,0.0,0,0
be632f0246c2e5f049d12e796812f496e083c33e,1908.10001,random,5,0.4632423659320675,0.3333333333333333,0.6666666666666666,1.0,1.0,0.5,1,0,0,0.3333333333333333,0.5,0.2857142857142857,0.25,1,0
bfd55ae9630a08a9e287074fff3691dfbffc3258,1908.09283,random,5,0.0,0.0,0.0,0.0,0.0,0.0,0,0,0,0.0,0.0,0.0,0.0,0,0
c01a8b42fd27b0a3bec717ededd98b6d085a0f5c,1710.11027,random,5,0.3065735963827292,0.5,0.5,1.0,1.0,0.3333333333333333,1,1,0,0.5,1.0,0.3333333333333333,0.2857142857142857,0,1
c0355afc7871bf2e12260592873ffdb5c0c4c919,1909.10481,random,5,0.3236978499432302,0.125,0.375,1.0,1.0,0.5,1,0,0,0.125,0.25,0.2222222222222222,0.15384615384615385,1,0
c035a011b737b0a10deeafc3abe6a282b389d48b,1707.07212,random,5,0.16958010263680806,0.2,0.2,1.0,1.0,0.3333333333333333,1,0,0,0.2,0.25,0.2222222222222222,0.2,1,0
c0847af3958d791beaa14c4040ada2d364251c4d,2004.02105,random,5,0.0,0.0,0.0,0.0,0.0,0.0,0,0,0,0.0,0.0,0.0,0.0,0,0
c0af44ebd7cd81270d9b5b54d4a40feed162fa54,1801.05617,random,5,0.0,0.0,0.0,0.0,0.0,0.0,0,0,0,0.0,0.0,0.0,0.0,0,0
c0dbf3f1957f3bff3ced5b48aff60097f3eac7bb,1808.07231,random,5,0.31546487678572877,0.0,1.0,0.0,1.0,0.125,0,0,0,0.0,0.0,0.0,0.0,0,0
c135e1f8ecaf7965f6a6d3e30b537eb37ad74230,1910.02001,random,5,0.0,0.0,0.0,0.0,0.0,0.0,0,0,0,0.0,0.0,0.0,0.0,0,0
c138a45301713c1a9f6edafeef338ba2f99220ce,1912.08084,random,5,0.0,0.0,0.0,0.0,0.0,0.0,0,0,0,0.0,0.0,0.0,0.0,0,0
c176eb1ccaa0e50fb7512153f0716e60bf74aa53,1910.01340,random,5,0.11284514134893527,0.0,0.25,0.0,1.0,0.1,0,0,0,0.0,0.0,0.0,0.0,0,0
c17ece1dad42d92c78fca2e3d8afa9a20ff19598,1906.01010,random,5,0.3065735963827292,0.5,0.5,1.0,1.0,0.3333333333333333,1,1,0,0.5,1.0,0.3333333333333333,0.2857142857142857,0,1
c2037887945abbdf959389dc839a86bc82594505,1803.06745,random,5,0.23719771276929622,0.5,0.5,1.0,1.0,0.2,1,1,0,0.5,1.0,0.3333333333333333,0.2857142857142857,0,1
c25014b7e57bb2949138d64d49f356d69838bc25,1908.10001,random,5,0.6309297535714575,1.0,1.0,1.0,1.0,0.5,1,1,1,1.0,1.0,0.3333333333333333,0.3333333333333333,0,0
c2ce25878a17760c79031a426b6f38931cd854b2,2003.11528,random,5,0.10209739512291163,0.0,0.2,0.0,1.0,0.1111111111111111,0,0,0,0.0,0.0,0.0,0.0,0,0
c30b0d6b23f0f01573eea315176c5ffe4e0c6b5c,1910.02677,random,5,0.0,0.0,0.0,0.0,0.0,0.0,0,0,0,0.0,0.0,0.0,0.0,0,0
c3befe7006ca81ce64397df654c31c11482dafbe,1611.04887,random,5,0.0,0.0,0.0,0.0,0.0,0.0,0,0,0,0.0,0.0,0.0,0.0,0,0
c3ce95658eea1e62193570955f105839de3d7e2d,1911.03324,random,5,0.0,0.0,0.0,0.0,0.0,0.0,0,0,0,0.0,0.0,0.0,0.0,0,0
c47312f2ca834ee75fa9bfbf912ea04239064117,1907.00937,random,5,0.0,0.0,0.0,0.0,0.0,0.0,0,0,0,0.0,0.0,0.0,0.0,0,0
c4b621f573bbb411bdaa84a7562c9c4795a7eb3a,1808.09180,random,5,0.2640681225725909,0.5,0.5,1.0,1.0,0.25,1,1,0,0.5,1.0,0.3333333333333333,0.2857142857142857,0,1
c5221bb28e58a4f13cf2eccce0e1b1bec7dd3c13,1909.09070,random,5,0.07945707943276742,0.0,0.14285714285714285,0.0,1.0,0.1,0,0,0,0.0,0.0,0.0,0.0,0,0
c53b036eff430a9d0449fb50b8d2dc9d2679d9fe,1706.02222,random,5,0.10699313236726378,0.0,0.2,0.0,1.0,0.125,0,0,0,0.0,0.0,0.0,0.0,0,0
c589d83565f528b87e355b9280c1e7143a42401d,1909.07873,random,5,0.0,0.0,0.0,0.0,0.0,0.0,0,0,0,0.0,0.0,0.0,0.0,0,0
c59d67930edd3d369bd51a619849facdd0770644,1705.10272,random,5,0.3010299956639812,0.0,1.0,0.0,1.0,0.1111111111111111,0,0,0,0.0,0.0,0.0,0.0,0,0
c5ea4da3c760ba89194ad807bc1ef60e1761429f,1602.07563,random,5,0.0,0.0,0.0,0.0,0.0,0.0,0,0,0,0.0,0.0,0.0,0.0,0,0
c68946ae2e548ec8517c7902585c032b3f3876e6,1901.05389,random,5,0.3903800499921017,0.25,0.25,1.0,1.0,1.0,1,1,0,0.25,1.0,0.3333333333333333,0.2222222222222222,0,1
c6f2598b85dc74123fe879bf23aafc7213853f5b,1911.12237,random,5,0.0,0.0,0.0,0.0,0.0,0.0,0,0,0,0.0,0.0,0.0,0.0,0,0
c72e05dd41ed5a85335ffeca5a03e71514e60e84,1911.12559,random,5,0.5548265038690208,0.25,1.0,1.0,1.0,0.25,1,1,0,0.25,1.0,0.3333333333333333,0.2222222222222222,0,1
c79f168503a60d1b08bb2c9aac124199d210b06d,1904.02954,random,5,0.6364391809889587,0.3333333333333333,0.6666666666666666,1.0,1.0,1.0,1,0,0,0.3333333333333333,0.3333333333333333,0.25,0.25,1,0
c7d3bccee59ab683e6bf047579bc6eab9de9d973,1705.10272,random,5,0.38685280723454163,0.5,0.5,1.0,1.0,0.5,1,0,0,0.5,0.5,0.2857142857142857,0.2857142857142857,1,0
c7f43c95db3d0c870407cd0e7becdd802463683b,1910.09362,random,5,0.0,0.0,0.0,0.0,0.0,0.0,0,0,0,0.0,0.0,0.0,0.0,0,0
c7ffef8bf0100eb6148bd932d0409b21759060b1,1707.06519,random,5,0.38685280723454163,0.5,0.5,1.0,1.0,0.5,1,0,0,0.5,0.5,0.2857142857142857,0.2857142857142857,1,0
c845110efee2f633d47f5682573bc6091e8f5023,1911.05652,random,5,0.0,0.0,0.0,0.0,0.0,0.0,0,0,0,0.0,0.0,0.0,0.0,0,0
c87966e7f497975b76a60f6be50c33d296a4a4e7,2004.01820,random,5,0.0,0.0,0.0,0.0,0.0,0.0,0,0,0,0.0,0.0,0.0,0.0,0,0
c8f8ecac23a991bceb8387e68b3b3f2a5d8cf029,2003.12660,random,5,0.0,0.0,0.0,0.0,0.0,0.0,0,0,0,0.0,0.0,0.0,0.0,0,0
c97306c1be5d59cf27b1054adfa8f1da47d292ce,1810.02229,random,5,0.43067655807339306,1.0,1.0,1.0,1.0,0.25,1,1,1,1.0,1.0,0.3333333333333333,0.3333333333333333,0,0
c9a323c152c5d9bc2d244e0ed10afbdb0f93062a,1909.00369,random,5,0.38685280723454163,0.5,0.5,1.0,1.0,0.5,1,1,0,0.5,1.0,0.3333333333333333,0.2857142857142857,0,1
c9eae337edea0edb12030a7d4b01c3a3c73c16d3,1806.04387,random,5,0.0,0.0,0.0,0.0,0.0,0.0,0,0,0,0.0,0.0,0.0,0.0,0,0
caebea05935cae1f5d88749a2fc748e62976eab7,1710.11334,random,5,0.23719771276929622,0.5,0.5,1.0,1.0,0.2,1,1,0,0.5,1.0,0.3333333333333333,0.2857142857142857,0,1
cb58605a7c230043bd0d6e8d5b068f8b533f45fe,1909.11706,random,5,0.3065735963827292,0.5,0.5,1.0,1.0,0.3333333333333333,1,1,0,0.5,1.0,0.3333333333333333,0.2857142857142857,0,1
cb7a00233502c4b7801d34bc95d6d22d79776ae8,1603.08868,random,5,1.0,1.0,1.0,1.0,1.0,1.0,1,1,1,1.0,1.0,0.3333333333333333,0.3333333333333333,0,0
cbb3c1c1e6e1818b6480f929f1c299eaa5ffd07a,1907.10676,random,5,0.3980628465882808,0.16666666666666666,0.3333333333333333,1.0,1.0,1.0,1,0,0,0.16666666666666666,0.5,0.2857142857142857,0.18181818181818182,1,0
cbe42bf7c99ee248cdb2c5d6cf86b41106e66863,1908.02284,random,5,0.0,0.0,0.0,0.0,0.0,0.0,0,0,0,0.0,0.0,0.0,0.0,0,0
cc3dd701f3a674618de95a4196e9c7f4c8fbf1e5,1805.04833,random,5,0.0,0.0,0.0,0.0,0.0,0.0,0,0,0,0.0,0.0,0.0,0.0,0,0
cc78a08f5bfe233405c99cb3dac1f11f3a9268b1,1907.08540,random,5,0.0,0.0,0.0,0.0,0.0,0.0,0,0,0,0.0,0.0,0.0,0.0,0,0
cc8bcea4052bf92f249dda276acc5fd16cac6fb4,1809.03695,random,5,0.0,0.0,0.0,0.0,0.0,0.0,0,0,0,0.0,0.0,0.0,0.0,0,0
ccec4f8deff651858f44553f8daa5a19e8ed8d3b,1909.05190,random,5,0.488675120609937,0.25,0.375,1.0,1.0,1.0,1,0,0,0.25,0.5,0.4444444444444444,0.3076923076923077,1,0
cd82bdaa0c94330f8cccfb1c59b4e6761a5a4f4d,1911.01214,random,5,0.0,0.0,0.0,0.0,0.0,0.0,0,0,0,0.0,0.0,0.0,0.0,0,0
cdbbba22e62bc9402aea74ac5960503f59e984ff,1805.04558,random,5,0.0,0.0,0.0,0.0,0.0,0.0,0,0,0,0.0,0.0,0.0,0.0,0,0
ce23849e9e9a22626965f1ca8ca948a5c87280e9,1909.01720,random,5,0.0,0.0,0.0,0.0,0.0,0.0,0,0,0,0.0,0.0,0.0,0.0,0,0
ce504a7ee2c1f068ef4dde8d435245b4e77bb0b5,1708.09025,random,5,0.2765732350040718,0.2,0.4,1.0,1.0,0.3333333333333333,1,1,0,0.2,1.0,0.3333333333333333,0.2,0,1
ce8d8de78a21a3ba280b658ac898f73d0b52bf1b,1910.10487,random,5,0.35914753008966527,0.25,0.5,1.0,1.0,0.5,1,0,0,0.25,0.3333333333333333,0.25,0.2222222222222222,1,0
ced63053eb631c78a4ddd8c85ec0f3323a631a54,1708.05482,random,5,0.0,0.0,0.0,0.0,0.0,0.0,0,0,0,0.0,0.0,0.0,0.0,0,0
cf0b7d8a2449d04078f69ec9717a547adfb67d17,1801.04433,random,5,0.0,0.0,0.0,0.0,0.0,0.0,0,0,0,0.0,0.0,0.0,0.0,0,0
cf3fab54b2b289b66e7dba4706c47a62569627c5,1708.07690,random,5,0.10086747116627115,0.0,0.16666666666666666,0.0,1.0,0.14285714285714285,0,0,0,0.0,0.0,0.0,0.0,0,0
cf58d25bfa2561a359fdd7b6b20aef0b41dc634e,1912.08084,random,5,0.2640681225725909,0.5,0.5,1.0,1.0,0.25,1,1,0,0.5,1.0,0.3333333333333333,0.2857142857142857,0,1
cf68906b7d96ca0c13952a6597d1f23e5184c304,1710.10380,random,5,0.0,0.0,0.0,0.0,0.0,0.0,0,0,0,0.0,0.0,0.0,0.0,0,0
cf82251a6a5a77e29627560eb7c05c3eddc20825,2004.04498,random,5,0.0,0.0,0.0,0.0,0.0,0.0,0,0,0,0.0,0.0,0.0,0.0,0,0
cfa44bb587b0c05906d8325491ca9e0f024269e8,1708.01065,random,5,0.0,0.0,0.0,0.0,0.0,0.0,0,0,0,0.0,0.0,0.0,0.0,0,0
cfcf94b81589e7da215b4f743a3f8de92a6dda7a,1712.00733,random,5,0.0,0.0,0.0,0.0,0.0,0.0,0,0,0,0.0,0.0,0.0,0.0,0,0
cfdd583d01abaca923f5c466bb20e1d4b8c749ff,1810.02268,random,5,0.0,0.0,0.0,0.0,0.0,0.0,0,0,0,0.0,0.0,0.0,0.0,0,0
cfe21b979a6c851bdafb2e414622f61e62b1d98c,2003.13028,random,5,0.0,0.0,0.0,0.0,0.0,0.0,0,0,0,0.0,0.0,0.0,0.0,0,0
d0dc6729b689561370b6700b892c9de8871bb44d,1604.02201,random,5,0.5714285040141098,0.5,1.0,1.0,1.0,0.5,1,0,0,0.5,0.5,0.2857142857142857,0.2857142857142857,1,0
d147117ef24217c43252d917d45dff6e66ff807c,1712.00733,random,5,0.2640681225725909,0.5,0.5,1.0,1.0,0.25,1,0,0,0.5,0.5,0.2857142857142857,0.2857142857142857,1,0
d1a4529ea32aaab5ca3b9d9ae5c16f146c23af6b,1809.08935,random,5,0.43067655807339306,1.0,1.0,1.0,1.0,0.25,1,1,1,1.0,1.0,0.3333333333333333,0.3333333333333333,0,0
d206f2cbcc3d2a6bd0ccaa3b57fece396159f609,1805.00195,random,5,0.0,0.0,0.0,0.0,0.0,0.0,0,0,0,0.0,0.0,0.0,0.0,0,0
d207f78beb6cd754268881bf575c8f98000667ea,1705.02023,random,5,0.0,0.0,0.0,0.0,0.0,0.0,0,0,0,0.0,0.0,0.0,0.0,0,0
d211a37830c59aeab4970fdb2e03d9b7368b421c,1805.04558,random,5,0.06794340091829075,0.0,0.1111111111111111,0.0,1.0,0.1,0,0,0,0.0,0.0,0.0,0.0,0,0
d2d9c7177728987d9e8b0c44549bbe03c8c00ef2,1906.05685,random,5,0.0,0.0,0.0,0.0,0.0,0.0,0,0,0,0.0,0.0,0.0,0.0,0,0
d2f91303cec132750a416192f67c8ac1d3cf6fc0,1708.07252,random,5,0.0,0.0,0.0,0.0,0.0,0.0,0,0,0,0.0,0.0,0.0,0.0,0,0
d323f0d65b57b30ae85fb9f24298927a3d1216e9,1810.12897,random,5,0.21840743681816419,0.0,0.5,0.0,1.0,0.16666666666666666,0,0,0,0.0,0.0,0.0,0.0,0,0
d36a6447bfe58204e0d29f9213d84be04d875624,1906.08871,random,5,0.36331756126716835,0.5,0.5,1.0,1.0,0.3333333333333333,1,1,0,0.5,1.0,0.5,0.4444444444444444,0,1
d38b3e0896b105d171e69ce34c689e4a7e934522,1912.10162,random,5,0.0,0.0,0.0,0.0,0.0,0.0,0,0,0,0.0,0.0,0.0,0.0,0,0
d3cfbe497a30b750a8de3ea7f2cecf4753a4e1f9,1905.09439,random,5,0.6309297535714575,1.0,1.0,1.0,1.0,0.5,1,1,1,1.0,1.0,0.3333333333333333,0.3333333333333333,0,0
d3fb0d84d763cb38f400b7de3daaa59ed2a1b0ab,1707.07212,random,5,0.0,0.0,0.0,0.0,0.0,0.0,0,0,0,0.0,0.0,0.0,0.0,0,0
d418bf6595b1b51a114f28ac8a6909c278838aeb,1908.10149,random,5,0.0,0.0,0.0,0.0,0.0,0.0,0,0,0,0.0,0.0,0.0,0.0,0,0
d4b84f48460517bc0a6d4e0c38f6853c58081166,1804.01155,random,5,0.0,0.0,0.0,0.0,0.0,0.0,0,0,0,0.0,0.0,0.0,0.0,0,0
d5c393df758dec6ea6827ae5b887eb6c303a4f4d,1612.05202,random,5,0.0,0.0,0.0,0.0,0.0,0.0,0,0,0,0.0,0.0,0.0,0.0,0,0
d622564b250cffbb9ebbe6636326b15ec3c622d9,1902.10246,random,5,0.0,0.0,0.0,0.0,0.0,0.0,0,0,0,0.0,0.0,0.0,0.0,0,0
d64fa192a7e9918c6a22d819abad581af0644c7d,1802.08969,random,5,0.0,0.0,0.0,0.0,0.0,0.0,0,0,0,0.0,0.0,0.0,0.0,0,0
d66550f65484696c1284903708b87809ea705786,1805.04833,random,5,0.1208113026994942,0.0,0.2,0.0,1.0,0.16666666666666666,0,0,0,0.0,0.0,0.0,0.0,0,0
d66c31f24f582c499309a435ec3c688dc3a41313,1907.00937,random,5,0.5,1.0,1.0,1.0,1.0,0.3333333333333333,1,1,1,1.0,1.0,0.3333333333333333,0.3333333333333333,0,0
d68cc9aaf0466b97354600a5646c3be4512fc096,2004.03090,random,5,0.38685280723454163,0.5,0.5,1.0,1.0,0.5,1,1,0,0.5,1.0,0.3333333333333333,0.2857142857142857,0,1
d6a815d24c46557827d8aca65d3ffd008ac1bc07,1803.02914,random,5,0.19342640361727081,0.0,0.5,0.0,1.0,0.125,0,0,0,0.0,0.0,0.0,0.0,0,0
d6b0c71721ed24ef1d9bd31ed3a266b0c7fc9b57,1704.06960,random,5,0.0,0.0,0.0,0.0,0.0,0.0,0,0,0,0.0,0.0,0.0,0.0,0,0
d7799d26fe39302c4aff5b530aa691e8653fffe8,1803.09000,random,5,0.3333333333333333,0.0,1.0,0.0,1.0,0.14285714285714285,0,0,0,0.0,0.0,0.0,0.0,0,0
d8ae36ae1b4d3af5b59ebd24efe94796101c1c12,1802.02614,random,5,0.0,0.0,0.0,0.0,0.0,0.0,0,0,0,0.0,0.0,0.0,0.0,0,0
d9354c0bb32ec037ff2aacfed58d57887a713163,1707.07212,random,5,0.0,0.0,0.0,0.0,0.0,0.0,0,0,0,0.0,0.0,0.0,0.0,0,0
d976c22e9d068e4e31fb46e929023459f8290a63,1903.10548,random,5,0.6309297535714575,1.0,1.0,1.0,1.0,0.5,1,1,1,1.0,1.0,0.3333333333333333,0.3333333333333333,0,0
d97843afec733410d2c580b4ec98ebca5abf2631,1607.00167,random,5,0.2890648263178879,0.0,1.0,0.0,1.0,0.1,0,0,0,0.0,0.0,0.0,0.0,0,0
d98148f65d893101fa9e18aaf549058712485436,1709.04005,random,5,1.0,1.0,1.0,1.0,1.0,1.0,1,1,1,1.0,1.0,0.3333333333333333,0.3333333333333333,0,0
d9949dd4865e79c53284932d868ca8fd10d55e70,2003.07459,random,5,0.0,0.0,0.0,0.0,0.0,0.0,0,0,0,0.0,0.0,0.0,0.0,0,0
d9a45fea8539aac01dec01f29b7d04b44b9c2ca6,1909.01720,random,5,0.0,0.0,0.0,0.0,0.0,0.0,0,0,0,0.0,0.0,0.0,0.0,0,0
d9e7633004ed1bc1ee45be58409bcc1fa6db59b2,1908.11049,random,5,0.0,0.0,0.0,0.0,0.0,0.0,0,0,0,0.0,0.0,0.0,0.0,0,0
da077b385d619305033785af5b204696d6145bd8,1911.02747,random,5,0.20210734650054757,0.3333333333333333,0.3333333333333333,1.0,1.0,0.25,1,1,0,0.3333333333333333,1.0,0.3333333333333333,0.25,0,1
da0a2195bbf6736119ff32493898d2aadffcbcb8,1605.05166,random,5,0.0,0.0,0.0,0.0,0.0,0.0,0,0,0,0.0,0.0,0.0,0.0,0,0
da21bcaa8e3a9eadc8a5194fd57ae797e93c3049,2004.01970,random,5,0.0,0.0,0.0,0.0,0.0,0.0,0,0,0,0.0,0.0,0.0,0.0,0,0
dc473819b196c0ea922773e173a6b283fa778791,1605.05156,random,5,0.23719771276929622,0.5,0.5,1.0,1.0,0.2,1,1,0,0.5,1.0,0.3333333333333333,0.2857142857142857,0,1
dce27c49b9bf1919ca545e04663507d83bb42dbe,1808.10006,random,5,0.10209739512291163,0.0,0.2,0.0,1.0,0.1111111111111111,0,0,0,0.0,0.0,0.0,0.0,0,0
dd81f58c782169886235c48b8f9a08e0954dd3ae,2003.12660,random,5,0.18457569677956817,0.0,0.5,0.0,1.0,0.1111111111111111,0,0,0,0.0,0.0,0.0,0.0,0,0
de0154affd86c608c457bf83d888bbd1f879df93,1911.12722,random,5,0.18154179253735267,0.3333333333333333,0.3333333333333333,1.0,1.0,0.2,1,0,0,0.3333333333333333,0.3333333333333333,0.25,0.25,1,0
de0d135b94ba3b3a4f4a0fb03df38a84f9dc9da4,1909.02322,random,5,0.0,0.0,0.0,0.0,0.0,0.0,0,0,0,0.0,0.0,0.0,0.0,0,0
de313b5061fc22e8ffef1706445728de298eae31,1811.01183,random,5,0.0,0.0,0.0,0.0,0.0,0.0,0,0,0,0.0,0.0,0.0,0.0,0,0
de344aeb089affebd15a8c370ae9ab5734e99203,1803.06745,random,5,0.0,0.0,0.0,0.0,0.0,0.0,0,0,0,0.0,0.0,0.0,0.0,0,0
de580e43614ee38d2d9fc6263ff96e6ca2b54eb5,1911.01214,random,5,0.0,0.0,0.0,0.0,0.0,0.0,0,0,0,0.0,0.0,0.0,0.0,0,0
de689a17b0b9fb6bbb80e9b85fb44b36b56de2fd,2003.07459,random,5,0.3333333333333333,0.0,1.0,0.0,1.0,0.14285714285714285,0,0,0,0.0,0.0,0.0,0.0,0,0
df01e98095ba8765d9ab0d40c9e8ef34b64d3700,2002.04815,random,5,0.0,0.0,0.0,0.0,0.0,0.0,0,0,0,0.0,0.0,0.0,0.0,0,0
df4895c6ae426006e75c511a304d56d37c42a1c7,1805.11850,random,5,0.31546487678572877,0.0,1.0,0.0,1.0,0.125,0,0,0,0.0,0.0,0.0,0.0,0,0
df623717255ea2c9e0f846859d8a9ef51dc1102b,1606.02892,random,5,0.0,0.0,0.0,0.0,0.0,0.0,0,0,0,0.0,0.0,0.0,0.0,0,0
dfaeb8faf04505a4178945c933ba217e472979d8,1708.01065,random,5,0.0,0.0,0.0,0.0,0.0,0.0,0,0,0,0.0,0.0,0.0,0.0,0,0
dfdd309e56b71589b25412ba85b0a5d79a467ceb,1610.09722,random,5,0.31546487678572877,0.0,1.0,0.0,1.0,0.125,0,0,0,0.0,0.0,0.0,0.0,0,0
e0b54906184a4ad87d127bed22194e62de38222b,1910.01340,random,5,0.17723928678404774,0.0,0.5,0.0,1.0,0.1,0,0,0,0.0,0.0,0.0,0.0,0,0
e0b8a2649e384bbdb17472f8da2c3df4134b1e57,1707.07568,random,5,0.20865662569078208,0.0,0.3333333333333333,0.0,1.0,0.16666666666666666,0,0,0,0.0,0.0,0.0,0.0,0,0
e12166fa9d6f63c4e92252c95c6a7bc96977ebf4,1901.10619,random,5,0.0,0.0,0.0,0.0,0.0,0.0,0,0,0,0.0,0.0,0.0,0.0,0,0
e14e3e0944ec3290d1985e9a3da82a7df17575cd,1806.07042,random,5,0.2960819109658652,0.3333333333333333,0.3333333333333333,1.0,1.0,0.5,1,0,0,0.3333333333333333,0.5,0.2857142857142857,0.25,1,0
e1ab241059ef1700738f885f051d724a7fcf283a,1707.09816,random,5,0.0,0.0,0.0,0.0,0.0,0.0,0,0,0,0.0,0.0,0.0,0.0,0,0
e381f1811774806be109f9b05896a2a3c5e1ef43,1710.11334,random,5,0.0,0.0,0.0,0.0,0.0,0.0,0,0,0,0.0,0.0,0.0,0.0,0,0
e3bafa432cd3e1225170ff04de2fdf1ede38c6ef,1805.11598,random,5,0.0,0.0,0.0,0.0,0.0,0.0,0,0,0,0.0,0.0,0.0,0.0,0,0
e3c44964eb6ddc554901244eb6595f26a9bae47e,1910.07154,random,5,0.3562071871080222,0.0,1.0,0.0,1.0,0.16666666666666666,0,0,0,0.0,0.0,0.0,0.0,0,0
e459760879f662b2205cbdc0f5396dbfe41323ae,1908.09590,random,5,0.38685280723454163,0.5,0.5,1.0,1.0,0.5,1,1,0,0.5,1.0,0.3333333333333333,0.2857142857142857,0,1
e462efb58c71f186cd6b315a2d861cbb7171f65b,1906.04236,random,5,0.0,0.0,0.0,0.0,0.0,0.0,0,0,0,0.0,0.0,0.0,0.0,0,0
e56c1f0e9eabda41f929d0dfd5cfa50edd69fa89,1909.06708,random,5,0.3562071871080222,0.0,1.0,0.0,1.0,0.16666666666666666,0,0,0,0.0,0.0,0.0,0.0,0,0
e5b2eb6a49c163872054333f8670dd3f9563046a,2004.02334,random,5,0.0,0.0,0.0,0.0,0.0,0.0,0,0,0,0.0,0.0,0.0,0.0,0,0
e5be900e70ea86c019efb06438ba200e11773a7c,1909.13466,random,5,0.21398626473452756,0.2,0.2,1.0,1.0,0.5,1,0,0,0.2,0.2,0.2,0.2,1,0
e5f8d2fc1332e982a54ee4b4c1f7f55e900d0b86,1811.04791,random,5,0.0,0.0,0.0,0.0,0.0,0.0,0,0,0,0.0,0.0,0.0,0.0,0,0
e6204daf4efeb752fdbd5c26e179efcb8ddd2807,1601.03313,random,5,0.0,0.0,0.0,0.0,0.0,0.0,0,0,0,0.0,0.0,0.0,0.0,0,0
e6bc11bd6cfd4b2138c29602b9b56fc5378a4293,1709.04491,random,5,0.5,1.0,1.0,1.0,1.0,0.3333333333333333,1,1,1,1.0,1.0,0.3333333333333333,0.3333333333333333,0,0
e6f5444b7c08d79d4349e35d5298a63bb30e7004,1708.07252,random,5,0.0,0.0,0.0,0.0,0.0,0.0,0,0,0,0.0,0.0,0.0,0.0,0,0
e797634fa77e490783b349034f9e095ee570b7a9,1804.05253,random,5,0.17723928678404774,0.0,0.5,0.0,1.0,0.1,0,0,0,0.0,0.0,0.0,0.0,0,0
e831ce6c406bf5d1c493162732e1b320abb71b6f,1908.07491,random,5,0.0,0.0,0.0,0.0,0.0,0.0,0,0,0,0.0,0.0,0.0,0.0,0,0
e8c3f59313df20db0cdd49b84a37c44da849fe17,2003.07459,random,5,0.0,0.0,0.0,0.0,0.0,0.0,0,0,0,0.0,0.0,0.0,0.0,0,0
e90425ac05a15dc145bbf3034e78b56e7cec36ac,1803.09000,random,5,0.0,0.0,0.0,0.0,0.0,0.0,0,0,0,0.0,0.0,0.0,0.0,0,0
e96b0d64c8d9fdd90235c499bf1ec562d2cbb8b2,1605.04278,random,5,0.0,0.0,0.0,0.0,0.0,0.0,0,0,0,0.0,0.0,0.0,0.0,0,0
e9a0a69eacd554141f56b60ab2d1912cc33f526a,1803.06745,random,5,0.0,0.0,0.0,0.0,0.0,0.0,0,0,0,0.0,0.0,0.0,0.0,0,0
ea6edf45f094586caf4684463287254d44b00e95,1907.12984,random,5,0.0,0.0,0.0,0.0,0.0,0.0,0,0,0,0.0,0.0,0.0,0.0,0,0
eaacee4246f003d29a108fe857b5dd317287ecf1,1911.12559,random,5,0.0,0.0,0.0,0.0,0.0,0.0,0,0,0,0.0,0.0,0.0,0.0,0,0
eaae11ffd4ff955de2cd6389b888f5fd2c660a32,1910.14589,random,5,0.0,0.0,0.0,0.0,0.0,0.0,0,0,0,0.0,0.0,0.0,0.0,0,0
ead7704a64447dccd504951618d3be463eba86bf,1807.03674,random,5,0.0,0.0,0.0,0.0,0.0,0.0,0,0,0,0.0,0.0,0.0,0.0,0,0
eaed0b721cc3137b964f5265c7ecf76f565053e9,1806.03369,random,5,0.0,0.0,0.0,0.0,0.0,0.0,0,0,0,0.0,0.0,0.0,0.0,0,0
eafea4a24d103fdecf8f347c7d84daff6ef828a3,1611.01116,random,5,0.18457569677956817,0.0,0.5,0.0,1.0,0.1111111111111111,0,0,0,0.0,0.0,0.0,0.0,0,0
eb653a5c59851eda313ece0bcd8c589b6155d73e,1908.02284,random,5,0.2890648263178879,0.0,1.0,0.0,1.0,0.1,0,0,0,0.0,0.0,0.0,0.0,0,0
ebb4db9c24aa36db9954dd65ea079a798df80558,1908.09355,random,5,0.43067655807339306,1.0,1.0,1.0,1.0,0.25,1,1,1,1.0,1.0,0.3333333333333333,0.3333333333333333,0,0
ebe1084a06abdabefffc66f029eeb0b69f114fd9,1810.02268,random,5,0.36885567213865283,0.18181818181818182,0.2727272727272727,1.0,1.0,1.0,1,0,0,0.18181818181818182,0.3333333333333333,0.2857142857142857,0.25,1,0
ebe6b8ec141172f7fea66f0a896b3124276d4884,1911.11025,random,5,0.38685280723454163,1.0,1.0,1.0,1.0,0.2,1,1,1,1.0,1.0,0.3333333333333333,0.3333333333333333,0,0
ec2045e0da92989642a5b5f2b1130c8bd765bcc5,1901.03253,random,5,0.0,0.0,0.0,0.0,0.0,0.0,0,0,0,0.0,0.0,0.0,0.0,0,0
ec39120fb879ae10452d3f244e1e32237047005a,2004.04060,random,5,0.0,0.0,0.0,0.0,0.0,0.0,0,0,0,0.0,0.0,0.0,0.0,0,0
ec54ae2f4811196fcaafa45e76130239e69995f9,1909.07158,random,5,0.0,0.0,0.0,0.0,0.0,0.0,0,0,0,0.0,0.0,0.0,0.0,0,0
ec62df859ad901bf0848f0a8b91eedc78dba5657,1909.05190,random,5,0.18457569677956817,0.0,0.5,0.0,1.0,0.1111111111111111,0,0,0,0.0,0.0,0.0,0.0,0,0
ec70c7c560e08cff2820bad93f5216bc0a469f5a,1908.11664,random,5,0.38685280723454163,1.0,1.0,1.0,1.0,0.2,1,1,1,1.0,1.0,0.3333333333333333,0.3333333333333333,0,0
ec8f39d32084996ab825debd7113c71daac38b06,1606.07043,random,5,0.5109559939712153,0.5,1.0,1.0,1.0,0.3333333333333333,1,1,0,0.5,1.0,0.3333333333333333,0.2857142857142857,0,1
ecaa10a2d9927fa6ab6a954488f12aa6b42ddc1a,1909.04242,random,5,0.27727342735504823,0.4,0.4,1.0,1.0,0.25,1,1,0,0.4,1.0,0.3333333333333333,0.4,0,1
ed15a593d64a5ba58f63c021ae9fd8f50051a667,2001.05540,random,5,0.6373866922380802,0.42857142857142855,0.5714285714285714,1.0,1.0,1.0,1,0,0,0.42857142857142855,0.5,0.5454545454545454,0.5,1,0
ed44f7e698d6124cb86791841d02fc6f8b4d862a,1908.11049,random,5,0.0,0.0,0.0,0.0,0.0,0.0,0,0,0,0.0,0.0,0.0,0.0,0,0
ed7ce13cd95f7664a5e4fc530dcf72dc3808dced,1712.02555,random,5,0.0,0.0,0.0,0.0,0.0,0.0,0,0,0,0.0,0.0,0.0,0.0,0,0
ee2c2fb01d67f4c58855bf23186cbd45cecbfa56,1606.07947,random,5,0.0,0.0,0.0,0.0,0.0,0.0,0,0,0,0.0,0.0,0.0,0.0,0,0
ef6304512652ba56bd13dbe282a5ce1d41a4f171,1909.03553,random,5,0.0843142342558857,0.0,0.125,0.0,1.0,0.14285714285714285,0,0,0,0.0,0.0,0.0,0.0,0,0
eff9192e05d23e9a67d10be0c89a7ab2b873995b,1910.09387,random,5,0.0,0.0,0.0,0.0,0.0,0.0,0,0,0,0.0,0.0,0.0,0.0,0,0
f0404673085517eea708c5e91f32fb0f7728fa08,1607.03895,random,5,0.13565197343244778,0.0,0.3333333333333333,0.0,1.0,0.1,0,0,0,0.0,0.0,0.0,0.0,0,0
f0afc116809b70528226d37190e8e79e1e9cd11e,1906.05685,random,5,0.0,0.0,0.0,0.0,0.0,0.0,0,0,0,0.0,0.0,0.0,0.0,0,0
f11856814a57b86667179e1e275e4f99ff1bcad8,1707.06875,random,5,0.20509662144948262,0.14285714285714285,0.2857142857142857,1.0,1.0,0.25,1,0,0,0.14285714285714285,0.25,0.2222222222222222,0.16666666666666666,1,0
f15bc40960bd3f81bc791f43ab5c94c52378692d,1804.00982,random,5,0.0,0.0,0.0,0.0,0.0,0.0,0,0,0,0.0,0.0,0.0,0.0,0,0
f1a50f88898556ecdba8e9cac13ae54c11835945,1909.03553,random,5,0.0,0.0,0.0,0.0,0.0,0.0,0,0,0,0.0,0.0,0.0,0.0,0,0
f1d61b44105e651925d02a51e6d7ea10ea28ebd8,1909.00437,random,5,0.14126697285982898,0.0,0.3333333333333333,0.0,1.0,0.1111111111111111,0,0,0,0.0,0.0,0.0,0.0,0,0
f1f7a040545c9501215d3391e267c7874f9a6004,1612.09535,random,5,0.21840743681816419,0.0,0.5,0.0,1.0,0.16666666666666666,0,0,0,0.0,0.0,0.0,0.0,0,0
f264612db9096caf938bd8ee4085848143b34f81,1605.05166,random,5,0.0,0.0,0.0,0.0,0.0,0.0,0,0,0,0.0,0.0,0.0,0.0,0,0
f2b1e87f61c65aaa99bcf9825de11ae237260270,1909.00786,random,5,0.0,0.0,0.0,0.0,0.0,0.0,0,0,0,0.0,0.0,0.0,0.0,0,0
f2b8a2ed5916d75cf568a931829a5a3cde2fc345,1801.05617,random,5,0.0,0.0,0.0,0.0,0.0,0.0,0,0,0,0.0,0.0,0.0,0.0,0,0
f2bcfdbebb418e7da165c19b8c7167719432ee48,1603.07252,random,5,0.0,0.0,0.0,0.0,0.0,0.0,0,0,0,0.0,0.0,0.0,0.0,0,0
f381b0ef693243d67657f6c34bbce015f6b1fd07,1603.08868,random,5,0.0,0.0,0.0,0.0,0.0,0.0,0,0,0,0.0,0.0,0.0,0.0,0,0
f3b4e52ba962a0004064132d123fd9b78d9e12e2,1907.12984,random,5,0.0,0.0,0.0,0.0,0.0,0.0,0,0,0,0.0,0.0,0.0,0.0,0,0
f3b851c9063192c86a3cc33b2328c02efa41b668,2003.08769,random,5,0.6131471927654584,0.5,0.5,1.0,1.0,1.0,1,0,0,0.5,0.5,0.2857142857142857,0.2857142857142857,1,0
f40e23adc8245562c8677f0f86fa5175179b5422,1807.08089,random,5,0.0,0.0,0.0,0.0,0.0,0.0,0,0,0,0.0,0.0,0.0,0.0,0,0
f4e16b185b506713ff99acc4dbd9ec3208e4997b,1602.07563,random,5,0.10209739512291163,0.0,0.2,0.0,1.0,0.1111111111111111,0,0,0,0.0,0.0,0.0,0.0,0,0
f52c9744a371104eb2677c181a7004f7a77d9dd3,1912.00342,random,5,0.0,0.0,0.0,0.0,0.0,0.0,0,0,0,0.0,0.0,0.0,0.0,0,0
f5513f9314b9d7b41518f98c6bc6d42b8555258d,1605.05166,random,5,0.23463936301137822,0.3333333333333333,0.3333333333333333,1.0,1.0,0.3333333333333333,1,0,0,0.3333333333333333,0.3333333333333333,0.25,0.25,1,0
f5913e37039b9517a323ec700b712e898316161b,1711.03759,random,5,0.0,0.0,0.0,0.0,0.0,0.0,0,0,0,0.0,0.0,0.0,0.0,0,0
f5bc07df5c61dcb589a848bd36f4ce9c22abd46a,1703.10090,random,5,0.6684881776649958,0.42857142857142855,0.5714285714285714,1.0,1.0,1.0,1,0,0,0.42857142857142855,0.75,0.6666666666666666,0.5,1,0
f61268905626c0b2a715282478a5e373adda516c,2003.07459,random,5,0.18457569677956817,0.0,0.5,0.0,1.0,0.1111111111111111,0,0,0,0.0,0.0,0.0,0.0,0,0
f637bba86cfb94ca8ac4b058faf839c257d5eaa0,1806.07042,random,5,1.0,1.0,1.0,1.0,1.0,1.0,1,1,1,1.0,1.0,0.3333333333333333,0.3333333333333333,0,0
f64449a21c452bc5395a0f0a49fb49825e6385f4,1909.04387,random,5,0.0,0.0,0.0,0.0,0.0,0.0,0,0,0,0.0,0.0,0.0,0.0,0,0
f71b95001dce46ee35cdbd8d177676de19ca2611,1911.07620,random,5,0.0,0.0,0.0,0.0,0.0,0.0,0,0,0,0.0,0.0,0.0,0.0,0,0
f741d32b92630328df30f674af16fbbefcad3f93,1805.09821,random,5,0.47084972088011423,0.3333333333333333,1.0,1.0,1.0,0.2,1,0,0,0.3333333333333333,0.3333333333333333,0.25,0.25,1,0
f7662b11e87c1e051e13799413f3db459ac3e19c,1911.10742,random,5,0.09803928583135704,0.0,0.2,0.0,1.0,0.1,0,0,0,0.0,0.0,0.0,0.0,0,0
f77d7cddef3e021d70e16b9e16cecfd4b8ee80d3,1606.07947,random,5,0.0,0.0,0.0,0.0,0.0,0.0,0,0,0,0.0,0.0,0.0,0.0,0,0
f7b91b99279833f9f489635eb8f77c6d13136098,1912.11980,random,5,0.21840743681816419,0.0,0.5,0.0,1.0,0.16666666666666666,0,0,0,0.0,0.0,0.0,0.0,0,0
f7d61648ae4bd46c603a271185c3adfac5fc5114,1909.00369,random,5,0.0,0.0,0.0,0.0,0.0,0.0,0,0,0,0.0,0.0,0.0,0.0,0,0
f7ee48dd32c666ef83a4ae4aa06bcde85dd8ec4b,1804.07445,random,5,0.3010299956639812,0.0,1.0,0.0,1.0,0.1111111111111111,0,0,0,0.0,0.0,0.0,0.0,0,0
f88f45ef563ea9e40c5767ab2eaa77f4700f95f8,2002.09616,random,5,0.3010299956639812,0.0,1.0,0.0,1.0,0.1111111111111111,0,0,0,0.0,0.0,0.0,0.0,0,0
f8bba20d1781ce2b14fad28d6eff024e5a6c2c02,1709.06365,random,5,0.23719771276929622,0.5,0.5,1.0,1.0,0.2,1,1,0,0.5,1.0,0.3333333333333333,0.2857142857142857,0,1
f8f64da7172e72e684f0e024a19411b43629ff55,1804.05306,random,5,0.19342640361727081,0.0,0.5,0.0,1.0,0.125,0,0,0,0.0,0.0,0.0,0.0,0,0
f92c344e9b1a986754277fd0f08a47dc3e5f9feb,1803.08419,random,5,0.0,0.0,0.0,0.0,0.0,0.0,0,0,0,0.0,0.0,0.0,0.0,0,0
f93bad406e004014618dd64f6c604b1a9ee6a371,1811.00127,random,5,0.31546487678572877,0.0,1.0,0.0,1.0,0.125,0,0,0,0.0,0.0,0.0,0.0,0,0
f9ae1b31c1a60aacb9ef869e1cc6b0e70c6e5d8e,2002.04374,random,5,0.6049306994552042,0.3333333333333333,0.6666666666666666,1.0,1.0,1.0,1,0,0,0.3333333333333333,0.3333333333333333,0.25,0.25,1,0
fa5f5f58f6277a1e433f80c9a92a5629d6d9a271,2002.09616,random,5,0.0,0.0,0.0,0.0,0.0,0.0,0,0,0,0.0,0.0,0.0,0.0,0,0
fa800a21469a70fa6490bfc67cabdcc8bf086fb5,1902.06734,random,5,0.0,0.0,0.0,0.0,0.0,0.0,0,0,0,0.0,0.0,0.0,0.0,0,0
fac273ecb3e72f2dc94cdbc797582d7225a8e070,1703.05320,random,5,0.6713860725233041,0.6666666666666666,0.6666666666666666,1.0,1.0,1.0,1,1,0,0.6666666666666666,1.0,0.5714285714285714,0.5,0,1
faffcc6ef27c1441e6528f924e320368430d8da3,1908.08917,random,5,0.13012668333070054,0.0,0.25,0.0,1.0,0.14285714285714285,0,0,0,0.0,0.0,0.0,0.0,0,0
fb06ed5cf9f04ff2039298af33384ca71ddbb461,1806.09652,random,5,0.0,0.0,0.0,0.0,0.0,0.0,0,0,0,0.0,0.0,0.0,0.0,0,0
fcb0ac1934e2fd9f58f4b459e6853999a27844f9,2004.02214,random,5,0.0,0.0,0.0,0.0,0.0,0.0,0,0,0,0.0,0.0,0.0,0.0,0,0
fcdafaea5b1c9edee305b81f6865efc8b8dc50d3,1707.02892,random,5,0.0,0.0,0.0,0.0,0.0,0.0,0,0,0,0.0,0.0,0.0,0.0,0,0
fd651d19046966ca65d4bcf6f6ae9c66cdf13777,2002.10210,random,5,0.0,0.0,0.0,0.0,0.0,0.0,0,0,0,0.0,0.0,0.0,0.0,0,0
fd8a8eb69f07c584a76633f8802c2746f7236d64,1911.03642,random,5,0.0,0.0,0.0,0.0,0.0,0.0,0,0,0,0.0,0.0,0.0,0.0,0,0
fda47c68fd5f7b44bd539f83ded5882b96c36dd7,1704.03279,random,5,0.43067655807339306,1.0,1.0,1.0,1.0,0.25,1,1,1,1.0,1.0,0.3333333333333333,0.3333333333333333,0,0
fe1a74449847755cd7a46647cc9d384abfee789e,1901.03253,random,5,0.0,0.0,0.0,0.0,0.0,0.0,0,0,0,0.0,0.0,0.0,0.0,0,0
fe52b093735bb456d7e699aa9a2b806d2b498ba0,1905.00840,random,5,0.0,0.0,0.0,0.0,0.0,0.0,0,0,0,0.0,0.0,0.0,0.0,0,0
fe6181ab0aecf5bc8c3def843f82e530347d918b,1911.09753,random,5,0.0,0.0,0.0,0.0,0.0,0.0,0,0,0,0.0,0.0,0.0,0.0,0,0
fea9b4d136156f23a88e5c7841874a467f2ba86d,1908.06259,random,5,0.0,0.0,0.0,0.0,0.0,0.0,0,0,0,0.0,0.0,0.0,0.0,0,0
fee498457774d9617068890ff29528e9fa05a2ac,2003.03728,random,5,0.17723928678404774,0.0,0.5,0.0,1.0,0.1,0,0,0,0.0,0.0,0.0,0.0,0,0
fef5b65263c81299acc350a101dabaf5a8cb9c6e,1807.08089,random,5,0.0,0.0,0.0,0.0,0.0,0.0,0,0,0,0.0,0.0,0.0,0.0,0,0
ff36168caf48161db7039e3bd4732cef31d4de99,1909.11706,random,5,0.0,0.0,0.0,0.0,0.0,0.0,0,0,0,0.0,0.0,0.0,0.0,0,0
