dataset,method,id,cluster,unit_count,depth_complete,depth_union,depth_penalty,tokens_complete,tokens_union,tokens_penalty,status
qasper,bm25,000549a217ea24432c0656598279dbb85378c113,1804.05253,26,1,1,0,108,108,0,revision-added exploratory
qasper,bm25,00341a46a67d31d36e6dc54d5297626319584891,1604.02201,29,1,1,0,184,184,0,revision-added exploratory
qasper,bm25,00aea97f69290b496ed11eb45a201ad28d741460,1909.01860,23,2,2,0,159,159,0,revision-added exploratory
qasper,bm25,00c443f8d32d6baf7c7cea8f4ca9fa749532ccfd,1612.00866,55,4,4,0,401,401,0,revision-added exploratory
qasper,bm25,00db191facf903cef18fb1727d1cab638c277e0a,1906.05506,40,3,17,14,347,1596,1249,revision-added exploratory
qasper,bm25,00df1ff914956d4d23299d02fd44e4c985bb61fa,1903.10318,39,1,1,0,81,81,0,revision-added exploratory
qasper,bm25,00e4c9aa87411dfc5455fc92f10e5c9266e7b95e,1710.06923,52,11,40,29,1084,2614,1530,revision-added exploratory
qasper,bm25,00f507053c47e55d7e72bebdbd8a75b3ca88cf85,1806.07042,52,2,2,0,493,493,0,revision-added exploratory
qasper,bm25,00ffe2c59a3ba18d6d2b353d6ab062a152c88526,1709.05453,56,3,10,7,280,734,454,revision-added exploratory
qasper,bm25,014a3aa07686ee18a86c977bf0701db082e8480b,1908.06493,41,19,35,16,1555,2884,1329,revision-added exploratory
qasper,bm25,018b81f810a39b3f437a85573d24531efccd835f,1906.11085,25,12,19,7,1125,1579,454,revision-added exploratory
qasper,bm25,01c8c3836467a4399cc37e86244b5bdc5dda2401,1804.09692,49,2,2,0,232,232,0,revision-added exploratory
qasper,bm25,028d0d9b7a71133e51a14a32cd09dea1e2f39f05,1804.01155,55,20,43,23,3050,5951,2901,revision-added exploratory
qasper,bm25,02a5acb484bda77ef32a13f5d93d336472cf8cd4,1612.04118,27,21,21,0,1332,1332,0,revision-added exploratory
qasper,bm25,036c400424357457e42b22df477b7c3cdc2eefe9,1711.11118,15,2,2,0,247,247,0,revision-added exploratory
qasper,bm25,042800c3336ed5f4826203616a39747c61382ba6,1709.05453,56,2,17,15,160,1336,1176,revision-added exploratory
qasper,bm25,04796aaa59eeb2176339c0651838670fd916074d,1906.11085,25,5,5,0,552,552,0,revision-added exploratory
qasper,bm25,051034cc94f2c02d3041575c53f969b3311c9ea1,1804.07445,34,2,9,7,205,1050,845,revision-added exploratory
qasper,bm25,058b6e3fdbb607fa7dbfc688628b3e13e130c35a,1912.00239,42,29,29,0,2803,2803,0,revision-added exploratory
qasper,bm25,065623cc1d5f5b19ec1f84d286522fc2f805c6ce,1706.04206,34,11,11,0,961,961,0,revision-added exploratory
qasper,bm25,07104dd36a0e7fdd2c211ad710de9a605495b697,1908.05908,41,3,15,12,220,1527,1307,revision-added exploratory
qasper,bm25,075d6ab5dd132666e85d0b6ad238118271dfc147,1909.00786,57,1,1,0,99,99,0,revision-added exploratory
qasper,bm25,0778cbbd093f8b779f7cf26302b2a8e081ccfb40,1703.10152,41,4,4,0,454,454,0,revision-added exploratory
qasper,bm25,079e654c97508c521c07ab4d24cdaaede5602c61,1605.05156,26,2,2,0,218,218,0,revision-added exploratory
qasper,bm25,07a214748a69b31400585aef7aba6af3e3d9cce2,1612.05202,43,6,6,0,419,419,0,revision-added exploratory
qasper,bm25,07d98dfa88944abd12acd45e98fb7d3719986aeb,1909.07873,52,7,50,43,1129,5074,3945,revision-added exploratory
qasper,bm25,08561f6ba578ce8f8d284abf90f5b24eb1f804d3,1901.03253,68,24,62,38,2520,5680,3160,revision-added exploratory
qasper,bm25,088d42ecb1e15515f6a97a0da2fed81b61d61a23,1909.00437,43,1,5,4,109,500,391,revision-added exploratory
qasper,bm25,08b77c52676167af72581079adf1ca2b994ce251,2002.10210,50,48,48,0,4312,4312,0,revision-added exploratory
qasper,bm25,08c0d4db14773cbed8a63e69381a2265e85f8765,1901.05389,45,3,3,0,329,329,0,revision-added exploratory
qasper,bm25,0a5fd0e5f4ab12be57be20416a5ea7c3db5fb662,1912.10162,37,1,37,36,92,2537,2445,revision-added exploratory
qasper,bm25,0a70af6ba334dfd3574991b1dd06f54fc6a700f2,1910.01160,23,3,14,11,276,1229,953,revision-added exploratory
qasper,bm25,0abc2499195185c94837e0340d00cd3b83ee795e,1909.13184,17,3,17,14,452,2082,1630,revision-added exploratory
qasper,bm25,0ac6fbd81e2dd95b800283dc7e59ce969d45fc02,1708.05521,24,18,18,0,1565,1565,0,revision-added exploratory
qasper,bm25,0aca0a208a1e28857fab44e397dc7880e010dbca,2003.12139,28,2,4,2,258,479,221,revision-added exploratory
qasper,bm25,0b10cfa61595b21bf3ff13b4df0fe1c17bbbf4e9,1908.07721,72,21,67,46,1414,4437,3023,revision-added exploratory
qasper,bm25,0b1cc6c0de286eb724b1fd18dbc93e67ab89a236,1908.11664,66,7,8,1,622,672,50,revision-added exploratory
qasper,bm25,0b5a7ccf09810ff5a86162d502697d16b3536249,1911.03353,35,9,18,9,486,1107,621,revision-added exploratory
qasper,bm25,0b5bf00d2788c534c4c6c007b72290c48be21e16,1806.07042,52,3,3,0,577,577,0,revision-added exploratory
qasper,bm25,0b5c599195973c563c4b1a0fe5d8fc77204d71a0,1811.01183,50,30,30,0,3029,3029,0,revision-added exploratory
qasper,bm25,0bc305d6b90f77f835bc4c904b22a4be07f963b2,1606.02601,56,1,1,0,61,61,0,revision-added exploratory
qasper,bm25,0bd3bea892c34a3820e98c4a42cdeda03753146b,1805.04558,131,41,41,0,2287,2287,0,revision-added exploratory
qasper,bm25,0bde3ecfdd7c4a9af23f53da2cda6cd7a8398220,1804.07445,34,3,16,13,286,1557,1271,revision-added exploratory
qasper,bm25,0c4e419fe57bf01d58a44f3e263777c22cdd90dc,1911.06815,26,17,17,0,1374,1374,0,revision-added exploratory
qasper,bm25,0d3193d17c0a4edc8fa9854f279c2a1b878e8b29,2002.00175,58,10,36,26,501,2348,1847,revision-added exploratory
qasper,bm25,0d9241e904bd2bbf5b9a6ed7b5fc929651d3e28e,1910.13793,45,5,5,0,286,286,0,revision-added exploratory
qasper,bm25,0dbb5309d2be97f6eda29d7ae220aa16cafbabb7,1610.00479,110,4,46,42,383,3865,3482,revision-added exploratory
qasper,bm25,0dc9050c832a6091bc9db3f7fa7be72139f51177,1902.08830,107,29,29,0,3564,3564,0,revision-added exploratory
qasper,bm25,0dfe43985dea45d93ae2504cccca15ae1e207ccf,2002.00175,58,2,28,26,122,2019,1897,revision-added exploratory
qasper,bm25,0ef114d24a7a32821967e912dff23c016c4eab41,1901.09501,43,11,41,30,1115,3636,2521,revision-added exploratory
qasper,bm25,0f1f81b6d4aa0da38b4cc8b060926e7df61bb646,1909.05190,59,54,59,5,3980,4147,167,revision-added exploratory
qasper,bm25,0f9c1586f1b4b531fa4fd113e767d06af90b1ae8,1603.07252,50,9,9,0,883,883,0,revision-added exploratory
qasper,bm25,0fe49431db5ffaa24372919daf24d8f84117bfda,1603.07252,50,13,27,14,1493,2703,1210,revision-added exploratory
qasper,bm25,0fee37ebe0a010cf8bd665fa566306d8e7d12631,1709.06365,75,73,74,1,5826,5861,35,revision-added exploratory
qasper,bm25,1002bd01372eba0f3078fb4a951505278ed45f2e,1906.01076,52,1,37,36,8,2480,2472,revision-added exploratory
qasper,bm25,10edfb9428b8a4652274c13962917662fdf84f8a,1911.07620,51,8,8,0,668,668,0,revision-added exploratory
qasper,bm25,1100e442e00c9914538a32aca7af994ce42e1b66,1911.03854,26,25,25,0,1849,1849,0,revision-added exploratory
qasper,bm25,1128a600a813116cba9a2cf99d8568ae340f327a,1802.08969,106,76,76,0,3245,3245,0,revision-added exploratory
qasper,bm25,11679d1feba747c64bbbc62939a20fbb69ada0f3,1902.06734,43,24,24,0,2869,2869,0,revision-added exploratory
qasper,bm25,119c404da6e42d4879eee10edeab4b2851162659,1910.10762,34,8,12,4,980,1288,308,revision-added exploratory
qasper,bm25,11a3af3f056e0fb5559fe5cbff1640e022732735,1612.05202,43,13,13,0,626,626,0,revision-added exploratory
qasper,bm25,11a8531699952f5a2286a4311f0fe80ed1befa1e,1905.07562,50,2,3,1,277,435,158,revision-added exploratory
qasper,bm25,11c4071d9d7efeede84f47892b1fa0c6a93667eb,2004.02334,53,3,3,0,186,186,0,revision-added exploratory
qasper,bm25,11ef46187a5bf15e89d63220fdeaecbeb92d818e,1610.06510,53,24,24,0,2264,2264,0,revision-added exploratory
qasper,bm25,11f9c207476af75a9272105e646df02594059c3f,1603.09381,27,2,2,0,261,261,0,revision-added exploratory
qasper,bm25,12dc04e0ec1d3ba5ec543069fe457dfa4a1cac07,1910.13793,45,6,6,0,408,408,0,revision-added exploratory
qasper,bm25,130d73400698e2b3c6860b07f2e957e3ff022d48,1909.00871,49,5,5,0,678,678,0,revision-added exploratory
qasper,bm25,138ad61b43c85d5db166ea9bd3d3b19bb2e2bbfb,1909.13184,17,1,5,4,137,898,761,revision-added exploratory
qasper,bm25,141f23e87c10c2d54d559881e641c983e3ec8ef3,1911.09241,57,7,7,0,966,966,0,revision-added exploratory
qasper,bm25,14fdc8087f2a62baea9d50c4aa3a3f8310b38d17,1909.12208,36,4,23,19,584,2687,2103,revision-added exploratory
qasper,bm25,157284acedf13377cbc6d58c8f3648d3a62f5db5,1905.05644,55,49,49,0,3252,3252,0,revision-added exploratory
qasper,bm25,157de5175259d6f25db703efb299f948dae597b7,1708.07690,42,6,11,5,276,657,381,revision-added exploratory
qasper,bm25,15aeda407ae3912419fd89211cdb98989d9cde58,1908.08788,21,7,11,4,772,1345,573,revision-added exploratory
qasper,bm25,16a10c1681dc5a399b6d34b4eed7bb1fef816dd0,1910.02001,82,14,69,55,946,4103,3157,revision-added exploratory
qasper,bm25,16cc37e4f8e2db99eaf89337a3d9ada431170d5b,1907.08540,47,16,16,0,2109,2109,0,revision-added exploratory
qasper,bm25,16edc21a6abc89ee2280dccf1c867c2ac4552524,1809.03695,18,7,7,0,574,574,0,revision-added exploratory
qasper,bm25,1702985a3528e876bb19b8e223399729d778b4e4,2003.12450,6,6,6,0,643,643,0,revision-added exploratory
qasper,bm25,175cddfd0bcd77b7327b62f99e57d8ea93f8d8ba,1906.05685,48,2,2,0,160,160,0,revision-added exploratory
qasper,bm25,17fd6deb9e10707f9d1b70165dedb045e1889aac,1908.11053,64,3,59,56,212,3470,3258,revision-added exploratory
qasper,bm25,180c7bea8caf05ca97d9962b90eb454be4176425,1910.01160,23,1,1,0,220,220,0,revision-added exploratory
qasper,bm25,182eb91090017a7c8ea38a88b219b641842664e4,1901.09501,43,1,23,22,216,2620,2404,revision-added exploratory
qasper,bm25,183b385fb59ff1e3f658d4555a08b67c005a8734,1809.03391,33,5,11,6,604,1097,493,revision-added exploratory
qasper,bm25,19ebfba9aa5a9596b09a0cfb084ff8ebf24a3b91,1602.03483,43,2,3,1,274,471,197,revision-added exploratory
qasper,bm25,1a2b69dfa81dfeadd67b133229476086f2cc74a8,1712.00733,74,2,2,0,251,251,0,revision-added exploratory
qasper,bm25,1a419468d255d40ae82ed7777618072a48f0091b,1704.06851,45,6,7,1,1174,1315,141,revision-added exploratory
qasper,bm25,1a6156189297b2fe17f174ef55cbd20341bb7dbf,1611.06322,49,3,3,0,471,471,0,revision-added exploratory
qasper,bm25,1acf06105f6c1930f869347ef88160f55cbf382b,1909.00871,49,2,10,8,314,1254,940,revision-added exploratory
qasper,bm25,1c182b4805b336bd6e1a3f43dc84b07db3908d4a,1910.12203,25,20,20,0,1738,1738,0,revision-added exploratory
qasper,bm25,1ce6c09cf886df41a3d3c52ce82f370c5a30334a,1905.01347,15,1,1,0,131,131,0,revision-added exploratory
qasper,bm25,1d047286ac63e5dca1ab811172b89d7d125679e5,1910.03943,52,2,2,0,91,91,0,revision-added exploratory
qasper,bm25,1d10e069b4304fabfbed69acf409f0a311bdc441,1806.09652,34,1,1,0,49,49,0,revision-added exploratory
qasper,bm25,1d263356692ed8cdee2a13f103a82d98f43d66eb,2003.11528,61,5,7,2,603,755,152,revision-added exploratory
qasper,bm25,1d6d21043b9fd0ed3ccccdc6317dcf5a1347ef03,1802.09059,34,6,31,25,1046,3009,1963,revision-added exploratory
qasper,bm25,1d7b99646a1bc05beec633d7a3beb083ad1e8734,1803.02155,48,34,34,0,1648,1648,0,revision-added exploratory
qasper,bm25,1d9d7c96c5e826ac06741eb40e89fca6b4b022bd,1603.00957,54,7,29,22,770,2984,2214,revision-added exploratory
qasper,bm25,1dc5bf9dca7de2ba21db10e9056d3906267ef5d5,1912.07940,30,2,4,2,188,480,292,revision-added exploratory
qasper,bm25,1dcfcfa46dbcffc2fc7be92dd57df9620258097b,1908.11046,58,32,32,0,2510,2510,0,revision-added exploratory
qasper,bm25,1e11e74481ead4b7635922bbe0de041dc2dde28d,1610.03807,23,6,6,0,627,627,0,revision-added exploratory
qasper,bm25,1e7e3f0f760cd628f698b73d82c0f946707855ca,1710.07695,63,1,1,0,67,67,0,revision-added exploratory
qasper,bm25,1ec0be667a6594eb2e07c50258b120e693e040a8,1805.11598,24,18,18,0,1469,1469,0,revision-added exploratory
qasper,bm25,1ecbbb60dc44a701e9c57c22167dd412711bb0be,1812.00382,22,3,3,0,394,394,0,revision-added exploratory
qasper,bm25,1f011fa772ce802e74eda89f706cdb1aa2833686,1910.01340,46,40,40,0,3392,3392,0,revision-added exploratory
qasper,bm25,1f053f338df6d238cb163af1a0b1b073e749ed8a,1806.09652,34,24,24,0,1643,1643,0,revision-added exploratory
qasper,bm25,1f40adc719d8ccda81e7e90525b577f5698b5aad,1803.07828,32,22,28,6,2503,2865,362,revision-added exploratory
qasper,bm25,1f8044487af39244d723582b8a68f94750eed2cc,1910.01340,46,23,33,10,2380,3112,732,revision-added exploratory
qasper,bm25,1faccdc78bbd99320c160ac386012720a0552119,1908.11053,64,11,11,0,970,970,0,revision-added exploratory
qasper,bm25,1fcd25e9a63a53451cac9ad2b8a1b529aff44a97,1910.01992,36,1,1,0,72,72,0,revision-added exploratory
qasper,bm25,1fd31fdfff93d65f36e93f6919f6976f5f172197,1709.05295,35,3,6,3,302,740,438,revision-added exploratory
qasper,bm25,200c37060d037dee33f3b7c8b1a2aaa58376566e,1903.04329,32,10,10,0,1294,1294,0,revision-added exploratory
qasper,bm25,20632fc4d2b693b5aabfbbc99ee5c1e9fc485dea,1912.02866,53,39,42,3,3411,3642,231,revision-added exploratory
qasper,bm25,21c89ee0281f093b209533453196306b9699b552,1706.00188,14,3,10,7,256,942,686,revision-added exploratory
qasper,bm25,21f6cb3819c85312364dd17dd4091df946591ef0,1704.08390,29,5,5,0,354,354,0,revision-added exploratory
qasper,bm25,22225ba18a6efe74b1315cc08405011d5431498e,1705.00571,30,10,11,1,1142,1222,80,revision-added exploratory
qasper,bm25,22488c8628b6db5fd708b6471c31a8eac31f66df,1906.01749,52,1,3,2,187,518,331,revision-added exploratory
qasper,bm25,2280ed1e2b3e99921e2bca21231af43b58ca04f0,1911.09247,68,2,2,0,111,111,0,revision-added exploratory
qasper,bm25,22c125c461f565f5437dac74bf19c2ef317bad86,1703.04009,20,8,8,0,1429,1429,0,revision-added exploratory
qasper,bm25,2301424672cb79297cf7ad95f23b58515e4acce8,1911.05652,34,1,14,13,111,1200,1089,revision-added exploratory
qasper,bm25,230f127e83ac62dd65fccf6b1a4960cf0f7316c7,2004.02401,33,21,23,2,2538,2641,103,revision-added exploratory
qasper,bm25,230ff86b7b90b87c33c53014bb1e9c582dfc107f,1805.11937,43,2,40,38,237,2883,2646,revision-added exploratory
qasper,bm25,23252644c04a043f630a855b563666dd57179d98,2002.00175,58,2,2,0,112,112,0,revision-added exploratory
qasper,bm25,235c7c7ca719068136928b18e19f9661e0f72806,2004.01820,92,65,78,13,4246,5190,944,revision-added exploratory
qasper,bm25,23cbf6ab365c1eb760b565d8ba51fb3f06257d62,1910.02677,56,55,55,0,3230,3230,0,revision-added exploratory
qasper,bm25,23fe8431058f2a7b7588745766fc715f271aad07,2004.02334,53,5,5,0,445,445,0,revision-added exploratory
qasper,bm25,243cf21c4e34c4b91fcc4905aa4dc15a72087f0c,1903.02930,20,3,3,0,299,299,0,revision-added exploratory
qasper,bm25,246e924017c48fa1f069361c44133fdf4f0386e1,1909.01720,69,10,10,0,715,715,0,revision-added exploratory
qasper,bm25,252599e53f52b3375b26d4e8e8b66322a42d2563,1709.06365,75,1,40,39,105,4315,4210,revision-added exploratory
qasper,bm25,25a8d432bf94af1662837877bc6c284e2fc3fbe2,1908.10001,38,1,1,0,83,83,0,revision-added exploratory
qasper,bm25,25e6ba07285155266c3154d3e2ca1ae05c2f7f2d,2004.03090,28,5,19,14,370,1841,1471,revision-added exploratory
qasper,bm25,26844cec57df6ff0f02245ea862af316b89edffe,1808.10290,38,2,3,1,237,432,195,revision-added exploratory
qasper,bm25,2686e8d51caff9a19684e0c9984bcb5a1937d08d,1606.02892,49,1,1,0,73,73,0,revision-added exploratory
qasper,bm25,26e32f24fe0c31ef25de78935daa479534b9dd58,1911.01940,47,3,9,6,290,700,410,revision-added exploratory
qasper,bm25,26eceba0e6e4c0b6dfa94e5708dd74b63f701731,1712.02555,55,1,1,0,47,47,0,revision-added exploratory
qasper,bm25,2711ae6dd532d136295c95253dbf202e37ecd3e7,1909.06708,30,2,3,1,116,161,45,revision-added exploratory
qasper,bm25,2749fb1725a2c4bdba5848e2fc424a43e7c4be51,2004.04498,93,1,9,8,66,559,493,revision-added exploratory
qasper,bm25,27d7a30e42921e77cfffafac5cb0d16ce5a7df99,1707.02892,71,10,10,0,510,510,0,revision-added exploratory
qasper,bm25,2834a340116026d5995e537d474a47d6a74c3745,1705.01306,50,2,2,0,110,110,0,revision-added exploratory
qasper,bm25,283d358606341c399e369f2ba7952cd955326f73,1611.02378,52,32,34,2,2261,2447,186,revision-added exploratory
qasper,bm25,28847b20ca63dc56f2545e6f6ec3082d9dbe1b3f,2003.12660,26,11,11,0,607,607,0,revision-added exploratory
qasper,bm25,2895a3fc63f6f403445c11043460584e949fb16c,1710.07695,63,6,7,1,330,369,39,revision-added exploratory
qasper,bm25,28a8a1542b45f67674a2f1d54fff7a1e45bfad66,2002.04326,24,3,5,2,456,966,510,revision-added exploratory
qasper,bm25,2929e92f9b4939297b4d0f799d464d46e8d52063,1908.11046,58,1,6,5,98,692,594,revision-added exploratory
qasper,bm25,2974237446d04da33b78ce6d22a477cdf80877b7,1611.06322,49,14,26,12,1618,2366,748,revision-added exploratory
qasper,bm25,29794bda61665a1fbe736111e107fd181eacba1b,1911.01214,74,18,25,7,1307,2101,794,revision-added exploratory
qasper,bm25,2a120f358f50c377b5b63fb32633223fa4ee2149,1803.05160,71,3,19,16,341,1773,1432,revision-added exploratory
qasper,bm25,2a9c7243744b42f1e9fed9ff2ab17c6f156b1ba4,1804.05306,34,2,2,0,266,266,0,revision-added exploratory
qasper,bm25,2abcff4fdedf9b17f76875cc338ba4ab8d1eccd3,2003.11687,35,14,14,0,1430,1430,0,revision-added exploratory
qasper,bm25,2abf916bc03222d3b2a3d66851d87921ff35c0d2,1803.06745,41,15,15,0,1612,1612,0,revision-added exploratory
qasper,bm25,2ae66798333b905172e2c0954e9808662ab7f221,1903.00384,48,1,20,19,73,1462,1389,revision-added exploratory
qasper,bm25,2aeabec8a734a6e8ca9e7a308dd8c9a1011b3d6e,1801.05617,85,17,23,6,1835,2634,799,revision-added exploratory
qasper,bm25,2b32cf05c5e736f764ceecc08477e20ab9f2f5d7,1908.06493,41,33,36,3,2655,2944,289,revision-added exploratory
qasper,bm25,2ba2ff6c21a16bd295b07af1ef635b3b4c5bd17e,1912.04979,59,5,56,51,678,5461,4783,revision-added exploratory
qasper,bm25,2bd702174e915d97884d1571539fb1b5b0b7123a,1802.02614,46,5,6,1,230,355,125,revision-added exploratory
qasper,bm25,2c60628d54f2492e0cbf0fb8bacd8e54117f0c18,1902.10246,24,1,4,3,113,370,257,revision-added exploratory
qasper,bm25,2ca3ca39d59f448e30be6798514709be7e3c62d8,1603.01547,67,55,55,0,3194,3194,0,revision-added exploratory
qasper,bm25,2cb20bae085b67e357ab1e18ebafeac4bbde5b4a,1901.05389,45,9,9,0,1166,1166,0,revision-added exploratory
qasper,bm25,2d5d0b0c54105717bf48559b914fefd0c94964a6,2003.12660,26,1,11,10,53,597,544,revision-added exploratory
qasper,bm25,2d91554c3f320a4bcfeb00aa466309074a206712,1903.01411,78,10,78,68,1321,4093,2772,revision-added exploratory
qasper,bm25,2dba0b83fc22995f83e7ac66cc8f68bcdcc70ee9,1909.04251,58,1,1,0,175,175,0,revision-added exploratory
qasper,bm25,2ddfb40a9e73f382a2eb641c8e22bbb80cef017b,1906.01502,30,4,23,19,280,1843,1563,revision-added exploratory
qasper,bm25,2e37eb2a2a9ad80391e57acb53616eab048ab640,2003.13028,66,22,62,40,1286,3312,2026,revision-added exploratory
qasper,bm25,2e4688205c8e344cded7a053b6014cce04ef1bd5,1611.04234,31,1,1,0,135,135,0,revision-added exploratory
qasper,bm25,2ecd12069388fd58ad5f8f4ae7ac1bb4f56497b9,1905.08067,27,5,5,0,882,882,0,revision-added exploratory
qasper,bm25,2ee4ecf98ef7d02c9e4d103968098fe35f067bbb,1908.07491,30,15,17,2,1152,1255,103,revision-added exploratory
qasper,bm25,2f23bd86a9e27dcd88007c9058ddfce78a1a377b,1707.07568,38,1,1,0,149,149,0,revision-added exploratory
qasper,bm25,2f75b0498cf6a1fc35f1fb1cac44fc2fbd3d7878,2002.00175,58,6,17,11,253,994,741,revision-added exploratory
qasper,bm25,301a453abaa3bc15976817fefce7a41f3b779907,1805.04558,131,4,4,0,153,153,0,revision-added exploratory
qasper,bm25,30870a962cf88ac8c8e6b7b795936fd62214f507,1709.06136,45,31,31,0,2791,2791,0,revision-added exploratory
qasper,bm25,311f9971d61b91c7d76bba1ad6f038390977a8be,1910.02677,56,15,15,0,1132,1132,0,revision-added exploratory
qasper,bm25,31894361833b3e329a1fb9ebf85a78841cff229f,1905.08067,27,5,5,0,926,926,0,revision-added exploratory
qasper,bm25,31a3ec8d550054465e55a26b0136f4d50d72d354,1608.01972,44,5,29,24,606,3032,2426,revision-added exploratory
qasper,bm25,31e6062ba45d8956791e1b86bad7efcb6d1b191a,1703.10152,41,6,34,28,420,2087,1667,revision-added exploratory
qasper,bm25,32f2aa2df0152050cbcd27dd2f408b2fa5894031,1711.01567,29,8,12,4,812,1269,457,revision-added exploratory
qasper,bm25,3319d56556ae1597a86384057db0831e32774b90,1611.06322,49,4,13,9,578,1813,1235,revision-added exploratory
qasper,bm25,334aa5540c207768931a0fe78aa4981a895ba37c,1909.11980,29,28,28,0,1482,1482,0,revision-added exploratory
qasper,bm25,338a3758dccfa438a52d173fbe23a165ef74a0f0,1909.12016,56,14,14,0,898,898,0,revision-added exploratory
qasper,bm25,3435e365adf7866e45670c865dc33bb7d2a6a0c6,1911.03642,42,21,21,0,2022,2022,0,revision-added exploratory
qasper,bm25,344238de7208902f7b3a46819cc6d83cc37448a0,1908.06024,37,17,24,7,3225,4308,1083,revision-added exploratory
qasper,bm25,3450723bf66956486de777f141bde5073e4a7694,1906.01076,52,1,1,0,62,62,0,revision-added exploratory
qasper,bm25,34b434825f0ca3225dc8914f9da865d2b4674f08,1912.08084,68,49,56,7,3409,3764,355,revision-added exploratory
qasper,bm25,34e9e54fa79e89ecacac35f97b33ef3ca3a00f85,1909.02855,31,4,4,0,613,613,0,revision-added exploratory
qasper,bm25,351f7b254e80348221e0654478663a5e53d3fe65,1810.12897,25,23,23,0,2386,2386,0,revision-added exploratory
qasper,bm25,3588988f2230f3329d7523fbb881b20bf177280d,1811.00051,245,3,3,0,413,413,0,revision-added exploratory
qasper,bm25,35e0e6f89b010f34cfb69309b85db524a419c862,1911.10401,27,1,1,0,147,147,0,revision-added exploratory
qasper,bm25,35f48b8f73728fbdeb271b170804190b5448485a,1809.03695,18,2,4,2,118,260,142,revision-added exploratory
qasper,bm25,361f330d3232681f1a13c6d59abb6c18246e7b35,1909.00369,57,8,8,0,812,812,0,revision-added exploratory
qasper,bm25,363a24ecb8ab45215134935e7e8165fff72ff90f,2004.01970,38,10,20,10,889,1562,673,revision-added exploratory
qasper,bm25,3699927c6c1146f5057576034d226a99946d52cb,1902.08830,107,2,32,30,283,3990,3707,revision-added exploratory
qasper,bm25,369d7bc5351409910c7a5e05c0cbb5abab8e50ec,2004.03090,28,16,16,0,1569,1569,0,revision-added exploratory
qasper,bm25,36cb7ebdd39e0b8a89ff946d3a3aef8a76a6bb43,1908.09919,27,3,6,3,363,624,261,revision-added exploratory
qasper,bm25,371433bd3fb5042bacec4dfad3cfff66147c14f0,1909.04387,28,5,27,22,475,1696,1221,revision-added exploratory
qasper,bm25,376e8ed6e039e07c892c77b7525778178d56acb7,1908.07491,30,1,1,0,96,96,0,revision-added exploratory
qasper,bm25,37ac705166fa87dc74fe86575bf04bea56cc4930,2004.02363,19,2,2,0,162,162,0,revision-added exploratory
qasper,bm25,37b972a3afae04193411dc569f672d802c16ad71,1911.06815,26,23,23,0,1848,1848,0,revision-added exploratory
qasper,bm25,37e6ce5cfc9d311e760dad8967d5085446125408,2002.08902,29,14,14,0,918,918,0,revision-added exploratory
qasper,bm25,38055717edf833566d912f14137b92a1d9c4f65a,1909.10481,43,3,5,2,310,619,309,revision-added exploratory
qasper,bm25,380e71848d4b0d1e983d504b1249119612f00bcb,1706.00188,14,4,11,7,360,1013,653,revision-added exploratory
qasper,bm25,38289bd9592db4d3670b65a0fef1fe8a309fee61,1603.08868,35,19,19,0,1859,1859,0,revision-added exploratory
qasper,bm25,38363a7ed250bc729508c4c1dc975696a65c53cb,1911.04873,26,20,20,0,1369,1369,0,revision-added exploratory
qasper,bm25,389cc454ac97609e9d0f2b2fe70bf43218dd8ba7,1911.03324,57,1,1,0,153,153,0,revision-added exploratory
qasper,bm25,389ff1927ba9fc8bac50959fc09f30c2143cc14e,1804.09692,49,7,7,0,561,561,0,revision-added exploratory
qasper,bm25,38af3f25c36c3725a31304ab96e2c200c55792b4,1806.03369,29,15,15,0,1812,1812,0,revision-added exploratory
qasper,bm25,397a1e851aab41c455c2b284f5e4947500d797f0,1911.10742,54,12,12,0,1260,1260,0,revision-added exploratory
qasper,bm25,3a06d40a4bf5ba6e26d9138434e9139a014deb40,1908.09283,68,5,5,0,474,474,0,revision-added exploratory
qasper,bm25,3a19dc6999aeb936d8a1c4509ebd5bfcda50f0f1,1909.12016,56,11,15,4,640,1013,373,revision-added exploratory
qasper,bm25,3a25f82512d56d9e1ffba72f977f515ae3ba3cca,2003.09244,78,5,56,51,507,4646,4139,revision-added exploratory
qasper,bm25,3a33512d253005ac280ee9ca4f9dfa69aa38d48f,1910.07973,16,2,2,0,175,175,0,revision-added exploratory
qasper,bm25,3c414f7fbf577dfd3363be6bbc9eba8bdd01f45f,1610.03955,49,35,35,0,2148,2148,0,revision-added exploratory
qasper,bm25,3cc0d773085dc175b85955e95911a2cfaab2cdc4,1707.06519,32,3,13,10,490,1676,1186,revision-added exploratory
qasper,bm25,3cc9a820c4a2cd2ff61da920c41ed09f3c0135be,1911.00461,29,9,19,10,559,1116,557,revision-added exploratory
qasper,bm25,3ccc4ccebc3b0de5546b1208e8094a839fd4a4ab,1808.09180,76,1,4,3,130,401,271,revision-added exploratory
qasper,bm25,3cfe464052f0a248b6e22c9351279403dfe34f3c,1910.10762,34,1,13,12,46,1474,1428,revision-added exploratory
qasper,bm25,3d5b4aa1ce99903b1fcd257c1e394f7990431d13,1810.13414,282,14,14,0,1646,1646,0,revision-added exploratory
qasper,bm25,3d662fb442d5fc332194770aac835f401c2148d9,1911.09247,68,2,19,17,106,1365,1259,revision-added exploratory
qasper,bm25,3d73cb92d866448ec72a571331967da5d34dfbb1,1910.09916,50,3,3,0,293,293,0,revision-added exploratory
qasper,bm25,3de3a083b8ba3086792d38ae9667e095070f7f37,1905.00472,30,18,18,0,1956,1956,0,revision-added exploratory
qasper,bm25,3df6d18d7b25d1c814e9dcc8ba78b3cdfe15edcd,1605.05195,46,1,1,0,191,191,0,revision-added exploratory
qasper,bm25,3e0fd1a3944e207edbbe7c7108239dbaf3bccd4f,2004.02105,49,4,4,0,538,538,0,revision-added exploratory
qasper,bm25,3e23cc3c5e4d5cec51d158130d6aeae120e94fc8,1610.07149,72,50,50,0,2767,2767,0,revision-added exploratory
qasper,bm25,3e5162e6399c7d03ecc7007efd21d06c04cf2843,1911.11025,66,1,1,0,100,100,0,revision-added exploratory
qasper,bm25,3e88fcc94d0f451e87b65658751834f6103b2030,1908.05908,41,7,7,0,315,315,0,revision-added exploratory
qasper,bm25,3ea82a5ca495ffbd1e30e8655aef1be4ba423efe,1911.12559,22,1,11,10,150,1413,1263,revision-added exploratory
qasper,bm25,3eb107f35f4f5f5f527a93ffb487aa2e3fe51efd,1805.07882,79,62,62,0,2933,2933,0,revision-added exploratory
qasper,bm25,3ed8ac1ba4df6609fa7de5077d83e820641edc5e,1707.09816,50,6,40,34,528,2764,2236,revision-added exploratory
qasper,bm25,3f717e6eceab0a066af65ddf782c1ebc502c28c0,1909.12079,42,4,4,0,166,166,0,revision-added exploratory
qasper,bm25,3f8a42eb0e904ce84c3fded2103f674e9cbc893d,1911.00202,55,2,25,23,330,2225,1895,revision-added exploratory
qasper,bm25,3fd8eab282569b1c18b82f20d579b335ae70e79f,1906.01502,30,5,10,5,402,829,427,revision-added exploratory
qasper,bm25,4137a82d7752be7a6c142ceb48ce784fd475fb06,1708.05521,24,1,1,0,112,112,0,revision-added exploratory
qasper,bm25,420862798054f736128a6f0c4393c7f9cc648b40,1603.09405,48,7,7,0,774,774,0,revision-added exploratory
qasper,bm25,42269ed04e986ec5dc4164bf57ef306aec4a1ae1,1608.01972,44,34,34,0,3394,3394,0,revision-added exploratory
qasper,bm25,42279c3a202a93cfb4aef49212ccaf401a3f8761,1803.05160,71,69,69,0,5543,5543,0,revision-added exploratory
qasper,bm25,425d17465ff91019eb87c28ff3942f781ba1bbcb,1901.03253,68,2,35,33,162,3187,3025,revision-added exploratory
qasper,bm25,4288621e960ffbfce59ef1c740d30baac1588b9b,1611.04887,45,4,30,26,494,1898,1404,revision-added exploratory
qasper,bm25,42a4ab4607a9eec42c427a817b7e898230d26444,1909.09070,59,2,43,41,170,4308,4138,revision-added exploratory
qasper,bm25,42dcf1bb19b8470993c05e55413eed487b0f2559,1905.08067,27,2,2,0,263,263,0,revision-added exploratory
qasper,bm25,42eb7c5311fc1ac0344f0b38d3184ccd4faad3be,2004.01820,92,12,12,0,997,997,0,revision-added exploratory
qasper,bm25,430ad71a0fd715a038f3c0fe8d7510e9730fba23,1805.09960,67,3,65,62,77,3789,3712,revision-added exploratory
qasper,bm25,43729be0effb5defc62bae930ceacf7219934f1e,2003.07568,59,5,9,4,364,884,520,revision-added exploratory
qasper,bm25,43f43b135109ebd1d2d1f9af979c64ce550b5f0f,1804.05253,26,19,19,0,1248,1248,0,revision-added exploratory
qasper,bm25,441a2b80e82266c2cc2b306c0069f2b564813fed,1906.04236,58,51,51,0,3765,3765,0,revision-added exploratory
qasper,bm25,4485e32052741972877375667901f61e602ec4de,1805.11850,17,3,3,0,266,266,0,revision-added exploratory
qasper,bm25,452e2d7d7d9e1bb4914903479cd7caff9f6fae42,1706.00188,14,3,3,0,338,338,0,revision-added exploratory
qasper,bm25,458e5ed506883bfec6623102ec9f43c071f0616f,1801.05617,85,22,22,0,2296,2296,0,revision-added exploratory
qasper,bm25,45aab23790161cbc55f78e16fdf5678a3f5b4b92,1610.06510,53,37,37,0,3227,3227,0,revision-added exploratory
qasper,bm25,45e6532ac06a59cb6a90624513242b06d7391501,1912.11637,58,5,6,1,363,456,93,revision-added exploratory
qasper,bm25,4683812cba21c92319be68c03260b5a8175bbb6e,1602.07563,120,3,16,13,309,1472,1163,revision-added exploratory
qasper,bm25,468eb961215a554ace8088fa9097a7ad239f2d71,2004.04478,67,5,5,0,543,543,0,revision-added exploratory
qasper,bm25,46aa61557c8d20b1223a30366a0704d7af68bbbe,1910.07924,82,29,41,12,1025,1741,716,revision-added exploratory
qasper,bm25,46d051b8924ad0ef8cfba9c7b5b84707ee72f26a,1907.04072,44,13,13,0,1274,1274,0,revision-added exploratory
qasper,bm25,46e660becd727c994a2a35c6587e15ea8bf8272d,1809.08935,10,2,2,0,254,254,0,revision-added exploratory
qasper,bm25,471683ba6251b631f38a24d42b6dba6f52dee429,2003.12139,28,15,15,0,2229,2229,0,revision-added exploratory
qasper,bm25,4748a50c96acb1aa03f7efd1b43376c193b2450a,1709.04491,19,3,6,3,371,1065,694,revision-added exploratory
qasper,bm25,475e698a801be0ad9e4f74756d1fff4fe0728009,1805.11598,24,4,24,20,408,1953,1545,revision-added exploratory
qasper,bm25,475ef4ad32a8589dae9d97048166d732ae5d7beb,1906.01502,30,13,13,0,1163,1163,0,revision-added exploratory
qasper,bm25,477da8d997ff87400c6aad19dcc74f8998bc89c3,1805.11850,17,10,10,0,997,997,0,revision-added exploratory
qasper,bm25,47b7bc232af7bf93338bd3926345e23e9e80c0c1,1811.01183,50,4,4,0,459,459,0,revision-added exploratory
qasper,bm25,47ffc9811b037613c9c4d1ec1e4f13c08396ed1c,1603.03876,81,4,4,0,232,232,0,revision-added exploratory
qasper,bm25,488e3c4fd1103c46e12815d1bf414a0356fb0d0e,1903.02930,20,1,1,0,137,137,0,revision-added exploratory
qasper,bm25,48ff9645a506aa2c17810d2654d1f0f0d9e609ee,1910.01108,26,2,9,7,122,631,509,revision-added exploratory
qasper,bm25,4999da863ecbd40378505bfb1f4e395061a3f559,1911.06919,65,65,65,0,3632,3632,0,revision-added exploratory
qasper,bm25,49cd18448101da146c3187a44412628f8c722d7b,1705.01306,50,3,3,0,202,202,0,revision-added exploratory
qasper,bm25,4a093a9af4903a59057a4372ac1b01603467ca58,1602.07563,120,9,37,28,956,3823,2867,revision-added exploratory
qasper,bm25,4a201b8b9cc566b56aedb5ab45335f202bc41845,1803.07828,32,32,32,0,3007,3007,0,revision-added exploratory
qasper,bm25,4a91432abe3f54fcbdd00bb85dc0df95b16edf42,1703.04009,20,12,12,0,1916,1916,0,revision-added exploratory
qasper,bm25,4ae0b50c88a174cfc283b90cd3c9407de13fd370,1802.09059,34,6,7,1,921,1029,108,revision-added exploratory
qasper,bm25,4afd4cfcb30433714b135b977baff346323af1e3,1911.02747,29,2,2,0,151,151,0,revision-added exploratory
qasper,bm25,4b6745982aa64fbafe09f7c88c8d54d520b3f687,1805.09960,67,24,24,0,2055,2055,0,revision-added exploratory
qasper,bm25,4cb2e80da73ae36de372190b4c1c490b72977ef8,1609.02075,85,6,68,62,636,5324,4688,revision-added exploratory
qasper,bm25,4d5b74499804ea5bc5520beb88d0f9816f67205a,1907.04072,44,9,43,34,795,2504,1709,revision-added exploratory
qasper,bm25,4d824b49728649432371ecb08f66ba44e50569e0,1612.04118,27,2,3,1,213,252,39,revision-added exploratory
qasper,bm25,4d887ce7dc43528098e7a3d9cd13c6c36f158c53,1803.02155,48,33,45,12,1672,1968,296,revision-added exploratory
qasper,bm25,4ddc53afffaf1622d97695347dd1b3190d156dee,1808.07231,39,2,2,0,88,88,0,revision-added exploratory
qasper,bm25,4de6bcddd46726bf58326304b0490fdb9e7e86ec,1908.07491,30,3,17,14,243,1199,956,revision-added exploratory
qasper,bm25,4e106b03cc2f54373e73d5922e97f7e5e9bf03e4,1906.00424,36,3,3,0,256,256,0,revision-added exploratory
qasper,bm25,4e59808a7f73ac499b9838d3c0ce814196a02473,1908.06259,41,1,2,1,46,202,156,revision-added exploratory
qasper,bm25,4eb42c5d56d695030dd47ea7f6d65164924c4017,1910.09387,23,9,9,0,1273,1273,0,revision-added exploratory
qasper,bm25,4f57ac24f3f4689a2f885715cd84b7d867fe3f12,1908.06893,98,54,54,0,3747,3747,0,revision-added exploratory
qasper,bm25,5096aaea2d0f4bea4c12e14f4f7735e1aea1bfa6,1706.00188,14,2,5,3,155,530,375,revision-added exploratory
qasper,bm25,50bcbb730aa74637503c227f022a10f57d43f1f7,1703.05320,60,1,20,19,76,1641,1565,revision-added exploratory
qasper,bm25,50c1bf8b928069f3ffc7f0cb00aa056a163ef336,1906.01502,30,12,27,15,895,2114,1219,revision-added exploratory
qasper,bm25,50c441a9cc7345a0fa408d1ce2e13f194c1e82a8,1911.11161,18,6,6,0,930,930,0,revision-added exploratory
qasper,bm25,5102dc911913e9ca0311253e44fd31c73eed0a57,1909.07158,55,5,5,0,312,312,0,revision-added exploratory
qasper,bm25,511e46b5aa8e1ee9e7dc890f47fa15ef94d4a0af,1804.07445,34,5,5,0,425,425,0,revision-added exploratory
qasper,bm25,5154f63c50729b8ac04939588c2f5ffeb916e3df,1801.05617,85,6,15,9,723,1664,941,revision-added exploratory
qasper,bm25,516b691ef192f136bb037c12c3c9365ef5a6604c,1706.02222,68,23,49,26,2463,4280,1817,revision-added exploratory
qasper,bm25,5181527e6a61a9a192db5f8064e56ec263c42661,1909.11980,29,7,7,0,475,475,0,revision-added exploratory
qasper,bm25,51e9f446d987219bc069222731dfc1081957ce1f,1910.03355,41,32,32,0,2200,2200,0,revision-added exploratory
qasper,bm25,521a3e7300567f6e8e4c531f223dbc9fc306c393,1911.00202,55,2,6,4,119,491,372,revision-added exploratory
qasper,bm25,52868394eb2b3b37eb5f47f51c06ad53061f4495,2002.06854,46,7,44,37,613,2886,2273,revision-added exploratory
qasper,bm25,52faf319e37aa15fff1ab47f634a5a584dc42e75,1708.00549,27,3,9,6,198,665,467,revision-added exploratory
qasper,bm25,5370a0062aae7fa4e700ae47aa143be5c5fc6b22,1811.04791,60,5,30,25,509,3561,3052,revision-added exploratory
qasper,bm25,539f5c27e1a2d240e52b711d0a50a3a6ddfa5cb2,1911.04128,23,3,3,0,235,235,0,revision-added exploratory
qasper,bm25,53a8c3cf22d6bf6477bc576a85a83d8447ee0484,1910.07973,16,15,15,0,1869,1869,0,revision-added exploratory
qasper,bm25,54002c15493d4082d352a66fb9465d65bfe9ddca,1911.03977,71,1,1,0,184,184,0,revision-added exploratory
qasper,bm25,5422a3f2a083395416d6f99c57d28335eb2e44e1,1911.09709,79,1,4,3,110,442,332,revision-added exploratory
qasper,bm25,5499440674f0e4a9d6912b9ac29fa1f7b7cd5253,1811.01183,50,1,18,17,65,1950,1885,revision-added exploratory
qasper,bm25,5522a9eeb06221722052e3c38f9b0d0dbe7c13e6,1709.06136,45,4,4,0,530,530,0,revision-added exploratory
qasper,bm25,552b1c813f25bf39ace6cd5eefa56f4e4dd70c84,1911.03854,26,14,16,2,986,1080,94,revision-added exploratory
qasper,bm25,554d798e4ce58fd30820200c474d7e796dc8ba89,1810.02268,71,31,44,13,1829,2666,837,revision-added exploratory
qasper,bm25,55612e92791296baf18013d2c8dd0474f35af770,1707.07568,38,6,6,0,376,376,0,revision-added exploratory
qasper,bm25,556782bb96f8fc07d14865f122362ebcc79134ec,1909.11706,31,9,10,1,1368,1428,60,revision-added exploratory
qasper,bm25,55bde89fc5822572f794614df3130d23537f7cf2,2002.04745,127,27,27,0,2621,2621,0,revision-added exploratory
qasper,bm25,568466c62dd73a025bfd9643417cdb7a611f23a1,1909.12016,56,3,3,0,204,204,0,revision-added exploratory
qasper,bm25,5695908a8c6beb0e3863a1458a1b93aab508fd34,1910.10670,41,2,2,0,294,294,0,revision-added exploratory
qasper,bm25,56d41e0fcc288c1e65806ae77097d685c83e22db,1709.09749,34,1,2,1,29,65,36,revision-added exploratory
qasper,bm25,56d788af4694c1cd1eebee0b83c585836d1f5f99,1912.08084,68,8,11,3,556,779,223,revision-added exploratory
qasper,bm25,573b8b1ad919d3fd0ef7df84e55e5bfd165b3e84,1909.07873,52,4,4,0,578,578,0,revision-added exploratory
qasper,bm25,5752c8d333afc1e6c666b18d1477c8f669b7a602,1707.02892,71,2,2,0,56,56,0,revision-added exploratory
qasper,bm25,576a3ed6e4faa4c3893db632e97a52ac6e864aac,1605.04278,123,48,48,0,3650,3650,0,revision-added exploratory
qasper,bm25,578add9d3dadf86cd0876d42b03bf0114f83d0e7,1907.04072,44,13,13,0,1299,1299,0,revision-added exploratory
qasper,bm25,57d07d2b509c5860880583efe2ed4c5620a96747,2004.04478,67,1,11,10,109,658,549,revision-added exploratory
qasper,bm25,57ee20f494d8ce3fae46028c3f3551d180dba3e0,1611.06322,49,12,45,33,1442,4097,2655,revision-added exploratory
qasper,bm25,58a3cfbbf209174fcffe44ce99840c758b448364,1707.05589,47,24,31,7,1898,2265,367,revision-added exploratory
qasper,bm25,59a3d4cdd1c3797962bf8d72c226c847e06e1d44,1908.05925,40,16,21,5,1222,1789,567,revision-added exploratory
qasper,bm25,5a7d1ae6796e09299522ebda7bfcfad312d6d128,1912.07076,55,1,38,37,168,3713,3545,revision-added exploratory
qasper,bm25,5ae005917efc17a505ba1ba5e996c4266d6c74b6,1806.06571,52,25,25,0,1551,1551,0,revision-added exploratory
qasper,bm25,5b2839bef513e5d441f0bb8352807f673f4b2070,1803.06745,41,6,12,6,419,1026,607,revision-added exploratory
qasper,bm25,5bfbc9ca7fd41be9627f6ef587bb7e21c7983be0,2002.06851,33,10,13,3,996,1202,206,revision-added exploratory
qasper,bm25,5c17559749810c67c50a7dbe34580d5e3b4f9acb,1706.04206,34,3,23,20,213,1886,1673,revision-added exploratory
qasper,bm25,5cc5e2db82f5d40a5244224dad94da50b4f673db,1804.03839,55,1,1,0,140,140,0,revision-added exploratory
qasper,bm25,5d0a3f8ca3882f87773cf8c2ef1b4f72b9cc241e,1808.10006,50,35,35,0,3128,3128,0,revision-added exploratory
qasper,bm25,5d3e87937ecebf0695bece08eccefb2f88ad4a0f,1907.05338,25,7,7,0,851,851,0,revision-added exploratory
qasper,bm25,5d93245832d90b31aee42ea2bf1e7704c22ebeca,1808.07231,39,2,2,0,83,83,0,revision-added exploratory
qasper,bm25,5da9e2eef741bd7efccec8e441b8e52e906b2d2d,1804.00982,18,17,17,0,1606,1606,0,revision-added exploratory
qasper,bm25,5db47bbb97282983e10414240db78154ea7ac75f,1909.07873,52,1,39,38,58,4539,4481,revision-added exploratory
qasper,bm25,5dfd58f91e7740899c23ebfe04b7176edce9ead2,1809.03391,33,1,2,1,76,139,63,revision-added exploratory
qasper,bm25,5e4eac0b0a73d465d74568c21819acaec557b700,1809.03680,47,4,4,0,579,579,0,revision-added exploratory
qasper,bm25,5f6c1513cbda9ae711bc38df08fe72e3d3028af2,1802.06053,19,6,6,0,933,933,0,revision-added exploratory
qasper,bm25,5f7f4a1d4380c118a58ed506c057d3b7aa234c1e,1906.04287,20,15,15,0,1514,1514,0,revision-added exploratory
qasper,bm25,5fd112980d0dd7f7ce30e6273fe6e7b230b13225,1910.14589,68,20,43,23,1246,2506,1260,revision-added exploratory
qasper,bm25,6014c2219d29bae17279625716e7c2a1f8a2bd05,1604.05559,19,17,17,0,607,607,0,revision-added exploratory
qasper,bm25,610fc593638c5e9809ea9839912d0b282541d42d,1804.08000,37,1,1,0,134,134,0,revision-added exploratory
qasper,bm25,6157567c5614e1954b801431fec680f044e102c6,1610.03807,23,4,23,19,361,1863,1502,revision-added exploratory
qasper,bm25,6167618e0c53964f3a706758bdf5e807bc5d7760,1909.01860,23,10,10,0,888,888,0,revision-added exploratory
qasper,bm25,61a2599acfbd3d75de58e97ecdba2d9cf0978324,1912.08084,68,8,17,9,538,1205,667,revision-added exploratory
qasper,bm25,61e96abdc924c34c6b82a587168ea3d14fe792d1,1911.10401,27,1,13,12,147,2964,2817,revision-added exploratory
qasper,bm25,620b6c410a055295d137511d3c99207a47c03b5e,1908.09590,53,9,9,0,910,910,0,revision-added exploratory
qasper,bm25,627ce8a1db08a732d5a8f7e1f8a72e3de89847e6,1911.09247,68,2,53,51,218,3245,3027,revision-added exploratory
qasper,bm25,62edffd051d056cf60e17deafcc55a8c9af398cb,1908.10461,34,4,4,0,251,251,0,revision-added exploratory
qasper,bm25,6371c6863fe9a14bf67560e754ce531d70de10ab,2002.04326,24,11,17,6,1897,2981,1084,revision-added exploratory
qasper,bm25,63cdac43a643fc1e06da44910458e89b2c7cd921,1904.03670,42,1,1,0,58,58,0,revision-added exploratory
qasper,bm25,63d2e97657419a0185127534f4ff9d0039cb1a63,1804.05253,26,1,3,2,126,275,149,revision-added exploratory
qasper,bm25,63eda2af88c35a507fbbfda0ec1082f58091883a,1711.11118,15,5,5,0,881,881,0,revision-added exploratory
qasper,bm25,641fe5dc93611411582e6a4a0ea2d5773eaf0310,1802.03052,49,2,2,0,117,117,0,revision-added exploratory
qasper,bm25,643527e94e8eed1e2229915fcf8cd74d769173fc,1908.09283,68,2,2,0,45,45,0,revision-added exploratory
qasper,bm25,643645e02ffe8fde45918615ec92013a035d1b92,1704.03279,32,2,2,0,333,333,0,revision-added exploratory
qasper,bm25,64632981279c7aa16ffc1a44ffc31f4520f5559e,1710.07695,63,1,1,0,51,51,0,revision-added exploratory
qasper,bm25,647f6e6b168ec38fcdb737d3b276f78402282f9d,1910.13793,45,6,6,0,407,407,0,revision-added exploratory
qasper,bm25,64c45fdb536ae294cf06716ac20d08b5fdb7944d,1710.01789,42,33,40,7,2389,2649,260,revision-added exploratory
qasper,bm25,64f7337970e8d1989b2e1f7106d86f73c4a3d0af,1803.08419,61,3,4,1,409,524,115,revision-added exploratory
qasper,bm25,654fe0109502f2ed2dc8dad359dbbce4393e03dc,1908.09892,31,6,30,24,674,2612,1938,revision-added exploratory
qasper,bm25,6590055fb033cb32826f2afecb3d7f607dd97d57,1911.03642,42,1,1,0,67,67,0,revision-added exploratory
qasper,bm25,65b39676db60f914f29f74b7c1264422ee42ad5c,1611.00440,28,10,26,16,1086,2196,1110,revision-added exploratory
qasper,bm25,65c7a2b734dab51c4c81f722527424ff33b023f8,1610.06510,53,41,41,0,3438,3438,0,revision-added exploratory
qasper,bm25,65e26b15e087bedb6e8782d91596b35e7454b16b,1611.01116,26,10,15,5,1670,2566,896,revision-added exploratory
qasper,bm25,6606160e210d05b94f7cbd9c5ff91947339f9d02,1902.08830,107,14,24,10,1506,2749,1243,revision-added exploratory
qasper,bm25,6656a9472499331f4eda45182ea697a4d63e943c,1805.09960,67,1,1,0,102,102,0,revision-added exploratory
qasper,bm25,6657ece018b1455035421b822ea2d7961557c645,1906.05685,48,11,11,0,823,823,0,revision-added exploratory
qasper,bm25,6683008e0a8c4583058d38e185e2e2e18ac6cf50,2002.08902,29,3,3,0,180,180,0,revision-added exploratory
qasper,bm25,66dfcdab1db6a8fcdf392157a478b4cca0d87961,1910.12203,25,4,4,0,408,408,0,revision-added exploratory
qasper,bm25,67672648e7ebcbef18921006e2c8787966f8cdf2,1901.09501,43,1,1,0,74,74,0,revision-added exploratory
qasper,bm25,67c16ba64fe27838b1034d15194c07a9c98cdebe,1708.05482,73,21,53,32,1624,3423,1799,revision-added exploratory
qasper,bm25,67cb001f8ca122ea859724804b41529fea5faeef,1805.07882,79,5,5,0,442,442,0,revision-added exploratory
qasper,bm25,67f1b8a9f72e62cd74ec42e9631ef763a9b098c7,1908.10001,38,1,1,0,87,87,0,revision-added exploratory
qasper,bm25,6883767bbdf14e124c61df4f76335d3e91bfcb03,1902.06734,43,1,1,0,135,135,0,revision-added exploratory
qasper,bm25,68aa460ad357b4228b16b31b2cbec986215813bf,1911.12893,61,17,52,35,1478,3209,1731,revision-added exploratory
qasper,bm25,68f1df3fb0703ff694a055d23e7ec3f6fb449b8d,1801.03615,65,24,49,25,2190,3653,1463,revision-added exploratory
qasper,bm25,69a46a227269c3aac9bf9d7c3d698c787642f806,1911.11025,66,16,16,0,1065,1065,0,revision-added exploratory
qasper,bm25,6a20a3220c4edad758b912e2d3e5b99b0b295d96,1805.04579,94,12,86,74,631,2778,2147,revision-added exploratory
qasper,bm25,6b1a6517b343fdb79f246955091ff25e440b9511,1902.04094,18,11,12,1,594,643,49,revision-added exploratory
qasper,bm25,6b4006a90aeaaff8914052d72d28851a9c0c0146,1804.07445,34,3,3,0,489,489,0,revision-added exploratory
qasper,bm25,6bce04570d4745dcfaca5cba64075242308b65cf,2002.08902,29,1,1,0,82,82,0,revision-added exploratory
qasper,bm25,6c1614991647705265fb348d28ba60dd3b63b799,1908.10090,26,1,1,0,80,80,0,revision-added exploratory
qasper,bm25,6cad6f074b0486210ffa4982c8d1632f5aa91d91,1912.10162,37,18,34,16,1288,2293,1005,revision-added exploratory
qasper,bm25,6cb3007a09ab0f1602cdad20cc0437fbdd4d7f3e,2003.07459,28,7,7,0,968,968,0,revision-added exploratory
qasper,bm25,6d17dc00f7e5331128b6b585e78cac0b9082e13d,1911.12722,54,1,1,0,102,102,0,revision-added exploratory
qasper,bm25,6d55e377335815b7ad134d1a2977d231ad34a25b,1701.03578,41,8,16,8,1158,2056,898,revision-added exploratory
qasper,bm25,6d8a51e2790043497ed2637a1abc36bdffb39b71,1911.02747,29,1,8,7,121,853,732,revision-added exploratory
qasper,bm25,6e134d51a795c385d72f38f36bca4259522bcf51,1703.10152,41,4,27,23,373,2065,1692,revision-added exploratory
qasper,bm25,6e3e9818551fc2f8450bbf09b0fe82ac2506bc7a,1906.06349,200,59,59,0,2777,2777,0,revision-added exploratory
qasper,bm25,6e63db22a2a34c20ad341eb33f3422f40d0001d3,1909.02855,31,1,1,0,161,161,0,revision-added exploratory
qasper,bm25,6e80386b33fbfba8bc1ab811a597d844ae67c578,1910.12203,25,2,2,0,189,189,0,revision-added exploratory
qasper,bm25,70512cc9dcd45157e40c8d1f85e82d21ade7645b,1603.01547,67,4,47,43,181,2801,2620,revision-added exploratory
qasper,bm25,708f5f83a3c356b23b27a9175f5c35ac00cdf5db,1910.09916,50,5,5,0,697,697,0,revision-added exploratory
qasper,bm25,70abb108c3170e81f8725ddc1a3f2357be5a4959,1708.09025,62,3,19,16,510,2024,1514,revision-added exploratory
qasper,bm25,713e1c7b0ab17759ba85d7cd2041e387831661df,2002.06854,46,2,4,2,123,339,216,revision-added exploratory
qasper,bm25,71413505d7d6579e2a453a1f09f4efd20197ab4b,1612.03762,133,4,90,86,669,9055,8386,revision-added exploratory
qasper,bm25,718c0232b1f15ddb73d40c3afbd6c5c0d0354566,1806.09652,34,3,3,0,265,265,0,revision-added exploratory
qasper,bm25,71b07d08fb6ac8732aa4060ae94ec7c0657bb1db,1910.01160,23,1,3,2,55,206,151,revision-added exploratory
qasper,bm25,71b29ab3ddcdd11dcc63b0bb55e75914c07a2217,1908.06024,37,7,7,0,1559,1559,0,revision-added exploratory
qasper,bm25,71fd0efea1b441d86d9a75255815ba3efe09779b,1905.07562,50,8,8,0,1414,1414,0,revision-added exploratory
qasper,bm25,7239c02a0dcc0c3c9d9cddb5e895bcf9cfcefee6,1602.03483,43,28,28,0,2631,2631,0,revision-added exploratory
qasper,bm25,726c5c1b6951287f4bae22978f9a91d22d9bef61,1610.09722,69,69,69,0,3914,3914,0,revision-added exploratory
qasper,bm25,72dbdd11b655b25b2b254e39689a7d912f334b71,1909.03553,54,30,31,1,1276,1315,39,revision-added exploratory
qasper,bm25,732bd97ae34541f215c436e2a1b98db1649cba27,1809.03391,33,3,3,0,245,245,0,revision-added exploratory
qasper,bm25,7380e62edcb11f728f6d617ee332dc8b5752b185,1612.07486,25,20,20,0,1756,1756,0,revision-added exploratory
qasper,bm25,73c535a7b46f0c2408ea2b1da0a878b376a2bca5,1605.04278,123,20,20,0,1409,1409,0,revision-added exploratory
qasper,bm25,740cc392c0c8bfadfe6b3a60c0be635c03e17f2a,2004.00809,34,4,4,0,397,397,0,revision-added exploratory
qasper,bm25,742d5e182b57bfa5f589fde645717ed0ac3f49c2,1610.09722,69,2,2,0,174,174,0,revision-added exploratory
qasper,bm25,74a17eb3bf1d4f36e2db1459a342c529b9785f6e,1805.09960,67,2,41,39,258,3119,2861,revision-added exploratory
qasper,bm25,74acaa205a5998af4ad7edbed66837a6f2b5c58b,1712.00733,74,55,60,5,5055,5245,190,revision-added exploratory
qasper,bm25,74cef0205e0f31d0ab28d0e4d96c1e8ef62d4cce,1903.04329,32,1,1,0,252,252,0,revision-added exploratory
qasper,bm25,74ebfba06f37cc95dfe59c3790ebe6165e6be19c,1702.02584,18,1,7,6,126,859,733,revision-added exploratory
qasper,bm25,74fcb741d29892918903702dbb145fef372d1de3,1909.02322,29,28,28,0,3934,3934,0,revision-added exploratory
qasper,bm25,753a187c1dd8d96353187fbb193b5f86293a796c,1911.01214,74,15,35,20,1422,2829,1407,revision-added exploratory
qasper,bm25,754d7475b8bf50499ed77328b4b0eeedf9cb2623,1806.09652,34,1,1,0,98,98,0,revision-added exploratory
qasper,bm25,7557f2c3424ae70e2a79c51f9752adc99a9bdd39,1901.05389,45,19,19,0,2428,2428,0,revision-added exploratory
qasper,bm25,7561bd3b8ba7829b3a01ff07f9f3e93a7b8869cc,2002.06851,33,15,15,0,1445,1445,0,revision-added exploratory
qasper,bm25,756a8a9125e6984e0ca768b653c6c760efa3db66,1905.00840,31,3,5,2,421,568,147,revision-added exploratory
qasper,bm25,7572f6e68a2ed2c41b87c5088ba8680afa0c0a0b,1808.07231,39,5,32,27,440,2212,1772,revision-added exploratory
qasper,bm25,75b3e2d2caec56e5c8fbf6532070b98d70774b95,1911.12237,55,1,5,4,70,616,546,revision-added exploratory
qasper,bm25,75c221920bee14a6153bd5f4c1179591b2f48d59,2004.02401,33,9,9,0,1151,1151,0,revision-added exploratory
qasper,bm25,7625068cc22a095109580b83eff48616387167c2,2004.03090,28,4,5,1,320,362,42,revision-added exploratory
qasper,bm25,76ae794ced3b5ae565f361451813f2f3bc85b214,1605.05156,26,14,14,0,1302,1302,0,revision-added exploratory
qasper,bm25,76e17e648a4d1f386eb6bf61b0c24f134af872be,1808.07231,39,1,2,1,107,214,107,revision-added exploratory
qasper,bm25,76f90c88926256e7f90d2104a88acfdd7fc5475e,1910.07154,36,2,2,0,130,130,0,revision-added exploratory
qasper,bm25,7748c072e07d6c6db5a34be38b4a5e97ac6d7999,1905.00840,31,1,3,2,85,410,325,revision-added exploratory
qasper,bm25,778c6a27182349dc5275282c3e9577bda2555c3d,1905.08067,27,12,12,0,1723,1723,0,revision-added exploratory
qasper,bm25,77a331d4d909d92fab9552b429adde5379b2ae69,1706.02222,68,24,25,1,2582,2675,93,revision-added exploratory
qasper,bm25,77bbe1698e001c5889217be3164982ea36e85752,1908.11046,58,10,25,15,959,1805,846,revision-added exploratory
qasper,bm25,77bc886478925c8e9fb369b1ba5d05c42b3cd79a,1804.00982,18,3,3,0,264,264,0,revision-added exploratory
qasper,bm25,77c3416578b52994227bae7f2529600f02183e12,2003.11687,35,1,1,0,124,124,0,revision-added exploratory
qasper,bm25,78c7318b2218b906a67d8854f3e511034075f79a,1909.03087,50,3,13,10,291,1270,979,revision-added exploratory
qasper,bm25,78f8dad0f1acf024f69b3218b2d204b8019bb0d2,1901.05415,40,29,29,0,6706,6706,0,revision-added exploratory
qasper,bm25,79258cea30cd6c0662df4bb712bf667589498a1f,1707.07568,38,2,2,0,67,67,0,revision-added exploratory
qasper,bm25,7969b8d80e12aa3ebb89b5622bc564f44e98329f,1909.11706,31,8,9,1,1338,1487,149,revision-added exploratory
qasper,bm25,79885526713cc16eb734c88ff1169ae802cad589,2002.00175,58,2,2,0,105,105,0,revision-added exploratory
qasper,bm25,79e61134a6e29141cd19252571ffc92a0b4bc97f,1907.05338,25,16,16,0,2605,2605,0,revision-added exploratory
qasper,bm25,7a212a34e9dbb0ba52c40471842b2e0e3e14f276,1908.09355,57,6,16,10,616,1229,613,revision-added exploratory
qasper,bm25,7a84fed904acc1e0380deb6e5a2e1daacfb5907a,2001.04346,61,1,1,0,172,172,0,revision-added exploratory
qasper,bm25,7a8b24062a5bb63a8b4c729f6247a7fd2fec7f07,1907.08540,47,8,8,0,904,904,0,revision-added exploratory
qasper,bm25,7ae95716977d39d96e871e552c35ca0753115229,1610.09722,69,4,4,0,218,218,0,revision-added exploratory
qasper,bm25,7b76b8b69246525a48c0a8ca0c42db3319cd10a5,1704.08390,29,1,3,2,108,304,196,revision-added exploratory
qasper,bm25,7ba6330d105f49c7f71dba148bb73245a8ef2966,1708.07690,42,29,29,0,1706,1706,0,revision-added exploratory
qasper,bm25,7c2d6bc913523d77e8fdc82c60598ee95b445d84,1911.09709,79,7,25,18,468,1689,1221,revision-added exploratory
qasper,bm25,7caeb5ef6f2985b2cf383cd01765d247c936605f,1910.01992,36,1,23,22,35,1830,1795,revision-added exploratory
qasper,bm25,7cf44877dae8873139aede381fb9908dd0c546c4,1703.04357,16,3,7,4,190,346,156,revision-added exploratory
qasper,bm25,7d34cdd9cb1c988e218ce0fd59ba6a3b5de2024a,1802.03052,49,5,5,0,634,634,0,revision-added exploratory
qasper,bm25,7d503b3d4d415cf3e91ab08bd5a1a2474dd1047b,1909.08357,34,10,10,0,671,671,0,revision-added exploratory
qasper,bm25,7d8cd7d6c86349ef0bd4fdbd84c8dc49c7678f46,1709.06365,75,64,64,0,5556,5556,0,revision-added exploratory
qasper,bm25,7de0b2df60d3161dd581ed7915837d460020bc11,1909.06502,30,5,11,6,329,786,457,revision-added exploratory
qasper,bm25,7e906dc00e92088a25df3719104d1750e5a27485,1909.13184,17,1,1,0,231,231,0,revision-added exploratory
qasper,bm25,7e9aec2bdf4256c6249cad9887c168d395b35270,1909.00871,49,1,1,0,163,163,0,revision-added exploratory
qasper,bm25,7ece07a84635269bb19796497847e4517d1e3e61,1709.06136,45,3,3,0,404,404,0,revision-added exploratory
qasper,bm25,7ef7a5867060f91eac8ad857c186e51b767c734b,1908.06259,41,3,3,0,354,354,0,revision-added exploratory
qasper,bm25,7f958017cbb08962c80e625c2fd7a1e2375f27a3,1809.08899,38,1,1,0,97,97,0,revision-added exploratory
qasper,bm25,7ff7c286d3118a8be5688e2d18e9a56fe83679ad,1812.00382,22,3,20,17,374,2304,1930,revision-added exploratory
qasper,bm25,800fcd8b08d36c5276f9e5e1013208d41b46de59,1805.04558,131,1,6,5,78,548,470,revision-added exploratory
qasper,bm25,803babb71e1bdaf507847d6c712585f4128e9f47,1910.14589,68,54,54,0,3211,3211,0,revision-added exploratory
qasper,bm25,804466848f4fa1c552f0d971dce226cd18b9edda,1908.11053,64,1,1,0,114,114,0,revision-added exploratory
qasper,bm25,804bf5adc6dc5dd52f8079cf041ed3a710e03f8a,1805.04833,52,1,1,0,106,106,0,revision-added exploratory
qasper,bm25,80bb07e553449bde9ac0ff35fcc718d7c161f2d4,2003.12660,26,2,2,0,134,134,0,revision-added exploratory
qasper,bm25,80d6b9123a10358f57f259b8996a792cac08cb88,1809.06083,24,6,6,0,426,426,0,revision-added exploratory
qasper,bm25,811b67460e65232b8f363dc3f329ffecdfcc4ab2,1911.12893,61,1,40,39,84,2791,2707,revision-added exploratory
qasper,bm25,813a8156f9ed8ead53dda60ef54601f6ca8076e9,1607.00167,15,1,2,1,77,173,96,revision-added exploratory
qasper,bm25,814e945668e2b6f31b088918758b120fb00ada7d,2003.11687,35,4,4,0,389,389,0,revision-added exploratory
qasper,bm25,81e101b2c803257492d67a00e8a1d9a07cbab136,1909.05372,53,1,2,1,120,259,139,revision-added exploratory
qasper,bm25,824629b36a75753b1500d9dcaee0fc3c758297b1,1905.08067,27,3,3,0,419,419,0,revision-added exploratory
qasper,bm25,8246d1eee1482555d075127ac84f2e1d0781a446,1805.11598,24,8,8,0,809,809,0,revision-added exploratory
qasper,bm25,8276671a4d4d1fbc097cd4a4b7f5e7fadd7b9833,2002.00175,58,4,4,0,212,212,0,revision-added exploratory
qasper,bm25,82f8843b59668567bba09fc8f93963ca7d1fe107,1908.07491,30,10,29,19,771,2078,1307,revision-added exploratory
qasper,bm25,83db51da819adf6faeb950fe04b4df942a887fb5,1809.08899,38,27,27,0,3330,3330,0,revision-added exploratory
qasper,bm25,845bdcd900c0f96b2ae091d086fb1ab8bb1063f0,2004.00809,34,2,7,5,213,711,498,revision-added exploratory
qasper,bm25,84765903b8c7234ca2919d0a40e3c6a5bcedf45d,1911.04873,26,2,3,1,179,257,78,revision-added exploratory
qasper,bm25,8599d6d14ac157169920c73b98a79737c7a68cf5,1909.00437,43,1,4,3,79,482,403,revision-added exploratory
qasper,bm25,85e417231a4bbb6691f7a89bd81710525f8fec4c,1611.06322,49,1,39,38,49,4014,3965,revision-added exploratory
qasper,bm25,860257956b83099cccf1359e5d960289d7d50265,1702.02367,39,12,12,0,1429,1429,0,revision-added exploratory
qasper,bm25,863b3f29f8c59f224b4cbdb5f1097b45a25f1d88,2001.04346,61,3,39,36,92,3828,3736,revision-added exploratory
qasper,bm25,865811dcf63a1dd3f22c62ec39ffbca4b182de31,1709.05295,35,1,4,3,84,418,334,revision-added exploratory
qasper,bm25,86656aae3c27c6ea108f5600dd09ab7e421d876a,1906.01749,52,1,1,0,152,152,0,revision-added exploratory
qasper,bm25,867b1bb1e6a38de525be7757d49928a132d0dbd8,1912.00342,115,1,2,1,137,242,105,revision-added exploratory
qasper,bm25,86c867b393db0ec4ad09abb48cc1353cac47ea4c,1806.07042,52,1,3,2,73,437,364,revision-added exploratory
qasper,bm25,86d1c990c1639490c239c3dbf5492ecc44ab6652,1708.01065,53,1,41,40,137,2659,2522,revision-added exploratory
qasper,bm25,8701ec7345ccc2c35eca4e132a8e16d58585cd63,1908.05731,25,12,15,3,1026,1290,264,revision-added exploratory
qasper,bm25,871f7661f5a3da366b0b5feaa36f54fd3dedae8e,2003.09244,78,48,48,0,3818,3818,0,revision-added exploratory
qasper,bm25,8795bb1f874e5f3337710d8c3d5be49e672ab43a,1908.05803,11,2,2,0,280,280,0,revision-added exploratory
qasper,bm25,88757bc49ccab76e587fba7521f0981d6a1af2f7,1702.02584,18,13,13,0,1390,1390,0,revision-added exploratory
qasper,bm25,887d7f3edf37ccc6bf2e755dae418b04d2309686,1805.11937,43,1,12,11,133,1346,1213,revision-added exploratory
qasper,bm25,89373db8ced1fe420eae0093b2736f06b565616e,1901.02780,15,9,11,2,2116,2458,342,revision-added exploratory
qasper,bm25,894bbb1e42540894deb31c04cba0e6cfb10ea912,1911.12237,55,1,7,6,171,606,435,revision-added exploratory
qasper,bm25,8a0e1a298716698a305153c524bf03d18969b1c6,2001.11316,32,2,12,10,538,1654,1116,revision-added exploratory
qasper,bm25,8ad5ebca2f69023b60ccfa3aac0ed426234437ac,1911.02747,29,4,4,0,359,359,0,revision-added exploratory
qasper,bm25,8b1af67e3905244653b4cf66ba0acec8d6bff81f,1704.08390,29,16,26,10,1374,1823,449,revision-added exploratory
qasper,bm25,8b49423b7d1fa834128aa5038aa16c6ef3fdfa32,1909.04242,41,8,8,0,581,581,0,revision-added exploratory
qasper,bm25,8b8adb1d5a1824c8995b3eba668745c44f61c9c6,1903.04329,32,7,12,5,905,1622,717,revision-added exploratory
qasper,bm25,8c288120139615532838f21094bba62a77f92617,1802.06053,19,14,14,0,1833,1833,0,revision-added exploratory
qasper,bm25,8c89f1d1b3c2a45c0254c4c8d6e700ab9a4b4ffb,1703.10090,27,13,15,2,1460,1690,230,revision-added exploratory
qasper,bm25,8cbe3fa4ec0f66071e3d6b829b09b6395b631c44,1611.06322,49,17,17,0,1997,1997,0,revision-added exploratory
qasper,bm25,8cf52ba480d372fc15024b3db704952f10fdca27,1802.02614,46,19,19,0,1502,1502,0,revision-added exploratory
qasper,bm25,8cf5abf0126f19253930478b02f0839af28e4093,1805.04558,131,53,53,0,3662,3662,0,revision-added exploratory
qasper,bm25,8d3f79620592d040f9f055b4fce0f73cc45aab63,1711.04964,74,5,20,15,689,1829,1140,revision-added exploratory
qasper,bm25,8d683d2e1f46626ceab60ee4ab833b50b346c29e,1908.11053,64,1,1,0,143,143,0,revision-added exploratory
qasper,bm25,8db11d9166474a0e98b99ac7f81d1f14539d79ec,1910.10487,47,3,10,7,333,1008,675,revision-added exploratory
qasper,bm25,8ddf78dbdc6ac964a7102ae84df18582841f2e3c,1605.05156,26,2,2,0,154,154,0,revision-added exploratory
qasper,bm25,8de0e1fdcca81b49615a6839076f8d42226bf1fe,1908.07888,45,6,6,0,645,645,0,revision-added exploratory
qasper,bm25,8dfdd1ed805bb23c774fbb032ef1d97c6802e07c,1706.02427,60,3,7,4,482,1002,520,revision-added exploratory
qasper,bm25,8e113fd9661bc8af97e30c75a20712f01fc4520a,1911.10401,27,7,7,0,2002,2002,0,revision-added exploratory
qasper,bm25,8e26c471ca0ee1b9779da04c0b81918fd310d0f3,1906.05506,40,8,16,8,774,1515,741,revision-added exploratory
qasper,bm25,8f6b11413a19fe4639b3fba88fc6b3678286fa0c,1911.09241,57,33,33,0,4450,4450,0,revision-added exploratory
qasper,bm25,8faec509406d33444bd620afc829adc9eae97644,1912.07940,30,3,17,14,287,1412,1125,revision-added exploratory
qasper,bm25,8ffae517bc0efa453b7e316d41bd9f1b6679b158,1909.05372,53,5,48,43,414,4692,4278,revision-added exploratory
qasper,bm25,903ac8686ed7e6e3269a5d863f06ff11c50e49e8,1907.00168,24,2,2,0,319,319,0,revision-added exploratory
qasper,bm25,90756bdcd812b7ecc1c5df2298aa7561fd2eb02c,1804.01155,55,1,10,9,254,1692,1438,revision-added exploratory
qasper,bm25,908ba58d26d15c14600623498d4e86c9b73b14b2,2004.02105,49,2,13,11,288,1967,1679,revision-added exploratory
qasper,bm25,909ecf675f874421eecc926a9f7486475aa1423c,1908.07888,45,2,20,18,246,1909,1663,revision-added exploratory
qasper,bm25,90aba75508aa145475d7cc9a501bbe987c0e8413,2004.02363,19,13,13,0,1697,1697,0,revision-added exploratory
qasper,bm25,90dde59e1857a0d2b1ee4615ab017fee0741f29f,1911.12893,61,12,12,0,803,803,0,revision-added exploratory
qasper,bm25,9119fbfba84d298014d1b74e0e3d30330320002c,1912.00239,42,3,3,0,323,323,0,revision-added exploratory
qasper,bm25,91336f12ab94a844b66b607f8621eb8bbd209f32,1909.09070,59,12,12,0,1092,1092,0,revision-added exploratory
qasper,bm25,9133a85730c4090fe8b8d08eb3d9146efe7d7037,1803.05160,71,18,27,9,2062,2715,653,revision-added exploratory
qasper,bm25,915e4d0b3cb03789a20380ead961d473cb95bfc3,1710.11027,15,1,1,0,143,143,0,revision-added exploratory
qasper,bm25,919681faa9731057b3fae5052b7da598abd3e04b,2004.04498,93,76,77,1,4251,4303,52,revision-added exploratory
qasper,bm25,91e361e85c6d3884694f3c747d61bfcef171bab0,1909.12079,42,18,24,6,1752,2156,404,revision-added exploratory
qasper,bm25,9207f19e65422bdf28f20e270ede6c725a38e5f9,1605.05156,26,7,10,3,905,1281,376,revision-added exploratory
qasper,bm25,92fc94a4999d1b25a0593904025eb7b8953bb28b,1909.06708,30,27,29,2,2096,2188,92,revision-added exploratory
qasper,bm25,9489b0ecb643c1fc95c001c65d4e9771315989aa,1704.04451,71,13,13,0,914,914,0,revision-added exploratory
qasper,bm25,949a2bc34176e47a4d895bcc3223f2a960f15a81,1708.09025,62,15,17,2,1552,1670,118,revision-added exploratory
qasper,bm25,95646d0ac798dcfc15b43fa97a1908df9f7b9681,1910.13793,45,4,4,0,275,275,0,revision-added exploratory
qasper,bm25,9595fdf7b51251679cd39bc4f6befc81f09c853c,1901.05389,45,9,9,0,1117,1117,0,revision-added exploratory
qasper,bm25,95af7aaea3ce9dab4cf64e2229ce9b98381dd050,1612.03762,133,7,112,105,1257,9811,8554,revision-added exploratory
qasper,bm25,95ef89dc29ff291bdbe48cb956329a6a06d36db8,1911.00461,29,16,17,1,959,1081,122,revision-added exploratory
qasper,bm25,961a97149127e1123c94fbf7e2021eb1aa580ecb,1911.09247,68,54,54,0,3183,3183,0,revision-added exploratory
qasper,bm25,96459b02efa82993a0b413530ed0b517c6633eea,1908.10090,26,3,7,4,289,681,392,revision-added exploratory
qasper,bm25,965e0ce975a0b8612a30cfc31bbfd4b8a57aa138,1706.02427,60,2,9,7,273,1062,789,revision-added exploratory
qasper,bm25,97055ab0227ed6ac7a8eba558b94f01867bb9562,1610.07149,72,2,2,0,105,105,0,revision-added exploratory
qasper,bm25,97708d93bccc832ea671dc31a76dad6a121fcd60,1707.06875,59,47,48,1,3478,3596,118,revision-added exploratory
qasper,bm25,9887ca3d25e2109f41d1da80eeea05c465053fbc,1911.12722,54,1,4,3,97,534,437,revision-added exploratory
qasper,bm25,98b97d24f31e9c535997e9b6cb126eb99fc72a90,1910.01160,23,20,20,0,1780,1780,0,revision-added exploratory
qasper,bm25,991ea04072b3412928be5e6e903cfa54eeac3951,1808.10006,50,1,13,12,160,1053,893,revision-added exploratory
qasper,bm25,9925e7d8757e8fd7411bcb5250bc08158a244fb3,1911.05652,34,3,3,0,367,367,0,revision-added exploratory
qasper,bm25,992e67f706c728bc0e534f974c1656da10e7a724,1911.10401,27,4,4,0,1522,1522,0,revision-added exploratory
qasper,bm25,998fa38634000f2d7b52d16518b9e18e898ce933,1908.05758,88,16,87,71,863,3175,2312,revision-added exploratory
qasper,bm25,99e99f2c25706085cd4de4d55afe0ac43213d7c8,2002.09616,65,2,2,0,146,146,0,revision-added exploratory
qasper,bm25,99f898eb91538cb82bc9a00892d54ae2a740961e,1710.10380,65,4,4,0,378,378,0,revision-added exploratory
qasper,bm25,9a7aeecbecf5e30ffa595c233fca31719c9b429f,1704.08390,29,4,4,0,272,272,0,revision-added exploratory
qasper,bm25,9aabcba3d44ee7d0bbf6a2c019ab9e0f02fab244,1605.05195,46,11,36,25,1112,3343,2231,revision-added exploratory
qasper,bm25,9b05d5f723a8a452522907778a084b52e27fd924,1803.08614,41,30,35,5,1925,2116,191,revision-added exploratory
qasper,bm25,9b1382b44dc69f7ee20acf952f7ceb1c3ef83965,1610.03955,49,3,8,5,231,704,473,revision-added exploratory
qasper,bm25,9b536f4428206ef7afabc4ff0a2ebcbabd68b985,2001.11316,32,1,8,7,125,1012,887,revision-added exploratory
qasper,bm25,9b6339e24f58b576143d2adf599cfc4a31fd3b0c,2003.11531,83,1,2,1,118,243,125,revision-added exploratory
qasper,bm25,9b868c7d17852f46a8fe725f24cb9548fdbd2b05,1903.02930,20,1,3,2,53,201,148,revision-added exploratory
qasper,bm25,9baca9bdb8e7d5a750f8cbe3282beb371347c164,1901.05389,45,1,1,0,97,97,0,revision-added exploratory
qasper,bm25,9be9354eeb2bb1827eeb1e23a20cfdca59fb349a,2002.03056,65,1,1,0,84,84,0,revision-added exploratory
qasper,bm25,9c2cacf77041e02d38f92a4c490df1e04552f96f,1905.00472,30,1,12,11,165,1351,1186,revision-added exploratory
qasper,bm25,9c529bd3f7565b2178a79aae01c98c90f9d372ad,1705.00571,30,2,2,0,179,179,0,revision-added exploratory
qasper,bm25,9ca85242ebeeafa88a0246986aa760014f6094f2,1803.05160,71,67,67,0,5517,5517,0,revision-added exploratory
qasper,bm25,9ce90f4132b34a328fa49a63e897f376a3ad3ca8,1909.00871,49,1,4,3,78,370,292,revision-added exploratory
qasper,bm25,9d6b2672b11d49c37a6bfb06172d39742d48aef4,1705.10272,14,1,1,0,136,136,0,revision-added exploratory
qasper,bm25,9d6d17120c42a834b2b5d96f2120d646218ed4bb,1706.02427,60,19,21,2,2568,2744,176,revision-added exploratory
qasper,bm25,9d963d385bd495a7e193f8a498d64c1612e6c20c,1907.01339,23,9,9,0,749,749,0,revision-added exploratory
qasper,bm25,9da181ac8f2600eb19364c1b1e3cdeb569811a11,1908.10001,38,11,14,3,774,988,214,revision-added exploratory
qasper,bm25,9dcc10a4a325d4c9cb3bb8134831ee470be47e93,1602.03483,43,15,15,0,1722,1722,0,revision-added exploratory
qasper,bm25,9dd8ce48a2a59a63ae6366ab8b2b8828e5ae7f35,1904.02954,34,6,26,20,789,2009,1220,revision-added exploratory
qasper,bm25,9e9aa8af4b49e2e1e8cd9995293a7982ea1aba0e,1910.09387,23,4,21,17,461,3698,3237,revision-added exploratory
qasper,bm25,9ec0527bda2c302f4e82949cc0ae7f7769b7bfb8,2003.00864,31,11,11,0,1295,1295,0,revision-added exploratory
qasper,bm25,9eec16e560f9ccafd7ba6f1e0db742b330b42ba9,1710.11334,14,1,13,12,149,1951,1802,revision-added exploratory
qasper,bm25,9ef0d2365bde0d18054511fbb53cec5fa2cda5ee,1908.11049,45,6,9,3,682,1083,401,revision-added exploratory
qasper,bm25,9f065e787a0d40bb4550be1e0d64796925459005,1708.07252,62,16,29,13,2567,3881,1314,revision-added exploratory
qasper,bm25,9f1d81b2a6fe6835042a5229690e1951b97ff671,1806.04387,48,4,4,0,709,709,0,revision-added exploratory
qasper,bm25,9f1e60ee86a5c46abe75b67ef369bf92a5090568,1911.11899,57,3,3,0,261,261,0,revision-added exploratory
qasper,bm25,9f74f3991b8681619d95ab93a7c8733a843ddffe,1907.10676,24,7,22,15,874,3029,2155,revision-added exploratory
qasper,bm25,a064337bafca8cf01e222950ea97ebc184c47bc0,1609.02075,85,30,36,6,2458,2652,194,revision-added exploratory
qasper,bm25,a064d01d45a33814947161ff208abb88d4353b26,1711.03759,31,1,1,0,84,84,0,revision-added exploratory
qasper,bm25,a0fd0c0fe042ad045b8d5095c81643ef3a352b81,1604.02038,55,14,30,16,1187,2420,1233,revision-added exploratory
qasper,bm25,a18d74109ed55ed14c33913efa62e12f207279c0,1802.09059,34,7,7,0,901,901,0,revision-added exploratory
qasper,bm25,a1ac4463031bbc42c80893b57c0055b860f12e10,1908.06893,98,1,1,0,11,11,0,revision-added exploratory
qasper,bm25,a24b2269b292fd0ee81d50303d1315383c594382,2004.03090,28,2,2,0,174,174,0,revision-added exploratory
qasper,bm25,a28c73a6a8c46a43a1eec2b42b542dd7fde1e30e,1906.05506,40,4,4,0,327,327,0,revision-added exploratory
qasper,bm25,a2baa8e266318f23f43321c4b2b9cf467718c94a,1611.00440,28,3,3,0,362,362,0,revision-added exploratory
qasper,bm25,a2edd0454026811223b8f31512bdae91159677be,2002.03056,65,40,40,0,2645,2645,0,revision-added exploratory
qasper,bm25,a3705b53c6710b41154c65327b7bbec175bdfae7,1910.03355,41,8,8,0,705,705,0,revision-added exploratory
qasper,bm25,a398c9b061f28543bc77c2951d0dfc5d1bee9e87,1808.00957,28,3,3,0,359,359,0,revision-added exploratory
qasper,bm25,a3a867f7b3557c168d05c517c468ff6c7337bff9,1701.03578,41,32,32,0,2868,2868,0,revision-added exploratory
qasper,bm25,a3ba21341f0cb79d068d24de33b23c36fa646752,2002.06851,33,1,1,0,96,96,0,revision-added exploratory
qasper,bm25,a3e7d7389228a197c8c44e0c504a791b60f2c80d,1909.00091,35,7,31,24,750,2759,2009,revision-added exploratory
qasper,bm25,a464052fd11af1d2d99e407c11791269533d43d1,1802.06053,19,2,2,0,256,256,0,revision-added exploratory
qasper,bm25,a4a9971799c8860b50f219c93f050ebf6a627b3d,1905.08067,27,23,25,2,3481,3815,334,revision-added exploratory
qasper,bm25,a4b77a20e067789691e0ab246bc5b11913d77ae1,1703.04009,20,3,3,0,484,484,0,revision-added exploratory
qasper,bm25,a4cf0cf372f62b2dbc7f31c600c6c66246263328,1912.11980,61,48,48,0,3648,3648,0,revision-added exploratory
qasper,bm25,a59e86a15405c8a11890db072b99fda3173e5ab2,1704.04451,71,32,32,0,2179,2179,0,revision-added exploratory
qasper,bm25,a5df7361ae37b9512fb57cb93efbece9ded8cab1,1710.11027,15,1,3,2,97,396,299,revision-added exploratory
qasper,bm25,a606bffed3bfeebd1b66125be580f908244e5d92,1911.09753,45,8,9,1,1248,1396,148,revision-added exploratory
qasper,bm25,a67a2d9acad1787b636ca2681330f4c29a0b0254,1606.07043,27,2,2,0,140,140,0,revision-added exploratory
qasper,bm25,a71fb012631e6a8854d5945b6d0ab2ab8e7b7ee6,1611.04234,31,2,2,0,122,122,0,revision-added exploratory
qasper,bm25,a7313c29b154e84b571322532f5cab08e9d49e51,2003.13028,66,2,2,0,96,96,0,revision-added exploratory
qasper,bm25,a77d38427639d54461ae308f3045434f81e497d0,1906.08871,38,1,7,6,122,602,480,revision-added exploratory
qasper,bm25,a786cceba4372f6041187c426432853eda03dca6,1910.02001,82,9,9,0,611,611,0,revision-added exploratory
qasper,bm25,a79a23573d74ec62cbed5d5457a51419a66f6296,1906.04287,20,2,2,0,297,297,0,revision-added exploratory
qasper,bm25,a7e1b13cc42bfe78d37b9c943de6288e5f00f01b,1608.01972,44,15,15,0,1553,1553,0,revision-added exploratory
qasper,bm25,a836ab8eb5a72af4b0a0c83bf42a2a14d1b38763,1911.07620,51,5,35,30,435,2859,2424,revision-added exploratory
qasper,bm25,a837dcbd339e27a974e28944178c790a5b0b37c0,1910.02001,82,12,12,0,1001,1001,0,revision-added exploratory
qasper,bm25,a8cc891bb8dccf0d32c1c9cd1699d5ead0eed711,1909.04251,58,57,57,0,4272,4272,0,revision-added exploratory
qasper,bm25,a8e5e10d13b3f21dd11e8eb58e30cc25efc56e93,1708.09025,62,2,2,0,212,212,0,revision-added exploratory
qasper,bm25,a8f189fad8b72f8b2b4d2da4ed8475d31642d9e7,1611.01116,26,2,9,7,412,1552,1140,revision-added exploratory
qasper,bm25,a98ae529b47362f917a398015c8525af3646abf0,1912.11637,58,5,11,6,506,1058,552,revision-added exploratory
qasper,bm25,a994cc18046912a8c9328dc572f4e4310736c0e2,1704.03279,32,10,10,0,1726,1726,0,revision-added exploratory
qasper,bm25,a9cae57f494deb0245b40217d699e9a22db0ea6e,1611.02378,52,2,2,0,248,248,0,revision-added exploratory
qasper,bm25,a9d5f83f4b32c52105f2ae1c570f1c590ac52487,1909.08211,69,3,3,0,207,207,0,revision-added exploratory
qasper,bm25,a9eb8039431e2cb885cfcf96eb58c0675b36b3bd,1908.05758,88,1,34,33,37,1753,1716,revision-added exploratory
qasper,bm25,a9ff35f77615b3a4e7fd7b3a53d0b288a46f06ce,1911.11025,66,39,39,0,2389,2389,0,revision-added exploratory
qasper,bm25,aa287673534fc05d8126c8e3486ca28821827034,1607.00167,15,11,15,4,844,1016,172,revision-added exploratory
qasper,bm25,aa7c5386aedfb13a361a2629b67cb54277e208d2,1911.04128,23,3,16,13,363,1814,1451,revision-added exploratory
qasper,bm25,ab8b0e6912a7ca22cf39afdac5531371cda66514,1912.03010,28,6,18,12,728,1867,1139,revision-added exploratory
qasper,bm25,ab975efc916c34f55e1144b1d28e7dfdc257e371,1804.03839,55,16,16,0,859,859,0,revision-added exploratory
qasper,bm25,ac87dd34d28c3edd9419fa0145f3d38c87d696aa,1807.08089,47,13,42,29,1217,3757,2540,revision-added exploratory
qasper,bm25,acac0606aab83cae5d13047863c7af542d58e54c,1908.07491,30,8,8,0,682,682,0,revision-added exploratory
qasper,bm25,ae1c4f9e33d0cd64d9a313c318ad635620303cdd,1906.11085,25,1,10,9,56,929,873,revision-added exploratory
qasper,bm25,ae7c5cf9c2c121097eb00d389cfd7cc2a5a7d577,2004.02143,48,7,38,31,777,3924,3147,revision-added exploratory
qasper,bm25,ae89eed483c11ccd70a34795e9fe416af8a35da2,1911.01214,74,2,7,5,232,494,262,revision-added exploratory
qasper,bm25,aebd1f0d728d0de5f76238844da044a44109f76f,1911.04474,68,4,66,62,393,3840,3447,revision-added exploratory
qasper,bm25,af45ff2c4209f14235482329d0729864fb2bd4b0,1911.12893,61,4,21,17,294,1772,1478,revision-added exploratory
qasper,bm25,af948ea91136c700957b438d927f58d9b051c97c,2004.02143,48,2,2,0,211,211,0,revision-added exploratory
qasper,bm25,afad388a0141bdda5ca9586803ac53d5f10f41f6,1908.08917,43,10,34,24,1799,4261,2462,revision-added exploratory
qasper,bm25,b012df09fa2a3d6b581032d68991768cf4bc9d7b,1908.10461,34,24,24,0,1639,1639,0,revision-added exploratory
qasper,bm25,b03249984c26baffb67e7736458b320148675900,1901.05389,45,1,1,0,158,158,0,revision-added exploratory
qasper,bm25,b065c2846817f3969b39e355d5d017e326d6f42e,1708.01065,53,26,26,0,2021,2021,0,revision-added exploratory
qasper,bm25,b10388e343868ca8e5c7c601ebb903f52e756e61,1803.08419,61,1,3,2,60,245,185,revision-added exploratory
qasper,bm25,b160bfb341f24ae42a268aa18641237a4b3a6457,2003.03728,34,5,5,0,371,371,0,revision-added exploratory
qasper,bm25,b1fe6a39b474933038b44b6d45e5ca32af7c3e36,2004.04498,93,1,1,0,74,74,0,revision-added exploratory
qasper,bm25,b210c3e48c15cdc8c47cf6f4b6eb1c29a1933654,1604.02201,29,2,7,5,355,832,477,revision-added exploratory
qasper,bm25,b21245212244ad7adf7d321420f2239a0f0fe56b,1908.10149,30,4,30,26,567,3107,2540,revision-added exploratory
qasper,bm25,b32de10d84b808886d7a91ab0c423d4fc751384c,1603.09381,27,20,20,0,1412,1412,0,revision-added exploratory
qasper,bm25,b3432f52af0b95929e6723dd1f01ce029d90a268,1808.07733,21,1,8,7,102,756,654,revision-added exploratory
qasper,bm25,b39b278aa1cf2f87ad4159725dff77b387f2df84,2003.11687,35,1,1,0,35,35,0,revision-added exploratory
qasper,bm25,b3b9d7c8722e8ec41cbbae40e68458485a5ba25c,1910.07924,82,26,38,12,1165,1599,434,revision-added exploratory
qasper,bm25,b3dc9a35e8c3ed7abcc4ca0bf308dea75be9c016,1708.01065,53,12,12,0,780,780,0,revision-added exploratory
qasper,bm25,b424ad7f9214076b963a0077d7345d7bb5a7a205,2002.00175,58,4,37,33,264,2461,2197,revision-added exploratory
qasper,bm25,b4b7333805cb6fdde44907747887a971422dc298,2003.09244,78,5,5,0,306,306,0,revision-added exploratory
qasper,bm25,b537832bba2eb6d34702a9d71138e661c05a7c3a,1906.01076,52,10,10,0,645,645,0,revision-added exploratory
qasper,bm25,b57ad10468e1ba2a7a34396688dbb10a575d89f5,1706.02427,60,1,1,0,20,20,0,revision-added exploratory
qasper,bm25,b59f3a58939f7ac007d3263a459c56ebefc4b49a,2003.09244,78,28,59,31,2355,4709,2354,revision-added exploratory
qasper,bm25,b62b7ec5128219f04be41854247d5af992797937,1910.03355,41,31,31,0,2058,2058,0,revision-added exploratory
qasper,bm25,b6aa5665c981e3b582db4760759217e2979d5626,1909.10481,43,4,6,2,417,784,367,revision-added exploratory
qasper,bm25,b6c2a391c4a94eaa768150f151040bb67872c0bf,1605.05195,46,1,12,11,155,1122,967,revision-added exploratory
qasper,bm25,b6e97d1b1565732b1b3f1d74e6d2800dd21be37a,1707.05589,47,10,33,23,886,2553,1667,revision-added exploratory
qasper,bm25,b70e4c49300dc3eab18e907ab903afd2a0c6075a,1909.00437,43,4,4,0,297,297,0,revision-added exploratory
qasper,bm25,b783ec5cb9ad595da7db2c0ddf871152ae382c5f,1805.04833,52,6,17,11,482,1447,965,revision-added exploratory
qasper,bm25,b78bb6fe817c2d4bc69236df998f546e94c3ee21,1704.06851,45,9,9,0,1000,1000,0,revision-added exploratory
qasper,bm25,b79c85fa84712d3028cb5be2af873c634e51140e,1605.05156,26,1,1,0,40,40,0,revision-added exploratory
qasper,bm25,b79ff0a50bf9f361c5e5fed68525283856662076,1805.09960,67,14,20,6,1157,1709,552,revision-added exploratory
qasper,bm25,b8b79a6123716cb9fabf751b31dff424235a2ee2,1812.05813,72,1,8,7,122,506,384,revision-added exploratory
qasper,bm25,b8bbdc3987bb456739544426c6037c78ede01b77,1909.11980,29,28,28,0,1514,1514,0,revision-added exploratory
qasper,bm25,b942d94e4187e4fdc706cfdf92e3a869fc294911,1909.05372,53,8,40,32,1029,4202,3173,revision-added exploratory
qasper,bm25,b948bb86855b2c0bfc8fad88ff1e29cd94bb6ada,1905.05644,55,1,7,6,69,741,672,revision-added exploratory
qasper,bm25,b968bd264995cd03d7aaad1baba1838c585ec909,1804.09692,49,29,34,5,2579,2908,329,revision-added exploratory
qasper,bm25,b9d9803ba24127f91ba4d7cff4da11492da20f09,2004.03090,28,5,5,0,370,370,0,revision-added exploratory
qasper,bm25,ba39317e918b4386765f88e8c8ae99f9a098c935,1703.04009,20,6,6,0,1088,1088,0,revision-added exploratory
qasper,bm25,ba406e07c33a9161e29c75d292c82a15503beae5,1907.12984,107,3,5,2,374,683,309,revision-added exploratory
qasper,bm25,ba7fea78b0b888a714cb7d89944b69c5038a1ef1,1806.03369,29,11,11,0,1250,1250,0,revision-added exploratory
qasper,bm25,baaa6ad7148b785429a20f38786cd03ab9a2646e,1908.08917,43,1,2,1,349,536,187,revision-added exploratory
qasper,bm25,baad4b6f834d5944f61bd12f30908e3cf3739dcd,1911.06815,26,11,11,0,904,904,0,revision-added exploratory
qasper,bm25,bab4ae97afd598a11d1fc7c05c6fdb98c30cafe0,1711.03759,31,2,2,0,242,242,0,revision-added exploratory
qasper,bm25,bab4e8881f4d75e266bce6fbfa4c3bcd3eacf30f,1708.03312,38,4,4,0,206,206,0,revision-added exploratory
qasper,bm25,baec99756b80eec7c0234a08bc2855e6770bcaeb,1907.04072,44,37,37,0,2219,2219,0,revision-added exploratory
qasper,bm25,bbfe7e131ed776c85f2359b748db1325386c1af5,1807.03674,23,7,7,0,534,534,0,revision-added exploratory
qasper,bm25,bc6ad5964f444cf414b661a4b942dafb7640c564,1809.03680,47,47,47,0,4578,4578,0,revision-added exploratory
qasper,bm25,bc8526d4805e2554adb2e9c01736d3f3a3b19895,1604.02038,55,49,49,0,2992,2992,0,revision-added exploratory
qasper,bm25,bcf222ad4bb537b01019ed354ea03cd6bf2c1f8e,1905.07562,50,4,14,10,644,2203,1559,revision-added exploratory
qasper,bm25,bd191d95806cee4cf80295e9ce1cd227aba100ab,1912.07076,55,42,50,8,4315,5028,713,revision-added exploratory
qasper,bm25,bd255aadf099854541d06997f83a0e478f526120,1911.11025,66,6,6,0,384,384,0,revision-added exploratory
qasper,bm25,bd3562d2b3c162e9d27404d56b77e15f707d8b0f,1705.00571,30,3,3,0,417,417,0,revision-added exploratory
qasper,bm25,bd53399be8ff59060792da4c8e42a7fc1e6cbd85,2003.13028,66,1,2,1,54,138,84,revision-added exploratory
qasper,bm25,bda21bfb2dd74085cbc355c70dab5984ef41dba7,1906.04236,58,5,5,0,391,391,0,revision-added exploratory
qasper,bm25,bdae851d4cf1d05506cf3e8359786031ac4f756f,1911.12237,55,45,45,0,3433,3433,0,revision-added exploratory
qasper,bm25,be632f0246c2e5f049d12e796812f496e083c33e,1908.10001,38,2,5,3,116,374,258,revision-added exploratory
qasper,bm25,bfd55ae9630a08a9e287074fff3691dfbffc3258,1908.09283,68,63,66,3,3920,4034,114,revision-added exploratory
qasper,bm25,c01a8b42fd27b0a3bec717ededd98b6d085a0f5c,1710.11027,15,1,7,6,188,1198,1010,revision-added exploratory
qasper,bm25,c0355afc7871bf2e12260592873ffdb5c0c4c919,1909.10481,43,34,38,4,3077,3182,105,revision-added exploratory
qasper,bm25,c035a011b737b0a10deeafc3abe6a282b389d48b,1707.07212,52,48,48,0,3222,3222,0,revision-added exploratory
qasper,bm25,c0847af3958d791beaa14c4040ada2d364251c4d,2004.02105,49,25,25,0,3014,3014,0,revision-added exploratory
qasper,bm25,c0af44ebd7cd81270d9b5b54d4a40feed162fa54,1801.05617,85,11,11,0,1178,1178,0,revision-added exploratory
qasper,bm25,c0dbf3f1957f3bff3ced5b48aff60097f3eac7bb,1808.07231,39,21,21,0,1525,1525,0,revision-added exploratory
qasper,bm25,c135e1f8ecaf7965f6a6d3e30b537eb37ad74230,1910.02001,82,6,19,13,510,1381,871,revision-added exploratory
qasper,bm25,c138a45301713c1a9f6edafeef338ba2f99220ce,1912.08084,68,15,24,9,1094,1697,603,revision-added exploratory
qasper,bm25,c176eb1ccaa0e50fb7512153f0716e60bf74aa53,1910.01340,46,3,16,13,293,1750,1457,revision-added exploratory
qasper,bm25,c17ece1dad42d92c78fca2e3d8afa9a20ff19598,1906.01010,25,1,3,2,327,713,386,revision-added exploratory
qasper,bm25,c2037887945abbdf959389dc839a86bc82594505,1803.06745,41,2,10,8,381,1207,826,revision-added exploratory
qasper,bm25,c25014b7e57bb2949138d64d49f356d69838bc25,1908.10001,38,1,1,0,77,77,0,revision-added exploratory
qasper,bm25,c2ce25878a17760c79031a426b6f38931cd854b2,2003.11528,61,12,29,17,1184,2705,1521,revision-added exploratory
qasper,bm25,c30b0d6b23f0f01573eea315176c5ffe4e0c6b5c,1910.02677,56,1,1,0,112,112,0,revision-added exploratory
qasper,bm25,c3befe7006ca81ce64397df654c31c11482dafbe,1611.04887,45,1,2,1,299,387,88,revision-added exploratory
qasper,bm25,c3ce95658eea1e62193570955f105839de3d7e2d,1911.03324,57,2,3,1,195,251,56,revision-added exploratory
qasper,bm25,c47312f2ca834ee75fa9bfbf912ea04239064117,1907.00937,39,3,3,0,443,443,0,revision-added exploratory
qasper,bm25,c4b621f573bbb411bdaa84a7562c9c4795a7eb3a,1808.09180,76,3,9,6,280,976,696,revision-added exploratory
qasper,bm25,c5221bb28e58a4f13cf2eccce0e1b1bec7dd3c13,1909.09070,59,2,59,57,141,5420,5279,revision-added exploratory
qasper,bm25,c53b036eff430a9d0449fb50b8d2dc9d2679d9fe,1706.02222,68,9,16,7,1185,1911,726,revision-added exploratory
qasper,bm25,c589d83565f528b87e355b9280c1e7143a42401d,1909.07873,52,2,10,8,95,1451,1356,revision-added exploratory
qasper,bm25,c59d67930edd3d369bd51a619849facdd0770644,1705.10272,14,2,2,0,220,220,0,revision-added exploratory
qasper,bm25,c5ea4da3c760ba89194ad807bc1ef60e1761429f,1602.07563,120,4,4,0,474,474,0,revision-added exploratory
qasper,bm25,c68946ae2e548ec8517c7902585c032b3f3876e6,1901.05389,45,7,23,16,945,3192,2247,revision-added exploratory
qasper,bm25,c6f2598b85dc74123fe879bf23aafc7213853f5b,1911.12237,55,18,18,0,1718,1718,0,revision-added exploratory
qasper,bm25,c72e05dd41ed5a85335ffeca5a03e71514e60e84,1911.12559,22,15,15,0,1735,1735,0,revision-added exploratory
qasper,bm25,c79f168503a60d1b08bb2c9aac124199d210b06d,1904.02954,34,17,30,13,1484,2180,696,revision-added exploratory
qasper,bm25,c7d3bccee59ab683e6bf047579bc6eab9de9d973,1705.10272,14,11,11,0,907,907,0,revision-added exploratory
qasper,bm25,c7f43c95db3d0c870407cd0e7becdd802463683b,1910.09362,66,45,46,1,2312,2323,11,revision-added exploratory
qasper,bm25,c7ffef8bf0100eb6148bd932d0409b21759060b1,1707.06519,32,19,19,0,2474,2474,0,revision-added exploratory
qasper,bm25,c845110efee2f633d47f5682573bc6091e8f5023,1911.05652,34,4,4,0,384,384,0,revision-added exploratory
qasper,bm25,c87966e7f497975b76a60f6be50c33d296a4a4e7,2004.01820,92,22,72,50,1768,5287,3519,revision-added exploratory
qasper,bm25,c8f8ecac23a991bceb8387e68b3b3f2a5d8cf029,2003.12660,26,6,6,0,222,222,0,revision-added exploratory
qasper,bm25,c97306c1be5d59cf27b1054adfa8f1da47d292ce,1810.02229,28,1,1,0,101,101,0,revision-added exploratory
qasper,bm25,c9a323c152c5d9bc2d244e0ed10afbdb0f93062a,1909.00369,57,2,5,3,315,620,305,revision-added exploratory
qasper,bm25,c9eae337edea0edb12030a7d4b01c3a3c73c16d3,1806.04387,48,20,26,6,2167,2401,234,revision-added exploratory
qasper,bm25,caebea05935cae1f5d88749a2fc748e62976eab7,1710.11334,14,2,3,1,308,506,198,revision-added exploratory
qasper,bm25,cb58605a7c230043bd0d6e8d5b068f8b533f45fe,1909.11706,31,13,20,7,1939,2448,509,revision-added exploratory
qasper,bm25,cb7a00233502c4b7801d34bc95d6d22d79776ae8,1603.08868,35,12,12,0,1455,1455,0,revision-added exploratory
qasper,bm25,cbb3c1c1e6e1818b6480f929f1c299eaa5ffd07a,1907.10676,24,13,16,3,1866,2334,468,revision-added exploratory
qasper,bm25,cbe42bf7c99ee248cdb2c5d6cf86b41106e66863,1908.02284,27,2,2,0,176,176,0,revision-added exploratory
qasper,bm25,cc3dd701f3a674618de95a4196e9c7f4c8fbf1e5,1805.04833,52,4,4,0,309,309,0,revision-added exploratory
qasper,bm25,cc78a08f5bfe233405c99cb3dac1f11f3a9268b1,1907.08540,47,25,25,0,3129,3129,0,revision-added exploratory
qasper,bm25,cc8bcea4052bf92f249dda276acc5fd16cac6fb4,1809.03695,18,2,2,0,155,155,0,revision-added exploratory
qasper,bm25,ccec4f8deff651858f44553f8daa5a19e8ed8d3b,1909.05190,59,54,58,4,3952,4094,142,revision-added exploratory
qasper,bm25,cd82bdaa0c94330f8cccfb1c59b4e6761a5a4f4d,1911.01214,74,38,38,0,2945,2945,0,revision-added exploratory
qasper,bm25,cdbbba22e62bc9402aea74ac5960503f59e984ff,1805.04558,131,1,2,1,143,243,100,revision-added exploratory
qasper,bm25,ce23849e9e9a22626965f1ca8ca948a5c87280e9,1909.01720,69,14,14,0,1065,1065,0,revision-added exploratory
qasper,bm25,ce504a7ee2c1f068ef4dde8d435245b4e77bb0b5,1708.09025,62,34,54,20,3503,4476,973,revision-added exploratory
qasper,bm25,ce8d8de78a21a3ba280b658ac898f73d0b52bf1b,1910.10487,47,3,33,30,230,3799,3569,revision-added exploratory
qasper,bm25,ced63053eb631c78a4ddd8c85ec0f3323a631a54,1708.05482,73,5,5,0,320,320,0,revision-added exploratory
qasper,bm25,cf0b7d8a2449d04078f69ec9717a547adfb67d17,1801.04433,52,31,31,0,3123,3123,0,revision-added exploratory
qasper,bm25,cf3fab54b2b289b66e7dba4706c47a62569627c5,1708.07690,42,22,29,7,1301,1716,415,revision-added exploratory
qasper,bm25,cf58d25bfa2561a359fdd7b6b20aef0b41dc634e,1912.08084,68,6,13,7,296,882,586,revision-added exploratory
qasper,bm25,cf68906b7d96ca0c13952a6597d1f23e5184c304,1710.10380,65,2,2,0,207,207,0,revision-added exploratory
qasper,bm25,cf82251a6a5a77e29627560eb7c05c3eddc20825,2004.04498,93,10,10,0,586,586,0,revision-added exploratory
qasper,bm25,cfa44bb587b0c05906d8325491ca9e0f024269e8,1708.01065,53,2,39,37,118,2505,2387,revision-added exploratory
qasper,bm25,cfcf94b81589e7da215b4f743a3f8de92a6dda7a,1712.00733,74,6,7,1,488,583,95,revision-added exploratory
qasper,bm25,cfdd583d01abaca923f5c466bb20e1d4b8c749ff,1810.02268,71,68,68,0,3758,3758,0,revision-added exploratory
qasper,bm25,cfe21b979a6c851bdafb2e414622f61e62b1d98c,2003.13028,66,14,14,0,630,630,0,revision-added exploratory
qasper,bm25,d0048ef1cba3f63b5d60c568d5d0ba62ac4d7e75,1901.01590,54,52,52,0,2440,2440,0,revision-added exploratory
qasper,bm25,d0dc6729b689561370b6700b892c9de8871bb44d,1604.02201,29,2,2,0,358,358,0,revision-added exploratory
qasper,bm25,d147117ef24217c43252d917d45dff6e66ff807c,1712.00733,74,38,38,0,3702,3702,0,revision-added exploratory
qasper,bm25,d1a4529ea32aaab5ca3b9d9ae5c16f146c23af6b,1809.08935,10,5,5,0,570,570,0,revision-added exploratory
qasper,bm25,d206f2cbcc3d2a6bd0ccaa3b57fece396159f609,1805.00195,63,2,51,49,184,2680,2496,revision-added exploratory
qasper,bm25,d207f78beb6cd754268881bf575c8f98000667ea,1705.02023,22,4,4,0,300,300,0,revision-added exploratory
qasper,bm25,d211a37830c59aeab4970fdb2e03d9b7368b421c,1805.04558,131,59,59,0,3738,3738,0,revision-added exploratory
qasper,bm25,d2d9c7177728987d9e8b0c44549bbe03c8c00ef2,1906.05685,48,32,32,0,2107,2107,0,revision-added exploratory
qasper,bm25,d2f91303cec132750a416192f67c8ac1d3cf6fc0,1708.07252,62,5,6,1,722,853,131,revision-added exploratory
qasper,bm25,d323f0d65b57b30ae85fb9f24298927a3d1216e9,1810.12897,25,3,3,0,400,400,0,revision-added exploratory
qasper,bm25,d36a6447bfe58204e0d29f9213d84be04d875624,1906.08871,38,33,33,0,2476,2476,0,revision-added exploratory
qasper,bm25,d38b3e0896b105d171e69ce34c689e4a7e934522,1912.10162,37,3,16,13,269,1319,1050,revision-added exploratory
qasper,bm25,d3cfbe497a30b750a8de3ea7f2cecf4753a4e1f9,1905.09439,22,3,3,0,284,284,0,revision-added exploratory
qasper,bm25,d3fb0d84d763cb38f400b7de3daaa59ed2a1b0ab,1707.07212,52,8,8,0,617,617,0,revision-added exploratory
qasper,bm25,d418bf6595b1b51a114f28ac8a6909c278838aeb,1908.10149,30,14,14,0,1809,1809,0,revision-added exploratory
qasper,bm25,d4b84f48460517bc0a6d4e0c38f6853c58081166,1804.01155,55,1,24,23,59,3733,3674,revision-added exploratory
qasper,bm25,d5c393df758dec6ea6827ae5b887eb6c303a4f4d,1612.05202,43,3,3,0,239,239,0,revision-added exploratory
qasper,bm25,d622564b250cffbb9ebbe6636326b15ec3c622d9,1902.10246,24,8,8,0,829,829,0,revision-added exploratory
qasper,bm25,d64fa192a7e9918c6a22d819abad581af0644c7d,1802.08969,106,12,43,31,867,2270,1403,revision-added exploratory
qasper,bm25,d66550f65484696c1284903708b87809ea705786,1805.04833,52,36,36,0,2392,2392,0,revision-added exploratory
qasper,bm25,d66c31f24f582c499309a435ec3c688dc3a41313,1907.00937,39,10,10,0,1262,1262,0,revision-added exploratory
qasper,bm25,d68cc9aaf0466b97354600a5646c3be4512fc096,2004.03090,28,3,4,1,226,268,42,revision-added exploratory
qasper,bm25,d6a815d24c46557827d8aca65d3ffd008ac1bc07,1803.02914,25,10,10,0,1397,1397,0,revision-added exploratory
qasper,bm25,d6b0c71721ed24ef1d9bd31ed3a266b0c7fc9b57,1704.06960,64,7,32,25,576,2717,2141,revision-added exploratory
qasper,bm25,d7799d26fe39302c4aff5b530aa691e8653fffe8,1803.09000,38,17,17,0,1280,1280,0,revision-added exploratory
qasper,bm25,d8ae36ae1b4d3af5b59ebd24efe94796101c1c12,1802.02614,46,1,1,0,128,128,0,revision-added exploratory
qasper,bm25,d9354c0bb32ec037ff2aacfed58d57887a713163,1707.07212,52,28,34,6,2156,2528,372,revision-added exploratory
qasper,bm25,d976c22e9d068e4e31fb46e929023459f8290a63,1903.10548,7,1,1,0,70,70,0,revision-added exploratory
qasper,bm25,d97843afec733410d2c580b4ec98ebca5abf2631,1607.00167,15,8,8,0,812,812,0,revision-added exploratory
qasper,bm25,d98148f65d893101fa9e18aaf549058712485436,1709.04005,51,2,2,0,171,171,0,revision-added exploratory
qasper,bm25,d9949dd4865e79c53284932d868ca8fd10d55e70,2003.07459,28,3,4,1,497,582,85,revision-added exploratory
qasper,bm25,d9a45fea8539aac01dec01f29b7d04b44b9c2ca6,1909.01720,69,7,11,4,599,906,307,revision-added exploratory
qasper,bm25,d9e7633004ed1bc1ee45be58409bcc1fa6db59b2,1908.11049,45,5,20,15,493,2334,1841,revision-added exploratory
qasper,bm25,da077b385d619305033785af5b204696d6145bd8,1911.02747,29,6,15,9,788,1828,1040,revision-added exploratory
qasper,bm25,da0a2195bbf6736119ff32493898d2aadffcbcb8,1605.05166,60,4,8,4,371,772,401,revision-added exploratory
qasper,bm25,da21bcaa8e3a9eadc8a5194fd57ae797e93c3049,2004.01970,38,1,1,0,81,81,0,revision-added exploratory
qasper,bm25,dc473819b196c0ea922773e173a6b283fa778791,1605.05156,26,1,4,3,58,522,464,revision-added exploratory
qasper,bm25,dce27c49b9bf1919ca545e04663507d83bb42dbe,1808.10006,50,13,50,37,1258,3733,2475,revision-added exploratory
qasper,bm25,dd81f58c782169886235c48b8f9a08e0954dd3ae,2003.12660,26,7,26,19,421,976,555,revision-added exploratory
qasper,bm25,de0154affd86c608c457bf83d888bbd1f879df93,1911.12722,54,6,29,23,558,2708,2150,revision-added exploratory
qasper,bm25,de0d135b94ba3b3a4f4a0fb03df38a84f9dc9da4,1909.02322,29,1,1,0,116,116,0,revision-added exploratory
qasper,bm25,de313b5061fc22e8ffef1706445728de298eae31,1811.01183,50,11,27,16,1161,2909,1748,revision-added exploratory
qasper,bm25,de344aeb089affebd15a8c370ae9ab5734e99203,1803.06745,41,2,2,0,348,348,0,revision-added exploratory
qasper,bm25,de580e43614ee38d2d9fc6263ff96e6ca2b54eb5,1911.01214,74,3,3,0,255,255,0,revision-added exploratory
qasper,bm25,de689a17b0b9fb6bbb80e9b85fb44b36b56de2fd,2003.07459,28,7,7,0,1070,1070,0,revision-added exploratory
qasper,bm25,df01e98095ba8765d9ab0d40c9e8ef34b64d3700,2002.04815,30,1,6,5,26,267,241,revision-added exploratory
qasper,bm25,df4895c6ae426006e75c511a304d56d37c42a1c7,1805.11850,17,2,2,0,206,206,0,revision-added exploratory
qasper,bm25,df623717255ea2c9e0f846859d8a9ef51dc1102b,1606.02892,49,16,16,0,1471,1471,0,revision-added exploratory
qasper,bm25,dfaeb8faf04505a4178945c933ba217e472979d8,1708.01065,53,13,26,13,871,1855,984,revision-added exploratory
qasper,bm25,dfdd309e56b71589b25412ba85b0a5d79a467ceb,1610.09722,69,3,3,0,214,214,0,revision-added exploratory
qasper,bm25,e0b54906184a4ad87d127bed22194e62de38222b,1910.01340,46,6,38,32,797,3278,2481,revision-added exploratory
qasper,bm25,e0b8a2649e384bbdb17472f8da2c3df4134b1e57,1707.07568,38,8,20,12,545,1386,841,revision-added exploratory
qasper,bm25,e12166fa9d6f63c4e92252c95c6a7bc96977ebf4,1901.10619,68,1,1,0,98,98,0,revision-added exploratory
qasper,bm25,e14e3e0944ec3290d1985e9a3da82a7df17575cd,1806.07042,52,20,44,24,2567,4121,1554,revision-added exploratory
qasper,bm25,e1ab241059ef1700738f885f051d724a7fcf283a,1707.09816,50,7,7,0,433,433,0,revision-added exploratory
qasper,bm25,e381f1811774806be109f9b05896a2a3c5e1ef43,1710.11334,14,1,1,0,149,149,0,revision-added exploratory
qasper,bm25,e3bafa432cd3e1225170ff04de2fdf1ede38c6ef,1805.11598,24,7,7,0,728,728,0,revision-added exploratory
qasper,bm25,e3c44964eb6ddc554901244eb6595f26a9bae47e,1910.07154,36,26,26,0,1690,1690,0,revision-added exploratory
qasper,bm25,e459760879f662b2205cbdc0f5396dbfe41323ae,1908.09590,53,1,7,6,117,858,741,revision-added exploratory
qasper,bm25,e462efb58c71f186cd6b315a2d861cbb7171f65b,1906.04236,58,45,45,0,3487,3487,0,revision-added exploratory
qasper,bm25,e56c1f0e9eabda41f929d0dfd5cfa50edd69fa89,1909.06708,30,2,2,0,165,165,0,revision-added exploratory
qasper,bm25,e5b2eb6a49c163872054333f8670dd3f9563046a,2004.02334,53,5,5,0,417,417,0,revision-added exploratory
qasper,bm25,e5be900e70ea86c019efb06438ba200e11773a7c,1909.13466,62,56,56,0,5721,5721,0,revision-added exploratory
qasper,bm25,e5f8d2fc1332e982a54ee4b4c1f7f55e900d0b86,1811.04791,60,4,47,43,487,5131,4644,revision-added exploratory
qasper,bm25,e6204daf4efeb752fdbd5c26e179efcb8ddd2807,1601.03313,57,2,2,0,229,229,0,revision-added exploratory
qasper,bm25,e6bc11bd6cfd4b2138c29602b9b56fc5378a4293,1709.04491,19,19,19,0,2359,2359,0,revision-added exploratory
qasper,bm25,e6f5444b7c08d79d4349e35d5298a63bb30e7004,1708.07252,62,4,12,8,828,1739,911,revision-added exploratory
qasper,bm25,e797634fa77e490783b349034f9e095ee570b7a9,1804.05253,26,3,3,0,292,292,0,revision-added exploratory
qasper,bm25,e831ce6c406bf5d1c493162732e1b320abb71b6f,1908.07491,30,4,4,0,384,384,0,revision-added exploratory
qasper,bm25,e8c3f59313df20db0cdd49b84a37c44da849fe17,2003.07459,28,7,7,0,963,963,0,revision-added exploratory
qasper,bm25,e90425ac05a15dc145bbf3034e78b56e7cec36ac,1803.09000,38,34,34,0,1888,1888,0,revision-added exploratory
qasper,bm25,e96b0d64c8d9fdd90235c499bf1ec562d2cbb8b2,1605.04278,123,116,116,0,4246,4246,0,revision-added exploratory
qasper,bm25,e9a0a69eacd554141f56b60ab2d1912cc33f526a,1803.06745,41,1,1,0,37,37,0,revision-added exploratory
qasper,bm25,ea6edf45f094586caf4684463287254d44b00e95,1907.12984,107,15,96,81,1771,6682,4911,revision-added exploratory
qasper,bm25,eaacee4246f003d29a108fe857b5dd317287ecf1,1911.12559,22,11,11,0,1295,1295,0,revision-added exploratory
qasper,bm25,eaae11ffd4ff955de2cd6389b888f5fd2c660a32,1910.14589,68,5,17,12,272,1048,776,revision-added exploratory
qasper,bm25,ead7704a64447dccd504951618d3be463eba86bf,1807.03674,23,7,7,0,673,673,0,revision-added exploratory
qasper,bm25,eaed0b721cc3137b964f5265c7ecf76f565053e9,1806.03369,29,14,14,0,1409,1409,0,revision-added exploratory
qasper,bm25,eafea4a24d103fdecf8f347c7d84daff6ef828a3,1611.01116,26,3,7,4,719,1367,648,revision-added exploratory
qasper,bm25,eb653a5c59851eda313ece0bcd8c589b6155d73e,1908.02284,27,13,13,0,1169,1169,0,revision-added exploratory
qasper,bm25,ebb4db9c24aa36db9954dd65ea079a798df80558,1908.09355,57,3,3,0,270,270,0,revision-added exploratory
qasper,bm25,ebe1084a06abdabefffc66f029eeb0b69f114fd9,1810.02268,71,16,56,40,599,3187,2588,revision-added exploratory
qasper,bm25,ebe6b8ec141172f7fea66f0a896b3124276d4884,1911.11025,66,27,27,0,1817,1817,0,revision-added exploratory
qasper,bm25,ec2045e0da92989642a5b5f2b1130c8bd765bcc5,1901.03253,68,6,6,0,531,531,0,revision-added exploratory
qasper,bm25,ec39120fb879ae10452d3f244e1e32237047005a,2004.04060,39,18,18,0,1333,1333,0,revision-added exploratory
qasper,bm25,ec54ae2f4811196fcaafa45e76130239e69995f9,1909.07158,55,1,1,0,72,72,0,revision-added exploratory
qasper,bm25,ec62df859ad901bf0848f0a8b91eedc78dba5657,1909.05190,59,14,15,1,966,1104,138,revision-added exploratory
qasper,bm25,ec70c7c560e08cff2820bad93f5216bc0a469f5a,1908.11664,66,11,11,0,744,744,0,revision-added exploratory
qasper,bm25,ec8f39d32084996ab825debd7113c71daac38b06,1606.07043,27,8,13,5,761,1174,413,revision-added exploratory
qasper,bm25,ecaa10a2d9927fa6ab6a954488f12aa6b42ddc1a,1909.04242,41,7,18,11,512,1179,667,revision-added exploratory
qasper,bm25,ed15a593d64a5ba58f63c021ae9fd8f50051a667,2001.05540,28,14,28,14,1623,2093,470,revision-added exploratory
qasper,bm25,ed44f7e698d6124cb86791841d02fc6f8b4d862a,1908.11049,45,1,7,6,51,645,594,revision-added exploratory
qasper,bm25,ed7ce13cd95f7664a5e4fc530dcf72dc3808dced,1712.02555,55,20,20,0,1399,1399,0,revision-added exploratory
qasper,bm25,ee2c2fb01d67f4c58855bf23186cbd45cecbfa56,1606.07947,55,2,2,0,200,200,0,revision-added exploratory
qasper,bm25,ef6304512652ba56bd13dbe282a5ce1d41a4f171,1909.03553,54,15,51,36,971,2014,1043,revision-added exploratory
qasper,bm25,eff9192e05d23e9a67d10be0c89a7ab2b873995b,1910.09387,23,19,19,0,3508,3508,0,revision-added exploratory
qasper,bm25,f0404673085517eea708c5e91f32fb0f7728fa08,1607.03895,35,18,28,10,1220,2058,838,revision-added exploratory
qasper,bm25,f0afc116809b70528226d37190e8e79e1e9cd11e,1906.05685,48,2,32,30,166,2047,1881,revision-added exploratory
qasper,bm25,f11856814a57b86667179e1e275e4f99ff1bcad8,1707.06875,59,21,25,4,1498,1607,109,revision-added exploratory
qasper,bm25,f15bc40960bd3f81bc791f43ab5c94c52378692d,1804.00982,18,4,12,8,396,1178,782,revision-added exploratory
qasper,bm25,f1a50f88898556ecdba8e9cac13ae54c11835945,1909.03553,54,7,7,0,645,645,0,revision-added exploratory
qasper,bm25,f1d61b44105e651925d02a51e6d7ea10ea28ebd8,1909.00437,43,7,29,22,843,3055,2212,revision-added exploratory
qasper,bm25,f1f7a040545c9501215d3391e267c7874f9a6004,1612.09535,60,36,36,0,3077,3077,0,revision-added exploratory
qasper,bm25,f264612db9096caf938bd8ee4085848143b34f81,1605.05166,60,8,8,0,977,977,0,revision-added exploratory
qasper,bm25,f2b1e87f61c65aaa99bcf9825de11ae237260270,1909.00786,57,2,33,31,133,2283,2150,revision-added exploratory
qasper,bm25,f2b8a2ed5916d75cf568a931829a5a3cde2fc345,1801.05617,85,75,75,0,5650,5650,0,revision-added exploratory
qasper,bm25,f2bcfdbebb418e7da165c19b8c7167719432ee48,1603.07252,50,15,33,18,1421,3164,1743,revision-added exploratory
qasper,bm25,f381b0ef693243d67657f6c34bbce015f6b1fd07,1603.08868,35,1,1,0,82,82,0,revision-added exploratory
qasper,bm25,f3b4e52ba962a0004064132d123fd9b78d9e12e2,1907.12984,107,2,82,80,141,5966,5825,revision-added exploratory
qasper,bm25,f3b851c9063192c86a3cc33b2328c02efa41b668,2003.08769,32,30,30,0,1855,1855,0,revision-added exploratory
qasper,bm25,f40e23adc8245562c8677f0f86fa5175179b5422,1807.08089,47,8,14,6,882,1766,884,revision-added exploratory
qasper,bm25,f4e16b185b506713ff99acc4dbd9ec3208e4997b,1602.07563,120,44,113,69,4293,9266,4973,revision-added exploratory
qasper,bm25,f52c9744a371104eb2677c181a7004f7a77d9dd3,1912.00342,115,113,113,0,5506,5506,0,revision-added exploratory
qasper,bm25,f5513f9314b9d7b41518f98c6bc6d42b8555258d,1605.05166,60,36,51,15,2900,4121,1221,revision-added exploratory
qasper,bm25,f5913e37039b9517a323ec700b712e898316161b,1711.03759,31,1,1,0,157,157,0,revision-added exploratory
qasper,bm25,f5bc07df5c61dcb589a848bd36f4ce9c22abd46a,1703.10090,27,22,22,0,2682,2682,0,revision-added exploratory
qasper,bm25,f61268905626c0b2a715282478a5e373adda516c,2003.07459,28,2,7,5,295,961,666,revision-added exploratory
qasper,bm25,f637bba86cfb94ca8ac4b058faf839c257d5eaa0,1806.07042,52,13,13,0,1689,1689,0,revision-added exploratory
qasper,bm25,f64449a21c452bc5395a0f0a49fb49825e6385f4,1909.04387,28,1,5,4,104,525,421,revision-added exploratory
qasper,bm25,f71b95001dce46ee35cdbd8d177676de19ca2611,1911.07620,51,44,44,0,3370,3370,0,revision-added exploratory
qasper,bm25,f741d32b92630328df30f674af16fbbefcad3f93,1805.09821,22,2,13,11,169,1644,1475,revision-added exploratory
qasper,bm25,f7662b11e87c1e051e13799413f3db459ac3e19c,1911.10742,54,36,51,15,4385,5433,1048,revision-added exploratory
qasper,bm25,f77d7cddef3e021d70e16b9e16cecfd4b8ee80d3,1606.07947,55,9,54,45,841,3430,2589,revision-added exploratory
qasper,bm25,f7b91b99279833f9f489635eb8f77c6d13136098,1912.11980,61,3,16,13,216,1565,1349,revision-added exploratory
qasper,bm25,f7d61648ae4bd46c603a271185c3adfac5fc5114,1909.00369,57,2,4,2,315,541,226,revision-added exploratory
qasper,bm25,f7ee48dd32c666ef83a4ae4aa06bcde85dd8ec4b,1804.07445,34,34,34,0,2288,2288,0,revision-added exploratory
qasper,bm25,f88f45ef563ea9e40c5767ab2eaa77f4700f95f8,2002.09616,65,5,5,0,365,365,0,revision-added exploratory
qasper,bm25,f8bba20d1781ce2b14fad28d6eff024e5a6c2c02,1709.06365,75,2,10,8,289,1483,1194,revision-added exploratory
qasper,bm25,f8f64da7172e72e684f0e024a19411b43629ff55,1804.05306,34,4,4,0,352,352,0,revision-added exploratory
qasper,bm25,f92c344e9b1a986754277fd0f08a47dc3e5f9feb,1803.08419,61,8,11,3,1134,1571,437,revision-added exploratory
qasper,bm25,f93bad406e004014618dd64f6c604b1a9ee6a371,1811.00127,64,29,29,0,2301,2301,0,revision-added exploratory
qasper,bm25,f9ae1b31c1a60aacb9ef869e1cc6b0e70c6e5d8e,2002.04374,20,18,18,0,2476,2476,0,revision-added exploratory
qasper,bm25,fa5f5f58f6277a1e433f80c9a92a5629d6d9a271,2002.09616,65,1,1,0,52,52,0,revision-added exploratory
qasper,bm25,fa800a21469a70fa6490bfc67cabdcc8bf086fb5,1902.06734,43,7,24,17,818,2815,1997,revision-added exploratory
qasper,bm25,fac273ecb3e72f2dc94cdbc797582d7225a8e070,1703.05320,60,5,27,22,556,2317,1761,revision-added exploratory
qasper,bm25,faffcc6ef27c1441e6528f924e320368430d8da3,1908.08917,43,6,17,11,1160,2981,1821,revision-added exploratory
qasper,bm25,fb06ed5cf9f04ff2039298af33384ca71ddbb461,1806.09652,34,29,29,0,1953,1953,0,revision-added exploratory
qasper,bm25,fc62549a8f0922c09996a119b2b6a8b5e829e989,1701.03578,41,16,36,20,2056,3379,1323,revision-added exploratory
qasper,bm25,fcb0ac1934e2fd9f58f4b459e6853999a27844f9,2004.02214,55,28,28,0,1939,1939,0,revision-added exploratory
qasper,bm25,fcdafaea5b1c9edee305b81f6865efc8b8dc50d3,1707.02892,71,14,14,0,558,558,0,revision-added exploratory
qasper,bm25,fd651d19046966ca65d4bcf6f6ae9c66cdf13777,2002.10210,50,2,2,0,311,311,0,revision-added exploratory
qasper,bm25,fd8a8eb69f07c584a76633f8802c2746f7236d64,1911.03642,42,2,2,0,114,114,0,revision-added exploratory
qasper,bm25,fda47c68fd5f7b44bd539f83ded5882b96c36dd7,1704.03279,32,20,20,0,2804,2804,0,revision-added exploratory
qasper,bm25,fe1a74449847755cd7a46647cc9d384abfee789e,1901.03253,68,59,59,0,5561,5561,0,revision-added exploratory
qasper,bm25,fe52b093735bb456d7e699aa9a2b806d2b498ba0,1905.00840,31,6,6,0,751,751,0,revision-added exploratory
qasper,bm25,fe6181ab0aecf5bc8c3def843f82e530347d918b,1911.09753,45,3,3,0,404,404,0,revision-added exploratory
qasper,bm25,fea9b4d136156f23a88e5c7841874a467f2ba86d,1908.06259,41,1,1,0,86,86,0,revision-added exploratory
qasper,bm25,fee498457774d9617068890ff29528e9fa05a2ac,2003.03728,34,32,32,0,2060,2060,0,revision-added exploratory
qasper,bm25,fef5b65263c81299acc350a101dabaf5a8cb9c6e,1807.08089,47,1,1,0,60,60,0,revision-added exploratory
qasper,bm25,ff36168caf48161db7039e3bd4732cef31d4de99,1909.11706,31,2,2,0,314,314,0,revision-added exploratory
qasper,tfidf,000549a217ea24432c0656598279dbb85378c113,1804.05253,26,2,2,0,171,171,0,revision-added exploratory
qasper,tfidf,00341a46a67d31d36e6dc54d5297626319584891,1604.02201,29,1,1,0,184,184,0,revision-added exploratory
qasper,tfidf,00aea97f69290b496ed11eb45a201ad28d741460,1909.01860,23,1,1,0,55,55,0,revision-added exploratory
qasper,tfidf,00c443f8d32d6baf7c7cea8f4ca9fa749532ccfd,1612.00866,55,3,3,0,320,320,0,revision-added exploratory
qasper,tfidf,00db191facf903cef18fb1727d1cab638c277e0a,1906.05506,40,4,18,14,407,1657,1250,revision-added exploratory
qasper,tfidf,00df1ff914956d4d23299d02fd44e4c985bb61fa,1903.10318,39,1,1,0,81,81,0,revision-added exploratory
qasper,tfidf,00e4c9aa87411dfc5455fc92f10e5c9266e7b95e,1710.06923,52,11,40,29,1084,2614,1530,revision-added exploratory
qasper,tfidf,00f507053c47e55d7e72bebdbd8a75b3ca88cf85,1806.07042,52,1,1,0,234,234,0,revision-added exploratory
qasper,tfidf,00ffe2c59a3ba18d6d2b353d6ab062a152c88526,1709.05453,56,3,10,7,280,723,443,revision-added exploratory
qasper,tfidf,014a3aa07686ee18a86c977bf0701db082e8480b,1908.06493,41,14,35,21,1305,2884,1579,revision-added exploratory
qasper,tfidf,018b81f810a39b3f437a85573d24531efccd835f,1906.11085,25,18,19,1,1523,1579,56,revision-added exploratory
qasper,tfidf,01c8c3836467a4399cc37e86244b5bdc5dda2401,1804.09692,49,1,1,0,56,56,0,revision-added exploratory
qasper,tfidf,028d0d9b7a71133e51a14a32cd09dea1e2f39f05,1804.01155,55,16,43,27,2431,5951,3520,revision-added exploratory
qasper,tfidf,02a5acb484bda77ef32a13f5d93d336472cf8cd4,1612.04118,27,21,21,0,1332,1332,0,revision-added exploratory
qasper,tfidf,036c400424357457e42b22df477b7c3cdc2eefe9,1711.11118,15,4,4,0,454,454,0,revision-added exploratory
qasper,tfidf,042800c3336ed5f4826203616a39747c61382ba6,1709.05453,56,1,19,18,76,1337,1261,revision-added exploratory
qasper,tfidf,04796aaa59eeb2176339c0651838670fd916074d,1906.11085,25,4,4,0,443,443,0,revision-added exploratory
qasper,tfidf,051034cc94f2c02d3041575c53f969b3311c9ea1,1804.07445,34,4,6,2,549,741,192,revision-added exploratory
qasper,tfidf,058b6e3fdbb607fa7dbfc688628b3e13e130c35a,1912.00239,42,25,25,0,2623,2623,0,revision-added exploratory
qasper,tfidf,065623cc1d5f5b19ec1f84d286522fc2f805c6ce,1706.04206,34,13,13,0,1141,1141,0,revision-added exploratory
qasper,tfidf,07104dd36a0e7fdd2c211ad710de9a605495b697,1908.05908,41,2,25,23,115,2006,1891,revision-added exploratory
qasper,tfidf,075d6ab5dd132666e85d0b6ad238118271dfc147,1909.00786,57,3,3,0,199,199,0,revision-added exploratory
qasper,tfidf,0778cbbd093f8b779f7cf26302b2a8e081ccfb40,1703.10152,41,9,9,0,681,681,0,revision-added exploratory
qasper,tfidf,079e654c97508c521c07ab4d24cdaaede5602c61,1605.05156,26,2,2,0,218,218,0,revision-added exploratory
qasper,tfidf,07a214748a69b31400585aef7aba6af3e3d9cce2,1612.05202,43,8,8,0,498,498,0,revision-added exploratory
qasper,tfidf,07d98dfa88944abd12acd45e98fb7d3719986aeb,1909.07873,52,8,50,42,1392,5074,3682,revision-added exploratory
qasper,tfidf,08561f6ba578ce8f8d284abf90f5b24eb1f804d3,1901.03253,68,20,62,42,2149,5680,3531,revision-added exploratory
qasper,tfidf,088d42ecb1e15515f6a97a0da2fed81b61d61a23,1909.00437,43,1,6,5,109,556,447,revision-added exploratory
qasper,tfidf,08b77c52676167af72581079adf1ca2b994ce251,2002.10210,50,48,48,0,4312,4312,0,revision-added exploratory
qasper,tfidf,08c0d4db14773cbed8a63e69381a2265e85f8765,1901.05389,45,2,2,0,228,228,0,revision-added exploratory
qasper,tfidf,0a5fd0e5f4ab12be57be20416a5ea7c3db5fb662,1912.10162,37,1,37,36,92,2537,2445,revision-added exploratory
qasper,tfidf,0a70af6ba334dfd3574991b1dd06f54fc6a700f2,1910.01160,23,1,19,18,119,1485,1366,revision-added exploratory
qasper,tfidf,0abc2499195185c94837e0340d00cd3b83ee795e,1909.13184,17,8,16,8,1101,1874,773,revision-added exploratory
qasper,tfidf,0ac6fbd81e2dd95b800283dc7e59ce969d45fc02,1708.05521,24,18,18,0,1565,1565,0,revision-added exploratory
qasper,tfidf,0aca0a208a1e28857fab44e397dc7880e010dbca,2003.12139,28,2,3,1,258,393,135,revision-added exploratory
qasper,tfidf,0b10cfa61595b21bf3ff13b4df0fe1c17bbbf4e9,1908.07721,72,20,65,45,1352,4388,3036,revision-added exploratory
qasper,tfidf,0b1cc6c0de286eb724b1fd18dbc93e67ab89a236,1908.11664,66,7,14,7,530,1177,647,revision-added exploratory
qasper,tfidf,0b5a7ccf09810ff5a86162d502697d16b3536249,1911.03353,35,12,21,9,827,1222,395,revision-added exploratory
qasper,tfidf,0b5bf00d2788c534c4c6c007b72290c48be21e16,1806.07042,52,3,3,0,577,577,0,revision-added exploratory
qasper,tfidf,0b5c599195973c563c4b1a0fe5d8fc77204d71a0,1811.01183,50,30,30,0,3029,3029,0,revision-added exploratory
qasper,tfidf,0bc305d6b90f77f835bc4c904b22a4be07f963b2,1606.02601,56,1,1,0,61,61,0,revision-added exploratory
qasper,tfidf,0bd3bea892c34a3820e98c4a42cdeda03753146b,1805.04558,131,40,40,0,2072,2072,0,revision-added exploratory
qasper,tfidf,0bde3ecfdd7c4a9af23f53da2cda6cd7a8398220,1804.07445,34,4,8,4,326,725,399,revision-added exploratory
qasper,tfidf,0c4e419fe57bf01d58a44f3e263777c22cdd90dc,1911.06815,26,18,18,0,1472,1472,0,revision-added exploratory
qasper,tfidf,0d3193d17c0a4edc8fa9854f279c2a1b878e8b29,2002.00175,58,15,37,22,869,2363,1494,revision-added exploratory
qasper,tfidf,0d9241e904bd2bbf5b9a6ed7b5fc929651d3e28e,1910.13793,45,6,6,0,380,380,0,revision-added exploratory
qasper,tfidf,0dbb5309d2be97f6eda29d7ae220aa16cafbabb7,1610.00479,110,10,48,38,963,3822,2859,revision-added exploratory
qasper,tfidf,0dc9050c832a6091bc9db3f7fa7be72139f51177,1902.08830,107,12,12,0,1209,1209,0,revision-added exploratory
qasper,tfidf,0dfe43985dea45d93ae2504cccca15ae1e207ccf,2002.00175,58,3,25,22,169,1764,1595,revision-added exploratory
qasper,tfidf,0ef114d24a7a32821967e912dff23c016c4eab41,1901.09501,43,9,41,32,892,3636,2744,revision-added exploratory
qasper,tfidf,0f1f81b6d4aa0da38b4cc8b060926e7df61bb646,1909.05190,59,53,59,6,3925,4147,222,revision-added exploratory
qasper,tfidf,0f9c1586f1b4b531fa4fd113e767d06af90b1ae8,1603.07252,50,15,15,0,1509,1509,0,revision-added exploratory
qasper,tfidf,0fe49431db5ffaa24372919daf24d8f84117bfda,1603.07252,50,13,27,14,1493,2703,1210,revision-added exploratory
qasper,tfidf,0fee37ebe0a010cf8bd665fa566306d8e7d12631,1709.06365,75,73,74,1,5826,5861,35,revision-added exploratory
qasper,tfidf,1002bd01372eba0f3078fb4a951505278ed45f2e,1906.01076,52,1,37,36,8,2480,2472,revision-added exploratory
qasper,tfidf,10edfb9428b8a4652274c13962917662fdf84f8a,1911.07620,51,8,8,0,668,668,0,revision-added exploratory
qasper,tfidf,1100e442e00c9914538a32aca7af994ce42e1b66,1911.03854,26,26,26,0,1911,1911,0,revision-added exploratory
qasper,tfidf,1128a600a813116cba9a2cf99d8568ae340f327a,1802.08969,106,80,80,0,3377,3377,0,revision-added exploratory
qasper,tfidf,11679d1feba747c64bbbc62939a20fbb69ada0f3,1902.06734,43,26,26,0,3014,3014,0,revision-added exploratory
qasper,tfidf,119c404da6e42d4879eee10edeab4b2851162659,1910.10762,34,9,12,3,1074,1288,214,revision-added exploratory
qasper,tfidf,11a3af3f056e0fb5559fe5cbff1640e022732735,1612.05202,43,8,8,0,359,359,0,revision-added exploratory
qasper,tfidf,11a8531699952f5a2286a4311f0fe80ed1befa1e,1905.07562,50,2,3,1,277,435,158,revision-added exploratory
qasper,tfidf,11c4071d9d7efeede84f47892b1fa0c6a93667eb,2004.02334,53,3,3,0,186,186,0,revision-added exploratory
qasper,tfidf,11ef46187a5bf15e89d63220fdeaecbeb92d818e,1610.06510,53,24,24,0,2264,2264,0,revision-added exploratory
qasper,tfidf,11f9c207476af75a9272105e646df02594059c3f,1603.09381,27,5,5,0,599,599,0,revision-added exploratory
qasper,tfidf,12dc04e0ec1d3ba5ec543069fe457dfa4a1cac07,1910.13793,45,7,7,0,517,517,0,revision-added exploratory
qasper,tfidf,130d73400698e2b3c6860b07f2e957e3ff022d48,1909.00871,49,7,7,0,803,803,0,revision-added exploratory
qasper,tfidf,138ad61b43c85d5db166ea9bd3d3b19bb2e2bbfb,1909.13184,17,1,7,6,137,1151,1014,revision-added exploratory
qasper,tfidf,141f23e87c10c2d54d559881e641c983e3ec8ef3,1911.09241,57,6,6,0,832,832,0,revision-added exploratory
qasper,tfidf,14fdc8087f2a62baea9d50c4aa3a3f8310b38d17,1909.12208,36,3,22,19,499,2684,2185,revision-added exploratory
qasper,tfidf,157284acedf13377cbc6d58c8f3648d3a62f5db5,1905.05644,55,49,49,0,3252,3252,0,revision-added exploratory
qasper,tfidf,157de5175259d6f25db703efb299f948dae597b7,1708.07690,42,6,9,3,309,536,227,revision-added exploratory
qasper,tfidf,15aeda407ae3912419fd89211cdb98989d9cde58,1908.08788,21,8,9,1,837,878,41,revision-added exploratory
qasper,tfidf,16a10c1681dc5a399b6d34b4eed7bb1fef816dd0,1910.02001,82,15,69,54,1000,4103,3103,revision-added exploratory
qasper,tfidf,16cc37e4f8e2db99eaf89337a3d9ada431170d5b,1907.08540,47,29,29,0,3728,3728,0,revision-added exploratory
qasper,tfidf,16edc21a6abc89ee2280dccf1c867c2ac4552524,1809.03695,18,11,11,0,806,806,0,revision-added exploratory
qasper,tfidf,1702985a3528e876bb19b8e223399729d778b4e4,2003.12450,6,6,6,0,643,643,0,revision-added exploratory
qasper,tfidf,175cddfd0bcd77b7327b62f99e57d8ea93f8d8ba,1906.05685,48,4,4,0,360,360,0,revision-added exploratory
qasper,tfidf,17fd6deb9e10707f9d1b70165dedb045e1889aac,1908.11053,64,3,59,56,212,3470,3258,revision-added exploratory
qasper,tfidf,180c7bea8caf05ca97d9962b90eb454be4176425,1910.01160,23,1,1,0,220,220,0,revision-added exploratory
qasper,tfidf,182eb91090017a7c8ea38a88b219b641842664e4,1901.09501,43,1,23,22,216,2620,2404,revision-added exploratory
qasper,tfidf,183b385fb59ff1e3f658d4555a08b67c005a8734,1809.03391,33,2,10,8,151,1047,896,revision-added exploratory
qasper,tfidf,19ebfba9aa5a9596b09a0cfb084ff8ebf24a3b91,1602.03483,43,2,4,2,146,485,339,revision-added exploratory
qasper,tfidf,1a2b69dfa81dfeadd67b133229476086f2cc74a8,1712.00733,74,4,4,0,312,312,0,revision-added exploratory
qasper,tfidf,1a419468d255d40ae82ed7777618072a48f0091b,1704.06851,45,8,8,0,1224,1224,0,revision-added exploratory
qasper,tfidf,1a6156189297b2fe17f174ef55cbd20341bb7dbf,1611.06322,49,3,3,0,321,321,0,revision-added exploratory
qasper,tfidf,1acf06105f6c1930f869347ef88160f55cbf382b,1909.00871,49,3,5,2,494,734,240,revision-added exploratory
qasper,tfidf,1c182b4805b336bd6e1a3f43dc84b07db3908d4a,1910.12203,25,20,20,0,1738,1738,0,revision-added exploratory
qasper,tfidf,1ce6c09cf886df41a3d3c52ce82f370c5a30334a,1905.01347,15,1,1,0,131,131,0,revision-added exploratory
qasper,tfidf,1d047286ac63e5dca1ab811172b89d7d125679e5,1910.03943,52,6,6,0,326,326,0,revision-added exploratory
qasper,tfidf,1d10e069b4304fabfbed69acf409f0a311bdc441,1806.09652,34,1,1,0,49,49,0,revision-added exploratory
qasper,tfidf,1d263356692ed8cdee2a13f103a82d98f43d66eb,2003.11528,61,10,10,0,1033,1033,0,revision-added exploratory
qasper,tfidf,1d6d21043b9fd0ed3ccccdc6317dcf5a1347ef03,1802.09059,34,6,31,25,1046,3009,1963,revision-added exploratory
qasper,tfidf,1d7b99646a1bc05beec633d7a3beb083ad1e8734,1803.02155,48,25,25,0,1263,1263,0,revision-added exploratory
qasper,tfidf,1d9d7c96c5e826ac06741eb40e89fca6b4b022bd,1603.00957,54,8,29,21,787,2984,2197,revision-added exploratory
qasper,tfidf,1dc5bf9dca7de2ba21db10e9056d3906267ef5d5,1912.07940,30,3,6,3,327,581,254,revision-added exploratory
qasper,tfidf,1dcfcfa46dbcffc2fc7be92dd57df9620258097b,1908.11046,58,40,40,0,3055,3055,0,revision-added exploratory
qasper,tfidf,1e11e74481ead4b7635922bbe0de041dc2dde28d,1610.03807,23,6,6,0,627,627,0,revision-added exploratory
qasper,tfidf,1e7e3f0f760cd628f698b73d82c0f946707855ca,1710.07695,63,1,1,0,67,67,0,revision-added exploratory
qasper,tfidf,1ec0be667a6594eb2e07c50258b120e693e040a8,1805.11598,24,17,17,0,1414,1414,0,revision-added exploratory
qasper,tfidf,1ecbbb60dc44a701e9c57c22167dd412711bb0be,1812.00382,22,1,4,3,153,443,290,revision-added exploratory
qasper,tfidf,1f011fa772ce802e74eda89f706cdb1aa2833686,1910.01340,46,40,40,0,3392,3392,0,revision-added exploratory
qasper,tfidf,1f053f338df6d238cb163af1a0b1b073e749ed8a,1806.09652,34,27,27,0,1889,1889,0,revision-added exploratory
qasper,tfidf,1f40adc719d8ccda81e7e90525b577f5698b5aad,1803.07828,32,18,28,10,2219,2865,646,revision-added exploratory
qasper,tfidf,1f8044487af39244d723582b8a68f94750eed2cc,1910.01340,46,25,36,11,2538,3201,663,revision-added exploratory
qasper,tfidf,1faccdc78bbd99320c160ac386012720a0552119,1908.11053,64,9,9,0,856,856,0,revision-added exploratory
qasper,tfidf,1fcd25e9a63a53451cac9ad2b8a1b529aff44a97,1910.01992,36,1,1,0,72,72,0,revision-added exploratory
qasper,tfidf,1fd31fdfff93d65f36e93f6919f6976f5f172197,1709.05295,35,2,4,2,392,597,205,revision-added exploratory
qasper,tfidf,200c37060d037dee33f3b7c8b1a2aaa58376566e,1903.04329,32,11,11,0,1391,1391,0,revision-added exploratory
qasper,tfidf,20632fc4d2b693b5aabfbbc99ee5c1e9fc485dea,1912.02866,53,22,49,27,1992,4124,2132,revision-added exploratory
qasper,tfidf,21c89ee0281f093b209533453196306b9699b552,1706.00188,14,3,10,7,256,942,686,revision-added exploratory
qasper,tfidf,21f6cb3819c85312364dd17dd4091df946591ef0,1704.08390,29,6,6,0,450,450,0,revision-added exploratory
qasper,tfidf,22225ba18a6efe74b1315cc08405011d5431498e,1705.00571,30,10,13,3,1029,1317,288,revision-added exploratory
qasper,tfidf,22488c8628b6db5fd708b6471c31a8eac31f66df,1906.01749,52,2,3,1,331,518,187,revision-added exploratory
qasper,tfidf,2280ed1e2b3e99921e2bca21231af43b58ca04f0,1911.09247,68,3,3,0,216,216,0,revision-added exploratory
qasper,tfidf,22c125c461f565f5437dac74bf19c2ef317bad86,1703.04009,20,6,6,0,1135,1135,0,revision-added exploratory
qasper,tfidf,2301424672cb79297cf7ad95f23b58515e4acce8,1911.05652,34,1,11,10,111,984,873,revision-added exploratory
qasper,tfidf,230f127e83ac62dd65fccf6b1a4960cf0f7316c7,2004.02401,33,23,23,0,2529,2529,0,revision-added exploratory
qasper,tfidf,230ff86b7b90b87c33c53014bb1e9c582dfc107f,1805.11937,43,2,40,38,237,2883,2646,revision-added exploratory
qasper,tfidf,23252644c04a043f630a855b563666dd57179d98,2002.00175,58,4,4,0,233,233,0,revision-added exploratory
qasper,tfidf,235c7c7ca719068136928b18e19f9661e0f72806,2004.01820,92,65,79,14,4334,5361,1027,revision-added exploratory
qasper,tfidf,23cbf6ab365c1eb760b565d8ba51fb3f06257d62,1910.02677,56,55,55,0,3230,3230,0,revision-added exploratory
qasper,tfidf,23fe8431058f2a7b7588745766fc715f271aad07,2004.02334,53,4,4,0,329,329,0,revision-added exploratory
qasper,tfidf,243cf21c4e34c4b91fcc4905aa4dc15a72087f0c,1903.02930,20,2,2,0,246,246,0,revision-added exploratory
qasper,tfidf,246e924017c48fa1f069361c44133fdf4f0386e1,1909.01720,69,11,11,0,759,759,0,revision-added exploratory
qasper,tfidf,252599e53f52b3375b26d4e8e8b66322a42d2563,1709.06365,75,2,40,38,254,4315,4061,revision-added exploratory
qasper,tfidf,25a8d432bf94af1662837877bc6c284e2fc3fbe2,1908.10001,38,1,1,0,83,83,0,revision-added exploratory
qasper,tfidf,25e6ba07285155266c3154d3e2ca1ae05c2f7f2d,2004.03090,28,6,18,12,447,1799,1352,revision-added exploratory
qasper,tfidf,26844cec57df6ff0f02245ea862af316b89edffe,1808.10290,38,2,3,1,237,432,195,revision-added exploratory
qasper,tfidf,2686e8d51caff9a19684e0c9984bcb5a1937d08d,1606.02892,49,1,1,0,73,73,0,revision-added exploratory
qasper,tfidf,26e32f24fe0c31ef25de78935daa479534b9dd58,1911.01940,47,3,5,2,290,445,155,revision-added exploratory
qasper,tfidf,26eceba0e6e4c0b6dfa94e5708dd74b63f701731,1712.02555,55,1,1,0,47,47,0,revision-added exploratory
qasper,tfidf,2711ae6dd532d136295c95253dbf202e37ecd3e7,1909.06708,30,2,3,1,81,161,80,revision-added exploratory
qasper,tfidf,2749fb1725a2c4bdba5848e2fc424a43e7c4be51,2004.04498,93,1,24,23,66,1372,1306,revision-added exploratory
qasper,tfidf,27d7a30e42921e77cfffafac5cb0d16ce5a7df99,1707.02892,71,9,9,0,441,441,0,revision-added exploratory
qasper,tfidf,2834a340116026d5995e537d474a47d6a74c3745,1705.01306,50,3,3,0,156,156,0,revision-added exploratory
qasper,tfidf,283d358606341c399e369f2ba7952cd955326f73,1611.02378,52,30,33,3,2110,2355,245,revision-added exploratory
qasper,tfidf,28847b20ca63dc56f2545e6f6ec3082d9dbe1b3f,2003.12660,26,10,10,0,607,607,0,revision-added exploratory
qasper,tfidf,2895a3fc63f6f403445c11043460584e949fb16c,1710.07695,63,4,10,6,164,380,216,revision-added exploratory
qasper,tfidf,28a8a1542b45f67674a2f1d54fff7a1e45bfad66,2002.04326,24,1,4,3,287,909,622,revision-added exploratory
qasper,tfidf,2929e92f9b4939297b4d0f799d464d46e8d52063,1908.11046,58,1,10,9,98,1003,905,revision-added exploratory
qasper,tfidf,2974237446d04da33b78ce6d22a477cdf80877b7,1611.06322,49,14,26,12,1618,2366,748,revision-added exploratory
qasper,tfidf,29794bda61665a1fbe736111e107fd181eacba1b,1911.01214,74,14,23,9,1054,1773,719,revision-added exploratory
qasper,tfidf,2a120f358f50c377b5b63fb32633223fa4ee2149,1803.05160,71,4,12,8,363,1100,737,revision-added exploratory
qasper,tfidf,2a9c7243744b42f1e9fed9ff2ab17c6f156b1ba4,1804.05306,34,1,1,0,202,202,0,revision-added exploratory
qasper,tfidf,2abcff4fdedf9b17f76875cc338ba4ab8d1eccd3,2003.11687,35,14,14,0,1430,1430,0,revision-added exploratory
qasper,tfidf,2abf916bc03222d3b2a3d66851d87921ff35c0d2,1803.06745,41,15,15,0,1612,1612,0,revision-added exploratory
qasper,tfidf,2ae66798333b905172e2c0954e9808662ab7f221,1903.00384,48,4,18,14,284,1264,980,revision-added exploratory
qasper,tfidf,2aeabec8a734a6e8ca9e7a308dd8c9a1011b3d6e,1801.05617,85,19,22,3,2286,2636,350,revision-added exploratory
qasper,tfidf,2b32cf05c5e736f764ceecc08477e20ab9f2f5d7,1908.06493,41,27,30,3,2312,2553,241,revision-added exploratory
qasper,tfidf,2ba2ff6c21a16bd295b07af1ef635b3b4c5bd17e,1912.04979,59,6,56,50,689,5461,4772,revision-added exploratory
qasper,tfidf,2bd702174e915d97884d1571539fb1b5b0b7123a,1802.02614,46,14,14,0,794,794,0,revision-added exploratory
qasper,tfidf,2c60628d54f2492e0cbf0fb8bacd8e54117f0c18,1902.10246,24,1,3,2,113,251,138,revision-added exploratory
qasper,tfidf,2ca3ca39d59f448e30be6798514709be7e3c62d8,1603.01547,67,52,52,0,3204,3204,0,revision-added exploratory
qasper,tfidf,2cb20bae085b67e357ab1e18ebafeac4bbde5b4a,1901.05389,45,8,8,0,1194,1194,0,revision-added exploratory
qasper,tfidf,2d5d0b0c54105717bf48559b914fefd0c94964a6,2003.12660,26,1,11,10,53,597,544,revision-added exploratory
qasper,tfidf,2d91554c3f320a4bcfeb00aa466309074a206712,1903.01411,78,12,78,66,1387,4093,2706,revision-added exploratory
qasper,tfidf,2dba0b83fc22995f83e7ac66cc8f68bcdcc70ee9,1909.04251,58,1,1,0,175,175,0,revision-added exploratory
qasper,tfidf,2ddfb40a9e73f382a2eb641c8e22bbb80cef017b,1906.01502,30,4,23,19,280,1843,1563,revision-added exploratory
qasper,tfidf,2e37eb2a2a9ad80391e57acb53616eab048ab640,2003.13028,66,37,60,23,2261,3238,977,revision-added exploratory
qasper,tfidf,2e4688205c8e344cded7a053b6014cce04ef1bd5,1611.04234,31,1,1,0,135,135,0,revision-added exploratory
qasper,tfidf,2ecd12069388fd58ad5f8f4ae7ac1bb4f56497b9,1905.08067,27,6,6,0,1176,1176,0,revision-added exploratory
qasper,tfidf,2ee4ecf98ef7d02c9e4d103968098fe35f067bbb,1908.07491,30,13,23,10,996,1719,723,revision-added exploratory
qasper,tfidf,2f23bd86a9e27dcd88007c9058ddfce78a1a377b,1707.07568,38,1,1,0,149,149,0,revision-added exploratory
qasper,tfidf,2f75b0498cf6a1fc35f1fb1cac44fc2fbd3d7878,2002.00175,58,4,11,7,80,524,444,revision-added exploratory
qasper,tfidf,301a453abaa3bc15976817fefce7a41f3b779907,1805.04558,131,3,3,0,53,53,0,revision-added exploratory
qasper,tfidf,30870a962cf88ac8c8e6b7b795936fd62214f507,1709.06136,45,16,16,0,1763,1763,0,revision-added exploratory
qasper,tfidf,311f9971d61b91c7d76bba1ad6f038390977a8be,1910.02677,56,16,16,0,1194,1194,0,revision-added exploratory
qasper,tfidf,31894361833b3e329a1fb9ebf85a78841cff229f,1905.08067,27,5,5,0,1017,1017,0,revision-added exploratory
qasper,tfidf,31a3ec8d550054465e55a26b0136f4d50d72d354,1608.01972,44,2,18,16,256,1923,1667,revision-added exploratory
qasper,tfidf,31e6062ba45d8956791e1b86bad7efcb6d1b191a,1703.10152,41,7,34,27,634,2087,1453,revision-added exploratory
qasper,tfidf,32f2aa2df0152050cbcd27dd2f408b2fa5894031,1711.01567,29,6,16,10,654,1392,738,revision-added exploratory
qasper,tfidf,3319d56556ae1597a86384057db0831e32774b90,1611.06322,49,2,16,14,229,2107,1878,revision-added exploratory
qasper,tfidf,334aa5540c207768931a0fe78aa4981a895ba37c,1909.11980,29,28,28,0,1482,1482,0,revision-added exploratory
qasper,tfidf,338a3758dccfa438a52d173fbe23a165ef74a0f0,1909.12016,56,9,9,0,461,461,0,revision-added exploratory
qasper,tfidf,3435e365adf7866e45670c865dc33bb7d2a6a0c6,1911.03642,42,19,19,0,1810,1810,0,revision-added exploratory
qasper,tfidf,344238de7208902f7b3a46819cc6d83cc37448a0,1908.06024,37,17,25,8,3200,4551,1351,revision-added exploratory
qasper,tfidf,3450723bf66956486de777f141bde5073e4a7694,1906.01076,52,1,1,0,62,62,0,revision-added exploratory
qasper,tfidf,34b434825f0ca3225dc8914f9da865d2b4674f08,1912.08084,68,50,52,2,3456,3621,165,revision-added exploratory
qasper,tfidf,34e9e54fa79e89ecacac35f97b33ef3ca3a00f85,1909.02855,31,5,5,0,774,774,0,revision-added exploratory
qasper,tfidf,351f7b254e80348221e0654478663a5e53d3fe65,1810.12897,25,23,23,0,2386,2386,0,revision-added exploratory
qasper,tfidf,3588988f2230f3329d7523fbb881b20bf177280d,1811.00051,245,3,3,0,274,274,0,revision-added exploratory
qasper,tfidf,35e0e6f89b010f34cfb69309b85db524a419c862,1911.10401,27,1,1,0,147,147,0,revision-added exploratory
qasper,tfidf,35f48b8f73728fbdeb271b170804190b5448485a,1809.03695,18,5,6,1,377,440,63,revision-added exploratory
qasper,tfidf,361f330d3232681f1a13c6d59abb6c18246e7b35,1909.00369,57,7,7,0,714,714,0,revision-added exploratory
qasper,tfidf,363a24ecb8ab45215134935e7e8165fff72ff90f,2004.01970,38,13,23,10,1079,1679,600,revision-added exploratory
qasper,tfidf,3699927c6c1146f5057576034d226a99946d52cb,1902.08830,107,3,25,22,355,2974,2619,revision-added exploratory
qasper,tfidf,369d7bc5351409910c7a5e05c0cbb5abab8e50ec,2004.03090,28,19,19,0,1836,1836,0,revision-added exploratory
qasper,tfidf,36cb7ebdd39e0b8a89ff946d3a3aef8a76a6bb43,1908.09919,27,1,6,5,140,624,484,revision-added exploratory
qasper,tfidf,371433bd3fb5042bacec4dfad3cfff66147c14f0,1909.04387,28,6,27,21,715,1696,981,revision-added exploratory
qasper,tfidf,376e8ed6e039e07c892c77b7525778178d56acb7,1908.07491,30,1,1,0,96,96,0,revision-added exploratory
qasper,tfidf,37ac705166fa87dc74fe86575bf04bea56cc4930,2004.02363,19,3,3,0,311,311,0,revision-added exploratory
qasper,tfidf,37b972a3afae04193411dc569f672d802c16ad71,1911.06815,26,22,22,0,1786,1786,0,revision-added exploratory
qasper,tfidf,37e6ce5cfc9d311e760dad8967d5085446125408,2002.08902,29,14,14,0,918,918,0,revision-added exploratory
qasper,tfidf,38055717edf833566d912f14137b92a1d9c4f65a,1909.10481,43,8,10,2,955,1210,255,revision-added exploratory
qasper,tfidf,380e71848d4b0d1e983d504b1249119612f00bcb,1706.00188,14,4,11,7,360,1013,653,revision-added exploratory
qasper,tfidf,38289bd9592db4d3670b65a0fef1fe8a309fee61,1603.08868,35,19,19,0,1859,1859,0,revision-added exploratory
qasper,tfidf,38363a7ed250bc729508c4c1dc975696a65c53cb,1911.04873,26,20,20,0,1369,1369,0,revision-added exploratory
qasper,tfidf,389cc454ac97609e9d0f2b2fe70bf43218dd8ba7,1911.03324,57,1,1,0,153,153,0,revision-added exploratory
qasper,tfidf,389ff1927ba9fc8bac50959fc09f30c2143cc14e,1804.09692,49,7,7,0,418,418,0,revision-added exploratory
qasper,tfidf,38af3f25c36c3725a31304ab96e2c200c55792b4,1806.03369,29,18,18,0,2171,2171,0,revision-added exploratory
qasper,tfidf,397a1e851aab41c455c2b284f5e4947500d797f0,1911.10742,54,20,20,0,2507,2507,0,revision-added exploratory
qasper,tfidf,3a06d40a4bf5ba6e26d9138434e9139a014deb40,1908.09283,68,9,9,0,584,584,0,revision-added exploratory
qasper,tfidf,3a19dc6999aeb936d8a1c4509ebd5bfcda50f0f1,1909.12016,56,11,13,2,701,810,109,revision-added exploratory
qasper,tfidf,3a25f82512d56d9e1ffba72f977f515ae3ba3cca,2003.09244,78,3,66,63,322,5212,4890,revision-added exploratory
qasper,tfidf,3a33512d253005ac280ee9ca4f9dfa69aa38d48f,1910.07973,16,3,3,0,291,291,0,revision-added exploratory
qasper,tfidf,3c414f7fbf577dfd3363be6bbc9eba8bdd01f45f,1610.03955,49,35,35,0,2148,2148,0,revision-added exploratory
qasper,tfidf,3cc0d773085dc175b85955e95911a2cfaab2cdc4,1707.06519,32,4,14,10,571,1707,1136,revision-added exploratory
qasper,tfidf,3cc9a820c4a2cd2ff61da920c41ed09f3c0135be,1911.00461,29,7,23,16,394,1385,991,revision-added exploratory
qasper,tfidf,3ccc4ccebc3b0de5546b1208e8094a839fd4a4ab,1808.09180,76,1,6,5,130,747,617,revision-added exploratory
qasper,tfidf,3cfe464052f0a248b6e22c9351279403dfe34f3c,1910.10762,34,1,15,14,46,1618,1572,revision-added exploratory
qasper,tfidf,3d5b4aa1ce99903b1fcd257c1e394f7990431d13,1810.13414,282,7,7,0,662,662,0,revision-added exploratory
qasper,tfidf,3d662fb442d5fc332194770aac835f401c2148d9,1911.09247,68,7,19,12,392,1365,973,revision-added exploratory
qasper,tfidf,3d73cb92d866448ec72a571331967da5d34dfbb1,1910.09916,50,2,2,0,152,152,0,revision-added exploratory
qasper,tfidf,3de3a083b8ba3086792d38ae9667e095070f7f37,1905.00472,30,18,18,0,1978,1978,0,revision-added exploratory
qasper,tfidf,3df6d18d7b25d1c814e9dcc8ba78b3cdfe15edcd,1605.05195,46,1,1,0,191,191,0,revision-added exploratory
qasper,tfidf,3e0fd1a3944e207edbbe7c7108239dbaf3bccd4f,2004.02105,49,1,1,0,203,203,0,revision-added exploratory
qasper,tfidf,3e23cc3c5e4d5cec51d158130d6aeae120e94fc8,1610.07149,72,50,50,0,2767,2767,0,revision-added exploratory
qasper,tfidf,3e5162e6399c7d03ecc7007efd21d06c04cf2843,1911.11025,66,1,1,0,100,100,0,revision-added exploratory
qasper,tfidf,3e88fcc94d0f451e87b65658751834f6103b2030,1908.05908,41,6,8,2,232,343,111,revision-added exploratory
qasper,tfidf,3ea82a5ca495ffbd1e30e8655aef1be4ba423efe,1911.12559,22,1,10,9,150,1339,1189,revision-added exploratory
qasper,tfidf,3eb107f35f4f5f5f527a93ffb487aa2e3fe51efd,1805.07882,79,62,62,0,2933,2933,0,revision-added exploratory
qasper,tfidf,3ed8ac1ba4df6609fa7de5077d83e820641edc5e,1707.09816,50,4,40,36,350,2764,2414,revision-added exploratory
qasper,tfidf,3f717e6eceab0a066af65ddf782c1ebc502c28c0,1909.12079,42,9,9,0,461,461,0,revision-added exploratory
qasper,tfidf,3f8a42eb0e904ce84c3fded2103f674e9cbc893d,1911.00202,55,5,28,23,607,2460,1853,revision-added exploratory
qasper,tfidf,3fd8eab282569b1c18b82f20d579b335ae70e79f,1906.01502,30,10,10,0,829,829,0,revision-added exploratory
qasper,tfidf,4137a82d7752be7a6c142ceb48ce784fd475fb06,1708.05521,24,1,1,0,112,112,0,revision-added exploratory
qasper,tfidf,420862798054f736128a6f0c4393c7f9cc648b40,1603.09405,48,4,4,0,448,448,0,revision-added exploratory
qasper,tfidf,42269ed04e986ec5dc4164bf57ef306aec4a1ae1,1608.01972,44,34,34,0,3394,3394,0,revision-added exploratory
qasper,tfidf,42279c3a202a93cfb4aef49212ccaf401a3f8761,1803.05160,71,69,69,0,5543,5543,0,revision-added exploratory
qasper,tfidf,425d17465ff91019eb87c28ff3942f781ba1bbcb,1901.03253,68,2,35,33,162,3187,3025,revision-added exploratory
qasper,tfidf,4288621e960ffbfce59ef1c740d30baac1588b9b,1611.04887,45,7,30,23,1016,1898,882,revision-added exploratory
qasper,tfidf,42a4ab4607a9eec42c427a817b7e898230d26444,1909.09070,59,2,45,43,170,4369,4199,revision-added exploratory
qasper,tfidf,42dcf1bb19b8470993c05e55413eed487b0f2559,1905.08067,27,2,2,0,263,263,0,revision-added exploratory
qasper,tfidf,42eb7c5311fc1ac0344f0b38d3184ccd4faad3be,2004.01820,92,15,15,0,1338,1338,0,revision-added exploratory
qasper,tfidf,430ad71a0fd715a038f3c0fe8d7510e9730fba23,1805.09960,67,2,65,63,22,3789,3767,revision-added exploratory
qasper,tfidf,43729be0effb5defc62bae930ceacf7219934f1e,2003.07568,59,4,8,4,140,706,566,revision-added exploratory
qasper,tfidf,43f43b135109ebd1d2d1f9af979c64ce550b5f0f,1804.05253,26,17,17,0,1133,1133,0,revision-added exploratory
qasper,tfidf,441a2b80e82266c2cc2b306c0069f2b564813fed,1906.04236,58,51,51,0,3765,3765,0,revision-added exploratory
qasper,tfidf,4485e32052741972877375667901f61e602ec4de,1805.11850,17,5,5,0,566,566,0,revision-added exploratory
qasper,tfidf,452e2d7d7d9e1bb4914903479cd7caff9f6fae42,1706.00188,14,2,2,0,261,261,0,revision-added exploratory
qasper,tfidf,458e5ed506883bfec6623102ec9f43c071f0616f,1801.05617,85,23,23,0,2455,2455,0,revision-added exploratory
qasper,tfidf,45aab23790161cbc55f78e16fdf5678a3f5b4b92,1610.06510,53,29,29,0,2581,2581,0,revision-added exploratory
qasper,tfidf,45e6532ac06a59cb6a90624513242b06d7391501,1912.11637,58,5,7,2,291,452,161,revision-added exploratory
qasper,tfidf,4683812cba21c92319be68c03260b5a8175bbb6e,1602.07563,120,4,23,19,472,1823,1351,revision-added exploratory
qasper,tfidf,468eb961215a554ace8088fa9097a7ad239f2d71,2004.04478,67,10,10,0,768,768,0,revision-added exploratory
qasper,tfidf,46aa61557c8d20b1223a30366a0704d7af68bbbe,1910.07924,82,28,42,14,982,1753,771,revision-added exploratory
qasper,tfidf,46d051b8924ad0ef8cfba9c7b5b84707ee72f26a,1907.04072,44,14,14,0,1348,1348,0,revision-added exploratory
qasper,tfidf,46e660becd727c994a2a35c6587e15ea8bf8272d,1809.08935,10,3,3,0,378,378,0,revision-added exploratory
qasper,tfidf,471683ba6251b631f38a24d42b6dba6f52dee429,2003.12139,28,10,10,0,1294,1294,0,revision-added exploratory
qasper,tfidf,4748a50c96acb1aa03f7efd1b43376c193b2450a,1709.04491,19,3,3,0,346,346,0,revision-added exploratory
qasper,tfidf,475e698a801be0ad9e4f74756d1fff4fe0728009,1805.11598,24,5,24,19,544,1953,1409,revision-added exploratory
qasper,tfidf,475ef4ad32a8589dae9d97048166d732ae5d7beb,1906.01502,30,11,11,0,978,978,0,revision-added exploratory
qasper,tfidf,477da8d997ff87400c6aad19dcc74f8998bc89c3,1805.11850,17,8,8,0,728,728,0,revision-added exploratory
qasper,tfidf,47b7bc232af7bf93338bd3926345e23e9e80c0c1,1811.01183,50,6,6,0,593,593,0,revision-added exploratory
qasper,tfidf,47ffc9811b037613c9c4d1ec1e4f13c08396ed1c,1603.03876,81,2,2,0,113,113,0,revision-added exploratory
qasper,tfidf,488e3c4fd1103c46e12815d1bf414a0356fb0d0e,1903.02930,20,2,2,0,248,248,0,revision-added exploratory
qasper,tfidf,48ff9645a506aa2c17810d2654d1f0f0d9e609ee,1910.01108,26,1,9,8,33,631,598,revision-added exploratory
qasper,tfidf,4999da863ecbd40378505bfb1f4e395061a3f559,1911.06919,65,65,65,0,3632,3632,0,revision-added exploratory
qasper,tfidf,49cd18448101da146c3187a44412628f8c722d7b,1705.01306,50,2,2,0,108,108,0,revision-added exploratory
qasper,tfidf,4a093a9af4903a59057a4372ac1b01603467ca58,1602.07563,120,16,57,41,1637,5586,3949,revision-added exploratory
qasper,tfidf,4a201b8b9cc566b56aedb5ab45335f202bc41845,1803.07828,32,32,32,0,3007,3007,0,revision-added exploratory
qasper,tfidf,4a91432abe3f54fcbdd00bb85dc0df95b16edf42,1703.04009,20,12,12,0,1916,1916,0,revision-added exploratory
qasper,tfidf,4ae0b50c88a174cfc283b90cd3c9407de13fd370,1802.09059,34,3,7,4,487,1062,575,revision-added exploratory
qasper,tfidf,4afd4cfcb30433714b135b977baff346323af1e3,1911.02747,29,2,2,0,151,151,0,revision-added exploratory
qasper,tfidf,4b6745982aa64fbafe09f7c88c8d54d520b3f687,1805.09960,67,24,24,0,2055,2055,0,revision-added exploratory
qasper,tfidf,4cb2e80da73ae36de372190b4c1c490b72977ef8,1609.02075,85,5,70,65,480,5362,4882,revision-added exploratory
qasper,tfidf,4d5b74499804ea5bc5520beb88d0f9816f67205a,1907.04072,44,9,43,34,795,2504,1709,revision-added exploratory
qasper,tfidf,4d824b49728649432371ecb08f66ba44e50569e0,1612.04118,27,2,3,1,213,252,39,revision-added exploratory
qasper,tfidf,4d887ce7dc43528098e7a3d9cd13c6c36f158c53,1803.02155,48,32,45,13,1647,1968,321,revision-added exploratory
qasper,tfidf,4ddc53afffaf1622d97695347dd1b3190d156dee,1808.07231,39,1,1,0,74,74,0,revision-added exploratory
qasper,tfidf,4de6bcddd46726bf58326304b0490fdb9e7e86ec,1908.07491,30,4,17,13,340,1199,859,revision-added exploratory
qasper,tfidf,4e106b03cc2f54373e73d5922e97f7e5e9bf03e4,1906.00424,36,1,1,0,92,92,0,revision-added exploratory
qasper,tfidf,4e59808a7f73ac499b9838d3c0ce814196a02473,1908.06259,41,1,3,2,46,232,186,revision-added exploratory
qasper,tfidf,4eb42c5d56d695030dd47ea7f6d65164924c4017,1910.09387,23,15,15,0,2033,2033,0,revision-added exploratory
qasper,tfidf,4f57ac24f3f4689a2f885715cd84b7d867fe3f12,1908.06893,98,54,54,0,3747,3747,0,revision-added exploratory
qasper,tfidf,5096aaea2d0f4bea4c12e14f4f7735e1aea1bfa6,1706.00188,14,2,6,4,155,594,439,revision-added exploratory
qasper,tfidf,50bcbb730aa74637503c227f022a10f57d43f1f7,1703.05320,60,1,23,22,76,1793,1717,revision-added exploratory
qasper,tfidf,50c1bf8b928069f3ffc7f0cb00aa056a163ef336,1906.01502,30,12,27,15,895,2114,1219,revision-added exploratory
qasper,tfidf,50c441a9cc7345a0fa408d1ce2e13f194c1e82a8,1911.11161,18,6,7,1,898,1057,159,revision-added exploratory
qasper,tfidf,5102dc911913e9ca0311253e44fd31c73eed0a57,1909.07158,55,9,9,0,607,607,0,revision-added exploratory
qasper,tfidf,511e46b5aa8e1ee9e7dc890f47fa15ef94d4a0af,1804.07445,34,3,3,0,266,266,0,revision-added exploratory
qasper,tfidf,5154f63c50729b8ac04939588c2f5ffeb916e3df,1801.05617,85,10,17,7,993,2115,1122,revision-added exploratory
qasper,tfidf,516b691ef192f136bb037c12c3c9365ef5a6604c,1706.02222,68,6,49,43,686,4280,3594,revision-added exploratory
qasper,tfidf,5181527e6a61a9a192db5f8064e56ec263c42661,1909.11980,29,17,17,0,969,969,0,revision-added exploratory
qasper,tfidf,51e9f446d987219bc069222731dfc1081957ce1f,1910.03355,41,33,33,0,2189,2189,0,revision-added exploratory
qasper,tfidf,521a3e7300567f6e8e4c531f223dbc9fc306c393,1911.00202,55,3,5,2,172,363,191,revision-added exploratory
qasper,tfidf,52868394eb2b3b37eb5f47f51c06ad53061f4495,2002.06854,46,5,44,39,452,2886,2434,revision-added exploratory
qasper,tfidf,52faf319e37aa15fff1ab47f634a5a584dc42e75,1708.00549,27,4,9,5,297,662,365,revision-added exploratory
qasper,tfidf,5370a0062aae7fa4e700ae47aa143be5c5fc6b22,1811.04791,60,6,13,7,584,1498,914,revision-added exploratory
qasper,tfidf,539f5c27e1a2d240e52b711d0a50a3a6ddfa5cb2,1911.04128,23,3,3,0,235,235,0,revision-added exploratory
qasper,tfidf,53a8c3cf22d6bf6477bc576a85a83d8447ee0484,1910.07973,16,11,11,0,1540,1540,0,revision-added exploratory
qasper,tfidf,54002c15493d4082d352a66fb9465d65bfe9ddca,1911.03977,71,1,1,0,184,184,0,revision-added exploratory
qasper,tfidf,5422a3f2a083395416d6f99c57d28335eb2e44e1,1911.09709,79,2,8,6,191,632,441,revision-added exploratory
qasper,tfidf,5499440674f0e4a9d6912b9ac29fa1f7b7cd5253,1811.01183,50,2,18,16,87,1924,1837,revision-added exploratory
qasper,tfidf,5522a9eeb06221722052e3c38f9b0d0dbe7c13e6,1709.06136,45,5,5,0,616,616,0,revision-added exploratory
qasper,tfidf,552b1c813f25bf39ace6cd5eefa56f4e4dd70c84,1911.03854,26,12,14,2,872,976,104,revision-added exploratory
qasper,tfidf,554d798e4ce58fd30820200c474d7e796dc8ba89,1810.02268,71,28,44,16,1647,2666,1019,revision-added exploratory
qasper,tfidf,55612e92791296baf18013d2c8dd0474f35af770,1707.07568,38,4,4,0,251,251,0,revision-added exploratory
qasper,tfidf,556782bb96f8fc07d14865f122362ebcc79134ec,1909.11706,31,8,10,2,1014,1224,210,revision-added exploratory
qasper,tfidf,55bde89fc5822572f794614df3130d23537f7cf2,2002.04745,127,26,26,0,2655,2655,0,revision-added exploratory
qasper,tfidf,568466c62dd73a025bfd9643417cdb7a611f23a1,1909.12016,56,2,2,0,154,154,0,revision-added exploratory
qasper,tfidf,5695908a8c6beb0e3863a1458a1b93aab508fd34,1910.10670,41,2,2,0,294,294,0,revision-added exploratory
qasper,tfidf,56d41e0fcc288c1e65806ae77097d685c83e22db,1709.09749,34,1,2,1,29,65,36,revision-added exploratory
qasper,tfidf,56d788af4694c1cd1eebee0b83c585836d1f5f99,1912.08084,68,9,16,7,608,1112,504,revision-added exploratory
qasper,tfidf,573b8b1ad919d3fd0ef7df84e55e5bfd165b3e84,1909.07873,52,7,7,0,1195,1195,0,revision-added exploratory
qasper,tfidf,5752c8d333afc1e6c666b18d1477c8f669b7a602,1707.02892,71,2,2,0,56,56,0,revision-added exploratory
qasper,tfidf,576a3ed6e4faa4c3893db632e97a52ac6e864aac,1605.04278,123,39,39,0,3218,3218,0,revision-added exploratory
qasper,tfidf,578add9d3dadf86cd0876d42b03bf0114f83d0e7,1907.04072,44,9,9,0,830,830,0,revision-added exploratory
qasper,tfidf,57d07d2b509c5860880583efe2ed4c5620a96747,2004.04478,67,1,17,16,109,1102,993,revision-added exploratory
qasper,tfidf,57ee20f494d8ce3fae46028c3f3551d180dba3e0,1611.06322,49,10,45,35,1012,4097,3085,revision-added exploratory
qasper,tfidf,58a3cfbbf209174fcffe44ce99840c758b448364,1707.05589,47,24,35,11,1890,2623,733,revision-added exploratory
qasper,tfidf,59a3d4cdd1c3797962bf8d72c226c847e06e1d44,1908.05925,40,18,24,6,1518,1910,392,revision-added exploratory
qasper,tfidf,5a7d1ae6796e09299522ebda7bfcfad312d6d128,1912.07076,55,2,38,36,309,3713,3404,revision-added exploratory
qasper,tfidf,5ae005917efc17a505ba1ba5e996c4266d6c74b6,1806.06571,52,25,25,0,1529,1529,0,revision-added exploratory
qasper,tfidf,5b2839bef513e5d441f0bb8352807f673f4b2070,1803.06745,41,7,12,5,691,1026,335,revision-added exploratory
qasper,tfidf,5bfbc9ca7fd41be9627f6ef587bb7e21c7983be0,2002.06851,33,7,21,14,775,1953,1178,revision-added exploratory
qasper,tfidf,5c17559749810c67c50a7dbe34580d5e3b4f9acb,1706.04206,34,5,22,17,310,1815,1505,revision-added exploratory
qasper,tfidf,5cc5e2db82f5d40a5244224dad94da50b4f673db,1804.03839,55,1,1,0,140,140,0,revision-added exploratory
qasper,tfidf,5d0a3f8ca3882f87773cf8c2ef1b4f72b9cc241e,1808.10006,50,35,35,0,3152,3152,0,revision-added exploratory
qasper,tfidf,5d3e87937ecebf0695bece08eccefb2f88ad4a0f,1907.05338,25,6,6,0,718,718,0,revision-added exploratory
qasper,tfidf,5d93245832d90b31aee42ea2bf1e7704c22ebeca,1808.07231,39,1,1,0,39,39,0,revision-added exploratory
qasper,tfidf,5da9e2eef741bd7efccec8e441b8e52e906b2d2d,1804.00982,18,17,17,0,1606,1606,0,revision-added exploratory
qasper,tfidf,5db47bbb97282983e10414240db78154ea7ac75f,1909.07873,52,1,42,41,58,4719,4661,revision-added exploratory
qasper,tfidf,5dfd58f91e7740899c23ebfe04b7176edce9ead2,1809.03391,33,1,2,1,63,139,76,revision-added exploratory
qasper,tfidf,5e4eac0b0a73d465d74568c21819acaec557b700,1809.03680,47,4,4,0,579,579,0,revision-added exploratory
qasper,tfidf,5f6c1513cbda9ae711bc38df08fe72e3d3028af2,1802.06053,19,6,6,0,818,818,0,revision-added exploratory
qasper,tfidf,5f7f4a1d4380c118a58ed506c057d3b7aa234c1e,1906.04287,20,18,18,0,1767,1767,0,revision-added exploratory
qasper,tfidf,5fd112980d0dd7f7ce30e6273fe6e7b230b13225,1910.14589,68,20,43,23,1246,2506,1260,revision-added exploratory
qasper,tfidf,6014c2219d29bae17279625716e7c2a1f8a2bd05,1604.05559,19,17,17,0,607,607,0,revision-added exploratory
qasper,tfidf,610fc593638c5e9809ea9839912d0b282541d42d,1804.08000,37,1,1,0,134,134,0,revision-added exploratory
qasper,tfidf,6157567c5614e1954b801431fec680f044e102c6,1610.03807,23,5,23,18,501,1863,1362,revision-added exploratory
qasper,tfidf,6167618e0c53964f3a706758bdf5e807bc5d7760,1909.01860,23,15,15,0,1256,1256,0,revision-added exploratory
qasper,tfidf,61a2599acfbd3d75de58e97ecdba2d9cf0978324,1912.08084,68,5,20,15,381,1357,976,revision-added exploratory
qasper,tfidf,61e96abdc924c34c6b82a587168ea3d14fe792d1,1911.10401,27,1,9,8,147,1407,1260,revision-added exploratory
qasper,tfidf,620b6c410a055295d137511d3c99207a47c03b5e,1908.09590,53,14,14,0,1402,1402,0,revision-added exploratory
qasper,tfidf,627ce8a1db08a732d5a8f7e1f8a72e3de89847e6,1911.09247,68,2,54,52,218,3270,3052,revision-added exploratory
qasper,tfidf,62edffd051d056cf60e17deafcc55a8c9af398cb,1908.10461,34,3,3,0,180,180,0,revision-added exploratory
qasper,tfidf,6371c6863fe9a14bf67560e754ce531d70de10ab,2002.04326,24,12,16,4,2020,2679,659,revision-added exploratory
qasper,tfidf,63cdac43a643fc1e06da44910458e89b2c7cd921,1904.03670,42,1,1,0,58,58,0,revision-added exploratory
qasper,tfidf,63d2e97657419a0185127534f4ff9d0039cb1a63,1804.05253,26,3,4,1,163,289,126,revision-added exploratory
qasper,tfidf,63eda2af88c35a507fbbfda0ec1082f58091883a,1711.11118,15,5,5,0,881,881,0,revision-added exploratory
qasper,tfidf,641fe5dc93611411582e6a4a0ea2d5773eaf0310,1802.03052,49,1,1,0,76,76,0,revision-added exploratory
qasper,tfidf,643527e94e8eed1e2229915fcf8cd74d769173fc,1908.09283,68,2,2,0,45,45,0,revision-added exploratory
qasper,tfidf,643645e02ffe8fde45918615ec92013a035d1b92,1704.03279,32,2,2,0,333,333,0,revision-added exploratory
qasper,tfidf,64632981279c7aa16ffc1a44ffc31f4520f5559e,1710.07695,63,1,1,0,51,51,0,revision-added exploratory
qasper,tfidf,647f6e6b168ec38fcdb737d3b276f78402282f9d,1910.13793,45,6,6,0,407,407,0,revision-added exploratory
qasper,tfidf,64c45fdb536ae294cf06716ac20d08b5fdb7944d,1710.01789,42,39,40,1,2605,2649,44,revision-added exploratory
qasper,tfidf,64f7337970e8d1989b2e1f7106d86f73c4a3d0af,1803.08419,61,2,4,2,255,524,269,revision-added exploratory
qasper,tfidf,654fe0109502f2ed2dc8dad359dbbce4393e03dc,1908.09892,31,3,30,27,300,2612,2312,revision-added exploratory
qasper,tfidf,6590055fb033cb32826f2afecb3d7f607dd97d57,1911.03642,42,1,1,0,67,67,0,revision-added exploratory
qasper,tfidf,65b39676db60f914f29f74b7c1264422ee42ad5c,1611.00440,28,11,26,15,1177,2196,1019,revision-added exploratory
qasper,tfidf,65c7a2b734dab51c4c81f722527424ff33b023f8,1610.06510,53,41,41,0,3438,3438,0,revision-added exploratory
qasper,tfidf,65e26b15e087bedb6e8782d91596b35e7454b16b,1611.01116,26,11,20,9,1682,3185,1503,revision-added exploratory
qasper,tfidf,6606160e210d05b94f7cbd9c5ff91947339f9d02,1902.08830,107,8,28,20,801,3002,2201,revision-added exploratory
qasper,tfidf,6656a9472499331f4eda45182ea697a4d63e943c,1805.09960,67,1,1,0,102,102,0,revision-added exploratory
qasper,tfidf,6657ece018b1455035421b822ea2d7961557c645,1906.05685,48,11,11,0,823,823,0,revision-added exploratory
qasper,tfidf,6683008e0a8c4583058d38e185e2e2e18ac6cf50,2002.08902,29,1,1,0,82,82,0,revision-added exploratory
qasper,tfidf,66dfcdab1db6a8fcdf392157a478b4cca0d87961,1910.12203,25,4,4,0,408,408,0,revision-added exploratory
qasper,tfidf,67672648e7ebcbef18921006e2c8787966f8cdf2,1901.09501,43,1,1,0,74,74,0,revision-added exploratory
qasper,tfidf,67c16ba64fe27838b1034d15194c07a9c98cdebe,1708.05482,73,24,53,29,1718,3423,1705,revision-added exploratory
qasper,tfidf,67cb001f8ca122ea859724804b41529fea5faeef,1805.07882,79,3,6,3,282,587,305,revision-added exploratory
qasper,tfidf,67f1b8a9f72e62cd74ec42e9631ef763a9b098c7,1908.10001,38,1,1,0,87,87,0,revision-added exploratory
qasper,tfidf,6883767bbdf14e124c61df4f76335d3e91bfcb03,1902.06734,43,1,1,0,135,135,0,revision-added exploratory
qasper,tfidf,68aa460ad357b4228b16b31b2cbec986215813bf,1911.12893,61,17,52,35,1478,3209,1731,revision-added exploratory
qasper,tfidf,68f1df3fb0703ff694a055d23e7ec3f6fb449b8d,1801.03615,65,40,44,4,3201,3412,211,revision-added exploratory
qasper,tfidf,69a46a227269c3aac9bf9d7c3d698c787642f806,1911.11025,66,29,29,0,1610,1610,0,revision-added exploratory
qasper,tfidf,6a20a3220c4edad758b912e2d3e5b99b0b295d96,1805.04579,94,18,86,68,777,2778,2001,revision-added exploratory
qasper,tfidf,6b1a6517b343fdb79f246955091ff25e440b9511,1902.04094,18,7,10,3,429,570,141,revision-added exploratory
qasper,tfidf,6b4006a90aeaaff8914052d72d28851a9c0c0146,1804.07445,34,3,3,0,489,489,0,revision-added exploratory
qasper,tfidf,6bce04570d4745dcfaca5cba64075242308b65cf,2002.08902,29,1,1,0,82,82,0,revision-added exploratory
qasper,tfidf,6c1614991647705265fb348d28ba60dd3b63b799,1908.10090,26,4,4,0,461,461,0,revision-added exploratory
qasper,tfidf,6cad6f074b0486210ffa4982c8d1632f5aa91d91,1912.10162,37,26,34,8,1825,2293,468,revision-added exploratory
qasper,tfidf,6cb3007a09ab0f1602cdad20cc0437fbdd4d7f3e,2003.07459,28,9,9,0,1145,1145,0,revision-added exploratory
qasper,tfidf,6d17dc00f7e5331128b6b585e78cac0b9082e13d,1911.12722,54,1,1,0,102,102,0,revision-added exploratory
qasper,tfidf,6d55e377335815b7ad134d1a2977d231ad34a25b,1701.03578,41,12,17,5,1580,2069,489,revision-added exploratory
qasper,tfidf,6d8a51e2790043497ed2637a1abc36bdffb39b71,1911.02747,29,1,8,7,30,829,799,revision-added exploratory
qasper,tfidf,6e134d51a795c385d72f38f36bca4259522bcf51,1703.10152,41,3,28,25,159,2083,1924,revision-added exploratory
qasper,tfidf,6e3e9818551fc2f8450bbf09b0fe82ac2506bc7a,1906.06349,200,84,84,0,3221,3221,0,revision-added exploratory
qasper,tfidf,6e63db22a2a34c20ad341eb33f3422f40d0001d3,1909.02855,31,1,1,0,161,161,0,revision-added exploratory
qasper,tfidf,6e80386b33fbfba8bc1ab811a597d844ae67c578,1910.12203,25,5,5,0,359,359,0,revision-added exploratory
qasper,tfidf,70512cc9dcd45157e40c8d1f85e82d21ade7645b,1603.01547,67,2,44,42,90,2692,2602,revision-added exploratory
qasper,tfidf,708f5f83a3c356b23b27a9175f5c35ac00cdf5db,1910.09916,50,4,4,0,440,440,0,revision-added exploratory
qasper,tfidf,70abb108c3170e81f8725ddc1a3f2357be5a4959,1708.09025,62,2,22,20,443,2159,1716,revision-added exploratory
qasper,tfidf,713e1c7b0ab17759ba85d7cd2041e387831661df,2002.06854,46,2,4,2,123,339,216,revision-added exploratory
qasper,tfidf,71413505d7d6579e2a453a1f09f4efd20197ab4b,1612.03762,133,4,76,72,522,7945,7423,revision-added exploratory
qasper,tfidf,718c0232b1f15ddb73d40c3afbd6c5c0d0354566,1806.09652,34,3,3,0,179,179,0,revision-added exploratory
qasper,tfidf,71b07d08fb6ac8732aa4060ae94ec7c0657bb1db,1910.01160,23,3,3,0,206,206,0,revision-added exploratory
qasper,tfidf,71b29ab3ddcdd11dcc63b0bb55e75914c07a2217,1908.06024,37,1,1,0,320,320,0,revision-added exploratory
qasper,tfidf,71fd0efea1b441d86d9a75255815ba3efe09779b,1905.07562,50,17,17,0,2598,2598,0,revision-added exploratory
qasper,tfidf,7239c02a0dcc0c3c9d9cddb5e895bcf9cfcefee6,1602.03483,43,29,29,0,2771,2771,0,revision-added exploratory
qasper,tfidf,726c5c1b6951287f4bae22978f9a91d22d9bef61,1610.09722,69,69,69,0,3914,3914,0,revision-added exploratory
qasper,tfidf,72dbdd11b655b25b2b254e39689a7d912f334b71,1909.03553,54,30,31,1,1276,1315,39,revision-added exploratory
qasper,tfidf,732bd97ae34541f215c436e2a1b98db1649cba27,1809.03391,33,3,3,0,245,245,0,revision-added exploratory
qasper,tfidf,7380e62edcb11f728f6d617ee332dc8b5752b185,1612.07486,25,16,16,0,1370,1370,0,revision-added exploratory
qasper,tfidf,73c535a7b46f0c2408ea2b1da0a878b376a2bca5,1605.04278,123,35,35,0,2344,2344,0,revision-added exploratory
qasper,tfidf,740cc392c0c8bfadfe6b3a60c0be635c03e17f2a,2004.00809,34,3,3,0,348,348,0,revision-added exploratory
qasper,tfidf,742d5e182b57bfa5f589fde645717ed0ac3f49c2,1610.09722,69,5,5,0,356,356,0,revision-added exploratory
qasper,tfidf,74a17eb3bf1d4f36e2db1459a342c529b9785f6e,1805.09960,67,2,48,46,258,3213,2955,revision-added exploratory
qasper,tfidf,74acaa205a5998af4ad7edbed66837a6f2b5c58b,1712.00733,74,58,60,2,5209,5245,36,revision-added exploratory
qasper,tfidf,74cef0205e0f31d0ab28d0e4d96c1e8ef62d4cce,1903.04329,32,1,1,0,252,252,0,revision-added exploratory
qasper,tfidf,74ebfba06f37cc95dfe59c3790ebe6165e6be19c,1702.02584,18,1,9,8,126,1043,917,revision-added exploratory
qasper,tfidf,74fcb741d29892918903702dbb145fef372d1de3,1909.02322,29,27,27,0,3824,3824,0,revision-added exploratory
qasper,tfidf,753a187c1dd8d96353187fbb193b5f86293a796c,1911.01214,74,13,35,22,1150,2829,1679,revision-added exploratory
qasper,tfidf,754d7475b8bf50499ed77328b4b0eeedf9cb2623,1806.09652,34,2,2,0,147,147,0,revision-added exploratory
qasper,tfidf,7557f2c3424ae70e2a79c51f9752adc99a9bdd39,1901.05389,45,20,20,0,2491,2491,0,revision-added exploratory
qasper,tfidf,7561bd3b8ba7829b3a01ff07f9f3e93a7b8869cc,2002.06851,33,14,14,0,1372,1372,0,revision-added exploratory
qasper,tfidf,756a8a9125e6984e0ca768b653c6c760efa3db66,1905.00840,31,2,5,3,309,568,259,revision-added exploratory
qasper,tfidf,7572f6e68a2ed2c41b87c5088ba8680afa0c0a0b,1808.07231,39,5,32,27,440,2212,1772,revision-added exploratory
qasper,tfidf,75b3e2d2caec56e5c8fbf6532070b98d70774b95,1911.12237,55,1,3,2,70,260,190,revision-added exploratory
qasper,tfidf,75c221920bee14a6153bd5f4c1179591b2f48d59,2004.02401,33,11,17,6,1312,2085,773,revision-added exploratory
qasper,tfidf,7625068cc22a095109580b83eff48616387167c2,2004.03090,28,2,3,1,115,181,66,revision-added exploratory
qasper,tfidf,76ae794ced3b5ae565f361451813f2f3bc85b214,1605.05156,26,14,14,0,1302,1302,0,revision-added exploratory
qasper,tfidf,76e17e648a4d1f386eb6bf61b0c24f134af872be,1808.07231,39,1,3,2,107,295,188,revision-added exploratory
qasper,tfidf,76f90c88926256e7f90d2104a88acfdd7fc5475e,1910.07154,36,3,3,0,223,223,0,revision-added exploratory
qasper,tfidf,7748c072e07d6c6db5a34be38b4a5e97ac6d7999,1905.00840,31,1,3,2,85,410,325,revision-added exploratory
qasper,tfidf,778c6a27182349dc5275282c3e9577bda2555c3d,1905.08067,27,9,9,0,1340,1340,0,revision-added exploratory
qasper,tfidf,77a331d4d909d92fab9552b429adde5379b2ae69,1706.02222,68,34,37,3,3210,3568,358,revision-added exploratory
qasper,tfidf,77bbe1698e001c5889217be3164982ea36e85752,1908.11046,58,7,11,4,663,1012,349,revision-added exploratory
qasper,tfidf,77bc886478925c8e9fb369b1ba5d05c42b3cd79a,1804.00982,18,3,3,0,264,264,0,revision-added exploratory
qasper,tfidf,77c3416578b52994227bae7f2529600f02183e12,2003.11687,35,1,1,0,124,124,0,revision-added exploratory
qasper,tfidf,78c7318b2218b906a67d8854f3e511034075f79a,1909.03087,50,1,20,19,39,1836,1797,revision-added exploratory
qasper,tfidf,78f8dad0f1acf024f69b3218b2d204b8019bb0d2,1901.05415,40,29,29,0,6706,6706,0,revision-added exploratory
qasper,tfidf,79258cea30cd6c0662df4bb712bf667589498a1f,1707.07568,38,2,2,0,67,67,0,revision-added exploratory
qasper,tfidf,7969b8d80e12aa3ebb89b5622bc564f44e98329f,1909.11706,31,7,11,4,1147,1606,459,revision-added exploratory
qasper,tfidf,79885526713cc16eb734c88ff1169ae802cad589,2002.00175,58,5,5,0,215,215,0,revision-added exploratory
qasper,tfidf,79e61134a6e29141cd19252571ffc92a0b4bc97f,1907.05338,25,16,16,0,2605,2605,0,revision-added exploratory
qasper,tfidf,7a212a34e9dbb0ba52c40471842b2e0e3e14f276,1908.09355,57,4,19,15,374,1405,1031,revision-added exploratory
qasper,tfidf,7a84fed904acc1e0380deb6e5a2e1daacfb5907a,2001.04346,61,1,1,0,172,172,0,revision-added exploratory
qasper,tfidf,7a8b24062a5bb63a8b4c729f6247a7fd2fec7f07,1907.08540,47,3,3,0,387,387,0,revision-added exploratory
qasper,tfidf,7ae95716977d39d96e871e552c35ca0753115229,1610.09722,69,5,5,0,294,294,0,revision-added exploratory
qasper,tfidf,7b76b8b69246525a48c0a8ca0c42db3319cd10a5,1704.08390,29,3,4,1,229,337,108,revision-added exploratory
qasper,tfidf,7ba6330d105f49c7f71dba148bb73245a8ef2966,1708.07690,42,29,29,0,1709,1709,0,revision-added exploratory
qasper,tfidf,7c2d6bc913523d77e8fdc82c60598ee95b445d84,1911.09709,79,7,12,5,468,653,185,revision-added exploratory
qasper,tfidf,7caeb5ef6f2985b2cf383cd01765d247c936605f,1910.01992,36,1,23,22,35,1830,1795,revision-added exploratory
qasper,tfidf,7cf44877dae8873139aede381fb9908dd0c546c4,1703.04357,16,5,6,1,247,308,61,revision-added exploratory
qasper,tfidf,7d34cdd9cb1c988e218ce0fd59ba6a3b5de2024a,1802.03052,49,6,6,0,730,730,0,revision-added exploratory
qasper,tfidf,7d503b3d4d415cf3e91ab08bd5a1a2474dd1047b,1909.08357,34,10,10,0,569,569,0,revision-added exploratory
qasper,tfidf,7d8cd7d6c86349ef0bd4fdbd84c8dc49c7678f46,1709.06365,75,64,64,0,5556,5556,0,revision-added exploratory
qasper,tfidf,7de0b2df60d3161dd581ed7915837d460020bc11,1909.06502,30,5,9,4,329,663,334,revision-added exploratory
qasper,tfidf,7e906dc00e92088a25df3719104d1750e5a27485,1909.13184,17,1,1,0,231,231,0,revision-added exploratory
qasper,tfidf,7e9aec2bdf4256c6249cad9887c168d395b35270,1909.00871,49,1,1,0,163,163,0,revision-added exploratory
qasper,tfidf,7ece07a84635269bb19796497847e4517d1e3e61,1709.06136,45,3,3,0,404,404,0,revision-added exploratory
qasper,tfidf,7ef7a5867060f91eac8ad857c186e51b767c734b,1908.06259,41,2,2,0,300,300,0,revision-added exploratory
qasper,tfidf,7f958017cbb08962c80e625c2fd7a1e2375f27a3,1809.08899,38,1,1,0,97,97,0,revision-added exploratory
qasper,tfidf,7ff7c286d3118a8be5688e2d18e9a56fe83679ad,1812.00382,22,3,20,17,374,2304,1930,revision-added exploratory
qasper,tfidf,800fcd8b08d36c5276f9e5e1013208d41b46de59,1805.04558,131,3,5,2,214,444,230,revision-added exploratory
qasper,tfidf,803babb71e1bdaf507847d6c712585f4128e9f47,1910.14589,68,54,54,0,3211,3211,0,revision-added exploratory
qasper,tfidf,804466848f4fa1c552f0d971dce226cd18b9edda,1908.11053,64,1,1,0,114,114,0,revision-added exploratory
qasper,tfidf,804bf5adc6dc5dd52f8079cf041ed3a710e03f8a,1805.04833,52,1,1,0,106,106,0,revision-added exploratory
qasper,tfidf,80bb07e553449bde9ac0ff35fcc718d7c161f2d4,2003.12660,26,2,2,0,134,134,0,revision-added exploratory
qasper,tfidf,80d6b9123a10358f57f259b8996a792cac08cb88,1809.06083,24,5,5,0,348,348,0,revision-added exploratory
qasper,tfidf,811b67460e65232b8f363dc3f329ffecdfcc4ab2,1911.12893,61,5,40,35,198,2791,2593,revision-added exploratory
qasper,tfidf,813a8156f9ed8ead53dda60ef54601f6ca8076e9,1607.00167,15,1,2,1,77,173,96,revision-added exploratory
qasper,tfidf,814e945668e2b6f31b088918758b120fb00ada7d,2003.11687,35,4,4,0,389,389,0,revision-added exploratory
qasper,tfidf,81e101b2c803257492d67a00e8a1d9a07cbab136,1909.05372,53,1,2,1,120,259,139,revision-added exploratory
qasper,tfidf,824629b36a75753b1500d9dcaee0fc3c758297b1,1905.08067,27,6,6,0,1055,1055,0,revision-added exploratory
qasper,tfidf,8246d1eee1482555d075127ac84f2e1d0781a446,1805.11598,24,8,8,0,809,809,0,revision-added exploratory
qasper,tfidf,8276671a4d4d1fbc097cd4a4b7f5e7fadd7b9833,2002.00175,58,2,2,0,107,107,0,revision-added exploratory
qasper,tfidf,82f8843b59668567bba09fc8f93963ca7d1fe107,1908.07491,30,20,27,7,1540,1951,411,revision-added exploratory
qasper,tfidf,83db51da819adf6faeb950fe04b4df942a887fb5,1809.08899,38,27,27,0,3330,3330,0,revision-added exploratory
qasper,tfidf,845bdcd900c0f96b2ae091d086fb1ab8bb1063f0,2004.00809,34,4,5,1,492,569,77,revision-added exploratory
qasper,tfidf,84765903b8c7234ca2919d0a40e3c6a5bcedf45d,1911.04873,26,4,5,1,487,513,26,revision-added exploratory
qasper,tfidf,8599d6d14ac157169920c73b98a79737c7a68cf5,1909.00437,43,1,3,2,79,338,259,revision-added exploratory
qasper,tfidf,85e417231a4bbb6691f7a89bd81710525f8fec4c,1611.06322,49,2,43,41,166,4113,3947,revision-added exploratory
qasper,tfidf,860257956b83099cccf1359e5d960289d7d50265,1702.02367,39,13,13,0,1583,1583,0,revision-added exploratory
qasper,tfidf,863b3f29f8c59f224b4cbdb5f1097b45a25f1d88,2001.04346,61,3,37,34,92,3624,3532,revision-added exploratory
qasper,tfidf,865811dcf63a1dd3f22c62ec39ffbca4b182de31,1709.05295,35,1,7,6,84,670,586,revision-added exploratory
qasper,tfidf,86656aae3c27c6ea108f5600dd09ab7e421d876a,1906.01749,52,1,1,0,152,152,0,revision-added exploratory
qasper,tfidf,867b1bb1e6a38de525be7757d49928a132d0dbd8,1912.00342,115,1,2,1,137,242,105,revision-added exploratory
qasper,tfidf,86c867b393db0ec4ad09abb48cc1353cac47ea4c,1806.07042,52,1,2,1,73,328,255,revision-added exploratory
qasper,tfidf,86d1c990c1639490c239c3dbf5492ecc44ab6652,1708.01065,53,1,41,40,137,2659,2522,revision-added exploratory
qasper,tfidf,8701ec7345ccc2c35eca4e132a8e16d58585cd63,1908.05731,25,6,18,12,564,1571,1007,revision-added exploratory
qasper,tfidf,871f7661f5a3da366b0b5feaa36f54fd3dedae8e,2003.09244,78,43,43,0,3462,3462,0,revision-added exploratory
qasper,tfidf,8795bb1f874e5f3337710d8c3d5be49e672ab43a,1908.05803,11,1,1,0,195,195,0,revision-added exploratory
qasper,tfidf,88757bc49ccab76e587fba7521f0981d6a1af2f7,1702.02584,18,11,11,0,1206,1206,0,revision-added exploratory
qasper,tfidf,887d7f3edf37ccc6bf2e755dae418b04d2309686,1805.11937,43,1,19,18,133,2025,1892,revision-added exploratory
qasper,tfidf,89373db8ced1fe420eae0093b2736f06b565616e,1901.02780,15,9,11,2,2169,2458,289,revision-added exploratory
qasper,tfidf,894bbb1e42540894deb31c04cba0e6cfb10ea912,1911.12237,55,1,3,2,171,290,119,revision-added exploratory
qasper,tfidf,8a0e1a298716698a305153c524bf03d18969b1c6,2001.11316,32,2,4,2,538,691,153,revision-added exploratory
qasper,tfidf,8ad5ebca2f69023b60ccfa3aac0ed426234437ac,1911.02747,29,2,2,0,148,148,0,revision-added exploratory
qasper,tfidf,8b1af67e3905244653b4cf66ba0acec8d6bff81f,1704.08390,29,10,19,9,876,1475,599,revision-added exploratory
qasper,tfidf,8b49423b7d1fa834128aa5038aa16c6ef3fdfa32,1909.04242,41,7,7,0,391,391,0,revision-added exploratory
qasper,tfidf,8b8adb1d5a1824c8995b3eba668745c44f61c9c6,1903.04329,32,7,23,16,908,2535,1627,revision-added exploratory
qasper,tfidf,8c288120139615532838f21094bba62a77f92617,1802.06053,19,16,16,0,2012,2012,0,revision-added exploratory
qasper,tfidf,8c89f1d1b3c2a45c0254c4c8d6e700ab9a4b4ffb,1703.10090,27,16,17,1,1878,2023,145,revision-added exploratory
qasper,tfidf,8cbe3fa4ec0f66071e3d6b829b09b6395b631c44,1611.06322,49,15,15,0,1735,1735,0,revision-added exploratory
qasper,tfidf,8cf52ba480d372fc15024b3db704952f10fdca27,1802.02614,46,12,12,0,925,925,0,revision-added exploratory
qasper,tfidf,8cf5abf0126f19253930478b02f0839af28e4093,1805.04558,131,50,50,0,3587,3587,0,revision-added exploratory
qasper,tfidf,8d3f79620592d040f9f055b4fce0f73cc45aab63,1711.04964,74,1,23,22,137,2079,1942,revision-added exploratory
qasper,tfidf,8d683d2e1f46626ceab60ee4ab833b50b346c29e,1908.11053,64,1,1,0,143,143,0,revision-added exploratory
qasper,tfidf,8db11d9166474a0e98b99ac7f81d1f14539d79ec,1910.10487,47,5,6,1,384,503,119,revision-added exploratory
qasper,tfidf,8ddf78dbdc6ac964a7102ae84df18582841f2e3c,1605.05156,26,1,1,0,100,100,0,revision-added exploratory
qasper,tfidf,8de0e1fdcca81b49615a6839076f8d42226bf1fe,1908.07888,45,5,5,0,479,479,0,revision-added exploratory
qasper,tfidf,8dfdd1ed805bb23c774fbb032ef1d97c6802e07c,1706.02427,60,5,14,9,627,1550,923,revision-added exploratory
qasper,tfidf,8e113fd9661bc8af97e30c75a20712f01fc4520a,1911.10401,27,3,3,0,1245,1245,0,revision-added exploratory
qasper,tfidf,8e26c471ca0ee1b9779da04c0b81918fd310d0f3,1906.05506,40,9,14,5,946,1319,373,revision-added exploratory
qasper,tfidf,8f6b11413a19fe4639b3fba88fc6b3678286fa0c,1911.09241,57,25,25,0,3282,3282,0,revision-added exploratory
qasper,tfidf,8faec509406d33444bd620afc829adc9eae97644,1912.07940,30,3,17,14,287,1412,1125,revision-added exploratory
qasper,tfidf,8ffae517bc0efa453b7e316d41bd9f1b6679b158,1909.05372,53,4,46,42,281,4537,4256,revision-added exploratory
qasper,tfidf,903ac8686ed7e6e3269a5d863f06ff11c50e49e8,1907.00168,24,1,1,0,211,211,0,revision-added exploratory
qasper,tfidf,90756bdcd812b7ecc1c5df2298aa7561fd2eb02c,1804.01155,55,1,18,17,254,3562,3308,revision-added exploratory
qasper,tfidf,908ba58d26d15c14600623498d4e86c9b73b14b2,2004.02105,49,1,20,19,149,2996,2847,revision-added exploratory
qasper,tfidf,909ecf675f874421eecc926a9f7486475aa1423c,1908.07888,45,1,18,17,166,1744,1578,revision-added exploratory
qasper,tfidf,90aba75508aa145475d7cc9a501bbe987c0e8413,2004.02363,19,13,13,0,1697,1697,0,revision-added exploratory
qasper,tfidf,90dde59e1857a0d2b1ee4615ab017fee0741f29f,1911.12893,61,3,3,0,245,245,0,revision-added exploratory
qasper,tfidf,9119fbfba84d298014d1b74e0e3d30330320002c,1912.00239,42,8,8,0,893,893,0,revision-added exploratory
qasper,tfidf,91336f12ab94a844b66b607f8621eb8bbd209f32,1909.09070,59,3,3,0,287,287,0,revision-added exploratory
qasper,tfidf,9133a85730c4090fe8b8d08eb3d9146efe7d7037,1803.05160,71,16,25,9,1791,2649,858,revision-added exploratory
qasper,tfidf,915e4d0b3cb03789a20380ead961d473cb95bfc3,1710.11027,15,3,3,0,509,509,0,revision-added exploratory
qasper,tfidf,919681faa9731057b3fae5052b7da598abd3e04b,2004.04498,93,76,77,1,4251,4303,52,revision-added exploratory
qasper,tfidf,91e361e85c6d3884694f3c747d61bfcef171bab0,1909.12079,42,9,25,16,847,2238,1391,revision-added exploratory
qasper,tfidf,9207f19e65422bdf28f20e270ede6c725a38e5f9,1605.05156,26,7,10,3,952,1281,329,revision-added exploratory
qasper,tfidf,92fc94a4999d1b25a0593904025eb7b8953bb28b,1909.06708,30,27,29,2,2096,2188,92,revision-added exploratory
qasper,tfidf,9489b0ecb643c1fc95c001c65d4e9771315989aa,1704.04451,71,13,13,0,914,914,0,revision-added exploratory
qasper,tfidf,949a2bc34176e47a4d895bcc3223f2a960f15a81,1708.09025,62,14,23,9,1236,2121,885,revision-added exploratory
qasper,tfidf,95646d0ac798dcfc15b43fa97a1908df9f7b9681,1910.13793,45,2,2,0,126,126,0,revision-added exploratory
qasper,tfidf,9595fdf7b51251679cd39bc4f6befc81f09c853c,1901.05389,45,8,8,0,1052,1052,0,revision-added exploratory
qasper,tfidf,95af7aaea3ce9dab4cf64e2229ce9b98381dd050,1612.03762,133,9,93,84,1691,9108,7417,revision-added exploratory
qasper,tfidf,95ef89dc29ff291bdbe48cb956329a6a06d36db8,1911.00461,29,15,16,1,858,980,122,revision-added exploratory
qasper,tfidf,961a97149127e1123c94fbf7e2021eb1aa580ecb,1911.09247,68,38,38,0,2252,2252,0,revision-added exploratory
qasper,tfidf,96459b02efa82993a0b413530ed0b517c6633eea,1908.10090,26,3,5,2,341,471,130,revision-added exploratory
qasper,tfidf,965e0ce975a0b8612a30cfc31bbfd4b8a57aa138,1706.02427,60,4,21,17,277,2360,2083,revision-added exploratory
qasper,tfidf,97055ab0227ed6ac7a8eba558b94f01867bb9562,1610.07149,72,3,3,0,127,127,0,revision-added exploratory
qasper,tfidf,97708d93bccc832ea671dc31a76dad6a121fcd60,1707.06875,59,47,48,1,3478,3596,118,revision-added exploratory
qasper,tfidf,9887ca3d25e2109f41d1da80eeea05c465053fbc,1911.12722,54,2,3,1,249,442,193,revision-added exploratory
qasper,tfidf,98b97d24f31e9c535997e9b6cb126eb99fc72a90,1910.01160,23,20,20,0,1780,1780,0,revision-added exploratory
qasper,tfidf,991ea04072b3412928be5e6e903cfa54eeac3951,1808.10006,50,1,5,4,160,551,391,revision-added exploratory
qasper,tfidf,9925e7d8757e8fd7411bcb5250bc08158a244fb3,1911.05652,34,5,5,0,480,480,0,revision-added exploratory
qasper,tfidf,992e67f706c728bc0e534f974c1656da10e7a724,1911.10401,27,2,2,0,552,552,0,revision-added exploratory
qasper,tfidf,998fa38634000f2d7b52d16518b9e18e898ce933,1908.05758,88,11,87,76,682,3175,2493,revision-added exploratory
qasper,tfidf,99e99f2c25706085cd4de4d55afe0ac43213d7c8,2002.09616,65,1,1,0,75,75,0,revision-added exploratory
qasper,tfidf,99f898eb91538cb82bc9a00892d54ae2a740961e,1710.10380,65,6,6,0,587,587,0,revision-added exploratory
qasper,tfidf,9a7aeecbecf5e30ffa595c233fca31719c9b429f,1704.08390,29,6,6,0,471,471,0,revision-added exploratory
qasper,tfidf,9aabcba3d44ee7d0bbf6a2c019ab9e0f02fab244,1605.05195,46,16,36,20,1473,3343,1870,revision-added exploratory
qasper,tfidf,9b05d5f723a8a452522907778a084b52e27fd924,1803.08614,41,32,33,1,2028,2042,14,revision-added exploratory
qasper,tfidf,9b1382b44dc69f7ee20acf952f7ceb1c3ef83965,1610.03955,49,7,9,2,516,684,168,revision-added exploratory
qasper,tfidf,9b536f4428206ef7afabc4ff0a2ebcbabd68b985,2001.11316,32,1,10,9,125,1134,1009,revision-added exploratory
qasper,tfidf,9b6339e24f58b576143d2adf599cfc4a31fd3b0c,2003.11531,83,1,4,3,118,374,256,revision-added exploratory
qasper,tfidf,9b868c7d17852f46a8fe725f24cb9548fdbd2b05,1903.02930,20,1,4,3,53,234,181,revision-added exploratory
qasper,tfidf,9baca9bdb8e7d5a750f8cbe3282beb371347c164,1901.05389,45,2,2,0,260,260,0,revision-added exploratory
qasper,tfidf,9be9354eeb2bb1827eeb1e23a20cfdca59fb349a,2002.03056,65,1,1,0,84,84,0,revision-added exploratory
qasper,tfidf,9c2cacf77041e02d38f92a4c490df1e04552f96f,1905.00472,30,1,7,6,165,836,671,revision-added exploratory
qasper,tfidf,9c529bd3f7565b2178a79aae01c98c90f9d372ad,1705.00571,30,3,3,0,210,210,0,revision-added exploratory
qasper,tfidf,9ca85242ebeeafa88a0246986aa760014f6094f2,1803.05160,71,67,67,0,5517,5517,0,revision-added exploratory
qasper,tfidf,9ce90f4132b34a328fa49a63e897f376a3ad3ca8,1909.00871,49,1,4,3,78,370,292,revision-added exploratory
qasper,tfidf,9d6b2672b11d49c37a6bfb06172d39742d48aef4,1705.10272,14,1,1,0,136,136,0,revision-added exploratory
qasper,tfidf,9d6d17120c42a834b2b5d96f2120d646218ed4bb,1706.02427,60,20,28,8,2224,2976,752,revision-added exploratory
qasper,tfidf,9d963d385bd495a7e193f8a498d64c1612e6c20c,1907.01339,23,8,8,0,664,664,0,revision-added exploratory
qasper,tfidf,9da181ac8f2600eb19364c1b1e3cdeb569811a11,1908.10001,38,9,14,5,638,988,350,revision-added exploratory
qasper,tfidf,9dcc10a4a325d4c9cb3bb8134831ee470be47e93,1602.03483,43,17,17,0,1804,1804,0,revision-added exploratory
qasper,tfidf,9dd8ce48a2a59a63ae6366ab8b2b8828e5ae7f35,1904.02954,34,11,25,14,997,1925,928,revision-added exploratory
qasper,tfidf,9e9aa8af4b49e2e1e8cd9995293a7982ea1aba0e,1910.09387,23,2,21,19,185,3698,3513,revision-added exploratory
qasper,tfidf,9ec0527bda2c302f4e82949cc0ae7f7769b7bfb8,2003.00864,31,12,12,0,1347,1347,0,revision-added exploratory
qasper,tfidf,9eec16e560f9ccafd7ba6f1e0db742b330b42ba9,1710.11334,14,1,14,13,149,2001,1852,revision-added exploratory
qasper,tfidf,9ef0d2365bde0d18054511fbb53cec5fa2cda5ee,1908.11049,45,7,14,7,882,1642,760,revision-added exploratory
qasper,tfidf,9f065e787a0d40bb4550be1e0d64796925459005,1708.07252,62,8,37,29,1063,4163,3100,revision-added exploratory
qasper,tfidf,9f1d81b2a6fe6835042a5229690e1951b97ff671,1806.04387,48,8,8,0,1064,1064,0,revision-added exploratory
qasper,tfidf,9f1e60ee86a5c46abe75b67ef369bf92a5090568,1911.11899,57,3,3,0,261,261,0,revision-added exploratory
qasper,tfidf,9f74f3991b8681619d95ab93a7c8733a843ddffe,1907.10676,24,6,22,16,719,3188,2469,revision-added exploratory
qasper,tfidf,a064337bafca8cf01e222950ea97ebc184c47bc0,1609.02075,85,30,36,6,2458,2652,194,revision-added exploratory
qasper,tfidf,a064d01d45a33814947161ff208abb88d4353b26,1711.03759,31,1,1,0,84,84,0,revision-added exploratory
qasper,tfidf,a0fd0c0fe042ad045b8d5095c81643ef3a352b81,1604.02038,55,13,24,11,1067,1964,897,revision-added exploratory
qasper,tfidf,a18d74109ed55ed14c33913efa62e12f207279c0,1802.09059,34,6,6,0,780,780,0,revision-added exploratory
qasper,tfidf,a1ac4463031bbc42c80893b57c0055b860f12e10,1908.06893,98,1,1,0,11,11,0,revision-added exploratory
qasper,tfidf,a24b2269b292fd0ee81d50303d1315383c594382,2004.03090,28,1,1,0,87,87,0,revision-added exploratory
qasper,tfidf,a28c73a6a8c46a43a1eec2b42b542dd7fde1e30e,1906.05506,40,2,2,0,150,150,0,revision-added exploratory
qasper,tfidf,a2baa8e266318f23f43321c4b2b9cf467718c94a,1611.00440,28,6,6,0,595,595,0,revision-added exploratory
qasper,tfidf,a2edd0454026811223b8f31512bdae91159677be,2002.03056,65,41,41,0,2738,2738,0,revision-added exploratory
qasper,tfidf,a3705b53c6710b41154c65327b7bbec175bdfae7,1910.03355,41,18,18,0,1646,1646,0,revision-added exploratory
qasper,tfidf,a398c9b061f28543bc77c2951d0dfc5d1bee9e87,1808.00957,28,3,3,0,359,359,0,revision-added exploratory
qasper,tfidf,a3a867f7b3557c168d05c517c468ff6c7337bff9,1701.03578,41,32,32,0,2868,2868,0,revision-added exploratory
qasper,tfidf,a3ba21341f0cb79d068d24de33b23c36fa646752,2002.06851,33,1,1,0,96,96,0,revision-added exploratory
qasper,tfidf,a3e7d7389228a197c8c44e0c504a791b60f2c80d,1909.00091,35,9,31,22,1054,2759,1705,revision-added exploratory
qasper,tfidf,a464052fd11af1d2d99e407c11791269533d43d1,1802.06053,19,1,8,7,30,1115,1085,revision-added exploratory
qasper,tfidf,a4a9971799c8860b50f219c93f050ebf6a627b3d,1905.08067,27,24,24,0,3701,3701,0,revision-added exploratory
qasper,tfidf,a4b77a20e067789691e0ab246bc5b11913d77ae1,1703.04009,20,5,5,0,890,890,0,revision-added exploratory
qasper,tfidf,a4cf0cf372f62b2dbc7f31c600c6c66246263328,1912.11980,61,48,48,0,3648,3648,0,revision-added exploratory
qasper,tfidf,a59e86a15405c8a11890db072b99fda3173e5ab2,1704.04451,71,33,33,0,2283,2283,0,revision-added exploratory
qasper,tfidf,a5df7361ae37b9512fb57cb93efbece9ded8cab1,1710.11027,15,1,2,1,176,273,97,revision-added exploratory
qasper,tfidf,a606bffed3bfeebd1b66125be580f908244e5d92,1911.09753,45,3,15,12,514,1909,1395,revision-added exploratory
qasper,tfidf,a67a2d9acad1787b636ca2681330f4c29a0b0254,1606.07043,27,2,2,0,140,140,0,revision-added exploratory
qasper,tfidf,a71fb012631e6a8854d5945b6d0ab2ab8e7b7ee6,1611.04234,31,3,3,0,155,155,0,revision-added exploratory
qasper,tfidf,a7313c29b154e84b571322532f5cab08e9d49e51,2003.13028,66,5,5,0,236,236,0,revision-added exploratory
qasper,tfidf,a77d38427639d54461ae308f3045434f81e497d0,1906.08871,38,1,7,6,122,599,477,revision-added exploratory
qasper,tfidf,a786cceba4372f6041187c426432853eda03dca6,1910.02001,82,13,13,0,927,927,0,revision-added exploratory
qasper,tfidf,a79a23573d74ec62cbed5d5457a51419a66f6296,1906.04287,20,2,2,0,225,225,0,revision-added exploratory
qasper,tfidf,a7e1b13cc42bfe78d37b9c943de6288e5f00f01b,1608.01972,44,17,17,0,1784,1784,0,revision-added exploratory
qasper,tfidf,a836ab8eb5a72af4b0a0c83bf42a2a14d1b38763,1911.07620,51,10,35,25,870,2859,1989,revision-added exploratory
qasper,tfidf,a837dcbd339e27a974e28944178c790a5b0b37c0,1910.02001,82,12,12,0,918,918,0,revision-added exploratory
qasper,tfidf,a8cc891bb8dccf0d32c1c9cd1699d5ead0eed711,1909.04251,58,57,57,0,4272,4272,0,revision-added exploratory
qasper,tfidf,a8e5e10d13b3f21dd11e8eb58e30cc25efc56e93,1708.09025,62,1,1,0,110,110,0,revision-added exploratory
qasper,tfidf,a8f189fad8b72f8b2b4d2da4ed8475d31642d9e7,1611.01116,26,3,12,9,554,1978,1424,revision-added exploratory
qasper,tfidf,a98ae529b47362f917a398015c8525af3646abf0,1912.11637,58,5,11,6,537,1058,521,revision-added exploratory
qasper,tfidf,a994cc18046912a8c9328dc572f4e4310736c0e2,1704.03279,32,10,10,0,1726,1726,0,revision-added exploratory
qasper,tfidf,a9cae57f494deb0245b40217d699e9a22db0ea6e,1611.02378,52,2,2,0,248,248,0,revision-added exploratory
qasper,tfidf,a9d5f83f4b32c52105f2ae1c570f1c590ac52487,1909.08211,69,2,2,0,151,151,0,revision-added exploratory
qasper,tfidf,a9eb8039431e2cb885cfcf96eb58c0675b36b3bd,1908.05758,88,2,45,43,92,2099,2007,revision-added exploratory
qasper,tfidf,a9ff35f77615b3a4e7fd7b3a53d0b288a46f06ce,1911.11025,66,40,40,0,2470,2470,0,revision-added exploratory
qasper,tfidf,aa287673534fc05d8126c8e3486ca28821827034,1607.00167,15,9,15,6,794,1016,222,revision-added exploratory
qasper,tfidf,aa7c5386aedfb13a361a2629b67cb54277e208d2,1911.04128,23,5,16,11,733,1814,1081,revision-added exploratory
qasper,tfidf,ab8b0e6912a7ca22cf39afdac5531371cda66514,1912.03010,28,5,20,15,619,1985,1366,revision-added exploratory
qasper,tfidf,ab975efc916c34f55e1144b1d28e7dfdc257e371,1804.03839,55,23,23,0,1194,1194,0,revision-added exploratory
qasper,tfidf,ac87dd34d28c3edd9419fa0145f3d38c87d696aa,1807.08089,47,20,43,23,1922,3894,1972,revision-added exploratory
qasper,tfidf,acac0606aab83cae5d13047863c7af542d58e54c,1908.07491,30,4,4,0,348,348,0,revision-added exploratory
qasper,tfidf,ae1c4f9e33d0cd64d9a313c318ad635620303cdd,1906.11085,25,2,18,16,158,1508,1350,revision-added exploratory
qasper,tfidf,ae7c5cf9c2c121097eb00d389cfd7cc2a5a7d577,2004.02143,48,7,24,17,777,2648,1871,revision-added exploratory
qasper,tfidf,ae89eed483c11ccd70a34795e9fe416af8a35da2,1911.01214,74,3,7,4,267,494,227,revision-added exploratory
qasper,tfidf,aebd1f0d728d0de5f76238844da044a44109f76f,1911.04474,68,5,66,61,512,3840,3328,revision-added exploratory
qasper,tfidf,af45ff2c4209f14235482329d0729864fb2bd4b0,1911.12893,61,4,22,18,294,1873,1579,revision-added exploratory
qasper,tfidf,af948ea91136c700957b438d927f58d9b051c97c,2004.02143,48,2,2,0,211,211,0,revision-added exploratory
qasper,tfidf,afad388a0141bdda5ca9586803ac53d5f10f41f6,1908.08917,43,14,34,20,2503,4261,1758,revision-added exploratory
qasper,tfidf,b012df09fa2a3d6b581032d68991768cf4bc9d7b,1908.10461,34,27,27,0,1752,1752,0,revision-added exploratory
qasper,tfidf,b03249984c26baffb67e7736458b320148675900,1901.05389,45,1,1,0,158,158,0,revision-added exploratory
qasper,tfidf,b065c2846817f3969b39e355d5d017e326d6f42e,1708.01065,53,27,27,0,2249,2249,0,revision-added exploratory
qasper,tfidf,b10388e343868ca8e5c7c601ebb903f52e756e61,1803.08419,61,2,4,2,148,311,163,revision-added exploratory
qasper,tfidf,b160bfb341f24ae42a268aa18641237a4b3a6457,2003.03728,34,7,7,0,468,468,0,revision-added exploratory
qasper,tfidf,b1fe6a39b474933038b44b6d45e5ca32af7c3e36,2004.04498,93,2,2,0,116,116,0,revision-added exploratory
qasper,tfidf,b210c3e48c15cdc8c47cf6f4b6eb1c29a1933654,1604.02201,29,6,6,0,761,761,0,revision-added exploratory
qasper,tfidf,b21245212244ad7adf7d321420f2239a0f0fe56b,1908.10149,30,8,30,22,912,3107,2195,revision-added exploratory
qasper,tfidf,b32de10d84b808886d7a91ab0c423d4fc751384c,1603.09381,27,19,19,0,1384,1384,0,revision-added exploratory
qasper,tfidf,b3432f52af0b95929e6723dd1f01ce029d90a268,1808.07733,21,3,6,3,269,564,295,revision-added exploratory
qasper,tfidf,b39b278aa1cf2f87ad4159725dff77b387f2df84,2003.11687,35,2,2,0,159,159,0,revision-added exploratory
qasper,tfidf,b3b9d7c8722e8ec41cbbae40e68458485a5ba25c,1910.07924,82,31,39,8,1401,1611,210,revision-added exploratory
qasper,tfidf,b3dc9a35e8c3ed7abcc4ca0bf308dea75be9c016,1708.01065,53,11,11,0,745,745,0,revision-added exploratory
qasper,tfidf,b424ad7f9214076b963a0077d7345d7bb5a7a205,2002.00175,58,10,34,24,463,2281,1818,revision-added exploratory
qasper,tfidf,b4b7333805cb6fdde44907747887a971422dc298,2003.09244,78,5,5,0,273,273,0,revision-added exploratory
qasper,tfidf,b537832bba2eb6d34702a9d71138e661c05a7c3a,1906.01076,52,12,12,0,641,641,0,revision-added exploratory
qasper,tfidf,b57ad10468e1ba2a7a34396688dbb10a575d89f5,1706.02427,60,1,1,0,20,20,0,revision-added exploratory
qasper,tfidf,b59f3a58939f7ac007d3263a459c56ebefc4b49a,2003.09244,78,44,68,24,3642,5317,1675,revision-added exploratory
qasper,tfidf,b62b7ec5128219f04be41854247d5af992797937,1910.03355,41,31,31,0,2058,2058,0,revision-added exploratory
qasper,tfidf,b6aa5665c981e3b582db4760759217e2979d5626,1909.10481,43,6,11,5,805,1347,542,revision-added exploratory
qasper,tfidf,b6c2a391c4a94eaa768150f151040bb67872c0bf,1605.05195,46,1,19,18,155,1737,1582,revision-added exploratory
qasper,tfidf,b6e97d1b1565732b1b3f1d74e6d2800dd21be37a,1707.05589,47,21,27,6,1767,2199,432,revision-added exploratory
qasper,tfidf,b70e4c49300dc3eab18e907ab903afd2a0c6075a,1909.00437,43,4,4,0,297,297,0,revision-added exploratory
qasper,tfidf,b783ec5cb9ad595da7db2c0ddf871152ae382c5f,1805.04833,52,18,29,11,1582,2314,732,revision-added exploratory
qasper,tfidf,b78bb6fe817c2d4bc69236df998f546e94c3ee21,1704.06851,45,11,11,0,1344,1344,0,revision-added exploratory
qasper,tfidf,b79c85fa84712d3028cb5be2af873c634e51140e,1605.05156,26,1,1,0,40,40,0,revision-added exploratory
qasper,tfidf,b79ff0a50bf9f361c5e5fed68525283856662076,1805.09960,67,14,19,5,998,1424,426,revision-added exploratory
qasper,tfidf,b8b79a6123716cb9fabf751b31dff424235a2ee2,1812.05813,72,1,8,7,122,506,384,revision-added exploratory
qasper,tfidf,b8bbdc3987bb456739544426c6037c78ede01b77,1909.11980,29,28,29,1,1490,1534,44,revision-added exploratory
qasper,tfidf,b942d94e4187e4fdc706cfdf92e3a869fc294911,1909.05372,53,10,39,29,1235,3981,2746,revision-added exploratory
qasper,tfidf,b948bb86855b2c0bfc8fad88ff1e29cd94bb6ada,1905.05644,55,2,11,9,82,1002,920,revision-added exploratory
qasper,tfidf,b968bd264995cd03d7aaad1baba1838c585ec909,1804.09692,49,36,36,0,3014,3014,0,revision-added exploratory
qasper,tfidf,b9d9803ba24127f91ba4d7cff4da11492da20f09,2004.03090,28,6,6,0,447,447,0,revision-added exploratory
qasper,tfidf,ba39317e918b4386765f88e8c8ae99f9a098c935,1703.04009,20,5,5,0,911,911,0,revision-added exploratory
qasper,tfidf,ba406e07c33a9161e29c75d292c82a15503beae5,1907.12984,107,2,6,4,225,752,527,revision-added exploratory
qasper,tfidf,ba7fea78b0b888a714cb7d89944b69c5038a1ef1,1806.03369,29,16,16,0,1820,1820,0,revision-added exploratory
qasper,tfidf,baaa6ad7148b785429a20f38786cd03ab9a2646e,1908.08917,43,1,2,1,187,536,349,revision-added exploratory
qasper,tfidf,baad4b6f834d5944f61bd12f30908e3cf3739dcd,1911.06815,26,9,9,0,634,634,0,revision-added exploratory
qasper,tfidf,bab4ae97afd598a11d1fc7c05c6fdb98c30cafe0,1711.03759,31,1,1,0,157,157,0,revision-added exploratory
qasper,tfidf,bab4e8881f4d75e266bce6fbfa4c3bcd3eacf30f,1708.03312,38,7,7,0,639,639,0,revision-added exploratory
qasper,tfidf,baec99756b80eec7c0234a08bc2855e6770bcaeb,1907.04072,44,37,37,0,2219,2219,0,revision-added exploratory
qasper,tfidf,bbfe7e131ed776c85f2359b748db1325386c1af5,1807.03674,23,8,8,0,596,596,0,revision-added exploratory
qasper,tfidf,bc6ad5964f444cf414b661a4b942dafb7640c564,1809.03680,47,47,47,0,4578,4578,0,revision-added exploratory
qasper,tfidf,bc8526d4805e2554adb2e9c01736d3f3a3b19895,1604.02038,55,49,49,0,2992,2992,0,revision-added exploratory
qasper,tfidf,bcf222ad4bb537b01019ed354ea03cd6bf2c1f8e,1905.07562,50,3,13,10,571,2044,1473,revision-added exploratory
qasper,tfidf,bd191d95806cee4cf80295e9ce1cd227aba100ab,1912.07076,55,44,46,2,4551,4671,120,revision-added exploratory
qasper,tfidf,bd255aadf099854541d06997f83a0e478f526120,1911.11025,66,7,7,0,499,499,0,revision-added exploratory
qasper,tfidf,bd3562d2b3c162e9d27404d56b77e15f707d8b0f,1705.00571,30,3,3,0,417,417,0,revision-added exploratory
qasper,tfidf,bd53399be8ff59060792da4c8e42a7fc1e6cbd85,2003.13028,66,1,6,5,54,343,289,revision-added exploratory
qasper,tfidf,bda21bfb2dd74085cbc355c70dab5984ef41dba7,1906.04236,58,6,6,0,435,435,0,revision-added exploratory
qasper,tfidf,bdae851d4cf1d05506cf3e8359786031ac4f756f,1911.12237,55,45,45,0,3433,3433,0,revision-added exploratory
qasper,tfidf,be632f0246c2e5f049d12e796812f496e083c33e,1908.10001,38,2,5,3,116,374,258,revision-added exploratory
qasper,tfidf,bfd55ae9630a08a9e287074fff3691dfbffc3258,1908.09283,68,63,66,3,3920,4034,114,revision-added exploratory
qasper,tfidf,c01a8b42fd27b0a3bec717ededd98b6d085a0f5c,1710.11027,15,2,4,2,366,575,209,revision-added exploratory
qasper,tfidf,c0355afc7871bf2e12260592873ffdb5c0c4c919,1909.10481,43,34,38,4,3077,3182,105,revision-added exploratory
qasper,tfidf,c035a011b737b0a10deeafc3abe6a282b389d48b,1707.07212,52,47,47,0,3179,3179,0,revision-added exploratory
qasper,tfidf,c0847af3958d791beaa14c4040ada2d364251c4d,2004.02105,49,26,26,0,3020,3020,0,revision-added exploratory
qasper,tfidf,c0af44ebd7cd81270d9b5b54d4a40feed162fa54,1801.05617,85,14,14,0,1525,1525,0,revision-added exploratory
qasper,tfidf,c0dbf3f1957f3bff3ced5b48aff60097f3eac7bb,1808.07231,39,24,24,0,1689,1689,0,revision-added exploratory
qasper,tfidf,c135e1f8ecaf7965f6a6d3e30b537eb37ad74230,1910.02001,82,5,21,16,417,1519,1102,revision-added exploratory
qasper,tfidf,c138a45301713c1a9f6edafeef338ba2f99220ce,1912.08084,68,36,47,11,2554,3246,692,revision-added exploratory
qasper,tfidf,c176eb1ccaa0e50fb7512153f0716e60bf74aa53,1910.01340,46,3,18,15,293,1815,1522,revision-added exploratory
qasper,tfidf,c17ece1dad42d92c78fca2e3d8afa9a20ff19598,1906.01010,25,1,3,2,327,713,386,revision-added exploratory
qasper,tfidf,c2037887945abbdf959389dc839a86bc82594505,1803.06745,41,1,6,5,272,767,495,revision-added exploratory
qasper,tfidf,c25014b7e57bb2949138d64d49f356d69838bc25,1908.10001,38,1,1,0,77,77,0,revision-added exploratory
qasper,tfidf,c2ce25878a17760c79031a426b6f38931cd854b2,2003.11528,61,25,29,4,2348,2630,282,revision-added exploratory
qasper,tfidf,c30b0d6b23f0f01573eea315176c5ffe4e0c6b5c,1910.02677,56,1,1,0,112,112,0,revision-added exploratory
qasper,tfidf,c3befe7006ca81ce64397df654c31c11482dafbe,1611.04887,45,1,2,1,299,387,88,revision-added exploratory
qasper,tfidf,c3ce95658eea1e62193570955f105839de3d7e2d,1911.03324,57,1,3,2,57,251,194,revision-added exploratory
qasper,tfidf,c47312f2ca834ee75fa9bfbf912ea04239064117,1907.00937,39,1,1,0,94,94,0,revision-added exploratory
qasper,tfidf,c4b621f573bbb411bdaa84a7562c9c4795a7eb3a,1808.09180,76,3,9,6,280,976,696,revision-added exploratory
qasper,tfidf,c5221bb28e58a4f13cf2eccce0e1b1bec7dd3c13,1909.09070,59,1,59,58,38,5420,5382,revision-added exploratory
qasper,tfidf,c53b036eff430a9d0449fb50b8d2dc9d2679d9fe,1706.02222,68,9,17,8,1016,1971,955,revision-added exploratory
qasper,tfidf,c589d83565f528b87e355b9280c1e7143a42401d,1909.07873,52,2,10,8,95,1451,1356,revision-added exploratory
qasper,tfidf,c59d67930edd3d369bd51a619849facdd0770644,1705.10272,14,2,2,0,220,220,0,revision-added exploratory
qasper,tfidf,c5ea4da3c760ba89194ad807bc1ef60e1761429f,1602.07563,120,6,6,0,516,516,0,revision-added exploratory
qasper,tfidf,c68946ae2e548ec8517c7902585c032b3f3876e6,1901.05389,45,8,24,16,1004,3389,2385,revision-added exploratory
qasper,tfidf,c6f2598b85dc74123fe879bf23aafc7213853f5b,1911.12237,55,18,18,0,1802,1802,0,revision-added exploratory
qasper,tfidf,c72e05dd41ed5a85335ffeca5a03e71514e60e84,1911.12559,22,14,14,0,1699,1699,0,revision-added exploratory
qasper,tfidf,c79f168503a60d1b08bb2c9aac124199d210b06d,1904.02954,34,19,29,10,1624,2096,472,revision-added exploratory
qasper,tfidf,c7d3bccee59ab683e6bf047579bc6eab9de9d973,1705.10272,14,11,11,0,907,907,0,revision-added exploratory
qasper,tfidf,c7f43c95db3d0c870407cd0e7becdd802463683b,1910.09362,66,45,46,1,2312,2323,11,revision-added exploratory
qasper,tfidf,c7ffef8bf0100eb6148bd932d0409b21759060b1,1707.06519,32,19,19,0,2474,2474,0,revision-added exploratory
qasper,tfidf,c845110efee2f633d47f5682573bc6091e8f5023,1911.05652,34,6,6,0,570,570,0,revision-added exploratory
qasper,tfidf,c87966e7f497975b76a60f6be50c33d296a4a4e7,2004.01820,92,28,72,44,2245,5287,3042,revision-added exploratory
qasper,tfidf,c8f8ecac23a991bceb8387e68b3b3f2a5d8cf029,2003.12660,26,7,7,0,264,264,0,revision-added exploratory
qasper,tfidf,c97306c1be5d59cf27b1054adfa8f1da47d292ce,1810.02229,28,1,1,0,101,101,0,revision-added exploratory
qasper,tfidf,c9a323c152c5d9bc2d244e0ed10afbdb0f93062a,1909.00369,57,3,5,2,416,620,204,revision-added exploratory
qasper,tfidf,c9eae337edea0edb12030a7d4b01c3a3c73c16d3,1806.04387,48,15,26,11,1460,2401,941,revision-added exploratory
qasper,tfidf,caebea05935cae1f5d88749a2fc748e62976eab7,1710.11334,14,1,3,2,159,691,532,revision-added exploratory
qasper,tfidf,cb58605a7c230043bd0d6e8d5b068f8b533f45fe,1909.11706,31,10,25,15,1562,3228,1666,revision-added exploratory
qasper,tfidf,cb7a00233502c4b7801d34bc95d6d22d79776ae8,1603.08868,35,12,12,0,1455,1455,0,revision-added exploratory
qasper,tfidf,cbb3c1c1e6e1818b6480f929f1c299eaa5ffd07a,1907.10676,24,9,21,12,1364,3141,1777,revision-added exploratory
qasper,tfidf,cbe42bf7c99ee248cdb2c5d6cf86b41106e66863,1908.02284,27,2,2,0,176,176,0,revision-added exploratory
qasper,tfidf,cc3dd701f3a674618de95a4196e9c7f4c8fbf1e5,1805.04833,52,6,6,0,478,478,0,revision-added exploratory
qasper,tfidf,cc78a08f5bfe233405c99cb3dac1f11f3a9268b1,1907.08540,47,40,40,0,4496,4496,0,revision-added exploratory
qasper,tfidf,cc8bcea4052bf92f249dda276acc5fd16cac6fb4,1809.03695,18,3,3,0,226,226,0,revision-added exploratory
qasper,tfidf,ccec4f8deff651858f44553f8daa5a19e8ed8d3b,1909.05190,59,49,57,8,3621,4025,404,revision-added exploratory
qasper,tfidf,cd82bdaa0c94330f8cccfb1c59b4e6761a5a4f4d,1911.01214,74,38,38,0,2945,2945,0,revision-added exploratory
qasper,tfidf,cdbbba22e62bc9402aea74ac5960503f59e984ff,1805.04558,131,4,13,9,495,1146,651,revision-added exploratory
qasper,tfidf,ce23849e9e9a22626965f1ca8ca948a5c87280e9,1909.01720,69,19,19,0,1324,1324,0,revision-added exploratory
qasper,tfidf,ce504a7ee2c1f068ef4dde8d435245b4e77bb0b5,1708.09025,62,38,54,16,3569,4476,907,revision-added exploratory
qasper,tfidf,ce8d8de78a21a3ba280b658ac898f73d0b52bf1b,1910.10487,47,2,37,35,191,4161,3970,revision-added exploratory
qasper,tfidf,ced63053eb631c78a4ddd8c85ec0f3323a631a54,1708.05482,73,5,5,0,380,380,0,revision-added exploratory
qasper,tfidf,cf0b7d8a2449d04078f69ec9717a547adfb67d17,1801.04433,52,28,28,0,2906,2906,0,revision-added exploratory
qasper,tfidf,cf3fab54b2b289b66e7dba4706c47a62569627c5,1708.07690,42,20,30,10,1160,1713,553,revision-added exploratory
qasper,tfidf,cf58d25bfa2561a359fdd7b6b20aef0b41dc634e,1912.08084,68,5,18,13,242,1170,928,revision-added exploratory
qasper,tfidf,cf68906b7d96ca0c13952a6597d1f23e5184c304,1710.10380,65,3,3,0,357,357,0,revision-added exploratory
qasper,tfidf,cf82251a6a5a77e29627560eb7c05c3eddc20825,2004.04498,93,7,7,0,387,387,0,revision-added exploratory
qasper,tfidf,cfa44bb587b0c05906d8325491ca9e0f024269e8,1708.01065,53,2,39,37,118,2505,2387,revision-added exploratory
qasper,tfidf,cfcf94b81589e7da215b4f743a3f8de92a6dda7a,1712.00733,74,6,6,0,358,358,0,revision-added exploratory
qasper,tfidf,cfdd583d01abaca923f5c466bb20e1d4b8c749ff,1810.02268,71,68,68,0,3758,3758,0,revision-added exploratory
qasper,tfidf,cfe21b979a6c851bdafb2e414622f61e62b1d98c,2003.13028,66,27,27,0,1441,1441,0,revision-added exploratory
qasper,tfidf,d0048ef1cba3f63b5d60c568d5d0ba62ac4d7e75,1901.01590,54,52,52,0,2440,2440,0,revision-added exploratory
qasper,tfidf,d0dc6729b689561370b6700b892c9de8871bb44d,1604.02201,29,2,2,0,358,358,0,revision-added exploratory
qasper,tfidf,d147117ef24217c43252d917d45dff6e66ff807c,1712.00733,74,28,28,0,2517,2517,0,revision-added exploratory
qasper,tfidf,d1a4529ea32aaab5ca3b9d9ae5c16f146c23af6b,1809.08935,10,5,5,0,570,570,0,revision-added exploratory
qasper,tfidf,d206f2cbcc3d2a6bd0ccaa3b57fece396159f609,1805.00195,63,4,49,45,452,2640,2188,revision-added exploratory
qasper,tfidf,d207f78beb6cd754268881bf575c8f98000667ea,1705.02023,22,4,4,0,300,300,0,revision-added exploratory
qasper,tfidf,d211a37830c59aeab4970fdb2e03d9b7368b421c,1805.04558,131,59,59,0,3738,3738,0,revision-added exploratory
qasper,tfidf,d2d9c7177728987d9e8b0c44549bbe03c8c00ef2,1906.05685,48,32,32,0,2107,2107,0,revision-added exploratory
qasper,tfidf,d2f91303cec132750a416192f67c8ac1d3cf6fc0,1708.07252,62,3,6,3,207,743,536,revision-added exploratory
qasper,tfidf,d323f0d65b57b30ae85fb9f24298927a3d1216e9,1810.12897,25,2,3,1,342,400,58,revision-added exploratory
qasper,tfidf,d36a6447bfe58204e0d29f9213d84be04d875624,1906.08871,38,33,33,0,2476,2476,0,revision-added exploratory
qasper,tfidf,d38b3e0896b105d171e69ce34c689e4a7e934522,1912.10162,37,4,15,11,330,1158,828,revision-added exploratory
qasper,tfidf,d3cfbe497a30b750a8de3ea7f2cecf4753a4e1f9,1905.09439,22,1,1,0,72,72,0,revision-added exploratory
qasper,tfidf,d3fb0d84d763cb38f400b7de3daaa59ed2a1b0ab,1707.07212,52,2,2,0,174,174,0,revision-added exploratory
qasper,tfidf,d418bf6595b1b51a114f28ac8a6909c278838aeb,1908.10149,30,14,14,0,1702,1702,0,revision-added exploratory
qasper,tfidf,d4b84f48460517bc0a6d4e0c38f6853c58081166,1804.01155,55,1,24,23,59,4026,3967,revision-added exploratory
qasper,tfidf,d5c393df758dec6ea6827ae5b887eb6c303a4f4d,1612.05202,43,3,3,0,239,239,0,revision-added exploratory
qasper,tfidf,d622564b250cffbb9ebbe6636326b15ec3c622d9,1902.10246,24,4,4,0,464,464,0,revision-added exploratory
qasper,tfidf,d64fa192a7e9918c6a22d819abad581af0644c7d,1802.08969,106,12,47,35,833,2350,1517,revision-added exploratory
qasper,tfidf,d66550f65484696c1284903708b87809ea705786,1805.04833,52,36,36,0,2392,2392,0,revision-added exploratory
qasper,tfidf,d66c31f24f582c499309a435ec3c688dc3a41313,1907.00937,39,7,7,0,949,949,0,revision-added exploratory
qasper,tfidf,d68cc9aaf0466b97354600a5646c3be4512fc096,2004.03090,28,2,3,1,115,181,66,revision-added exploratory
qasper,tfidf,d6a815d24c46557827d8aca65d3ffd008ac1bc07,1803.02914,25,10,10,0,1304,1304,0,revision-added exploratory
qasper,tfidf,d6b0c71721ed24ef1d9bd31ed3a266b0c7fc9b57,1704.06960,64,6,32,26,499,2717,2218,revision-added exploratory
qasper,tfidf,d7799d26fe39302c4aff5b530aa691e8653fffe8,1803.09000,38,23,23,0,1493,1493,0,revision-added exploratory
qasper,tfidf,d8ae36ae1b4d3af5b59ebd24efe94796101c1c12,1802.02614,46,1,1,0,128,128,0,revision-added exploratory
qasper,tfidf,d9354c0bb32ec037ff2aacfed58d57887a713163,1707.07212,52,28,34,6,2156,2528,372,revision-added exploratory
qasper,tfidf,d976c22e9d068e4e31fb46e929023459f8290a63,1903.10548,7,1,1,0,70,70,0,revision-added exploratory
qasper,tfidf,d97843afec733410d2c580b4ec98ebca5abf2631,1607.00167,15,9,9,0,825,825,0,revision-added exploratory
qasper,tfidf,d98148f65d893101fa9e18aaf549058712485436,1709.04005,51,2,2,0,171,171,0,revision-added exploratory
qasper,tfidf,d9949dd4865e79c53284932d868ca8fd10d55e70,2003.07459,28,3,6,3,497,926,429,revision-added exploratory
qasper,tfidf,d9a45fea8539aac01dec01f29b7d04b44b9c2ca6,1909.01720,69,6,9,3,571,757,186,revision-added exploratory
qasper,tfidf,d9e7633004ed1bc1ee45be58409bcc1fa6db59b2,1908.11049,45,4,12,8,336,1484,1148,revision-added exploratory
qasper,tfidf,da077b385d619305033785af5b204696d6145bd8,1911.02747,29,13,17,4,1543,1951,408,revision-added exploratory
qasper,tfidf,da0a2195bbf6736119ff32493898d2aadffcbcb8,1605.05166,60,4,13,9,284,1165,881,revision-added exploratory
qasper,tfidf,da21bcaa8e3a9eadc8a5194fd57ae797e93c3049,2004.01970,38,1,1,0,81,81,0,revision-added exploratory
qasper,tfidf,dc473819b196c0ea922773e173a6b283fa778791,1605.05156,26,1,5,4,58,611,553,revision-added exploratory
qasper,tfidf,dce27c49b9bf1919ca545e04663507d83bb42dbe,1808.10006,50,16,50,34,1504,3733,2229,revision-added exploratory
qasper,tfidf,dd81f58c782169886235c48b8f9a08e0954dd3ae,2003.12660,26,7,26,19,421,976,555,revision-added exploratory
qasper,tfidf,de0154affd86c608c457bf83d888bbd1f879df93,1911.12722,54,6,29,23,691,2712,2021,revision-added exploratory
qasper,tfidf,de0d135b94ba3b3a4f4a0fb03df38a84f9dc9da4,1909.02322,29,1,1,0,116,116,0,revision-added exploratory
qasper,tfidf,de313b5061fc22e8ffef1706445728de298eae31,1811.01183,50,22,27,5,2511,3039,528,revision-added exploratory
qasper,tfidf,de344aeb089affebd15a8c370ae9ab5734e99203,1803.06745,41,2,2,0,348,348,0,revision-added exploratory
qasper,tfidf,de580e43614ee38d2d9fc6263ff96e6ca2b54eb5,1911.01214,74,1,1,0,128,128,0,revision-added exploratory
qasper,tfidf,de689a17b0b9fb6bbb80e9b85fb44b36b56de2fd,2003.07459,28,11,11,0,1542,1542,0,revision-added exploratory
qasper,tfidf,df01e98095ba8765d9ab0d40c9e8ef34b64d3700,2002.04815,30,1,4,3,26,126,100,revision-added exploratory
qasper,tfidf,df4895c6ae426006e75c511a304d56d37c42a1c7,1805.11850,17,1,1,0,140,140,0,revision-added exploratory
qasper,tfidf,df623717255ea2c9e0f846859d8a9ef51dc1102b,1606.02892,49,19,19,0,1704,1704,0,revision-added exploratory
qasper,tfidf,dfaeb8faf04505a4178945c933ba217e472979d8,1708.01065,53,9,30,21,514,2204,1690,revision-added exploratory
qasper,tfidf,dfdd309e56b71589b25412ba85b0a5d79a467ceb,1610.09722,69,5,5,0,334,334,0,revision-added exploratory
qasper,tfidf,e0b54906184a4ad87d127bed22194e62de38222b,1910.01340,46,8,37,29,930,3292,2362,revision-added exploratory
qasper,tfidf,e0b8a2649e384bbdb17472f8da2c3df4134b1e57,1707.07568,38,7,19,12,494,1489,995,revision-added exploratory
qasper,tfidf,e12166fa9d6f63c4e92252c95c6a7bc96977ebf4,1901.10619,68,1,1,0,98,98,0,revision-added exploratory
qasper,tfidf,e14e3e0944ec3290d1985e9a3da82a7df17575cd,1806.07042,52,17,44,27,1940,4121,2181,revision-added exploratory
qasper,tfidf,e1ab241059ef1700738f885f051d724a7fcf283a,1707.09816,50,6,6,0,317,317,0,revision-added exploratory
qasper,tfidf,e381f1811774806be109f9b05896a2a3c5e1ef43,1710.11334,14,4,4,0,840,840,0,revision-added exploratory
qasper,tfidf,e3bafa432cd3e1225170ff04de2fdf1ede38c6ef,1805.11598,24,6,6,0,468,468,0,revision-added exploratory
qasper,tfidf,e3c44964eb6ddc554901244eb6595f26a9bae47e,1910.07154,36,25,25,0,1560,1560,0,revision-added exploratory
qasper,tfidf,e459760879f662b2205cbdc0f5396dbfe41323ae,1908.09590,53,1,8,7,117,972,855,revision-added exploratory
qasper,tfidf,e462efb58c71f186cd6b315a2d861cbb7171f65b,1906.04236,58,45,45,0,3487,3487,0,revision-added exploratory
qasper,tfidf,e56c1f0e9eabda41f929d0dfd5cfa50edd69fa89,1909.06708,30,5,5,0,554,554,0,revision-added exploratory
qasper,tfidf,e5b2eb6a49c163872054333f8670dd3f9563046a,2004.02334,53,7,7,0,646,646,0,revision-added exploratory
qasper,tfidf,e5be900e70ea86c019efb06438ba200e11773a7c,1909.13466,62,56,56,0,5721,5721,0,revision-added exploratory
qasper,tfidf,e5f8d2fc1332e982a54ee4b4c1f7f55e900d0b86,1811.04791,60,3,47,44,305,5131,4826,revision-added exploratory
qasper,tfidf,e6204daf4efeb752fdbd5c26e179efcb8ddd2807,1601.03313,57,1,1,0,120,120,0,revision-added exploratory
qasper,tfidf,e6bc11bd6cfd4b2138c29602b9b56fc5378a4293,1709.04491,19,19,19,0,2359,2359,0,revision-added exploratory
qasper,tfidf,e6f5444b7c08d79d4349e35d5298a63bb30e7004,1708.07252,62,7,10,3,838,1344,506,revision-added exploratory
qasper,tfidf,e797634fa77e490783b349034f9e095ee570b7a9,1804.05253,26,6,6,0,747,747,0,revision-added exploratory
qasper,tfidf,e831ce6c406bf5d1c493162732e1b320abb71b6f,1908.07491,30,7,7,0,614,614,0,revision-added exploratory
qasper,tfidf,e8c3f59313df20db0cdd49b84a37c44da849fe17,2003.07459,28,13,13,0,1777,1777,0,revision-added exploratory
qasper,tfidf,e90425ac05a15dc145bbf3034e78b56e7cec36ac,1803.09000,38,34,34,0,1888,1888,0,revision-added exploratory
qasper,tfidf,e96b0d64c8d9fdd90235c499bf1ec562d2cbb8b2,1605.04278,123,116,116,0,4246,4246,0,revision-added exploratory
qasper,tfidf,e9a0a69eacd554141f56b60ab2d1912cc33f526a,1803.06745,41,1,1,0,37,37,0,revision-added exploratory
qasper,tfidf,ea6edf45f094586caf4684463287254d44b00e95,1907.12984,107,18,95,77,1967,6617,4650,revision-added exploratory
qasper,tfidf,eaacee4246f003d29a108fe857b5dd317287ecf1,1911.12559,22,17,17,0,1818,1818,0,revision-added exploratory
qasper,tfidf,eaae11ffd4ff955de2cd6389b888f5fd2c660a32,1910.14589,68,5,11,6,272,686,414,revision-added exploratory
qasper,tfidf,ead7704a64447dccd504951618d3be463eba86bf,1807.03674,23,10,10,0,857,857,0,revision-added exploratory
qasper,tfidf,eaed0b721cc3137b964f5265c7ecf76f565053e9,1806.03369,29,15,15,0,1646,1646,0,revision-added exploratory
qasper,tfidf,eafea4a24d103fdecf8f347c7d84daff6ef828a3,1611.01116,26,3,8,5,461,1506,1045,revision-added exploratory
qasper,tfidf,eb653a5c59851eda313ece0bcd8c589b6155d73e,1908.02284,27,4,4,0,325,325,0,revision-added exploratory
qasper,tfidf,ebb4db9c24aa36db9954dd65ea079a798df80558,1908.09355,57,3,3,0,270,270,0,revision-added exploratory
qasper,tfidf,ebe1084a06abdabefffc66f029eeb0b69f114fd9,1810.02268,71,39,57,18,2135,3217,1082,revision-added exploratory
qasper,tfidf,ebe6b8ec141172f7fea66f0a896b3124276d4884,1911.11025,66,27,27,0,1779,1779,0,revision-added exploratory
qasper,tfidf,ec2045e0da92989642a5b5f2b1130c8bd765bcc5,1901.03253,68,2,2,0,143,143,0,revision-added exploratory
qasper,tfidf,ec39120fb879ae10452d3f244e1e32237047005a,2004.04060,39,19,19,0,1443,1443,0,revision-added exploratory
qasper,tfidf,ec54ae2f4811196fcaafa45e76130239e69995f9,1909.07158,55,1,1,0,72,72,0,revision-added exploratory
qasper,tfidf,ec62df859ad901bf0848f0a8b91eedc78dba5657,1909.05190,59,12,17,5,948,1443,495,revision-added exploratory
qasper,tfidf,ec70c7c560e08cff2820bad93f5216bc0a469f5a,1908.11664,66,6,6,0,365,365,0,revision-added exploratory
qasper,tfidf,ec8f39d32084996ab825debd7113c71daac38b06,1606.07043,27,9,10,1,791,885,94,revision-added exploratory
qasper,tfidf,ecaa10a2d9927fa6ab6a954488f12aa6b42ddc1a,1909.04242,41,10,20,10,682,1330,648,revision-added exploratory
qasper,tfidf,ed15a593d64a5ba58f63c021ae9fd8f50051a667,2001.05540,28,15,28,13,1714,2093,379,revision-added exploratory
qasper,tfidf,ed44f7e698d6124cb86791841d02fc6f8b4d862a,1908.11049,45,3,4,1,262,462,200,revision-added exploratory
qasper,tfidf,ed7ce13cd95f7664a5e4fc530dcf72dc3808dced,1712.02555,55,13,13,0,1040,1040,0,revision-added exploratory
qasper,tfidf,ee2c2fb01d67f4c58855bf23186cbd45cecbfa56,1606.07947,55,2,2,0,200,200,0,revision-added exploratory
qasper,tfidf,ef6304512652ba56bd13dbe282a5ce1d41a4f171,1909.03553,54,23,51,28,1346,2014,668,revision-added exploratory
qasper,tfidf,eff9192e05d23e9a67d10be0c89a7ab2b873995b,1910.09387,23,21,21,0,3594,3594,0,revision-added exploratory
qasper,tfidf,f0404673085517eea708c5e91f32fb0f7728fa08,1607.03895,35,22,28,6,1572,2058,486,revision-added exploratory
qasper,tfidf,f0afc116809b70528226d37190e8e79e1e9cd11e,1906.05685,48,2,32,30,166,2047,1881,revision-added exploratory
qasper,tfidf,f11856814a57b86667179e1e275e4f99ff1bcad8,1707.06875,59,21,25,4,1498,1607,109,revision-added exploratory
qasper,tfidf,f15bc40960bd3f81bc791f43ab5c94c52378692d,1804.00982,18,4,12,8,339,1178,839,revision-added exploratory
qasper,tfidf,f1a50f88898556ecdba8e9cac13ae54c11835945,1909.03553,54,7,7,0,645,645,0,revision-added exploratory
qasper,tfidf,f1d61b44105e651925d02a51e6d7ea10ea28ebd8,1909.00437,43,7,26,19,843,2923,2080,revision-added exploratory
qasper,tfidf,f1f7a040545c9501215d3391e267c7874f9a6004,1612.09535,60,36,36,0,3077,3077,0,revision-added exploratory
qasper,tfidf,f264612db9096caf938bd8ee4085848143b34f81,1605.05166,60,9,9,0,850,850,0,revision-added exploratory
qasper,tfidf,f2b1e87f61c65aaa99bcf9825de11ae237260270,1909.00786,57,5,43,38,387,2934,2547,revision-added exploratory
qasper,tfidf,f2b8a2ed5916d75cf568a931829a5a3cde2fc345,1801.05617,85,75,75,0,5650,5650,0,revision-added exploratory
qasper,tfidf,f2bcfdbebb418e7da165c19b8c7167719432ee48,1603.07252,50,10,33,23,1113,3217,2104,revision-added exploratory
qasper,tfidf,f381b0ef693243d67657f6c34bbce015f6b1fd07,1603.08868,35,1,1,0,82,82,0,revision-added exploratory
qasper,tfidf,f3b4e52ba962a0004064132d123fd9b78d9e12e2,1907.12984,107,4,82,78,188,5966,5778,revision-added exploratory
qasper,tfidf,f3b851c9063192c86a3cc33b2328c02efa41b668,2003.08769,32,30,30,0,1855,1855,0,revision-added exploratory
qasper,tfidf,f40e23adc8245562c8677f0f86fa5175179b5422,1807.08089,47,8,19,11,1010,2291,1281,revision-added exploratory
qasper,tfidf,f4e16b185b506713ff99acc4dbd9ec3208e4997b,1602.07563,120,49,112,63,4392,9157,4765,revision-added exploratory
qasper,tfidf,f52c9744a371104eb2677c181a7004f7a77d9dd3,1912.00342,115,113,113,0,5506,5506,0,revision-added exploratory
qasper,tfidf,f5513f9314b9d7b41518f98c6bc6d42b8555258d,1605.05166,60,45,47,2,3726,3831,105,revision-added exploratory
qasper,tfidf,f5913e37039b9517a323ec700b712e898316161b,1711.03759,31,2,2,0,181,181,0,revision-added exploratory
qasper,tfidf,f5bc07df5c61dcb589a848bd36f4ce9c22abd46a,1703.10090,27,24,24,0,2867,2867,0,revision-added exploratory
qasper,tfidf,f61268905626c0b2a715282478a5e373adda516c,2003.07459,28,2,10,8,295,1439,1144,revision-added exploratory
qasper,tfidf,f637bba86cfb94ca8ac4b058faf839c257d5eaa0,1806.07042,52,8,8,0,968,968,0,revision-added exploratory
qasper,tfidf,f64449a21c452bc5395a0f0a49fb49825e6385f4,1909.04387,28,1,8,7,104,642,538,revision-added exploratory
qasper,tfidf,f71b95001dce46ee35cdbd8d177676de19ca2611,1911.07620,51,44,44,0,3370,3370,0,revision-added exploratory
qasper,tfidf,f741d32b92630328df30f674af16fbbefcad3f93,1805.09821,22,2,14,12,169,1721,1552,revision-added exploratory
qasper,tfidf,f7662b11e87c1e051e13799413f3db459ac3e19c,1911.10742,54,32,51,19,3883,5433,1550,revision-added exploratory
qasper,tfidf,f77d7cddef3e021d70e16b9e16cecfd4b8ee80d3,1606.07947,55,15,54,39,1334,3430,2096,revision-added exploratory
qasper,tfidf,f7b91b99279833f9f489635eb8f77c6d13136098,1912.11980,61,7,15,8,618,1567,949,revision-added exploratory
qasper,tfidf,f7d61648ae4bd46c603a271185c3adfac5fc5114,1909.00369,57,3,4,1,416,541,125,revision-added exploratory
qasper,tfidf,f7ee48dd32c666ef83a4ae4aa06bcde85dd8ec4b,1804.07445,34,34,34,0,2288,2288,0,revision-added exploratory
qasper,tfidf,f88f45ef563ea9e40c5767ab2eaa77f4700f95f8,2002.09616,65,6,6,0,415,415,0,revision-added exploratory
qasper,tfidf,f8bba20d1781ce2b14fad28d6eff024e5a6c2c02,1709.06365,75,2,11,9,289,1699,1410,revision-added exploratory
qasper,tfidf,f8f64da7172e72e684f0e024a19411b43629ff55,1804.05306,34,5,5,0,371,371,0,revision-added exploratory
qasper,tfidf,f92c344e9b1a986754277fd0f08a47dc3e5f9feb,1803.08419,61,2,14,12,185,1814,1629,revision-added exploratory
qasper,tfidf,f93bad406e004014618dd64f6c604b1a9ee6a371,1811.00127,64,29,29,0,2301,2301,0,revision-added exploratory
qasper,tfidf,f9ae1b31c1a60aacb9ef869e1cc6b0e70c6e5d8e,2002.04374,20,18,18,0,2476,2476,0,revision-added exploratory
qasper,tfidf,fa5f5f58f6277a1e433f80c9a92a5629d6d9a271,2002.09616,65,1,1,0,52,52,0,revision-added exploratory
qasper,tfidf,fa800a21469a70fa6490bfc67cabdcc8bf086fb5,1902.06734,43,8,24,16,985,2763,1778,revision-added exploratory
qasper,tfidf,fac273ecb3e72f2dc94cdbc797582d7225a8e070,1703.05320,60,4,22,18,465,1912,1447,revision-added exploratory
qasper,tfidf,faffcc6ef27c1441e6528f924e320368430d8da3,1908.08917,43,1,8,7,214,1614,1400,revision-added exploratory
qasper,tfidf,fb06ed5cf9f04ff2039298af33384ca71ddbb461,1806.09652,34,29,29,0,1953,1953,0,revision-added exploratory
qasper,tfidf,fc62549a8f0922c09996a119b2b6a8b5e829e989,1701.03578,41,15,36,21,1714,3379,1665,revision-added exploratory
qasper,tfidf,fcb0ac1934e2fd9f58f4b459e6853999a27844f9,2004.02214,55,26,26,0,1689,1689,0,revision-added exploratory
qasper,tfidf,fcdafaea5b1c9edee305b81f6865efc8b8dc50d3,1707.02892,71,18,18,0,672,672,0,revision-added exploratory
qasper,tfidf,fd651d19046966ca65d4bcf6f6ae9c66cdf13777,2002.10210,50,2,2,0,311,311,0,revision-added exploratory
qasper,tfidf,fd8a8eb69f07c584a76633f8802c2746f7236d64,1911.03642,42,2,2,0,114,114,0,revision-added exploratory
qasper,tfidf,fda47c68fd5f7b44bd539f83ded5882b96c36dd7,1704.03279,32,21,21,0,2848,2848,0,revision-added exploratory
qasper,tfidf,fe1a74449847755cd7a46647cc9d384abfee789e,1901.03253,68,58,58,0,5508,5508,0,revision-added exploratory
qasper,tfidf,fe52b093735bb456d7e699aa9a2b806d2b498ba0,1905.00840,31,12,12,0,1309,1309,0,revision-added exploratory
qasper,tfidf,fe6181ab0aecf5bc8c3def843f82e530347d918b,1911.09753,45,2,2,0,261,261,0,revision-added exploratory
qasper,tfidf,fea9b4d136156f23a88e5c7841874a467f2ba86d,1908.06259,41,1,1,0,86,86,0,revision-added exploratory
qasper,tfidf,fee498457774d9617068890ff29528e9fa05a2ac,2003.03728,34,32,32,0,2060,2060,0,revision-added exploratory
qasper,tfidf,fef5b65263c81299acc350a101dabaf5a8cb9c6e,1807.08089,47,1,1,0,60,60,0,revision-added exploratory
qasper,tfidf,ff36168caf48161db7039e3bd4732cef31d4de99,1909.11706,31,2,2,0,314,314,0,revision-added exploratory
qasper,dense,000549a217ea24432c0656598279dbb85378c113,1804.05253,26,2,2,0,234,234,0,revision-added exploratory
qasper,dense,00341a46a67d31d36e6dc54d5297626319584891,1604.02201,29,1,1,0,184,184,0,revision-added exploratory
qasper,dense,00aea97f69290b496ed11eb45a201ad28d741460,1909.01860,23,2,2,0,97,97,0,revision-added exploratory
qasper,dense,00c443f8d32d6baf7c7cea8f4ca9fa749532ccfd,1612.00866,55,5,5,0,540,540,0,revision-added exploratory
qasper,dense,00db191facf903cef18fb1727d1cab638c277e0a,1906.05506,40,7,8,1,702,857,155,revision-added exploratory
qasper,dense,00df1ff914956d4d23299d02fd44e4c985bb61fa,1903.10318,39,30,30,0,1380,1380,0,revision-added exploratory
qasper,dense,00e4c9aa87411dfc5455fc92f10e5c9266e7b95e,1710.06923,52,3,4,1,269,386,117,revision-added exploratory
qasper,dense,00f507053c47e55d7e72bebdbd8a75b3ca88cf85,1806.07042,52,3,3,0,322,322,0,revision-added exploratory
qasper,dense,00ffe2c59a3ba18d6d2b353d6ab062a152c88526,1709.05453,56,12,15,3,871,1109,238,revision-added exploratory
qasper,dense,014a3aa07686ee18a86c977bf0701db082e8480b,1908.06493,41,37,37,0,2883,2883,0,revision-added exploratory
qasper,dense,018b81f810a39b3f437a85573d24531efccd835f,1906.11085,25,1,4,3,175,385,210,revision-added exploratory
qasper,dense,01c8c3836467a4399cc37e86244b5bdc5dda2401,1804.09692,49,2,2,0,84,84,0,revision-added exploratory
qasper,dense,028d0d9b7a71133e51a14a32cd09dea1e2f39f05,1804.01155,55,17,20,3,1910,2209,299,revision-added exploratory
qasper,dense,02a5acb484bda77ef32a13f5d93d336472cf8cd4,1612.04118,27,13,13,0,940,940,0,revision-added exploratory
qasper,dense,036c400424357457e42b22df477b7c3cdc2eefe9,1711.11118,15,3,3,0,421,421,0,revision-added exploratory
qasper,dense,042800c3336ed5f4826203616a39747c61382ba6,1709.05453,56,3,11,8,239,936,697,revision-added exploratory
qasper,dense,04796aaa59eeb2176339c0651838670fd916074d,1906.11085,25,2,2,0,179,179,0,revision-added exploratory
qasper,dense,051034cc94f2c02d3041575c53f969b3311c9ea1,1804.07445,34,1,12,11,99,952,853,revision-added exploratory
qasper,dense,058b6e3fdbb607fa7dbfc688628b3e13e130c35a,1912.00239,42,27,27,0,2740,2740,0,revision-added exploratory
qasper,dense,065623cc1d5f5b19ec1f84d286522fc2f805c6ce,1706.04206,34,4,4,0,231,231,0,revision-added exploratory
qasper,dense,07104dd36a0e7fdd2c211ad710de9a605495b697,1908.05908,41,2,21,19,115,1576,1461,revision-added exploratory
qasper,dense,075d6ab5dd132666e85d0b6ad238118271dfc147,1909.00786,57,13,13,0,1165,1165,0,revision-added exploratory
qasper,dense,0778cbbd093f8b779f7cf26302b2a8e081ccfb40,1703.10152,41,4,4,0,454,454,0,revision-added exploratory
qasper,dense,079e654c97508c521c07ab4d24cdaaede5602c61,1605.05156,26,1,1,0,100,100,0,revision-added exploratory
qasper,dense,07a214748a69b31400585aef7aba6af3e3d9cce2,1612.05202,43,22,22,0,1242,1242,0,revision-added exploratory
qasper,dense,07d98dfa88944abd12acd45e98fb7d3719986aeb,1909.07873,52,9,50,41,1158,5106,3948,revision-added exploratory
qasper,dense,08561f6ba578ce8f8d284abf90f5b24eb1f804d3,1901.03253,68,15,19,4,1250,1618,368,revision-added exploratory
qasper,dense,088d42ecb1e15515f6a97a0da2fed81b61d61a23,1909.00437,43,1,8,7,115,872,757,revision-added exploratory
qasper,dense,08b77c52676167af72581079adf1ca2b994ce251,2002.10210,50,42,42,0,3787,3787,0,revision-added exploratory
qasper,dense,08c0d4db14773cbed8a63e69381a2265e85f8765,1901.05389,45,1,1,0,105,105,0,revision-added exploratory
qasper,dense,0a5fd0e5f4ab12be57be20416a5ea7c3db5fb662,1912.10162,37,7,34,27,428,2447,2019,revision-added exploratory
qasper,dense,0a70af6ba334dfd3574991b1dd06f54fc6a700f2,1910.01160,23,4,18,14,215,1332,1117,revision-added exploratory
qasper,dense,0abc2499195185c94837e0340d00cd3b83ee795e,1909.13184,17,5,14,9,711,1766,1055,revision-added exploratory
qasper,dense,0ac6fbd81e2dd95b800283dc7e59ce969d45fc02,1708.05521,24,7,7,0,615,615,0,revision-added exploratory
qasper,dense,0aca0a208a1e28857fab44e397dc7880e010dbca,2003.12139,28,6,11,5,753,1283,530,revision-added exploratory
qasper,dense,0b10cfa61595b21bf3ff13b4df0fe1c17bbbf4e9,1908.07721,72,14,39,25,844,2326,1482,revision-added exploratory
qasper,dense,0b1cc6c0de286eb724b1fd18dbc93e67ab89a236,1908.11664,66,27,33,6,1881,2220,339,revision-added exploratory
qasper,dense,0b5a7ccf09810ff5a86162d502697d16b3536249,1911.03353,35,13,16,3,527,698,171,revision-added exploratory
qasper,dense,0b5bf00d2788c534c4c6c007b72290c48be21e16,1806.07042,52,7,7,0,682,682,0,revision-added exploratory
qasper,dense,0b5c599195973c563c4b1a0fe5d8fc77204d71a0,1811.01183,50,2,2,0,168,168,0,revision-added exploratory
qasper,dense,0bc305d6b90f77f835bc4c904b22a4be07f963b2,1606.02601,56,1,1,0,61,61,0,revision-added exploratory
qasper,dense,0bd3bea892c34a3820e98c4a42cdeda03753146b,1805.04558,131,30,30,0,1671,1671,0,revision-added exploratory
qasper,dense,0bde3ecfdd7c4a9af23f53da2cda6cd7a8398220,1804.07445,34,1,15,14,147,1115,968,revision-added exploratory
qasper,dense,0c4e419fe57bf01d58a44f3e263777c22cdd90dc,1911.06815,26,8,8,0,519,519,0,revision-added exploratory
qasper,dense,0d3193d17c0a4edc8fa9854f279c2a1b878e8b29,2002.00175,58,4,6,2,226,402,176,revision-added exploratory
qasper,dense,0d9241e904bd2bbf5b9a6ed7b5fc929651d3e28e,1910.13793,45,2,2,0,124,124,0,revision-added exploratory
qasper,dense,0dbb5309d2be97f6eda29d7ae220aa16cafbabb7,1610.00479,110,1,28,27,184,2121,1937,revision-added exploratory
qasper,dense,0dc9050c832a6091bc9db3f7fa7be72139f51177,1902.08830,107,10,10,0,927,927,0,revision-added exploratory
qasper,dense,0dfe43985dea45d93ae2504cccca15ae1e207ccf,2002.00175,58,34,42,8,1875,2373,498,revision-added exploratory
qasper,dense,0ef114d24a7a32821967e912dff23c016c4eab41,1901.09501,43,5,41,36,257,3571,3314,revision-added exploratory
qasper,dense,0f1f81b6d4aa0da38b4cc8b060926e7df61bb646,1909.05190,59,36,41,5,2485,2856,371,revision-added exploratory
qasper,dense,0f9c1586f1b4b531fa4fd113e767d06af90b1ae8,1603.07252,50,25,25,0,2653,2653,0,revision-added exploratory
qasper,dense,0fe49431db5ffaa24372919daf24d8f84117bfda,1603.07252,50,12,22,10,884,1927,1043,revision-added exploratory
qasper,dense,0fee37ebe0a010cf8bd665fa566306d8e7d12631,1709.06365,75,59,61,2,5175,5295,120,revision-added exploratory
qasper,dense,1002bd01372eba0f3078fb4a951505278ed45f2e,1906.01076,52,1,37,36,8,2180,2172,revision-added exploratory
qasper,dense,10edfb9428b8a4652274c13962917662fdf84f8a,1911.07620,51,8,8,0,717,717,0,revision-added exploratory
qasper,dense,1100e442e00c9914538a32aca7af994ce42e1b66,1911.03854,26,17,17,0,1443,1443,0,revision-added exploratory
qasper,dense,1128a600a813116cba9a2cf99d8568ae340f327a,1802.08969,106,49,49,0,1582,1582,0,revision-added exploratory
qasper,dense,11679d1feba747c64bbbc62939a20fbb69ada0f3,1902.06734,43,22,22,0,2427,2427,0,revision-added exploratory
qasper,dense,119c404da6e42d4879eee10edeab4b2851162659,1910.10762,34,15,17,2,1668,1823,155,revision-added exploratory
qasper,dense,11a3af3f056e0fb5559fe5cbff1640e022732735,1612.05202,43,7,7,0,373,373,0,revision-added exploratory
qasper,dense,11a8531699952f5a2286a4311f0fe80ed1befa1e,1905.07562,50,2,22,20,327,2253,1926,revision-added exploratory
qasper,dense,11c4071d9d7efeede84f47892b1fa0c6a93667eb,2004.02334,53,14,14,0,1447,1447,0,revision-added exploratory
qasper,dense,11ef46187a5bf15e89d63220fdeaecbeb92d818e,1610.06510,53,6,6,0,278,278,0,revision-added exploratory
qasper,dense,11f9c207476af75a9272105e646df02594059c3f,1603.09381,27,2,2,0,142,142,0,revision-added exploratory
qasper,dense,12dc04e0ec1d3ba5ec543069fe457dfa4a1cac07,1910.13793,45,1,1,0,84,84,0,revision-added exploratory
qasper,dense,130d73400698e2b3c6860b07f2e957e3ff022d48,1909.00871,49,10,10,0,844,844,0,revision-added exploratory
qasper,dense,138ad61b43c85d5db166ea9bd3d3b19bb2e2bbfb,1909.13184,17,2,6,4,276,995,719,revision-added exploratory
qasper,dense,141f23e87c10c2d54d559881e641c983e3ec8ef3,1911.09241,57,12,12,0,1820,1820,0,revision-added exploratory
qasper,dense,14fdc8087f2a62baea9d50c4aa3a3f8310b38d17,1909.12208,36,2,6,4,204,724,520,revision-added exploratory
qasper,dense,157284acedf13377cbc6d58c8f3648d3a62f5db5,1905.05644,55,17,31,14,1161,2420,1259,revision-added exploratory
qasper,dense,157de5175259d6f25db703efb299f948dae597b7,1708.07690,42,5,9,4,174,379,205,revision-added exploratory
qasper,dense,15aeda407ae3912419fd89211cdb98989d9cde58,1908.08788,21,1,8,7,95,767,672,revision-added exploratory
qasper,dense,16a10c1681dc5a399b6d34b4eed7bb1fef816dd0,1910.02001,82,1,33,32,50,2381,2331,revision-added exploratory
qasper,dense,16cc37e4f8e2db99eaf89337a3d9ada431170d5b,1907.08540,47,12,12,0,1281,1281,0,revision-added exploratory
qasper,dense,16edc21a6abc89ee2280dccf1c867c2ac4552524,1809.03695,18,10,10,0,659,659,0,revision-added exploratory
qasper,dense,1702985a3528e876bb19b8e223399729d778b4e4,2003.12450,6,3,3,0,169,169,0,revision-added exploratory
qasper,dense,175cddfd0bcd77b7327b62f99e57d8ea93f8d8ba,1906.05685,48,15,15,0,1159,1159,0,revision-added exploratory
qasper,dense,17fd6deb9e10707f9d1b70165dedb045e1889aac,1908.11053,64,3,35,32,208,1836,1628,revision-added exploratory
qasper,dense,180c7bea8caf05ca97d9962b90eb454be4176425,1910.01160,23,1,1,0,220,220,0,revision-added exploratory
qasper,dense,182eb91090017a7c8ea38a88b219b641842664e4,1901.09501,43,2,10,8,294,976,682,revision-added exploratory
qasper,dense,183b385fb59ff1e3f658d4555a08b67c005a8734,1809.03391,33,3,6,3,259,480,221,revision-added exploratory
qasper,dense,19ebfba9aa5a9596b09a0cfb084ff8ebf24a3b91,1602.03483,43,2,6,4,213,744,531,revision-added exploratory
qasper,dense,1a2b69dfa81dfeadd67b133229476086f2cc74a8,1712.00733,74,14,14,0,1222,1222,0,revision-added exploratory
qasper,dense,1a419468d255d40ae82ed7777618072a48f0091b,1704.06851,45,14,14,0,1642,1642,0,revision-added exploratory
qasper,dense,1a6156189297b2fe17f174ef55cbd20341bb7dbf,1611.06322,49,27,27,0,2262,2262,0,revision-added exploratory
qasper,dense,1acf06105f6c1930f869347ef88160f55cbf382b,1909.00871,49,2,4,2,358,640,282,revision-added exploratory
qasper,dense,1c182b4805b336bd6e1a3f43dc84b07db3908d4a,1910.12203,25,15,15,0,1086,1086,0,revision-added exploratory
qasper,dense,1ce6c09cf886df41a3d3c52ce82f370c5a30334a,1905.01347,15,1,1,0,131,131,0,revision-added exploratory
qasper,dense,1d047286ac63e5dca1ab811172b89d7d125679e5,1910.03943,52,10,10,0,716,716,0,revision-added exploratory
qasper,dense,1d10e069b4304fabfbed69acf409f0a311bdc441,1806.09652,34,1,1,0,49,49,0,revision-added exploratory
qasper,dense,1d263356692ed8cdee2a13f103a82d98f43d66eb,2003.11528,61,3,14,11,353,1303,950,revision-added exploratory
qasper,dense,1d6d21043b9fd0ed3ccccdc6317dcf5a1347ef03,1802.09059,34,10,12,2,837,985,148,revision-added exploratory
qasper,dense,1d7b99646a1bc05beec633d7a3beb083ad1e8734,1803.02155,48,14,14,0,927,927,0,revision-added exploratory
qasper,dense,1d9d7c96c5e826ac06741eb40e89fca6b4b022bd,1603.00957,54,5,16,11,423,1523,1100,revision-added exploratory
qasper,dense,1dc5bf9dca7de2ba21db10e9056d3906267ef5d5,1912.07940,30,6,9,3,539,774,235,revision-added exploratory
qasper,dense,1dcfcfa46dbcffc2fc7be92dd57df9620258097b,1908.11046,58,4,4,0,357,357,0,revision-added exploratory
qasper,dense,1e11e74481ead4b7635922bbe0de041dc2dde28d,1610.03807,23,9,9,0,901,901,0,revision-added exploratory
qasper,dense,1e7e3f0f760cd628f698b73d82c0f946707855ca,1710.07695,63,6,6,0,502,502,0,revision-added exploratory
qasper,dense,1ec0be667a6594eb2e07c50258b120e693e040a8,1805.11598,24,19,22,3,1597,1782,185,revision-added exploratory
qasper,dense,1ecbbb60dc44a701e9c57c22167dd412711bb0be,1812.00382,22,4,8,4,486,879,393,revision-added exploratory
qasper,dense,1f011fa772ce802e74eda89f706cdb1aa2833686,1910.01340,46,25,25,0,1842,1842,0,revision-added exploratory
qasper,dense,1f053f338df6d238cb163af1a0b1b073e749ed8a,1806.09652,34,11,11,0,679,679,0,revision-added exploratory
qasper,dense,1f40adc719d8ccda81e7e90525b577f5698b5aad,1803.07828,32,19,32,13,2538,3007,469,revision-added exploratory
qasper,dense,1f8044487af39244d723582b8a68f94750eed2cc,1910.01340,46,5,34,29,466,2940,2474,revision-added exploratory
qasper,dense,1faccdc78bbd99320c160ac386012720a0552119,1908.11053,64,8,8,0,668,668,0,revision-added exploratory
qasper,dense,1fcd25e9a63a53451cac9ad2b8a1b529aff44a97,1910.01992,36,2,2,0,107,107,0,revision-added exploratory
qasper,dense,1fd31fdfff93d65f36e93f6919f6976f5f172197,1709.05295,35,1,3,2,75,392,317,revision-added exploratory
qasper,dense,200c37060d037dee33f3b7c8b1a2aaa58376566e,1903.04329,32,3,3,0,303,303,0,revision-added exploratory
qasper,dense,20632fc4d2b693b5aabfbbc99ee5c1e9fc485dea,1912.02866,53,14,34,20,1285,2771,1486,revision-added exploratory
qasper,dense,21c89ee0281f093b209533453196306b9699b552,1706.00188,14,3,6,3,257,495,238,revision-added exploratory
qasper,dense,21f6cb3819c85312364dd17dd4091df946591ef0,1704.08390,29,1,1,0,78,78,0,revision-added exploratory
qasper,dense,22225ba18a6efe74b1315cc08405011d5431498e,1705.00571,30,5,6,1,331,407,76,revision-added exploratory
qasper,dense,22488c8628b6db5fd708b6471c31a8eac31f66df,1906.01749,52,3,11,8,464,1434,970,revision-added exploratory
qasper,dense,2280ed1e2b3e99921e2bca21231af43b58ca04f0,1911.09247,68,3,3,0,100,100,0,revision-added exploratory
qasper,dense,22c125c461f565f5437dac74bf19c2ef317bad86,1703.04009,20,1,1,0,226,226,0,revision-added exploratory
qasper,dense,2301424672cb79297cf7ad95f23b58515e4acce8,1911.05652,34,2,3,1,218,267,49,revision-added exploratory
qasper,dense,230f127e83ac62dd65fccf6b1a4960cf0f7316c7,2004.02401,33,15,27,12,1273,2768,1495,revision-added exploratory
qasper,dense,230ff86b7b90b87c33c53014bb1e9c582dfc107f,1805.11937,43,2,8,6,174,785,611,revision-added exploratory
qasper,dense,23252644c04a043f630a855b563666dd57179d98,2002.00175,58,18,18,0,1082,1082,0,revision-added exploratory
qasper,dense,235c7c7ca719068136928b18e19f9661e0f72806,2004.01820,92,84,84,0,5572,5572,0,revision-added exploratory
qasper,dense,23cbf6ab365c1eb760b565d8ba51fb3f06257d62,1910.02677,56,53,53,0,3228,3228,0,revision-added exploratory
qasper,dense,23fe8431058f2a7b7588745766fc715f271aad07,2004.02334,53,1,1,0,69,69,0,revision-added exploratory
qasper,dense,243cf21c4e34c4b91fcc4905aa4dc15a72087f0c,1903.02930,20,4,4,0,304,304,0,revision-added exploratory
qasper,dense,246e924017c48fa1f069361c44133fdf4f0386e1,1909.01720,69,15,15,0,1077,1077,0,revision-added exploratory
qasper,dense,252599e53f52b3375b26d4e8e8b66322a42d2563,1709.06365,75,27,57,30,2134,4856,2722,revision-added exploratory
qasper,dense,25a8d432bf94af1662837877bc6c284e2fc3fbe2,1908.10001,38,2,2,0,94,94,0,revision-added exploratory
qasper,dense,25e6ba07285155266c3154d3e2ca1ae05c2f7f2d,2004.03090,28,11,21,10,957,1867,910,revision-added exploratory
qasper,dense,26844cec57df6ff0f02245ea862af316b89edffe,1808.10290,38,26,27,1,1469,1664,195,revision-added exploratory
qasper,dense,2686e8d51caff9a19684e0c9984bcb5a1937d08d,1606.02892,49,1,1,0,73,73,0,revision-added exploratory
qasper,dense,26e32f24fe0c31ef25de78935daa479534b9dd58,1911.01940,47,4,13,9,229,673,444,revision-added exploratory
qasper,dense,26eceba0e6e4c0b6dfa94e5708dd74b63f701731,1712.02555,55,40,40,0,2502,2502,0,revision-added exploratory
qasper,dense,2711ae6dd532d136295c95253dbf202e37ecd3e7,1909.06708,30,1,3,2,45,161,116,revision-added exploratory
qasper,dense,2749fb1725a2c4bdba5848e2fc424a43e7c4be51,2004.04498,93,4,23,19,168,1271,1103,revision-added exploratory
qasper,dense,27d7a30e42921e77cfffafac5cb0d16ce5a7df99,1707.02892,71,8,8,0,508,508,0,revision-added exploratory
qasper,dense,2834a340116026d5995e537d474a47d6a74c3745,1705.01306,50,6,6,0,312,312,0,revision-added exploratory
qasper,dense,283d358606341c399e369f2ba7952cd955326f73,1611.02378,52,4,25,21,205,2094,1889,revision-added exploratory
qasper,dense,28847b20ca63dc56f2545e6f6ec3082d9dbe1b3f,2003.12660,26,13,13,0,526,526,0,revision-added exploratory
qasper,dense,2895a3fc63f6f403445c11043460584e949fb16c,1710.07695,63,1,8,7,53,320,267,revision-added exploratory
qasper,dense,28a8a1542b45f67674a2f1d54fff7a1e45bfad66,2002.04326,24,1,4,3,268,886,618,revision-added exploratory
qasper,dense,2929e92f9b4939297b4d0f799d464d46e8d52063,1908.11046,58,1,4,3,98,365,267,revision-added exploratory
qasper,dense,2974237446d04da33b78ce6d22a477cdf80877b7,1611.06322,49,5,12,7,326,815,489,revision-added exploratory
qasper,dense,29794bda61665a1fbe736111e107fd181eacba1b,1911.01214,74,6,21,15,423,1649,1226,revision-added exploratory
qasper,dense,2a120f358f50c377b5b63fb32633223fa4ee2149,1803.05160,71,1,14,13,57,1441,1384,revision-added exploratory
qasper,dense,2a9c7243744b42f1e9fed9ff2ab17c6f156b1ba4,1804.05306,34,5,5,0,561,561,0,revision-added exploratory
qasper,dense,2abcff4fdedf9b17f76875cc338ba4ab8d1eccd3,2003.11687,35,3,3,0,438,438,0,revision-added exploratory
qasper,dense,2abf916bc03222d3b2a3d66851d87921ff35c0d2,1803.06745,41,2,8,6,175,757,582,revision-added exploratory
qasper,dense,2ae66798333b905172e2c0954e9808662ab7f221,1903.00384,48,8,16,8,625,1123,498,revision-added exploratory
qasper,dense,2aeabec8a734a6e8ca9e7a308dd8c9a1011b3d6e,1801.05617,85,2,18,16,111,1796,1685,revision-added exploratory
qasper,dense,2b32cf05c5e736f764ceecc08477e20ab9f2f5d7,1908.06493,41,10,26,16,916,1903,987,revision-added exploratory
qasper,dense,2ba2ff6c21a16bd295b07af1ef635b3b4c5bd17e,1912.04979,59,36,39,3,3154,3389,235,revision-added exploratory
qasper,dense,2bd702174e915d97884d1571539fb1b5b0b7123a,1802.02614,46,3,14,11,191,1075,884,revision-added exploratory
qasper,dense,2c60628d54f2492e0cbf0fb8bacd8e54117f0c18,1902.10246,24,4,4,0,322,322,0,revision-added exploratory
qasper,dense,2ca3ca39d59f448e30be6798514709be7e3c62d8,1603.01547,67,30,38,8,1364,1964,600,revision-added exploratory
qasper,dense,2cb20bae085b67e357ab1e18ebafeac4bbde5b4a,1901.05389,45,22,22,0,2798,2798,0,revision-added exploratory
qasper,dense,2d5d0b0c54105717bf48559b914fefd0c94964a6,2003.12660,26,2,7,5,112,318,206,revision-added exploratory
qasper,dense,2d91554c3f320a4bcfeb00aa466309074a206712,1903.01411,78,2,73,71,96,3697,3601,revision-added exploratory
qasper,dense,2dba0b83fc22995f83e7ac66cc8f68bcdcc70ee9,1909.04251,58,1,1,0,175,175,0,revision-added exploratory
qasper,dense,2ddfb40a9e73f382a2eb641c8e22bbb80cef017b,1906.01502,30,3,13,10,170,1019,849,revision-added exploratory
qasper,dense,2e37eb2a2a9ad80391e57acb53616eab048ab640,2003.13028,66,3,33,30,107,1885,1778,revision-added exploratory
qasper,dense,2e4688205c8e344cded7a053b6014cce04ef1bd5,1611.04234,31,15,15,0,976,976,0,revision-added exploratory
qasper,dense,2ecd12069388fd58ad5f8f4ae7ac1bb4f56497b9,1905.08067,27,2,2,0,241,241,0,revision-added exploratory
qasper,dense,2ee4ecf98ef7d02c9e4d103968098fe35f067bbb,1908.07491,30,7,7,0,469,469,0,revision-added exploratory
qasper,dense,2f23bd86a9e27dcd88007c9058ddfce78a1a377b,1707.07568,38,2,2,0,214,214,0,revision-added exploratory
qasper,dense,2f75b0498cf6a1fc35f1fb1cac44fc2fbd3d7878,2002.00175,58,4,25,21,280,1428,1148,revision-added exploratory
qasper,dense,301a453abaa3bc15976817fefce7a41f3b779907,1805.04558,131,2,2,0,37,37,0,revision-added exploratory
qasper,dense,30870a962cf88ac8c8e6b7b795936fd62214f507,1709.06136,45,13,13,0,1294,1294,0,revision-added exploratory
qasper,dense,311f9971d61b91c7d76bba1ad6f038390977a8be,1910.02677,56,1,1,0,56,56,0,revision-added exploratory
qasper,dense,31894361833b3e329a1fb9ebf85a78841cff229f,1905.08067,27,7,7,0,1100,1100,0,revision-added exploratory
qasper,dense,31a3ec8d550054465e55a26b0136f4d50d72d354,1608.01972,44,13,26,13,1487,2697,1210,revision-added exploratory
qasper,dense,31e6062ba45d8956791e1b86bad7efcb6d1b191a,1703.10152,41,4,30,26,170,2101,1931,revision-added exploratory
qasper,dense,32f2aa2df0152050cbcd27dd2f408b2fa5894031,1711.01567,29,9,10,1,712,871,159,revision-added exploratory
qasper,dense,3319d56556ae1597a86384057db0831e32774b90,1611.06322,49,1,26,25,112,2526,2414,revision-added exploratory
qasper,dense,334aa5540c207768931a0fe78aa4981a895ba37c,1909.11980,29,2,7,5,115,432,317,revision-added exploratory
qasper,dense,338a3758dccfa438a52d173fbe23a165ef74a0f0,1909.12016,56,7,7,0,276,276,0,revision-added exploratory
qasper,dense,3435e365adf7866e45670c865dc33bb7d2a6a0c6,1911.03642,42,1,1,0,94,94,0,revision-added exploratory
qasper,dense,344238de7208902f7b3a46819cc6d83cc37448a0,1908.06024,37,27,29,2,4270,4624,354,revision-added exploratory
qasper,dense,3450723bf66956486de777f141bde5073e4a7694,1906.01076,52,2,2,0,70,70,0,revision-added exploratory
qasper,dense,34b434825f0ca3225dc8914f9da865d2b4674f08,1912.08084,68,17,49,32,1315,3240,1925,revision-added exploratory
qasper,dense,34e9e54fa79e89ecacac35f97b33ef3ca3a00f85,1909.02855,31,18,18,0,2168,2168,0,revision-added exploratory
qasper,dense,351f7b254e80348221e0654478663a5e53d3fe65,1810.12897,25,2,2,0,67,67,0,revision-added exploratory
qasper,dense,3588988f2230f3329d7523fbb881b20bf177280d,1811.00051,245,2,2,0,187,187,0,revision-added exploratory
qasper,dense,35e0e6f89b010f34cfb69309b85db524a419c862,1911.10401,27,1,1,0,147,147,0,revision-added exploratory
qasper,dense,35f48b8f73728fbdeb271b170804190b5448485a,1809.03695,18,2,4,2,131,239,108,revision-added exploratory
qasper,dense,361f330d3232681f1a13c6d59abb6c18246e7b35,1909.00369,57,1,30,29,116,2668,2552,revision-added exploratory
qasper,dense,363a24ecb8ab45215134935e7e8165fff72ff90f,2004.01970,38,5,21,16,111,1205,1094,revision-added exploratory
qasper,dense,3699927c6c1146f5057576034d226a99946d52cb,1902.08830,107,11,28,17,1218,3027,1809,revision-added exploratory
qasper,dense,369d7bc5351409910c7a5e05c0cbb5abab8e50ec,2004.03090,28,6,6,0,596,596,0,revision-added exploratory
qasper,dense,36cb7ebdd39e0b8a89ff946d3a3aef8a76a6bb43,1908.09919,27,1,13,12,140,1174,1034,revision-added exploratory
qasper,dense,371433bd3fb5042bacec4dfad3cfff66147c14f0,1909.04387,28,8,26,18,938,1715,777,revision-added exploratory
qasper,dense,376e8ed6e039e07c892c77b7525778178d56acb7,1908.07491,30,1,1,0,96,96,0,revision-added exploratory
qasper,dense,37ac705166fa87dc74fe86575bf04bea56cc4930,2004.02363,19,1,1,0,87,87,0,revision-added exploratory
qasper,dense,37b972a3afae04193411dc569f672d802c16ad71,1911.06815,26,7,7,0,613,613,0,revision-added exploratory
qasper,dense,37e6ce5cfc9d311e760dad8967d5085446125408,2002.08902,29,3,3,0,121,121,0,revision-added exploratory
qasper,dense,38055717edf833566d912f14137b92a1d9c4f65a,1909.10481,43,6,7,1,751,968,217,revision-added exploratory
qasper,dense,380e71848d4b0d1e983d504b1249119612f00bcb,1706.00188,14,1,7,6,78,709,631,revision-added exploratory
qasper,dense,38289bd9592db4d3670b65a0fef1fe8a309fee61,1603.08868,35,3,3,0,177,177,0,revision-added exploratory
qasper,dense,38363a7ed250bc729508c4c1dc975696a65c53cb,1911.04873,26,13,13,0,904,904,0,revision-added exploratory
qasper,dense,389cc454ac97609e9d0f2b2fe70bf43218dd8ba7,1911.03324,57,2,2,0,194,194,0,revision-added exploratory
qasper,dense,389ff1927ba9fc8bac50959fc09f30c2143cc14e,1804.09692,49,4,8,4,147,375,228,revision-added exploratory
qasper,dense,38af3f25c36c3725a31304ab96e2c200c55792b4,1806.03369,29,20,20,0,2457,2457,0,revision-added exploratory
qasper,dense,397a1e851aab41c455c2b284f5e4947500d797f0,1911.10742,54,10,10,0,1016,1016,0,revision-added exploratory
qasper,dense,3a06d40a4bf5ba6e26d9138434e9139a014deb40,1908.09283,68,4,4,0,153,153,0,revision-added exploratory
qasper,dense,3a19dc6999aeb936d8a1c4509ebd5bfcda50f0f1,1909.12016,56,8,10,2,418,610,192,revision-added exploratory
qasper,dense,3a25f82512d56d9e1ffba72f977f515ae3ba3cca,2003.09244,78,61,73,12,4810,5668,858,revision-added exploratory
qasper,dense,3a33512d253005ac280ee9ca4f9dfa69aa38d48f,1910.07973,16,1,1,0,87,87,0,revision-added exploratory
qasper,dense,3c414f7fbf577dfd3363be6bbc9eba8bdd01f45f,1610.03955,49,1,3,2,81,143,62,revision-added exploratory
qasper,dense,3cc0d773085dc175b85955e95911a2cfaab2cdc4,1707.06519,32,1,5,4,238,680,442,revision-added exploratory
qasper,dense,3cc9a820c4a2cd2ff61da920c41ed09f3c0135be,1911.00461,29,5,10,5,278,604,326,revision-added exploratory
qasper,dense,3ccc4ccebc3b0de5546b1208e8094a839fd4a4ab,1808.09180,76,2,3,1,205,335,130,revision-added exploratory
qasper,dense,3cfe464052f0a248b6e22c9351279403dfe34f3c,1910.10762,34,1,15,14,46,1390,1344,revision-added exploratory
qasper,dense,3d5b4aa1ce99903b1fcd257c1e394f7990431d13,1810.13414,282,1,1,0,61,61,0,revision-added exploratory
qasper,dense,3d662fb442d5fc332194770aac835f401c2148d9,1911.09247,68,4,55,51,219,3308,3089,revision-added exploratory
qasper,dense,3d73cb92d866448ec72a571331967da5d34dfbb1,1910.09916,50,3,3,0,222,222,0,revision-added exploratory
qasper,dense,3de3a083b8ba3086792d38ae9667e095070f7f37,1905.00472,30,3,3,0,289,289,0,revision-added exploratory
qasper,dense,3df6d18d7b25d1c814e9dcc8ba78b3cdfe15edcd,1605.05195,46,11,11,0,1084,1084,0,revision-added exploratory
qasper,dense,3e0fd1a3944e207edbbe7c7108239dbaf3bccd4f,2004.02105,49,15,15,0,1471,1471,0,revision-added exploratory
qasper,dense,3e23cc3c5e4d5cec51d158130d6aeae120e94fc8,1610.07149,72,7,7,0,395,395,0,revision-added exploratory
qasper,dense,3e5162e6399c7d03ecc7007efd21d06c04cf2843,1911.11025,66,2,2,0,118,118,0,revision-added exploratory
qasper,dense,3e88fcc94d0f451e87b65658751834f6103b2030,1908.05908,41,5,9,4,299,529,230,revision-added exploratory
qasper,dense,3ea82a5ca495ffbd1e30e8655aef1be4ba423efe,1911.12559,22,1,10,9,150,1125,975,revision-added exploratory
qasper,dense,3eb107f35f4f5f5f527a93ffb487aa2e3fe51efd,1805.07882,79,37,37,0,1800,1800,0,revision-added exploratory
qasper,dense,3ed8ac1ba4df6609fa7de5077d83e820641edc5e,1707.09816,50,5,10,5,309,769,460,revision-added exploratory
qasper,dense,3f717e6eceab0a066af65ddf782c1ebc502c28c0,1909.12079,42,11,11,0,611,611,0,revision-added exploratory
qasper,dense,3f8a42eb0e904ce84c3fded2103f674e9cbc893d,1911.00202,55,20,48,28,1396,3844,2448,revision-added exploratory
qasper,dense,3fd8eab282569b1c18b82f20d579b335ae70e79f,1906.01502,30,6,10,4,483,770,287,revision-added exploratory
qasper,dense,4137a82d7752be7a6c142ceb48ce784fd475fb06,1708.05521,24,1,1,0,112,112,0,revision-added exploratory
qasper,dense,420862798054f736128a6f0c4393c7f9cc648b40,1603.09405,48,10,10,0,502,502,0,revision-added exploratory
qasper,dense,42269ed04e986ec5dc4164bf57ef306aec4a1ae1,1608.01972,44,11,16,5,1186,1632,446,revision-added exploratory
qasper,dense,42279c3a202a93cfb4aef49212ccaf401a3f8761,1803.05160,71,40,53,13,3109,4303,1194,revision-added exploratory
qasper,dense,425d17465ff91019eb87c28ff3942f781ba1bbcb,1901.03253,68,1,3,2,23,194,171,revision-added exploratory
qasper,dense,4288621e960ffbfce59ef1c740d30baac1588b9b,1611.04887,45,17,45,28,870,2211,1341,revision-added exploratory
qasper,dense,42a4ab4607a9eec42c427a817b7e898230d26444,1909.09070,59,2,55,53,101,5108,5007,revision-added exploratory
qasper,dense,42dcf1bb19b8470993c05e55413eed487b0f2559,1905.08067,27,2,2,0,263,263,0,revision-added exploratory
qasper,dense,42eb7c5311fc1ac0344f0b38d3184ccd4faad3be,2004.01820,92,1,1,0,81,81,0,revision-added exploratory
qasper,dense,430ad71a0fd715a038f3c0fe8d7510e9730fba23,1805.09960,67,1,41,40,12,2738,2726,revision-added exploratory
qasper,dense,43729be0effb5defc62bae930ceacf7219934f1e,2003.07568,59,1,21,20,177,1467,1290,revision-added exploratory
qasper,dense,43f43b135109ebd1d2d1f9af979c64ce550b5f0f,1804.05253,26,2,2,0,87,87,0,revision-added exploratory
qasper,dense,441a2b80e82266c2cc2b306c0069f2b564813fed,1906.04236,58,50,50,0,3816,3816,0,revision-added exploratory
qasper,dense,4485e32052741972877375667901f61e602ec4de,1805.11850,17,3,3,0,243,243,0,revision-added exploratory
qasper,dense,452e2d7d7d9e1bb4914903479cd7caff9f6fae42,1706.00188,14,4,4,0,405,405,0,revision-added exploratory
qasper,dense,458e5ed506883bfec6623102ec9f43c071f0616f,1801.05617,85,8,8,0,685,685,0,revision-added exploratory
qasper,dense,45aab23790161cbc55f78e16fdf5678a3f5b4b92,1610.06510,53,3,3,0,192,192,0,revision-added exploratory
qasper,dense,45e6532ac06a59cb6a90624513242b06d7391501,1912.11637,58,18,20,2,1153,1354,201,revision-added exploratory
qasper,dense,4683812cba21c92319be68c03260b5a8175bbb6e,1602.07563,120,8,9,1,476,561,85,revision-added exploratory
qasper,dense,468eb961215a554ace8088fa9097a7ad239f2d71,2004.04478,67,27,27,0,1784,1784,0,revision-added exploratory
qasper,dense,46aa61557c8d20b1223a30366a0704d7af68bbbe,1910.07924,82,24,46,22,893,1409,516,revision-added exploratory
qasper,dense,46d051b8924ad0ef8cfba9c7b5b84707ee72f26a,1907.04072,44,3,3,0,395,395,0,revision-added exploratory
qasper,dense,46e660becd727c994a2a35c6587e15ea8bf8272d,1809.08935,10,9,9,0,767,767,0,revision-added exploratory
qasper,dense,471683ba6251b631f38a24d42b6dba6f52dee429,2003.12139,28,1,1,0,206,206,0,revision-added exploratory
qasper,dense,4748a50c96acb1aa03f7efd1b43376c193b2450a,1709.04491,19,1,9,8,34,1105,1071,revision-added exploratory
qasper,dense,475e698a801be0ad9e4f74756d1fff4fe0728009,1805.11598,24,9,24,15,780,1953,1173,revision-added exploratory
qasper,dense,475ef4ad32a8589dae9d97048166d732ae5d7beb,1906.01502,30,7,7,0,525,525,0,revision-added exploratory
qasper,dense,477da8d997ff87400c6aad19dcc74f8998bc89c3,1805.11850,17,7,7,0,748,748,0,revision-added exploratory
qasper,dense,47b7bc232af7bf93338bd3926345e23e9e80c0c1,1811.01183,50,4,4,0,460,460,0,revision-added exploratory
qasper,dense,47ffc9811b037613c9c4d1ec1e4f13c08396ed1c,1603.03876,81,13,13,0,1028,1028,0,revision-added exploratory
qasper,dense,488e3c4fd1103c46e12815d1bf414a0356fb0d0e,1903.02930,20,1,1,0,137,137,0,revision-added exploratory
qasper,dense,48ff9645a506aa2c17810d2654d1f0f0d9e609ee,1910.01108,26,1,9,8,33,634,601,revision-added exploratory
qasper,dense,4999da863ecbd40378505bfb1f4e395061a3f559,1911.06919,65,6,49,43,249,2898,2649,revision-added exploratory
qasper,dense,49cd18448101da146c3187a44412628f8c722d7b,1705.01306,50,1,1,0,49,49,0,revision-added exploratory
qasper,dense,4a093a9af4903a59057a4372ac1b01603467ca58,1602.07563,120,21,22,1,1708,1837,129,revision-added exploratory
qasper,dense,4a201b8b9cc566b56aedb5ab45335f202bc41845,1803.07828,32,8,8,0,702,702,0,revision-added exploratory
qasper,dense,4a91432abe3f54fcbdd00bb85dc0df95b16edf42,1703.04009,20,1,1,0,226,226,0,revision-added exploratory
qasper,dense,4ae0b50c88a174cfc283b90cd3c9407de13fd370,1802.09059,34,2,10,8,245,1190,945,revision-added exploratory
qasper,dense,4afd4cfcb30433714b135b977baff346323af1e3,1911.02747,29,4,4,0,389,389,0,revision-added exploratory
qasper,dense,4b6745982aa64fbafe09f7c88c8d54d520b3f687,1805.09960,67,7,7,0,418,418,0,revision-added exploratory
qasper,dense,4cb2e80da73ae36de372190b4c1c490b72977ef8,1609.02075,85,1,46,45,22,3970,3948,revision-added exploratory
qasper,dense,4d5b74499804ea5bc5520beb88d0f9816f67205a,1907.04072,44,40,44,4,2281,2530,249,revision-added exploratory
qasper,dense,4d824b49728649432371ecb08f66ba44e50569e0,1612.04118,27,4,14,10,86,735,649,revision-added exploratory
qasper,dense,4d887ce7dc43528098e7a3d9cd13c6c36f158c53,1803.02155,48,25,48,23,1435,2061,626,revision-added exploratory
qasper,dense,4ddc53afffaf1622d97695347dd1b3190d156dee,1808.07231,39,16,16,0,812,812,0,revision-added exploratory
qasper,dense,4de6bcddd46726bf58326304b0490fdb9e7e86ec,1908.07491,30,2,9,7,167,685,518,revision-added exploratory
qasper,dense,4e106b03cc2f54373e73d5922e97f7e5e9bf03e4,1906.00424,36,5,5,0,409,409,0,revision-added exploratory
qasper,dense,4e59808a7f73ac499b9838d3c0ce814196a02473,1908.06259,41,2,4,2,183,328,145,revision-added exploratory
qasper,dense,4eb42c5d56d695030dd47ea7f6d65164924c4017,1910.09387,23,1,1,0,243,243,0,revision-added exploratory
qasper,dense,4f57ac24f3f4689a2f885715cd84b7d867fe3f12,1908.06893,98,1,1,0,11,11,0,revision-added exploratory
qasper,dense,5096aaea2d0f4bea4c12e14f4f7735e1aea1bfa6,1706.00188,14,1,5,4,78,432,354,revision-added exploratory
qasper,dense,50bcbb730aa74637503c227f022a10f57d43f1f7,1703.05320,60,9,20,11,670,1377,707,revision-added exploratory
qasper,dense,50c1bf8b928069f3ffc7f0cb00aa056a163ef336,1906.01502,30,17,17,0,1247,1247,0,revision-added exploratory
qasper,dense,50c441a9cc7345a0fa408d1ce2e13f194c1e82a8,1911.11161,18,11,11,0,1238,1238,0,revision-added exploratory
qasper,dense,5102dc911913e9ca0311253e44fd31c73eed0a57,1909.07158,55,7,7,0,420,420,0,revision-added exploratory
qasper,dense,511e46b5aa8e1ee9e7dc890f47fa15ef94d4a0af,1804.07445,34,1,1,0,99,99,0,revision-added exploratory
qasper,dense,5154f63c50729b8ac04939588c2f5ffeb916e3df,1801.05617,85,2,12,10,111,1329,1218,revision-added exploratory
qasper,dense,516b691ef192f136bb037c12c3c9365ef5a6604c,1706.02222,68,32,51,19,2214,3934,1720,revision-added exploratory
qasper,dense,5181527e6a61a9a192db5f8064e56ec263c42661,1909.11980,29,5,5,0,268,268,0,revision-added exploratory
qasper,dense,51e9f446d987219bc069222731dfc1081957ce1f,1910.03355,41,26,26,0,1557,1557,0,revision-added exploratory
qasper,dense,521a3e7300567f6e8e4c531f223dbc9fc306c393,1911.00202,55,8,10,2,579,763,184,revision-added exploratory
qasper,dense,52868394eb2b3b37eb5f47f51c06ad53061f4495,2002.06854,46,12,37,25,669,2181,1512,revision-added exploratory
qasper,dense,52faf319e37aa15fff1ab47f634a5a584dc42e75,1708.00549,27,2,8,6,127,600,473,revision-added exploratory
qasper,dense,5370a0062aae7fa4e700ae47aa143be5c5fc6b22,1811.04791,60,7,17,10,693,1732,1039,revision-added exploratory
qasper,dense,539f5c27e1a2d240e52b711d0a50a3a6ddfa5cb2,1911.04128,23,1,1,0,116,116,0,revision-added exploratory
qasper,dense,53a8c3cf22d6bf6477bc576a85a83d8447ee0484,1910.07973,16,1,6,5,93,817,724,revision-added exploratory
qasper,dense,54002c15493d4082d352a66fb9465d65bfe9ddca,1911.03977,71,8,8,0,728,728,0,revision-added exploratory
qasper,dense,5422a3f2a083395416d6f99c57d28335eb2e44e1,1911.09709,79,2,4,2,68,269,201,revision-added exploratory
qasper,dense,5499440674f0e4a9d6912b9ac29fa1f7b7cd5253,1811.01183,50,18,24,6,1653,2258,605,revision-added exploratory
qasper,dense,5522a9eeb06221722052e3c38f9b0d0dbe7c13e6,1709.06136,45,11,11,0,1157,1157,0,revision-added exploratory
qasper,dense,552b1c813f25bf39ace6cd5eefa56f4e4dd70c84,1911.03854,26,3,5,2,261,560,299,revision-added exploratory
qasper,dense,554d798e4ce58fd30820200c474d7e796dc8ba89,1810.02268,71,6,25,19,352,1541,1189,revision-added exploratory
qasper,dense,55612e92791296baf18013d2c8dd0474f35af770,1707.07568,38,4,4,0,209,209,0,revision-added exploratory
qasper,dense,556782bb96f8fc07d14865f122362ebcc79134ec,1909.11706,31,14,15,1,2099,2159,60,revision-added exploratory
qasper,dense,55bde89fc5822572f794614df3130d23537f7cf2,2002.04745,127,3,3,0,256,256,0,revision-added exploratory
qasper,dense,568466c62dd73a025bfd9643417cdb7a611f23a1,1909.12016,56,1,1,0,105,105,0,revision-added exploratory
qasper,dense,5695908a8c6beb0e3863a1458a1b93aab508fd34,1910.10670,41,1,5,4,119,549,430,revision-added exploratory
qasper,dense,56d41e0fcc288c1e65806ae77097d685c83e22db,1709.09749,34,1,3,2,29,116,87,revision-added exploratory
qasper,dense,56d788af4694c1cd1eebee0b83c585836d1f5f99,1912.08084,68,1,25,24,65,1514,1449,revision-added exploratory
qasper,dense,573b8b1ad919d3fd0ef7df84e55e5bfd165b3e84,1909.07873,52,2,2,0,203,203,0,revision-added exploratory
qasper,dense,5752c8d333afc1e6c666b18d1477c8f669b7a602,1707.02892,71,21,21,0,834,834,0,revision-added exploratory
qasper,dense,576a3ed6e4faa4c3893db632e97a52ac6e864aac,1605.04278,123,89,89,0,2711,2711,0,revision-added exploratory
qasper,dense,578add9d3dadf86cd0876d42b03bf0114f83d0e7,1907.04072,44,2,2,0,115,115,0,revision-added exploratory
qasper,dense,57d07d2b509c5860880583efe2ed4c5620a96747,2004.04478,67,12,30,18,528,1856,1328,revision-added exploratory
qasper,dense,57ee20f494d8ce3fae46028c3f3551d180dba3e0,1611.06322,49,21,36,15,2145,2969,824,revision-added exploratory
qasper,dense,58a3cfbbf209174fcffe44ce99840c758b448364,1707.05589,47,6,30,24,505,2251,1746,revision-added exploratory
qasper,dense,59a3d4cdd1c3797962bf8d72c226c847e06e1d44,1908.05925,40,9,40,31,666,2805,2139,revision-added exploratory
qasper,dense,5a7d1ae6796e09299522ebda7bfcfad312d6d128,1912.07076,55,41,52,11,3910,4883,973,revision-added exploratory
qasper,dense,5ae005917efc17a505ba1ba5e996c4266d6c74b6,1806.06571,52,17,17,0,958,958,0,revision-added exploratory
qasper,dense,5b2839bef513e5d441f0bb8352807f673f4b2070,1803.06745,41,2,6,4,74,366,292,revision-added exploratory
qasper,dense,5bfbc9ca7fd41be9627f6ef587bb7e21c7983be0,2002.06851,33,19,23,4,1722,2003,281,revision-added exploratory
qasper,dense,5c17559749810c67c50a7dbe34580d5e3b4f9acb,1706.04206,34,2,6,4,188,482,294,revision-added exploratory
qasper,dense,5cc5e2db82f5d40a5244224dad94da50b4f673db,1804.03839,55,1,1,0,140,140,0,revision-added exploratory
qasper,dense,5d0a3f8ca3882f87773cf8c2ef1b4f72b9cc241e,1808.10006,50,17,17,0,1390,1390,0,revision-added exploratory
qasper,dense,5d3e87937ecebf0695bece08eccefb2f88ad4a0f,1907.05338,25,3,3,0,183,183,0,revision-added exploratory
qasper,dense,5d93245832d90b31aee42ea2bf1e7704c22ebeca,1808.07231,39,3,3,0,129,129,0,revision-added exploratory
qasper,dense,5da9e2eef741bd7efccec8e441b8e52e906b2d2d,1804.00982,18,11,11,0,871,871,0,revision-added exploratory
qasper,dense,5db47bbb97282983e10414240db78154ea7ac75f,1909.07873,52,1,34,33,58,3829,3771,revision-added exploratory
qasper,dense,5dfd58f91e7740899c23ebfe04b7176edce9ead2,1809.03391,33,1,2,1,76,139,63,revision-added exploratory
qasper,dense,5e4eac0b0a73d465d74568c21819acaec557b700,1809.03680,47,3,3,0,445,445,0,revision-added exploratory
qasper,dense,5f6c1513cbda9ae711bc38df08fe72e3d3028af2,1802.06053,19,1,1,0,140,140,0,revision-added exploratory
qasper,dense,5f7f4a1d4380c118a58ed506c057d3b7aa234c1e,1906.04287,20,11,11,0,1016,1016,0,revision-added exploratory
qasper,dense,5fd112980d0dd7f7ce30e6273fe6e7b230b13225,1910.14589,68,5,11,6,187,531,344,revision-added exploratory
qasper,dense,6014c2219d29bae17279625716e7c2a1f8a2bd05,1604.05559,19,18,18,0,629,629,0,revision-added exploratory
qasper,dense,610fc593638c5e9809ea9839912d0b282541d42d,1804.08000,37,2,2,0,300,300,0,revision-added exploratory
qasper,dense,6157567c5614e1954b801431fec680f044e102c6,1610.03807,23,2,23,21,121,1863,1742,revision-added exploratory
qasper,dense,6167618e0c53964f3a706758bdf5e807bc5d7760,1909.01860,23,10,10,0,744,744,0,revision-added exploratory
qasper,dense,61a2599acfbd3d75de58e97ecdba2d9cf0978324,1912.08084,68,25,25,0,1501,1501,0,revision-added exploratory
qasper,dense,61e96abdc924c34c6b82a587168ea3d14fe792d1,1911.10401,27,1,6,5,147,831,684,revision-added exploratory
qasper,dense,620b6c410a055295d137511d3c99207a47c03b5e,1908.09590,53,4,4,0,392,392,0,revision-added exploratory
qasper,dense,627ce8a1db08a732d5a8f7e1f8a72e3de89847e6,1911.09247,68,1,8,7,82,483,401,revision-added exploratory
qasper,dense,62edffd051d056cf60e17deafcc55a8c9af398cb,1908.10461,34,1,1,0,19,19,0,revision-added exploratory
qasper,dense,6371c6863fe9a14bf67560e754ce531d70de10ab,2002.04326,24,2,12,10,190,1910,1720,revision-added exploratory
qasper,dense,63cdac43a643fc1e06da44910458e89b2c7cd921,1904.03670,42,1,1,0,58,58,0,revision-added exploratory
qasper,dense,63d2e97657419a0185127534f4ff9d0039cb1a63,1804.05253,26,1,5,4,126,360,234,revision-added exploratory
qasper,dense,63eda2af88c35a507fbbfda0ec1082f58091883a,1711.11118,15,5,5,0,658,658,0,revision-added exploratory
qasper,dense,641fe5dc93611411582e6a4a0ea2d5773eaf0310,1802.03052,49,4,4,0,352,352,0,revision-added exploratory
qasper,dense,643527e94e8eed1e2229915fcf8cd74d769173fc,1908.09283,68,1,1,0,27,27,0,revision-added exploratory
qasper,dense,643645e02ffe8fde45918615ec92013a035d1b92,1704.03279,32,6,6,0,662,662,0,revision-added exploratory
qasper,dense,64632981279c7aa16ffc1a44ffc31f4520f5559e,1710.07695,63,1,1,0,51,51,0,revision-added exploratory
qasper,dense,647f6e6b168ec38fcdb737d3b276f78402282f9d,1910.13793,45,12,12,0,783,783,0,revision-added exploratory
qasper,dense,64c45fdb536ae294cf06716ac20d08b5fdb7944d,1710.01789,42,2,17,15,136,1376,1240,revision-added exploratory
qasper,dense,64f7337970e8d1989b2e1f7106d86f73c4a3d0af,1803.08419,61,15,20,5,1466,1965,499,revision-added exploratory
qasper,dense,654fe0109502f2ed2dc8dad359dbbce4393e03dc,1908.09892,31,4,31,27,391,2676,2285,revision-added exploratory
qasper,dense,6590055fb033cb32826f2afecb3d7f607dd97d57,1911.03642,42,1,1,0,67,67,0,revision-added exploratory
qasper,dense,65b39676db60f914f29f74b7c1264422ee42ad5c,1611.00440,28,13,17,4,1211,1422,211,revision-added exploratory
qasper,dense,65c7a2b734dab51c4c81f722527424ff33b023f8,1610.06510,53,34,34,0,2837,2837,0,revision-added exploratory
qasper,dense,65e26b15e087bedb6e8782d91596b35e7454b16b,1611.01116,26,8,15,7,1224,2311,1087,revision-added exploratory
qasper,dense,6606160e210d05b94f7cbd9c5ff91947339f9d02,1902.08830,107,2,75,73,347,7723,7376,revision-added exploratory
qasper,dense,6656a9472499331f4eda45182ea697a4d63e943c,1805.09960,67,6,6,0,268,268,0,revision-added exploratory
qasper,dense,6657ece018b1455035421b822ea2d7961557c645,1906.05685,48,1,1,0,42,42,0,revision-added exploratory
qasper,dense,6683008e0a8c4583058d38e185e2e2e18ac6cf50,2002.08902,29,1,1,0,82,82,0,revision-added exploratory
qasper,dense,66dfcdab1db6a8fcdf392157a478b4cca0d87961,1910.12203,25,2,2,0,149,149,0,revision-added exploratory
qasper,dense,67672648e7ebcbef18921006e2c8787966f8cdf2,1901.09501,43,34,34,0,2995,2995,0,revision-added exploratory
qasper,dense,67c16ba64fe27838b1034d15194c07a9c98cdebe,1708.05482,73,48,60,12,3493,3929,436,revision-added exploratory
qasper,dense,67cb001f8ca122ea859724804b41529fea5faeef,1805.07882,79,6,33,27,238,1346,1108,revision-added exploratory
qasper,dense,67f1b8a9f72e62cd74ec42e9631ef763a9b098c7,1908.10001,38,1,1,0,87,87,0,revision-added exploratory
qasper,dense,6883767bbdf14e124c61df4f76335d3e91bfcb03,1902.06734,43,1,1,0,135,135,0,revision-added exploratory
qasper,dense,68aa460ad357b4228b16b31b2cbec986215813bf,1911.12893,61,5,61,56,209,3591,3382,revision-added exploratory
qasper,dense,68f1df3fb0703ff694a055d23e7ec3f6fb449b8d,1801.03615,65,13,25,12,566,1254,688,revision-added exploratory
qasper,dense,69a46a227269c3aac9bf9d7c3d698c787642f806,1911.11025,66,3,3,0,258,258,0,revision-added exploratory
qasper,dense,6a20a3220c4edad758b912e2d3e5b99b0b295d96,1805.04579,94,23,72,49,867,2532,1665,revision-added exploratory
qasper,dense,6b1a6517b343fdb79f246955091ff25e440b9511,1902.04094,18,9,9,0,407,407,0,revision-added exploratory
qasper,dense,6b4006a90aeaaff8914052d72d28851a9c0c0146,1804.07445,34,1,1,0,147,147,0,revision-added exploratory
qasper,dense,6bce04570d4745dcfaca5cba64075242308b65cf,2002.08902,29,1,1,0,82,82,0,revision-added exploratory
qasper,dense,6c1614991647705265fb348d28ba60dd3b63b799,1908.10090,26,18,18,0,1532,1532,0,revision-added exploratory
qasper,dense,6cad6f074b0486210ffa4982c8d1632f5aa91d91,1912.10162,37,29,33,4,2069,2328,259,revision-added exploratory
qasper,dense,6cb3007a09ab0f1602cdad20cc0437fbdd4d7f3e,2003.07459,28,2,2,0,283,283,0,revision-added exploratory
qasper,dense,6d17dc00f7e5331128b6b585e78cac0b9082e13d,1911.12722,54,1,1,0,102,102,0,revision-added exploratory
qasper,dense,6d55e377335815b7ad134d1a2977d231ad34a25b,1701.03578,41,3,5,2,425,745,320,revision-added exploratory
qasper,dense,6d8a51e2790043497ed2637a1abc36bdffb39b71,1911.02747,29,1,8,7,30,829,799,revision-added exploratory
qasper,dense,6e134d51a795c385d72f38f36bca4259522bcf51,1703.10152,41,1,13,12,48,864,816,revision-added exploratory
qasper,dense,6e3e9818551fc2f8450bbf09b0fe82ac2506bc7a,1906.06349,200,36,36,0,2225,2225,0,revision-added exploratory
qasper,dense,6e63db22a2a34c20ad341eb33f3422f40d0001d3,1909.02855,31,3,3,0,443,443,0,revision-added exploratory
qasper,dense,6e80386b33fbfba8bc1ab811a597d844ae67c578,1910.12203,25,3,3,0,106,106,0,revision-added exploratory
qasper,dense,70512cc9dcd45157e40c8d1f85e82d21ade7645b,1603.01547,67,2,31,29,90,1567,1477,revision-added exploratory
qasper,dense,708f5f83a3c356b23b27a9175f5c35ac00cdf5db,1910.09916,50,2,2,0,77,77,0,revision-added exploratory
qasper,dense,70abb108c3170e81f8725ddc1a3f2357be5a4959,1708.09025,62,2,5,3,384,594,210,revision-added exploratory
qasper,dense,713e1c7b0ab17759ba85d7cd2041e387831661df,2002.06854,46,6,39,33,288,2366,2078,revision-added exploratory
qasper,dense,71413505d7d6579e2a453a1f09f4efd20197ab4b,1612.03762,133,22,76,54,1981,6876,4895,revision-added exploratory
qasper,dense,718c0232b1f15ddb73d40c3afbd6c5c0d0354566,1806.09652,34,2,2,0,99,99,0,revision-added exploratory
qasper,dense,71b07d08fb6ac8732aa4060ae94ec7c0657bb1db,1910.01160,23,15,15,0,1430,1430,0,revision-added exploratory
qasper,dense,71b29ab3ddcdd11dcc63b0bb55e75914c07a2217,1908.06024,37,1,1,0,320,320,0,revision-added exploratory
qasper,dense,71fd0efea1b441d86d9a75255815ba3efe09779b,1905.07562,50,3,8,5,335,1150,815,revision-added exploratory
qasper,dense,7239c02a0dcc0c3c9d9cddb5e895bcf9cfcefee6,1602.03483,43,41,41,0,3241,3241,0,revision-added exploratory
qasper,dense,726c5c1b6951287f4bae22978f9a91d22d9bef61,1610.09722,69,66,66,0,3822,3822,0,revision-added exploratory
qasper,dense,72dbdd11b655b25b2b254e39689a7d912f334b71,1909.03553,54,54,54,0,2045,2045,0,revision-added exploratory
qasper,dense,732bd97ae34541f215c436e2a1b98db1649cba27,1809.03391,33,5,5,0,408,408,0,revision-added exploratory
qasper,dense,7380e62edcb11f728f6d617ee332dc8b5752b185,1612.07486,25,4,5,1,332,446,114,revision-added exploratory
qasper,dense,73c535a7b46f0c2408ea2b1da0a878b376a2bca5,1605.04278,123,39,39,0,2880,2880,0,revision-added exploratory
qasper,dense,740cc392c0c8bfadfe6b3a60c0be635c03e17f2a,2004.00809,34,5,5,0,700,700,0,revision-added exploratory
qasper,dense,742d5e182b57bfa5f589fde645717ed0ac3f49c2,1610.09722,69,6,6,0,267,267,0,revision-added exploratory
qasper,dense,74a17eb3bf1d4f36e2db1459a342c529b9785f6e,1805.09960,67,19,20,1,738,840,102,revision-added exploratory
qasper,dense,74acaa205a5998af4ad7edbed66837a6f2b5c58b,1712.00733,74,49,50,1,3193,3210,17,revision-added exploratory
qasper,dense,74cef0205e0f31d0ab28d0e4d96c1e8ef62d4cce,1903.04329,32,9,9,0,1189,1189,0,revision-added exploratory
qasper,dense,74ebfba06f37cc95dfe59c3790ebe6165e6be19c,1702.02584,18,1,8,7,126,867,741,revision-added exploratory
qasper,dense,74fcb741d29892918903702dbb145fef372d1de3,1909.02322,29,17,17,0,1377,1377,0,revision-added exploratory
qasper,dense,753a187c1dd8d96353187fbb193b5f86293a796c,1911.01214,74,3,16,13,297,1368,1071,revision-added exploratory
qasper,dense,754d7475b8bf50499ed77328b4b0eeedf9cb2623,1806.09652,34,1,1,0,98,98,0,revision-added exploratory
qasper,dense,7557f2c3424ae70e2a79c51f9752adc99a9bdd39,1901.05389,45,9,9,0,874,874,0,revision-added exploratory
qasper,dense,7561bd3b8ba7829b3a01ff07f9f3e93a7b8869cc,2002.06851,33,4,4,0,372,372,0,revision-added exploratory
qasper,dense,756a8a9125e6984e0ca768b653c6c760efa3db66,1905.00840,31,1,2,1,85,186,101,revision-added exploratory
qasper,dense,7572f6e68a2ed2c41b87c5088ba8680afa0c0a0b,1808.07231,39,3,28,25,189,1842,1653,revision-added exploratory
qasper,dense,75b3e2d2caec56e5c8fbf6532070b98d70774b95,1911.12237,55,8,8,0,733,733,0,revision-added exploratory
qasper,dense,75c221920bee14a6153bd5f4c1179591b2f48d59,2004.02401,33,20,22,2,2169,2548,379,revision-added exploratory
qasper,dense,7625068cc22a095109580b83eff48616387167c2,2004.03090,28,6,21,15,574,1853,1279,revision-added exploratory
qasper,dense,76ae794ced3b5ae565f361451813f2f3bc85b214,1605.05156,26,5,26,21,380,2425,2045,revision-added exploratory
qasper,dense,76e17e648a4d1f386eb6bf61b0c24f134af872be,1808.07231,39,2,17,15,188,1244,1056,revision-added exploratory
qasper,dense,76f90c88926256e7f90d2104a88acfdd7fc5475e,1910.07154,36,3,3,0,223,223,0,revision-added exploratory
qasper,dense,7748c072e07d6c6db5a34be38b4a5e97ac6d7999,1905.00840,31,1,3,2,85,237,152,revision-added exploratory
qasper,dense,778c6a27182349dc5275282c3e9577bda2555c3d,1905.08067,27,15,15,0,2241,2241,0,revision-added exploratory
qasper,dense,77a331d4d909d92fab9552b429adde5379b2ae69,1706.02222,68,10,11,1,706,926,220,revision-added exploratory
qasper,dense,77bbe1698e001c5889217be3164982ea36e85752,1908.11046,58,10,22,12,963,1927,964,revision-added exploratory
qasper,dense,77bc886478925c8e9fb369b1ba5d05c42b3cd79a,1804.00982,18,9,9,0,699,699,0,revision-added exploratory
qasper,dense,77c3416578b52994227bae7f2529600f02183e12,2003.11687,35,1,1,0,124,124,0,revision-added exploratory
qasper,dense,78c7318b2218b906a67d8854f3e511034075f79a,1909.03087,50,25,30,5,2279,2628,349,revision-added exploratory
qasper,dense,78f8dad0f1acf024f69b3218b2d204b8019bb0d2,1901.05415,40,7,7,0,668,668,0,revision-added exploratory
qasper,dense,79258cea30cd6c0662df4bb712bf667589498a1f,1707.07568,38,16,16,0,942,942,0,revision-added exploratory
qasper,dense,7969b8d80e12aa3ebb89b5622bc564f44e98329f,1909.11706,31,7,12,5,1197,1897,700,revision-added exploratory
qasper,dense,79885526713cc16eb734c88ff1169ae802cad589,2002.00175,58,8,8,0,362,362,0,revision-added exploratory
qasper,dense,79e61134a6e29141cd19252571ffc92a0b4bc97f,1907.05338,25,3,7,4,631,1292,661,revision-added exploratory
qasper,dense,7a212a34e9dbb0ba52c40471842b2e0e3e14f276,1908.09355,57,38,49,11,2781,3747,966,revision-added exploratory
qasper,dense,7a84fed904acc1e0380deb6e5a2e1daacfb5907a,2001.04346,61,4,4,0,334,334,0,revision-added exploratory
qasper,dense,7a8b24062a5bb63a8b4c729f6247a7fd2fec7f07,1907.08540,47,1,13,12,101,1478,1377,revision-added exploratory
qasper,dense,7ae95716977d39d96e871e552c35ca0753115229,1610.09722,69,1,1,0,73,73,0,revision-added exploratory
qasper,dense,7b76b8b69246525a48c0a8ca0c42db3319cd10a5,1704.08390,29,8,11,3,502,711,209,revision-added exploratory
qasper,dense,7ba6330d105f49c7f71dba148bb73245a8ef2966,1708.07690,42,9,9,0,425,425,0,revision-added exploratory
qasper,dense,7c2d6bc913523d77e8fdc82c60598ee95b445d84,1911.09709,79,1,8,7,38,525,487,revision-added exploratory
qasper,dense,7caeb5ef6f2985b2cf383cd01765d247c936605f,1910.01992,36,3,34,31,151,2276,2125,revision-added exploratory
qasper,dense,7cf44877dae8873139aede381fb9908dd0c546c4,1703.04357,16,5,6,1,236,297,61,revision-added exploratory
qasper,dense,7d34cdd9cb1c988e218ce0fd59ba6a3b5de2024a,1802.03052,49,4,4,0,469,469,0,revision-added exploratory
qasper,dense,7d503b3d4d415cf3e91ab08bd5a1a2474dd1047b,1909.08357,34,19,19,0,1041,1041,0,revision-added exploratory
qasper,dense,7d8cd7d6c86349ef0bd4fdbd84c8dc49c7678f46,1709.06365,75,53,53,0,4448,4448,0,revision-added exploratory
qasper,dense,7de0b2df60d3161dd581ed7915837d460020bc11,1909.06502,30,5,9,4,332,662,330,revision-added exploratory
qasper,dense,7e906dc00e92088a25df3719104d1750e5a27485,1909.13184,17,1,1,0,231,231,0,revision-added exploratory
qasper,dense,7e9aec2bdf4256c6249cad9887c168d395b35270,1909.00871,49,5,5,0,458,458,0,revision-added exploratory
qasper,dense,7ece07a84635269bb19796497847e4517d1e3e61,1709.06136,45,2,8,6,160,900,740,revision-added exploratory
qasper,dense,7ef7a5867060f91eac8ad857c186e51b767c734b,1908.06259,41,7,7,0,645,645,0,revision-added exploratory
qasper,dense,7f958017cbb08962c80e625c2fd7a1e2375f27a3,1809.08899,38,3,3,0,202,202,0,revision-added exploratory
qasper,dense,7ff7c286d3118a8be5688e2d18e9a56fe83679ad,1812.00382,22,10,15,5,1132,1679,547,revision-added exploratory
qasper,dense,800fcd8b08d36c5276f9e5e1013208d41b46de59,1805.04558,131,2,3,1,172,250,78,revision-added exploratory
qasper,dense,803babb71e1bdaf507847d6c712585f4128e9f47,1910.14589,68,8,8,0,587,587,0,revision-added exploratory
qasper,dense,804466848f4fa1c552f0d971dce226cd18b9edda,1908.11053,64,1,1,0,114,114,0,revision-added exploratory
qasper,dense,804bf5adc6dc5dd52f8079cf041ed3a710e03f8a,1805.04833,52,2,2,0,175,175,0,revision-added exploratory
qasper,dense,80bb07e553449bde9ac0ff35fcc718d7c161f2d4,2003.12660,26,8,8,0,297,297,0,revision-added exploratory
qasper,dense,80d6b9123a10358f57f259b8996a792cac08cb88,1809.06083,24,3,3,0,215,215,0,revision-added exploratory
qasper,dense,811b67460e65232b8f363dc3f329ffecdfcc4ab2,1911.12893,61,6,35,29,359,2326,1967,revision-added exploratory
qasper,dense,813a8156f9ed8ead53dda60ef54601f6ca8076e9,1607.00167,15,1,2,1,77,173,96,revision-added exploratory
qasper,dense,814e945668e2b6f31b088918758b120fb00ada7d,2003.11687,35,10,10,0,901,901,0,revision-added exploratory
qasper,dense,81e101b2c803257492d67a00e8a1d9a07cbab136,1909.05372,53,1,8,7,139,792,653,revision-added exploratory
qasper,dense,824629b36a75753b1500d9dcaee0fc3c758297b1,1905.08067,27,2,2,0,288,288,0,revision-added exploratory
qasper,dense,8246d1eee1482555d075127ac84f2e1d0781a446,1805.11598,24,11,11,0,986,986,0,revision-added exploratory
qasper,dense,8276671a4d4d1fbc097cd4a4b7f5e7fadd7b9833,2002.00175,58,1,3,2,47,201,154,revision-added exploratory
qasper,dense,82f8843b59668567bba09fc8f93963ca7d1fe107,1908.07491,30,3,13,10,188,917,729,revision-added exploratory
qasper,dense,83db51da819adf6faeb950fe04b4df942a887fb5,1809.08899,38,17,25,8,1774,2820,1046,revision-added exploratory
qasper,dense,845bdcd900c0f96b2ae091d086fb1ab8bb1063f0,2004.00809,34,2,5,3,222,510,288,revision-added exploratory
qasper,dense,84765903b8c7234ca2919d0a40e3c6a5bcedf45d,1911.04873,26,1,2,1,78,104,26,revision-added exploratory
qasper,dense,8599d6d14ac157169920c73b98a79737c7a68cf5,1909.00437,43,13,30,17,949,2730,1781,revision-added exploratory
qasper,dense,85e417231a4bbb6691f7a89bd81710525f8fec4c,1611.06322,49,1,41,40,49,4100,4051,revision-added exploratory
qasper,dense,860257956b83099cccf1359e5d960289d7d50265,1702.02367,39,12,12,0,1311,1311,0,revision-added exploratory
qasper,dense,863b3f29f8c59f224b4cbdb5f1097b45a25f1d88,2001.04346,61,18,43,25,1500,4098,2598,revision-added exploratory
qasper,dense,865811dcf63a1dd3f22c62ec39ffbca4b182de31,1709.05295,35,4,9,5,410,827,417,revision-added exploratory
qasper,dense,86656aae3c27c6ea108f5600dd09ab7e421d876a,1906.01749,52,1,1,0,152,152,0,revision-added exploratory
qasper,dense,867b1bb1e6a38de525be7757d49928a132d0dbd8,1912.00342,115,2,11,9,220,883,663,revision-added exploratory
qasper,dense,86c867b393db0ec4ad09abb48cc1353cac47ea4c,1806.07042,52,2,5,3,306,569,263,revision-added exploratory
qasper,dense,86d1c990c1639490c239c3dbf5492ecc44ab6652,1708.01065,53,1,11,10,137,728,591,revision-added exploratory
qasper,dense,8701ec7345ccc2c35eca4e132a8e16d58585cd63,1908.05731,25,1,11,10,136,990,854,revision-added exploratory
qasper,dense,871f7661f5a3da366b0b5feaa36f54fd3dedae8e,2003.09244,78,5,5,0,305,305,0,revision-added exploratory
qasper,dense,8795bb1f874e5f3337710d8c3d5be49e672ab43a,1908.05803,11,1,1,0,195,195,0,revision-added exploratory
qasper,dense,88757bc49ccab76e587fba7521f0981d6a1af2f7,1702.02584,18,2,2,0,213,213,0,revision-added exploratory
qasper,dense,887d7f3edf37ccc6bf2e755dae418b04d2309686,1805.11937,43,3,11,8,368,1041,673,revision-added exploratory
qasper,dense,89373db8ced1fe420eae0093b2736f06b565616e,1901.02780,15,4,7,3,729,1451,722,revision-added exploratory
qasper,dense,894bbb1e42540894deb31c04cba0e6cfb10ea912,1911.12237,55,2,49,47,221,3504,3283,revision-added exploratory
qasper,dense,8a0e1a298716698a305153c524bf03d18969b1c6,2001.11316,32,4,19,15,310,2316,2006,revision-added exploratory
qasper,dense,8ad5ebca2f69023b60ccfa3aac0ed426234437ac,1911.02747,29,9,9,0,842,842,0,revision-added exploratory
qasper,dense,8b1af67e3905244653b4cf66ba0acec8d6bff81f,1704.08390,29,9,24,15,628,1599,971,revision-added exploratory
qasper,dense,8b49423b7d1fa834128aa5038aa16c6ef3fdfa32,1909.04242,41,1,1,0,15,15,0,revision-added exploratory
qasper,dense,8b8adb1d5a1824c8995b3eba668745c44f61c9c6,1903.04329,32,3,22,19,440,2445,2005,revision-added exploratory
qasper,dense,8c288120139615532838f21094bba62a77f92617,1802.06053,19,5,5,0,724,724,0,revision-added exploratory
qasper,dense,8c89f1d1b3c2a45c0254c4c8d6e700ab9a4b4ffb,1703.10090,27,20,20,0,2330,2330,0,revision-added exploratory
qasper,dense,8cbe3fa4ec0f66071e3d6b829b09b6395b631c44,1611.06322,49,26,26,0,2663,2663,0,revision-added exploratory
qasper,dense,8cf52ba480d372fc15024b3db704952f10fdca27,1802.02614,46,32,32,0,1859,1859,0,revision-added exploratory
qasper,dense,8cf5abf0126f19253930478b02f0839af28e4093,1805.04558,131,113,113,0,4192,4192,0,revision-added exploratory
qasper,dense,8d3f79620592d040f9f055b4fce0f73cc45aab63,1711.04964,74,2,21,19,164,1987,1823,revision-added exploratory
qasper,dense,8d683d2e1f46626ceab60ee4ab833b50b346c29e,1908.11053,64,1,1,0,143,143,0,revision-added exploratory
qasper,dense,8db11d9166474a0e98b99ac7f81d1f14539d79ec,1910.10487,47,1,2,1,119,191,72,revision-added exploratory
qasper,dense,8ddf78dbdc6ac964a7102ae84df18582841f2e3c,1605.05156,26,1,1,0,100,100,0,revision-added exploratory
qasper,dense,8de0e1fdcca81b49615a6839076f8d42226bf1fe,1908.07888,45,11,11,0,965,965,0,revision-added exploratory
qasper,dense,8dfdd1ed805bb23c774fbb032ef1d97c6802e07c,1706.02427,60,8,9,1,662,794,132,revision-added exploratory
qasper,dense,8e113fd9661bc8af97e30c75a20712f01fc4520a,1911.10401,27,9,9,0,1642,1642,0,revision-added exploratory
qasper,dense,8e26c471ca0ee1b9779da04c0b81918fd310d0f3,1906.05506,40,6,7,1,490,551,61,revision-added exploratory
qasper,dense,8f6b11413a19fe4639b3fba88fc6b3678286fa0c,1911.09241,57,7,7,0,379,379,0,revision-added exploratory
qasper,dense,8faec509406d33444bd620afc829adc9eae97644,1912.07940,30,8,9,1,592,672,80,revision-added exploratory
qasper,dense,8ffae517bc0efa453b7e316d41bd9f1b6679b158,1909.05372,53,2,18,16,43,1726,1683,revision-added exploratory
qasper,dense,903ac8686ed7e6e3269a5d863f06ff11c50e49e8,1907.00168,24,6,6,0,808,808,0,revision-added exploratory
qasper,dense,90756bdcd812b7ecc1c5df2298aa7561fd2eb02c,1804.01155,55,1,31,30,254,5056,4802,revision-added exploratory
qasper,dense,908ba58d26d15c14600623498d4e86c9b73b14b2,2004.02105,49,7,28,21,987,2997,2010,revision-added exploratory
qasper,dense,909ecf675f874421eecc926a9f7486475aa1423c,1908.07888,45,5,18,13,524,2108,1584,revision-added exploratory
qasper,dense,90aba75508aa145475d7cc9a501bbe987c0e8413,2004.02363,19,2,2,0,142,142,0,revision-added exploratory
qasper,dense,90dde59e1857a0d2b1ee4615ab017fee0741f29f,1911.12893,61,17,17,0,1101,1101,0,revision-added exploratory
qasper,dense,9119fbfba84d298014d1b74e0e3d30330320002c,1912.00239,42,5,5,0,631,631,0,revision-added exploratory
qasper,dense,91336f12ab94a844b66b607f8621eb8bbd209f32,1909.09070,59,4,7,3,351,745,394,revision-added exploratory
qasper,dense,9133a85730c4090fe8b8d08eb3d9146efe7d7037,1803.05160,71,23,34,11,2179,3224,1045,revision-added exploratory
qasper,dense,915e4d0b3cb03789a20380ead961d473cb95bfc3,1710.11027,15,3,3,0,393,393,0,revision-added exploratory
qasper,dense,919681faa9731057b3fae5052b7da598abd3e04b,2004.04498,93,67,67,0,3747,3747,0,revision-added exploratory
qasper,dense,91e361e85c6d3884694f3c747d61bfcef171bab0,1909.12079,42,11,24,13,1215,2189,974,revision-added exploratory
qasper,dense,9207f19e65422bdf28f20e270ede6c725a38e5f9,1605.05156,26,1,9,8,100,1042,942,revision-added exploratory
qasper,dense,92fc94a4999d1b25a0593904025eb7b8953bb28b,1909.06708,30,14,19,5,1017,1451,434,revision-added exploratory
qasper,dense,9489b0ecb643c1fc95c001c65d4e9771315989aa,1704.04451,71,2,2,0,64,64,0,revision-added exploratory
qasper,dense,949a2bc34176e47a4d895bcc3223f2a960f15a81,1708.09025,62,8,10,2,665,969,304,revision-added exploratory
qasper,dense,95646d0ac798dcfc15b43fa97a1908df9f7b9681,1910.13793,45,16,16,0,938,938,0,revision-added exploratory
qasper,dense,9595fdf7b51251679cd39bc4f6befc81f09c853c,1901.05389,45,8,8,0,849,849,0,revision-added exploratory
qasper,dense,95af7aaea3ce9dab4cf64e2229ce9b98381dd050,1612.03762,133,1,103,102,41,9249,9208,revision-added exploratory
qasper,dense,95ef89dc29ff291bdbe48cb956329a6a06d36db8,1911.00461,29,2,13,11,132,853,721,revision-added exploratory
qasper,dense,961a97149127e1123c94fbf7e2021eb1aa580ecb,1911.09247,68,46,46,0,2858,2858,0,revision-added exploratory
qasper,dense,96459b02efa82993a0b413530ed0b517c6633eea,1908.10090,26,3,3,0,270,270,0,revision-added exploratory
qasper,dense,965e0ce975a0b8612a30cfc31bbfd4b8a57aa138,1706.02427,60,3,16,13,179,1661,1482,revision-added exploratory
qasper,dense,97055ab0227ed6ac7a8eba558b94f01867bb9562,1610.07149,72,3,3,0,117,117,0,revision-added exploratory
qasper,dense,97708d93bccc832ea671dc31a76dad6a121fcd60,1707.06875,59,48,48,0,3509,3509,0,revision-added exploratory
qasper,dense,9887ca3d25e2109f41d1da80eeea05c465053fbc,1911.12722,54,1,21,20,97,1838,1741,revision-added exploratory
qasper,dense,98b97d24f31e9c535997e9b6cb126eb99fc72a90,1910.01160,23,7,8,1,660,802,142,revision-added exploratory
qasper,dense,991ea04072b3412928be5e6e903cfa54eeac3951,1808.10006,50,4,5,1,444,604,160,revision-added exploratory
qasper,dense,9925e7d8757e8fd7411bcb5250bc08158a244fb3,1911.05652,34,11,11,0,976,976,0,revision-added exploratory
qasper,dense,992e67f706c728bc0e534f974c1656da10e7a724,1911.10401,27,17,17,0,2591,2591,0,revision-added exploratory
qasper,dense,998fa38634000f2d7b52d16518b9e18e898ce933,1908.05758,88,54,88,34,2453,3195,742,revision-added exploratory
qasper,dense,99e99f2c25706085cd4de4d55afe0ac43213d7c8,2002.09616,65,4,4,0,214,214,0,revision-added exploratory
qasper,dense,99f898eb91538cb82bc9a00892d54ae2a740961e,1710.10380,65,4,4,0,222,222,0,revision-added exploratory
qasper,dense,9a7aeecbecf5e30ffa595c233fca31719c9b429f,1704.08390,29,5,5,0,335,335,0,revision-added exploratory
qasper,dense,9aabcba3d44ee7d0bbf6a2c019ab9e0f02fab244,1605.05195,46,1,16,15,80,1529,1449,revision-added exploratory
qasper,dense,9b05d5f723a8a452522907778a084b52e27fd924,1803.08614,41,4,21,17,119,1204,1085,revision-added exploratory
qasper,dense,9b1382b44dc69f7ee20acf952f7ceb1c3ef83965,1610.03955,49,8,16,8,407,1065,658,revision-added exploratory
qasper,dense,9b536f4428206ef7afabc4ff0a2ebcbabd68b985,2001.11316,32,4,6,2,437,567,130,revision-added exploratory
qasper,dense,9b6339e24f58b576143d2adf599cfc4a31fd3b0c,2003.11531,83,3,7,4,328,643,315,revision-added exploratory
qasper,dense,9b868c7d17852f46a8fe725f24cb9548fdbd2b05,1903.02930,20,1,5,4,53,315,262,revision-added exploratory
qasper,dense,9baca9bdb8e7d5a750f8cbe3282beb371347c164,1901.05389,45,1,1,0,97,97,0,revision-added exploratory
qasper,dense,9be9354eeb2bb1827eeb1e23a20cfdca59fb349a,2002.03056,65,3,3,0,163,163,0,revision-added exploratory
qasper,dense,9c2cacf77041e02d38f92a4c490df1e04552f96f,1905.00472,30,2,8,6,316,994,678,revision-added exploratory
qasper,dense,9c529bd3f7565b2178a79aae01c98c90f9d372ad,1705.00571,30,2,2,0,179,179,0,revision-added exploratory
qasper,dense,9ca85242ebeeafa88a0246986aa760014f6094f2,1803.05160,71,45,45,0,3449,3449,0,revision-added exploratory
qasper,dense,9ce90f4132b34a328fa49a63e897f376a3ad3ca8,1909.00871,49,2,14,12,147,1655,1508,revision-added exploratory
qasper,dense,9d6b2672b11d49c37a6bfb06172d39742d48aef4,1705.10272,14,4,4,0,409,409,0,revision-added exploratory
qasper,dense,9d6d17120c42a834b2b5d96f2120d646218ed4bb,1706.02427,60,2,16,14,316,1659,1343,revision-added exploratory
qasper,dense,9d963d385bd495a7e193f8a498d64c1612e6c20c,1907.01339,23,12,12,0,674,674,0,revision-added exploratory
qasper,dense,9da181ac8f2600eb19364c1b1e3cdeb569811a11,1908.10001,38,10,32,22,540,2141,1601,revision-added exploratory
qasper,dense,9dcc10a4a325d4c9cb3bb8134831ee470be47e93,1602.03483,43,5,5,0,443,443,0,revision-added exploratory
qasper,dense,9dd8ce48a2a59a63ae6366ab8b2b8828e5ae7f35,1904.02954,34,4,18,14,411,1533,1122,revision-added exploratory
qasper,dense,9e9aa8af4b49e2e1e8cd9995293a7982ea1aba0e,1910.09387,23,22,22,0,3633,3633,0,revision-added exploratory
qasper,dense,9ec0527bda2c302f4e82949cc0ae7f7769b7bfb8,2003.00864,31,3,3,0,252,252,0,revision-added exploratory
qasper,dense,9eec16e560f9ccafd7ba6f1e0db742b330b42ba9,1710.11334,14,1,9,8,149,1346,1197,revision-added exploratory
qasper,dense,9ef0d2365bde0d18054511fbb53cec5fa2cda5ee,1908.11049,45,13,29,16,1070,2415,1345,revision-added exploratory
qasper,dense,9f065e787a0d40bb4550be1e0d64796925459005,1708.07252,62,7,41,34,551,4830,4279,revision-added exploratory
qasper,dense,9f1d81b2a6fe6835042a5229690e1951b97ff671,1806.04387,48,9,9,0,998,998,0,revision-added exploratory
qasper,dense,9f1e60ee86a5c46abe75b67ef369bf92a5090568,1911.11899,57,11,11,0,877,877,0,revision-added exploratory
qasper,dense,9f74f3991b8681619d95ab93a7c8733a843ddffe,1907.10676,24,8,19,11,1126,2937,1811,revision-added exploratory
qasper,dense,a064337bafca8cf01e222950ea97ebc184c47bc0,1609.02075,85,23,29,6,1867,2167,300,revision-added exploratory
qasper,dense,a064d01d45a33814947161ff208abb88d4353b26,1711.03759,31,5,5,0,343,343,0,revision-added exploratory
qasper,dense,a0fd0c0fe042ad045b8d5095c81643ef3a352b81,1604.02038,55,1,32,31,55,2144,2089,revision-added exploratory
qasper,dense,a18d74109ed55ed14c33913efa62e12f207279c0,1802.09059,34,1,1,0,67,67,0,revision-added exploratory
qasper,dense,a1ac4463031bbc42c80893b57c0055b860f12e10,1908.06893,98,3,3,0,79,79,0,revision-added exploratory
qasper,dense,a24b2269b292fd0ee81d50303d1315383c594382,2004.03090,28,1,1,0,87,87,0,revision-added exploratory
qasper,dense,a28c73a6a8c46a43a1eec2b42b542dd7fde1e30e,1906.05506,40,1,1,0,63,63,0,revision-added exploratory
qasper,dense,a2baa8e266318f23f43321c4b2b9cf467718c94a,1611.00440,28,2,2,0,168,168,0,revision-added exploratory
qasper,dense,a2edd0454026811223b8f31512bdae91159677be,2002.03056,65,17,17,0,1169,1169,0,revision-added exploratory
qasper,dense,a3705b53c6710b41154c65327b7bbec175bdfae7,1910.03355,41,40,40,0,2363,2363,0,revision-added exploratory
qasper,dense,a398c9b061f28543bc77c2951d0dfc5d1bee9e87,1808.00957,28,2,2,0,126,126,0,revision-added exploratory
qasper,dense,a3a867f7b3557c168d05c517c468ff6c7337bff9,1701.03578,41,15,34,19,1558,3502,1944,revision-added exploratory
qasper,dense,a3ba21341f0cb79d068d24de33b23c36fa646752,2002.06851,33,2,2,0,158,158,0,revision-added exploratory
qasper,dense,a3e7d7389228a197c8c44e0c504a791b60f2c80d,1909.00091,35,5,15,10,437,1176,739,revision-added exploratory
qasper,dense,a464052fd11af1d2d99e407c11791269533d43d1,1802.06053,19,8,8,0,728,728,0,revision-added exploratory
qasper,dense,a4a9971799c8860b50f219c93f050ebf6a627b3d,1905.08067,27,22,24,2,3404,3727,323,revision-added exploratory
qasper,dense,a4b77a20e067789691e0ab246bc5b11913d77ae1,1703.04009,20,2,2,0,353,353,0,revision-added exploratory
qasper,dense,a4cf0cf372f62b2dbc7f31c600c6c66246263328,1912.11980,61,2,15,13,166,1095,929,revision-added exploratory
qasper,dense,a59e86a15405c8a11890db072b99fda3173e5ab2,1704.04451,71,8,8,0,627,627,0,revision-added exploratory
qasper,dense,a5df7361ae37b9512fb57cb93efbece9ded8cab1,1710.11027,15,1,14,13,97,2125,2028,revision-added exploratory
qasper,dense,a606bffed3bfeebd1b66125be580f908244e5d92,1911.09753,45,1,4,3,148,396,248,revision-added exploratory
qasper,dense,a67a2d9acad1787b636ca2681330f4c29a0b0254,1606.07043,27,2,2,0,104,104,0,revision-added exploratory
qasper,dense,a71fb012631e6a8854d5945b6d0ab2ab8e7b7ee6,1611.04234,31,10,10,0,583,583,0,revision-added exploratory
qasper,dense,a7313c29b154e84b571322532f5cab08e9d49e51,2003.13028,66,4,4,0,161,161,0,revision-added exploratory
qasper,dense,a77d38427639d54461ae308f3045434f81e497d0,1906.08871,38,1,16,15,122,1065,943,revision-added exploratory
qasper,dense,a786cceba4372f6041187c426432853eda03dca6,1910.02001,82,22,22,0,1380,1380,0,revision-added exploratory
qasper,dense,a79a23573d74ec62cbed5d5457a51419a66f6296,1906.04287,20,1,1,0,117,117,0,revision-added exploratory
qasper,dense,a7e1b13cc42bfe78d37b9c943de6288e5f00f01b,1608.01972,44,4,4,0,365,365,0,revision-added exploratory
qasper,dense,a836ab8eb5a72af4b0a0c83bf42a2a14d1b38763,1911.07620,51,7,10,3,683,988,305,revision-added exploratory
qasper,dense,a837dcbd339e27a974e28944178c790a5b0b37c0,1910.02001,82,2,2,0,71,71,0,revision-added exploratory
qasper,dense,a8cc891bb8dccf0d32c1c9cd1699d5ead0eed711,1909.04251,58,36,36,0,2586,2586,0,revision-added exploratory
qasper,dense,a8e5e10d13b3f21dd11e8eb58e30cc25efc56e93,1708.09025,62,16,16,0,1787,1787,0,revision-added exploratory
qasper,dense,a8f189fad8b72f8b2b4d2da4ed8475d31642d9e7,1611.01116,26,2,3,1,301,490,189,revision-added exploratory
qasper,dense,a98ae529b47362f917a398015c8525af3646abf0,1912.11637,58,19,19,0,1497,1497,0,revision-added exploratory
qasper,dense,a994cc18046912a8c9328dc572f4e4310736c0e2,1704.03279,32,1,1,0,289,289,0,revision-added exploratory
qasper,dense,a9cae57f494deb0245b40217d699e9a22db0ea6e,1611.02378,52,5,5,0,508,508,0,revision-added exploratory
qasper,dense,a9d5f83f4b32c52105f2ae1c570f1c590ac52487,1909.08211,69,8,8,0,350,350,0,revision-added exploratory
qasper,dense,a9eb8039431e2cb885cfcf96eb58c0675b36b3bd,1908.05758,88,1,16,15,37,786,749,revision-added exploratory
qasper,dense,a9ff35f77615b3a4e7fd7b3a53d0b288a46f06ce,1911.11025,66,16,16,0,1128,1128,0,revision-added exploratory
qasper,dense,aa287673534fc05d8126c8e3486ca28821827034,1607.00167,15,12,13,1,940,968,28,revision-added exploratory
qasper,dense,aa7c5386aedfb13a361a2629b67cb54277e208d2,1911.04128,23,2,17,15,182,1758,1576,revision-added exploratory
qasper,dense,ab8b0e6912a7ca22cf39afdac5531371cda66514,1912.03010,28,9,15,6,1091,1575,484,revision-added exploratory
qasper,dense,ab975efc916c34f55e1144b1d28e7dfdc257e371,1804.03839,55,6,6,0,232,232,0,revision-added exploratory
qasper,dense,ac87dd34d28c3edd9419fa0145f3d38c87d696aa,1807.08089,47,34,34,0,3015,3015,0,revision-added exploratory
qasper,dense,acac0606aab83cae5d13047863c7af542d58e54c,1908.07491,30,26,26,0,1855,1855,0,revision-added exploratory
qasper,dense,ae1c4f9e33d0cd64d9a313c318ad635620303cdd,1906.11085,25,6,18,12,359,1527,1168,revision-added exploratory
qasper,dense,ae7c5cf9c2c121097eb00d389cfd7cc2a5a7d577,2004.02143,48,27,36,9,2378,3412,1034,revision-added exploratory
qasper,dense,ae89eed483c11ccd70a34795e9fe416af8a35da2,1911.01214,74,3,5,2,310,473,163,revision-added exploratory
qasper,dense,aebd1f0d728d0de5f76238844da044a44109f76f,1911.04474,68,13,68,55,964,3861,2897,revision-added exploratory
qasper,dense,af45ff2c4209f14235482329d0729864fb2bd4b0,1911.12893,61,1,19,18,194,1441,1247,revision-added exploratory
qasper,dense,af948ea91136c700957b438d927f58d9b051c97c,2004.02143,48,2,2,0,134,134,0,revision-added exploratory
qasper,dense,afad388a0141bdda5ca9586803ac53d5f10f41f6,1908.08917,43,7,40,33,1168,4307,3139,revision-added exploratory
qasper,dense,b012df09fa2a3d6b581032d68991768cf4bc9d7b,1908.10461,34,9,9,0,680,680,0,revision-added exploratory
qasper,dense,b03249984c26baffb67e7736458b320148675900,1901.05389,45,16,16,0,1896,1896,0,revision-added exploratory
qasper,dense,b065c2846817f3969b39e355d5d017e326d6f42e,1708.01065,53,3,3,0,150,150,0,revision-added exploratory
qasper,dense,b10388e343868ca8e5c7c601ebb903f52e756e61,1803.08419,61,2,6,4,126,486,360,revision-added exploratory
qasper,dense,b160bfb341f24ae42a268aa18641237a4b3a6457,2003.03728,34,6,6,0,267,267,0,revision-added exploratory
qasper,dense,b1fe6a39b474933038b44b6d45e5ca32af7c3e36,2004.04498,93,1,1,0,74,74,0,revision-added exploratory
qasper,dense,b210c3e48c15cdc8c47cf6f4b6eb1c29a1933654,1604.02201,29,15,15,0,1713,1713,0,revision-added exploratory
qasper,dense,b21245212244ad7adf7d321420f2239a0f0fe56b,1908.10149,30,11,19,8,1214,2076,862,revision-added exploratory
qasper,dense,b32de10d84b808886d7a91ab0c423d4fc751384c,1603.09381,27,3,3,0,290,290,0,revision-added exploratory
qasper,dense,b3432f52af0b95929e6723dd1f01ce029d90a268,1808.07733,21,1,3,2,102,214,112,revision-added exploratory
qasper,dense,b39b278aa1cf2f87ad4159725dff77b387f2df84,2003.11687,35,2,2,0,159,159,0,revision-added exploratory
qasper,dense,b3b9d7c8722e8ec41cbbae40e68458485a5ba25c,1910.07924,82,29,49,20,1047,1695,648,revision-added exploratory
qasper,dense,b3dc9a35e8c3ed7abcc4ca0bf308dea75be9c016,1708.01065,53,4,4,0,212,212,0,revision-added exploratory
qasper,dense,b424ad7f9214076b963a0077d7345d7bb5a7a205,2002.00175,58,14,42,28,731,2565,1834,revision-added exploratory
qasper,dense,b4b7333805cb6fdde44907747887a971422dc298,2003.09244,78,1,1,0,77,77,0,revision-added exploratory
qasper,dense,b537832bba2eb6d34702a9d71138e661c05a7c3a,1906.01076,52,6,6,0,352,352,0,revision-added exploratory
qasper,dense,b57ad10468e1ba2a7a34396688dbb10a575d89f5,1706.02427,60,2,2,0,38,38,0,revision-added exploratory
qasper,dense,b59f3a58939f7ac007d3263a459c56ebefc4b49a,2003.09244,78,50,64,14,3760,4901,1141,revision-added exploratory
qasper,dense,b62b7ec5128219f04be41854247d5af992797937,1910.03355,41,14,14,0,847,847,0,revision-added exploratory
qasper,dense,b6aa5665c981e3b582db4760759217e2979d5626,1909.10481,43,10,11,1,921,1045,124,revision-added exploratory
qasper,dense,b6c2a391c4a94eaa768150f151040bb67872c0bf,1605.05195,46,1,6,5,155,595,440,revision-added exploratory
qasper,dense,b6e97d1b1565732b1b3f1d74e6d2800dd21be37a,1707.05589,47,14,31,17,1248,2096,848,revision-added exploratory
qasper,dense,b70e4c49300dc3eab18e907ab903afd2a0c6075a,1909.00437,43,2,2,0,74,74,0,revision-added exploratory
qasper,dense,b783ec5cb9ad595da7db2c0ddf871152ae382c5f,1805.04833,52,1,6,5,88,440,352,revision-added exploratory
qasper,dense,b78bb6fe817c2d4bc69236df998f546e94c3ee21,1704.06851,45,7,7,0,737,737,0,revision-added exploratory
qasper,dense,b79c85fa84712d3028cb5be2af873c634e51140e,1605.05156,26,1,1,0,40,40,0,revision-added exploratory
qasper,dense,b79ff0a50bf9f361c5e5fed68525283856662076,1805.09960,67,2,10,8,94,693,599,revision-added exploratory
qasper,dense,b8b79a6123716cb9fabf751b31dff424235a2ee2,1812.05813,72,11,11,0,668,668,0,revision-added exploratory
qasper,dense,b8bbdc3987bb456739544426c6037c78ede01b77,1909.11980,29,20,20,0,1052,1052,0,revision-added exploratory
qasper,dense,b942d94e4187e4fdc706cfdf92e3a869fc294911,1909.05372,53,2,38,36,254,3797,3543,revision-added exploratory
qasper,dense,b948bb86855b2c0bfc8fad88ff1e29cd94bb6ada,1905.05644,55,2,6,4,82,384,302,revision-added exploratory
qasper,dense,b968bd264995cd03d7aaad1baba1838c585ec909,1804.09692,49,31,41,10,2766,3401,635,revision-added exploratory
qasper,dense,b9d9803ba24127f91ba4d7cff4da11492da20f09,2004.03090,28,21,21,0,1867,1867,0,revision-added exploratory
qasper,dense,ba39317e918b4386765f88e8c8ae99f9a098c935,1703.04009,20,1,1,0,189,189,0,revision-added exploratory
qasper,dense,ba406e07c33a9161e29c75d292c82a15503beae5,1907.12984,107,3,20,17,326,2028,1702,revision-added exploratory
qasper,dense,ba7fea78b0b888a714cb7d89944b69c5038a1ef1,1806.03369,29,8,8,0,887,887,0,revision-added exploratory
qasper,dense,baaa6ad7148b785429a20f38786cd03ab9a2646e,1908.08917,43,2,5,3,317,1103,786,revision-added exploratory
qasper,dense,baad4b6f834d5944f61bd12f30908e3cf3739dcd,1911.06815,26,9,9,0,613,613,0,revision-added exploratory
qasper,dense,bab4ae97afd598a11d1fc7c05c6fdb98c30cafe0,1711.03759,31,1,1,0,157,157,0,revision-added exploratory
qasper,dense,bab4e8881f4d75e266bce6fbfa4c3bcd3eacf30f,1708.03312,38,21,21,0,1492,1492,0,revision-added exploratory
qasper,dense,baec99756b80eec7c0234a08bc2855e6770bcaeb,1907.04072,44,13,13,0,504,504,0,revision-added exploratory
qasper,dense,bbfe7e131ed776c85f2359b748db1325386c1af5,1807.03674,23,7,7,0,473,473,0,revision-added exploratory
qasper,dense,bc6ad5964f444cf414b661a4b942dafb7640c564,1809.03680,47,14,14,0,1425,1425,0,revision-added exploratory
qasper,dense,bc8526d4805e2554adb2e9c01736d3f3a3b19895,1604.02038,55,53,53,0,3117,3117,0,revision-added exploratory
qasper,dense,bcf222ad4bb537b01019ed354ea03cd6bf2c1f8e,1905.07562,50,1,6,5,123,877,754,revision-added exploratory
qasper,dense,bd191d95806cee4cf80295e9ce1cd227aba100ab,1912.07076,55,4,26,22,408,2758,2350,revision-added exploratory
qasper,dense,bd255aadf099854541d06997f83a0e478f526120,1911.11025,66,20,20,0,1008,1008,0,revision-added exploratory
qasper,dense,bd3562d2b3c162e9d27404d56b77e15f707d8b0f,1705.00571,30,2,2,0,386,386,0,revision-added exploratory
qasper,dense,bd53399be8ff59060792da4c8e42a7fc1e6cbd85,2003.13028,66,18,22,4,909,1092,183,revision-added exploratory
qasper,dense,bda21bfb2dd74085cbc355c70dab5984ef41dba7,1906.04236,58,10,10,0,753,753,0,revision-added exploratory
qasper,dense,bdae851d4cf1d05506cf3e8359786031ac4f756f,1911.12237,55,47,55,8,3158,3674,516,revision-added exploratory
qasper,dense,be632f0246c2e5f049d12e796812f496e083c33e,1908.10001,38,3,4,1,187,303,116,revision-added exploratory
qasper,dense,bfd55ae9630a08a9e287074fff3691dfbffc3258,1908.09283,68,42,66,24,2412,3985,1573,revision-added exploratory
qasper,dense,c01a8b42fd27b0a3bec717ededd98b6d085a0f5c,1710.11027,15,1,2,1,86,274,188,revision-added exploratory
qasper,dense,c0355afc7871bf2e12260592873ffdb5c0c4c919,1909.10481,43,27,43,16,2353,3658,1305,revision-added exploratory
qasper,dense,c035a011b737b0a10deeafc3abe6a282b389d48b,1707.07212,52,43,43,0,2722,2722,0,revision-added exploratory
qasper,dense,c0847af3958d791beaa14c4040ada2d364251c4d,2004.02105,49,24,24,0,2274,2274,0,revision-added exploratory
qasper,dense,c0af44ebd7cd81270d9b5b54d4a40feed162fa54,1801.05617,85,1,1,0,93,93,0,revision-added exploratory
qasper,dense,c0dbf3f1957f3bff3ced5b48aff60097f3eac7bb,1808.07231,39,8,8,0,562,562,0,revision-added exploratory
qasper,dense,c135e1f8ecaf7965f6a6d3e30b537eb37ad74230,1910.02001,82,1,10,9,87,638,551,revision-added exploratory
qasper,dense,c138a45301713c1a9f6edafeef338ba2f99220ce,1912.08084,68,22,35,13,1358,2233,875,revision-added exploratory
qasper,dense,c176eb1ccaa0e50fb7512153f0716e60bf74aa53,1910.01340,46,2,32,30,183,2758,2575,revision-added exploratory
qasper,dense,c17ece1dad42d92c78fca2e3d8afa9a20ff19598,1906.01010,25,2,3,1,561,696,135,revision-added exploratory
qasper,dense,c2037887945abbdf959389dc839a86bc82594505,1803.06745,41,1,26,25,30,1968,1938,revision-added exploratory
qasper,dense,c25014b7e57bb2949138d64d49f356d69838bc25,1908.10001,38,1,1,0,77,77,0,revision-added exploratory
qasper,dense,c2ce25878a17760c79031a426b6f38931cd854b2,2003.11528,61,17,49,32,1254,2562,1308,revision-added exploratory
qasper,dense,c30b0d6b23f0f01573eea315176c5ffe4e0c6b5c,1910.02677,56,2,2,0,160,160,0,revision-added exploratory
qasper,dense,c3befe7006ca81ce64397df654c31c11482dafbe,1611.04887,45,1,3,2,299,514,215,revision-added exploratory
qasper,dense,c3ce95658eea1e62193570955f105839de3d7e2d,1911.03324,57,4,4,0,255,255,0,revision-added exploratory
qasper,dense,c47312f2ca834ee75fa9bfbf912ea04239064117,1907.00937,39,1,1,0,94,94,0,revision-added exploratory
qasper,dense,c4b621f573bbb411bdaa84a7562c9c4795a7eb3a,1808.09180,76,5,9,4,435,785,350,revision-added exploratory
qasper,dense,c5221bb28e58a4f13cf2eccce0e1b1bec7dd3c13,1909.09070,59,1,40,39,38,3514,3476,revision-added exploratory
qasper,dense,c53b036eff430a9d0449fb50b8d2dc9d2679d9fe,1706.02222,68,6,15,9,435,1294,859,revision-added exploratory
qasper,dense,c589d83565f528b87e355b9280c1e7143a42401d,1909.07873,52,2,22,20,95,2725,2630,revision-added exploratory
qasper,dense,c59d67930edd3d369bd51a619849facdd0770644,1705.10272,14,4,4,0,373,373,0,revision-added exploratory
qasper,dense,c5ea4da3c760ba89194ad807bc1ef60e1761429f,1602.07563,120,9,9,0,819,819,0,revision-added exploratory
qasper,dense,c68946ae2e548ec8517c7902585c032b3f3876e6,1901.05389,45,7,33,26,857,4033,3176,revision-added exploratory
qasper,dense,c6f2598b85dc74123fe879bf23aafc7213853f5b,1911.12237,55,9,9,0,822,822,0,revision-added exploratory
qasper,dense,c72e05dd41ed5a85335ffeca5a03e71514e60e84,1911.12559,22,3,9,6,194,810,616,revision-added exploratory
qasper,dense,c79f168503a60d1b08bb2c9aac124199d210b06d,1904.02954,34,15,30,15,1226,2181,955,revision-added exploratory
qasper,dense,c7d3bccee59ab683e6bf047579bc6eab9de9d973,1705.10272,14,5,5,0,377,377,0,revision-added exploratory
qasper,dense,c7f43c95db3d0c870407cd0e7becdd802463683b,1910.09362,66,54,59,5,3473,3587,114,revision-added exploratory
qasper,dense,c7ffef8bf0100eb6148bd932d0409b21759060b1,1707.06519,32,2,2,0,178,178,0,revision-added exploratory
qasper,dense,c845110efee2f633d47f5682573bc6091e8f5023,1911.05652,34,4,4,0,446,446,0,revision-added exploratory
qasper,dense,c87966e7f497975b76a60f6be50c33d296a4a4e7,2004.01820,92,14,62,48,1085,4525,3440,revision-added exploratory
qasper,dense,c8f8ecac23a991bceb8387e68b3b3f2a5d8cf029,2003.12660,26,11,11,0,555,555,0,revision-added exploratory
qasper,dense,c97306c1be5d59cf27b1054adfa8f1da47d292ce,1810.02229,28,19,19,0,1730,1730,0,revision-added exploratory
qasper,dense,c9a323c152c5d9bc2d244e0ed10afbdb0f93062a,1909.00369,57,1,2,1,125,250,125,revision-added exploratory
qasper,dense,c9eae337edea0edb12030a7d4b01c3a3c73c16d3,1806.04387,48,8,12,4,566,731,165,revision-added exploratory
qasper,dense,caebea05935cae1f5d88749a2fc748e62976eab7,1710.11334,14,3,5,2,472,744,272,revision-added exploratory
qasper,dense,cb58605a7c230043bd0d6e8d5b068f8b533f45fe,1909.11706,31,3,4,1,380,440,60,revision-added exploratory
qasper,dense,cb7a00233502c4b7801d34bc95d6d22d79776ae8,1603.08868,35,23,23,0,1955,1955,0,revision-added exploratory
qasper,dense,cbb3c1c1e6e1818b6480f929f1c299eaa5ffd07a,1907.10676,24,5,20,15,573,3118,2545,revision-added exploratory
qasper,dense,cbe42bf7c99ee248cdb2c5d6cf86b41106e66863,1908.02284,27,3,3,0,255,255,0,revision-added exploratory
qasper,dense,cc3dd701f3a674618de95a4196e9c7f4c8fbf1e5,1805.04833,52,2,2,0,125,125,0,revision-added exploratory
qasper,dense,cc78a08f5bfe233405c99cb3dac1f11f3a9268b1,1907.08540,47,2,2,0,267,267,0,revision-added exploratory
qasper,dense,cc8bcea4052bf92f249dda276acc5fd16cac6fb4,1809.03695,18,1,1,0,76,76,0,revision-added exploratory
qasper,dense,ccec4f8deff651858f44553f8daa5a19e8ed8d3b,1909.05190,59,27,54,27,1837,3682,1845,revision-added exploratory
qasper,dense,cd82bdaa0c94330f8cccfb1c59b4e6761a5a4f4d,1911.01214,74,4,4,0,386,386,0,revision-added exploratory
qasper,dense,cdbbba22e62bc9402aea74ac5960503f59e984ff,1805.04558,131,3,3,0,259,259,0,revision-added exploratory
qasper,dense,ce23849e9e9a22626965f1ca8ca948a5c87280e9,1909.01720,69,1,1,0,102,102,0,revision-added exploratory
qasper,dense,ce504a7ee2c1f068ef4dde8d435245b4e77bb0b5,1708.09025,62,2,60,58,78,4513,4435,revision-added exploratory
qasper,dense,ce8d8de78a21a3ba280b658ac898f73d0b52bf1b,1910.10487,47,3,37,34,313,4194,3881,revision-added exploratory
qasper,dense,ced63053eb631c78a4ddd8c85ec0f3323a631a54,1708.05482,73,1,1,0,67,67,0,revision-added exploratory
qasper,dense,cf0b7d8a2449d04078f69ec9717a547adfb67d17,1801.04433,52,45,45,0,3854,3854,0,revision-added exploratory
qasper,dense,cf3fab54b2b289b66e7dba4706c47a62569627c5,1708.07690,42,29,36,7,1463,1991,528,revision-added exploratory
qasper,dense,cf58d25bfa2561a359fdd7b6b20aef0b41dc634e,1912.08084,68,2,7,5,89,517,428,revision-added exploratory
qasper,dense,cf68906b7d96ca0c13952a6597d1f23e5184c304,1710.10380,65,1,1,0,40,40,0,revision-added exploratory
qasper,dense,cf82251a6a5a77e29627560eb7c05c3eddc20825,2004.04498,93,7,7,0,475,475,0,revision-added exploratory
qasper,dense,cfa44bb587b0c05906d8325491ca9e0f024269e8,1708.01065,53,1,5,4,137,540,403,revision-added exploratory
qasper,dense,cfcf94b81589e7da215b4f743a3f8de92a6dda7a,1712.00733,74,9,9,0,853,853,0,revision-added exploratory
qasper,dense,cfdd583d01abaca923f5c466bb20e1d4b8c749ff,1810.02268,71,50,50,0,2826,2826,0,revision-added exploratory
qasper,dense,cfe21b979a6c851bdafb2e414622f61e62b1d98c,2003.13028,66,3,3,0,60,60,0,revision-added exploratory
qasper,dense,d0048ef1cba3f63b5d60c568d5d0ba62ac4d7e75,1901.01590,54,52,52,0,2447,2447,0,revision-added exploratory
qasper,dense,d0dc6729b689561370b6700b892c9de8871bb44d,1604.02201,29,6,6,0,780,780,0,revision-added exploratory
qasper,dense,d147117ef24217c43252d917d45dff6e66ff807c,1712.00733,74,35,35,0,3052,3052,0,revision-added exploratory
qasper,dense,d1a4529ea32aaab5ca3b9d9ae5c16f146c23af6b,1809.08935,10,3,3,0,226,226,0,revision-added exploratory
qasper,dense,d206f2cbcc3d2a6bd0ccaa3b57fece396159f609,1805.00195,63,3,11,8,267,1179,912,revision-added exploratory
qasper,dense,d207f78beb6cd754268881bf575c8f98000667ea,1705.02023,22,2,2,0,149,149,0,revision-added exploratory
qasper,dense,d211a37830c59aeab4970fdb2e03d9b7368b421c,1805.04558,131,119,119,0,4150,4150,0,revision-added exploratory
qasper,dense,d2d9c7177728987d9e8b0c44549bbe03c8c00ef2,1906.05685,48,2,2,0,175,175,0,revision-added exploratory
qasper,dense,d2f91303cec132750a416192f67c8ac1d3cf6fc0,1708.07252,62,3,5,2,324,469,145,revision-added exploratory
qasper,dense,d323f0d65b57b30ae85fb9f24298927a3d1216e9,1810.12897,25,1,14,13,190,1417,1227,revision-added exploratory
qasper,dense,d36a6447bfe58204e0d29f9213d84be04d875624,1906.08871,38,8,9,1,356,406,50,revision-added exploratory
qasper,dense,d38b3e0896b105d171e69ce34c689e4a7e934522,1912.10162,37,2,2,0,185,185,0,revision-added exploratory
qasper,dense,d3cfbe497a30b750a8de3ea7f2cecf4753a4e1f9,1905.09439,22,1,1,0,72,72,0,revision-added exploratory
qasper,dense,d3fb0d84d763cb38f400b7de3daaa59ed2a1b0ab,1707.07212,52,14,14,0,1156,1156,0,revision-added exploratory
qasper,dense,d418bf6595b1b51a114f28ac8a6909c278838aeb,1908.10149,30,23,23,0,2446,2446,0,revision-added exploratory
qasper,dense,d4b84f48460517bc0a6d4e0c38f6853c58081166,1804.01155,55,3,23,20,274,3588,3314,revision-added exploratory
qasper,dense,d5c393df758dec6ea6827ae5b887eb6c303a4f4d,1612.05202,43,4,4,0,207,207,0,revision-added exploratory
qasper,dense,d622564b250cffbb9ebbe6636326b15ec3c622d9,1902.10246,24,1,1,0,50,50,0,revision-added exploratory
qasper,dense,d64fa192a7e9918c6a22d819abad581af0644c7d,1802.08969,106,8,44,36,425,2036,1611,revision-added exploratory
qasper,dense,d66550f65484696c1284903708b87809ea705786,1805.04833,52,50,50,0,3196,3196,0,revision-added exploratory
qasper,dense,d66c31f24f582c499309a435ec3c688dc3a41313,1907.00937,39,3,3,0,196,196,0,revision-added exploratory
qasper,dense,d68cc9aaf0466b97354600a5646c3be4512fc096,2004.03090,28,11,22,11,1023,1946,923,revision-added exploratory
qasper,dense,d6a815d24c46557827d8aca65d3ffd008ac1bc07,1803.02914,25,2,2,0,169,169,0,revision-added exploratory
qasper,dense,d6b0c71721ed24ef1d9bd31ed3a266b0c7fc9b57,1704.06960,64,6,13,7,428,886,458,revision-added exploratory
qasper,dense,d7799d26fe39302c4aff5b530aa691e8653fffe8,1803.09000,38,12,12,0,475,475,0,revision-added exploratory
qasper,dense,d8ae36ae1b4d3af5b59ebd24efe94796101c1c12,1802.02614,46,1,1,0,128,128,0,revision-added exploratory
qasper,dense,d9354c0bb32ec037ff2aacfed58d57887a713163,1707.07212,52,28,41,13,1505,2542,1037,revision-added exploratory
qasper,dense,d976c22e9d068e4e31fb46e929023459f8290a63,1903.10548,7,1,1,0,70,70,0,revision-added exploratory
qasper,dense,d97843afec733410d2c580b4ec98ebca5abf2631,1607.00167,15,7,7,0,612,612,0,revision-added exploratory
qasper,dense,d98148f65d893101fa9e18aaf549058712485436,1709.04005,51,19,19,0,1438,1438,0,revision-added exploratory
qasper,dense,d9949dd4865e79c53284932d868ca8fd10d55e70,2003.07459,28,4,4,0,496,496,0,revision-added exploratory
qasper,dense,d9a45fea8539aac01dec01f29b7d04b44b9c2ca6,1909.01720,69,11,12,1,935,1064,129,revision-added exploratory
qasper,dense,d9e7633004ed1bc1ee45be58409bcc1fa6db59b2,1908.11049,45,1,22,21,41,2128,2087,revision-added exploratory
qasper,dense,da077b385d619305033785af5b204696d6145bd8,1911.02747,29,3,7,4,244,871,627,revision-added exploratory
qasper,dense,da0a2195bbf6736119ff32493898d2aadffcbcb8,1605.05166,60,1,10,9,81,1164,1083,revision-added exploratory
qasper,dense,da21bcaa8e3a9eadc8a5194fd57ae797e93c3049,2004.01970,38,1,1,0,81,81,0,revision-added exploratory
qasper,dense,dc473819b196c0ea922773e173a6b283fa778791,1605.05156,26,1,2,1,58,196,138,revision-added exploratory
qasper,dense,dce27c49b9bf1919ca545e04663507d83bb42dbe,1808.10006,50,17,38,21,1675,3165,1490,revision-added exploratory
qasper,dense,dd81f58c782169886235c48b8f9a08e0954dd3ae,2003.12660,26,3,12,9,86,400,314,revision-added exploratory
qasper,dense,de0154affd86c608c457bf83d888bbd1f879df93,1911.12722,54,4,48,44,290,3964,3674,revision-added exploratory
qasper,dense,de0d135b94ba3b3a4f4a0fb03df38a84f9dc9da4,1909.02322,29,1,1,0,116,116,0,revision-added exploratory
qasper,dense,de313b5061fc22e8ffef1706445728de298eae31,1811.01183,50,3,24,21,294,2009,1715,revision-added exploratory
qasper,dense,de344aeb089affebd15a8c370ae9ab5734e99203,1803.06745,41,1,1,0,109,109,0,revision-added exploratory
qasper,dense,de580e43614ee38d2d9fc6263ff96e6ca2b54eb5,1911.01214,74,30,30,0,2687,2687,0,revision-added exploratory
qasper,dense,de689a17b0b9fb6bbb80e9b85fb44b36b56de2fd,2003.07459,28,2,2,0,259,259,0,revision-added exploratory
qasper,dense,df01e98095ba8765d9ab0d40c9e8ef34b64d3700,2002.04815,30,1,7,6,19,214,195,revision-added exploratory
qasper,dense,df4895c6ae426006e75c511a304d56d37c42a1c7,1805.11850,17,1,1,0,140,140,0,revision-added exploratory
qasper,dense,df623717255ea2c9e0f846859d8a9ef51dc1102b,1606.02892,49,2,2,0,103,103,0,revision-added exploratory
qasper,dense,dfaeb8faf04505a4178945c933ba217e472979d8,1708.01065,53,11,11,0,578,578,0,revision-added exploratory
qasper,dense,dfdd309e56b71589b25412ba85b0a5d79a467ceb,1610.09722,69,1,1,0,73,73,0,revision-added exploratory
qasper,dense,e0b54906184a4ad87d127bed22194e62de38222b,1910.01340,46,13,22,9,886,1619,733,revision-added exploratory
qasper,dense,e0b8a2649e384bbdb17472f8da2c3df4134b1e57,1707.07568,38,21,21,0,1177,1177,0,revision-added exploratory
qasper,dense,e12166fa9d6f63c4e92252c95c6a7bc96977ebf4,1901.10619,68,10,10,0,844,844,0,revision-added exploratory
qasper,dense,e14e3e0944ec3290d1985e9a3da82a7df17575cd,1806.07042,52,9,31,22,968,2832,1864,revision-added exploratory
qasper,dense,e1ab241059ef1700738f885f051d724a7fcf283a,1707.09816,50,5,5,0,203,203,0,revision-added exploratory
qasper,dense,e381f1811774806be109f9b05896a2a3c5e1ef43,1710.11334,14,5,5,0,789,789,0,revision-added exploratory
qasper,dense,e3bafa432cd3e1225170ff04de2fdf1ede38c6ef,1805.11598,24,7,7,0,575,575,0,revision-added exploratory
qasper,dense,e3c44964eb6ddc554901244eb6595f26a9bae47e,1910.07154,36,8,8,0,315,315,0,revision-added exploratory
qasper,dense,e459760879f662b2205cbdc0f5396dbfe41323ae,1908.09590,53,2,21,19,239,2353,2114,revision-added exploratory
qasper,dense,e462efb58c71f186cd6b315a2d861cbb7171f65b,1906.04236,58,4,4,0,235,235,0,revision-added exploratory
qasper,dense,e56c1f0e9eabda41f929d0dfd5cfa50edd69fa89,1909.06708,30,1,1,0,49,49,0,revision-added exploratory
qasper,dense,e5b2eb6a49c163872054333f8670dd3f9563046a,2004.02334,53,20,20,0,1824,1824,0,revision-added exploratory
qasper,dense,e5be900e70ea86c019efb06438ba200e11773a7c,1909.13466,62,25,25,0,2593,2593,0,revision-added exploratory
qasper,dense,e5f8d2fc1332e982a54ee4b4c1f7f55e900d0b86,1811.04791,60,11,27,16,1250,2897,1647,revision-added exploratory
qasper,dense,e6204daf4efeb752fdbd5c26e179efcb8ddd2807,1601.03313,57,1,1,0,120,120,0,revision-added exploratory
qasper,dense,e6bc11bd6cfd4b2138c29602b9b56fc5378a4293,1709.04491,19,6,6,0,814,814,0,revision-added exploratory
qasper,dense,e6f5444b7c08d79d4349e35d5298a63bb30e7004,1708.07252,62,5,10,5,595,986,391,revision-added exploratory
qasper,dense,e797634fa77e490783b349034f9e095ee570b7a9,1804.05253,26,9,9,0,842,842,0,revision-added exploratory
qasper,dense,e831ce6c406bf5d1c493162732e1b320abb71b6f,1908.07491,30,4,15,11,285,1016,731,revision-added exploratory
qasper,dense,e8c3f59313df20db0cdd49b84a37c44da849fe17,2003.07459,28,2,2,0,283,283,0,revision-added exploratory
qasper,dense,e90425ac05a15dc145bbf3034e78b56e7cec36ac,1803.09000,38,10,10,0,431,431,0,revision-added exploratory
qasper,dense,e96b0d64c8d9fdd90235c499bf1ec562d2cbb8b2,1605.04278,123,67,67,0,3413,3413,0,revision-added exploratory
qasper,dense,e9a0a69eacd554141f56b60ab2d1912cc33f526a,1803.06745,41,1,1,0,37,37,0,revision-added exploratory
qasper,dense,ea6edf45f094586caf4684463287254d44b00e95,1907.12984,107,10,103,93,1229,6721,5492,revision-added exploratory
qasper,dense,eaacee4246f003d29a108fe857b5dd317287ecf1,1911.12559,22,3,19,16,170,1929,1759,revision-added exploratory
qasper,dense,eaae11ffd4ff955de2cd6389b888f5fd2c660a32,1910.14589,68,3,4,1,101,208,107,revision-added exploratory
qasper,dense,ead7704a64447dccd504951618d3be463eba86bf,1807.03674,23,1,1,0,119,119,0,revision-added exploratory
qasper,dense,eaed0b721cc3137b964f5265c7ecf76f565053e9,1806.03369,29,5,5,0,460,460,0,revision-added exploratory
qasper,dense,eafea4a24d103fdecf8f347c7d84daff6ef828a3,1611.01116,26,7,16,9,1155,2410,1255,revision-added exploratory
qasper,dense,eb653a5c59851eda313ece0bcd8c589b6155d73e,1908.02284,27,2,2,0,91,91,0,revision-added exploratory
qasper,dense,ebb4db9c24aa36db9954dd65ea079a798df80558,1908.09355,57,10,10,0,716,716,0,revision-added exploratory
qasper,dense,ebe1084a06abdabefffc66f029eeb0b69f114fd9,1810.02268,71,59,71,12,3149,3882,733,revision-added exploratory
qasper,dense,ebe6b8ec141172f7fea66f0a896b3124276d4884,1911.11025,66,16,16,0,1405,1405,0,revision-added exploratory
qasper,dense,ec2045e0da92989642a5b5f2b1130c8bd765bcc5,1901.03253,68,1,1,0,47,47,0,revision-added exploratory
qasper,dense,ec39120fb879ae10452d3f244e1e32237047005a,2004.04060,39,6,17,11,343,940,597,revision-added exploratory
qasper,dense,ec54ae2f4811196fcaafa45e76130239e69995f9,1909.07158,55,14,14,0,526,526,0,revision-added exploratory
qasper,dense,ec62df859ad901bf0848f0a8b91eedc78dba5657,1909.05190,59,4,31,27,298,2301,2003,revision-added exploratory
qasper,dense,ec70c7c560e08cff2820bad93f5216bc0a469f5a,1908.11664,66,20,20,0,873,873,0,revision-added exploratory
qasper,dense,ec8f39d32084996ab825debd7113c71daac38b06,1606.07043,27,4,6,2,303,514,211,revision-added exploratory
qasper,dense,ecaa10a2d9927fa6ab6a954488f12aa6b42ddc1a,1909.04242,41,4,27,23,240,1810,1570,revision-added exploratory
qasper,dense,ed15a593d64a5ba58f63c021ae9fd8f50051a667,2001.05540,28,15,28,13,1579,2093,514,revision-added exploratory
qasper,dense,ed44f7e698d6124cb86791841d02fc6f8b4d862a,1908.11049,45,2,3,1,287,338,51,revision-added exploratory
qasper,dense,ed7ce13cd95f7664a5e4fc530dcf72dc3808dced,1712.02555,55,2,2,0,165,165,0,revision-added exploratory
qasper,dense,ee2c2fb01d67f4c58855bf23186cbd45cecbfa56,1606.07947,55,3,3,0,290,290,0,revision-added exploratory
qasper,dense,ef6304512652ba56bd13dbe282a5ce1d41a4f171,1909.03553,54,4,40,36,126,1773,1647,revision-added exploratory
qasper,dense,eff9192e05d23e9a67d10be0c89a7ab2b873995b,1910.09387,23,3,9,6,617,1696,1079,revision-added exploratory
qasper,dense,f0404673085517eea708c5e91f32fb0f7728fa08,1607.03895,35,5,9,4,296,549,253,revision-added exploratory
qasper,dense,f0afc116809b70528226d37190e8e79e1e9cd11e,1906.05685,48,5,39,34,310,2669,2359,revision-added exploratory
qasper,dense,f11856814a57b86667179e1e275e4f99ff1bcad8,1707.06875,59,28,50,22,2170,3755,1585,revision-added exploratory
qasper,dense,f15bc40960bd3f81bc791f43ab5c94c52378692d,1804.00982,18,2,7,5,210,763,553,revision-added exploratory
qasper,dense,f1a50f88898556ecdba8e9cac13ae54c11835945,1909.03553,54,6,6,0,540,540,0,revision-added exploratory
qasper,dense,f1d61b44105e651925d02a51e6d7ea10ea28ebd8,1909.00437,43,10,23,13,1098,2293,1195,revision-added exploratory
qasper,dense,f1f7a040545c9501215d3391e267c7874f9a6004,1612.09535,60,9,11,2,558,774,216,revision-added exploratory
qasper,dense,f264612db9096caf938bd8ee4085848143b34f81,1605.05166,60,5,5,0,702,702,0,revision-added exploratory
qasper,dense,f2b1e87f61c65aaa99bcf9825de11ae237260270,1909.00786,57,47,47,0,3605,3605,0,revision-added exploratory
qasper,dense,f2b8a2ed5916d75cf568a931829a5a3cde2fc345,1801.05617,85,23,23,0,1803,1803,0,revision-added exploratory
qasper,dense,f2bcfdbebb418e7da165c19b8c7167719432ee48,1603.07252,50,17,32,15,1572,3034,1462,revision-added exploratory
qasper,dense,f381b0ef693243d67657f6c34bbce015f6b1fd07,1603.08868,35,6,6,0,595,595,0,revision-added exploratory
qasper,dense,f3b4e52ba962a0004064132d123fd9b78d9e12e2,1907.12984,107,24,34,10,1590,2218,628,revision-added exploratory
qasper,dense,f3b851c9063192c86a3cc33b2328c02efa41b668,2003.08769,32,24,24,0,1547,1547,0,revision-added exploratory
qasper,dense,f40e23adc8245562c8677f0f86fa5175179b5422,1807.08089,47,12,39,27,1185,3393,2208,revision-added exploratory
qasper,dense,f4e16b185b506713ff99acc4dbd9ec3208e4997b,1602.07563,120,9,98,89,572,7951,7379,revision-added exploratory
qasper,dense,f52c9744a371104eb2677c181a7004f7a77d9dd3,1912.00342,115,76,76,0,4254,4254,0,revision-added exploratory
qasper,dense,f5513f9314b9d7b41518f98c6bc6d42b8555258d,1605.05166,60,59,60,1,4392,4482,90,revision-added exploratory
qasper,dense,f5913e37039b9517a323ec700b712e898316161b,1711.03759,31,24,24,0,1793,1793,0,revision-added exploratory
qasper,dense,f5bc07df5c61dcb589a848bd36f4ce9c22abd46a,1703.10090,27,24,26,2,2873,3038,165,revision-added exploratory
qasper,dense,f61268905626c0b2a715282478a5e373adda516c,2003.07459,28,1,23,22,110,2900,2790,revision-added exploratory
qasper,dense,f637bba86cfb94ca8ac4b058faf839c257d5eaa0,1806.07042,52,15,15,0,1056,1056,0,revision-added exploratory
qasper,dense,f64449a21c452bc5395a0f0a49fb49825e6385f4,1909.04387,28,1,13,12,291,1275,984,revision-added exploratory
qasper,dense,f71b95001dce46ee35cdbd8d177676de19ca2611,1911.07620,51,25,25,0,1762,1762,0,revision-added exploratory
qasper,dense,f741d32b92630328df30f674af16fbbefcad3f93,1805.09821,22,5,20,15,596,2049,1453,revision-added exploratory
qasper,dense,f7662b11e87c1e051e13799413f3db459ac3e19c,1911.10742,54,22,30,8,2363,3246,883,revision-added exploratory
qasper,dense,f77d7cddef3e021d70e16b9e16cecfd4b8ee80d3,1606.07947,55,2,32,30,199,2415,2216,revision-added exploratory
qasper,dense,f7b91b99279833f9f489635eb8f77c6d13136098,1912.11980,61,3,19,16,247,1623,1376,revision-added exploratory
qasper,dense,f7d61648ae4bd46c603a271185c3adfac5fc5114,1909.00369,57,1,4,3,125,468,343,revision-added exploratory
qasper,dense,f7ee48dd32c666ef83a4ae4aa06bcde85dd8ec4b,1804.07445,34,30,30,0,1853,1853,0,revision-added exploratory
qasper,dense,f88f45ef563ea9e40c5767ab2eaa77f4700f95f8,2002.09616,65,6,6,0,344,344,0,revision-added exploratory
qasper,dense,f8bba20d1781ce2b14fad28d6eff024e5a6c2c02,1709.06365,75,2,7,5,315,924,609,revision-added exploratory
qasper,dense,f8f64da7172e72e684f0e024a19411b43629ff55,1804.05306,34,1,3,2,58,244,186,revision-added exploratory
qasper,dense,f92c344e9b1a986754277fd0f08a47dc3e5f9feb,1803.08419,61,6,18,12,464,1778,1314,revision-added exploratory
qasper,dense,f93bad406e004014618dd64f6c604b1a9ee6a371,1811.00127,64,4,4,0,415,415,0,revision-added exploratory
qasper,dense,f9ae1b31c1a60aacb9ef869e1cc6b0e70c6e5d8e,2002.04374,20,18,18,0,2355,2355,0,revision-added exploratory
qasper,dense,fa5f5f58f6277a1e433f80c9a92a5629d6d9a271,2002.09616,65,1,1,0,52,52,0,revision-added exploratory
qasper,dense,fa800a21469a70fa6490bfc67cabdcc8bf086fb5,1902.06734,43,7,7,0,492,492,0,revision-added exploratory
qasper,dense,fac273ecb3e72f2dc94cdbc797582d7225a8e070,1703.05320,60,16,52,36,1509,3577,2068,revision-added exploratory
qasper,dense,faffcc6ef27c1441e6528f924e320368430d8da3,1908.08917,43,2,15,13,327,2682,2355,revision-added exploratory
qasper,dense,fb06ed5cf9f04ff2039298af33384ca71ddbb461,1806.09652,34,6,6,0,376,376,0,revision-added exploratory
qasper,dense,fc62549a8f0922c09996a119b2b6a8b5e829e989,1701.03578,41,3,8,5,425,886,461,revision-added exploratory
qasper,dense,fcb0ac1934e2fd9f58f4b459e6853999a27844f9,2004.02214,55,10,10,0,627,627,0,revision-added exploratory
qasper,dense,fcdafaea5b1c9edee305b81f6865efc8b8dc50d3,1707.02892,71,21,21,0,931,931,0,revision-added exploratory
qasper,dense,fd651d19046966ca65d4bcf6f6ae9c66cdf13777,2002.10210,50,1,1,0,154,154,0,revision-added exploratory
qasper,dense,fd8a8eb69f07c584a76633f8802c2746f7236d64,1911.03642,42,3,3,0,163,163,0,revision-added exploratory
qasper,dense,fda47c68fd5f7b44bd539f83ded5882b96c36dd7,1704.03279,32,2,2,0,422,422,0,revision-added exploratory
qasper,dense,fe1a74449847755cd7a46647cc9d384abfee789e,1901.03253,68,1,1,0,23,23,0,revision-added exploratory
qasper,dense,fe52b093735bb456d7e699aa9a2b806d2b498ba0,1905.00840,31,13,15,2,1141,1393,252,revision-added exploratory
qasper,dense,fe6181ab0aecf5bc8c3def843f82e530347d918b,1911.09753,45,3,3,0,285,285,0,revision-added exploratory
qasper,dense,fea9b4d136156f23a88e5c7841874a467f2ba86d,1908.06259,41,8,8,0,491,491,0,revision-added exploratory
qasper,dense,fee498457774d9617068890ff29528e9fa05a2ac,2003.03728,34,4,29,25,147,1940,1793,revision-added exploratory
qasper,dense,fef5b65263c81299acc350a101dabaf5a8cb9c6e,1807.08089,47,1,1,0,60,60,0,revision-added exploratory
qasper,dense,ff36168caf48161db7039e3bd4732cef31d4de99,1909.11706,31,1,1,0,134,134,0,revision-added exploratory
qasper,lead,000549a217ea24432c0656598279dbb85378c113,1804.05253,26,5,5,0,472,472,0,revision-added exploratory
qasper,lead,00341a46a67d31d36e6dc54d5297626319584891,1604.02201,29,7,7,0,959,959,0,revision-added exploratory
qasper,lead,00aea97f69290b496ed11eb45a201ad28d741460,1909.01860,23,15,15,0,1296,1296,0,revision-added exploratory
qasper,lead,00c443f8d32d6baf7c7cea8f4ca9fa749532ccfd,1612.00866,55,31,31,0,4285,4285,0,revision-added exploratory
qasper,lead,00db191facf903cef18fb1727d1cab638c277e0a,1906.05506,40,25,31,6,1758,2394,636,revision-added exploratory
qasper,lead,00df1ff914956d4d23299d02fd44e4c985bb61fa,1903.10318,39,35,35,0,1577,1577,0,revision-added exploratory
qasper,lead,00e4c9aa87411dfc5455fc92f10e5c9266e7b95e,1710.06923,52,35,36,1,2078,2195,117,revision-added exploratory
qasper,lead,00f507053c47e55d7e72bebdbd8a75b3ca88cf85,1806.07042,52,41,41,0,3583,3583,0,revision-added exploratory
qasper,lead,00ffe2c59a3ba18d6d2b353d6ab062a152c88526,1709.05453,56,7,37,30,610,2228,1618,revision-added exploratory
qasper,lead,014a3aa07686ee18a86c977bf0701db082e8480b,1908.06493,41,16,19,3,1426,1574,148,revision-added exploratory
qasper,lead,018b81f810a39b3f437a85573d24531efccd835f,1906.11085,25,10,10,0,873,873,0,revision-added exploratory
qasper,lead,01c8c3836467a4399cc37e86244b5bdc5dda2401,1804.09692,49,26,26,0,2244,2244,0,revision-added exploratory
qasper,lead,028d0d9b7a71133e51a14a32cd09dea1e2f39f05,1804.01155,55,27,31,4,3480,3813,333,revision-added exploratory
qasper,lead,02a5acb484bda77ef32a13f5d93d336472cf8cd4,1612.04118,27,20,20,0,1218,1218,0,revision-added exploratory
qasper,lead,036c400424357457e42b22df477b7c3cdc2eefe9,1711.11118,15,3,3,0,448,448,0,revision-added exploratory
qasper,lead,042800c3336ed5f4826203616a39747c61382ba6,1709.05453,56,41,41,0,2500,2500,0,revision-added exploratory
qasper,lead,04796aaa59eeb2176339c0651838670fd916074d,1906.11085,25,20,20,0,1582,1582,0,revision-added exploratory
qasper,lead,051034cc94f2c02d3041575c53f969b3311c9ea1,1804.07445,34,23,26,3,1490,1757,267,revision-added exploratory
qasper,lead,058b6e3fdbb607fa7dbfc688628b3e13e130c35a,1912.00239,42,34,34,0,3274,3274,0,revision-added exploratory
qasper,lead,065623cc1d5f5b19ec1f84d286522fc2f805c6ce,1706.04206,34,30,30,0,2081,2081,0,revision-added exploratory
qasper,lead,07104dd36a0e7fdd2c211ad710de9a605495b697,1908.05908,41,12,20,8,1230,1885,655,revision-added exploratory
qasper,lead,075d6ab5dd132666e85d0b6ad238118271dfc147,1909.00786,57,4,4,0,450,450,0,revision-added exploratory
qasper,lead,0778cbbd093f8b779f7cf26302b2a8e081ccfb40,1703.10152,41,1,1,0,333,333,0,revision-added exploratory
qasper,lead,079e654c97508c521c07ab4d24cdaaede5602c61,1605.05156,26,6,6,0,771,771,0,revision-added exploratory
qasper,lead,07a214748a69b31400585aef7aba6af3e3d9cce2,1612.05202,43,5,5,0,364,364,0,revision-added exploratory
qasper,lead,07d98dfa88944abd12acd45e98fb7d3719986aeb,1909.07873,52,43,52,9,4227,5141,914,revision-added exploratory
qasper,lead,08561f6ba578ce8f8d284abf90f5b24eb1f804d3,1901.03253,68,10,22,12,1099,1967,868,revision-added exploratory
qasper,lead,088d42ecb1e15515f6a97a0da2fed81b61d61a23,1909.00437,43,14,33,19,1176,2962,1786,revision-added exploratory
qasper,lead,08b77c52676167af72581079adf1ca2b994ce251,2002.10210,50,42,42,0,3457,3457,0,revision-added exploratory
qasper,lead,08c0d4db14773cbed8a63e69381a2265e85f8765,1901.05389,45,18,18,0,2374,2374,0,revision-added exploratory
qasper,lead,0a5fd0e5f4ab12be57be20416a5ea7c3db5fb662,1912.10162,37,23,24,1,1778,1824,46,revision-added exploratory
qasper,lead,0a70af6ba334dfd3574991b1dd06f54fc6a700f2,1910.01160,23,20,21,1,1797,1916,119,revision-added exploratory
qasper,lead,0abc2499195185c94837e0340d00cd3b83ee795e,1909.13184,17,4,12,8,792,1530,738,revision-added exploratory
qasper,lead,0ac6fbd81e2dd95b800283dc7e59ce969d45fc02,1708.05521,24,9,9,0,724,724,0,revision-added exploratory
qasper,lead,0aca0a208a1e28857fab44e397dc7880e010dbca,2003.12139,28,21,25,4,2580,3004,424,revision-added exploratory
qasper,lead,0b10cfa61595b21bf3ff13b4df0fe1c17bbbf4e9,1908.07721,72,7,29,22,562,2001,1439,revision-added exploratory
qasper,lead,0b1cc6c0de286eb724b1fd18dbc93e67ab89a236,1908.11664,66,4,17,13,389,1157,768,revision-added exploratory
qasper,lead,0b5a7ccf09810ff5a86162d502697d16b3536249,1911.03353,35,6,14,8,460,1031,571,revision-added exploratory
qasper,lead,0b5bf00d2788c534c4c6c007b72290c48be21e16,1806.07042,52,43,43,0,3987,3987,0,revision-added exploratory
qasper,lead,0b5c599195973c563c4b1a0fe5d8fc77204d71a0,1811.01183,50,16,16,0,1522,1522,0,revision-added exploratory
qasper,lead,0bc305d6b90f77f835bc4c904b22a4be07f963b2,1606.02601,56,40,40,0,2676,2676,0,revision-added exploratory
qasper,lead,0bd3bea892c34a3820e98c4a42cdeda03753146b,1805.04558,131,44,44,0,2115,2115,0,revision-added exploratory
qasper,lead,0bde3ecfdd7c4a9af23f53da2cda6cd7a8398220,1804.07445,34,21,25,4,1148,1664,516,revision-added exploratory
qasper,lead,0c4e419fe57bf01d58a44f3e263777c22cdd90dc,1911.06815,26,4,4,0,361,361,0,revision-added exploratory
qasper,lead,0d3193d17c0a4edc8fa9854f279c2a1b878e8b29,2002.00175,58,15,40,25,840,1935,1095,revision-added exploratory
qasper,lead,0d9241e904bd2bbf5b9a6ed7b5fc929651d3e28e,1910.13793,45,20,20,0,1382,1382,0,revision-added exploratory
qasper,lead,0dbb5309d2be97f6eda29d7ae220aa16cafbabb7,1610.00479,110,32,35,3,2773,3130,357,revision-added exploratory
qasper,lead,0dc9050c832a6091bc9db3f7fa7be72139f51177,1902.08830,107,24,24,0,3187,3187,0,revision-added exploratory
qasper,lead,0dfe43985dea45d93ae2504cccca15ae1e207ccf,2002.00175,58,44,44,0,2208,2208,0,revision-added exploratory
qasper,lead,0ef114d24a7a32821967e912dff23c016c4eab41,1901.09501,43,28,28,0,2297,2297,0,revision-added exploratory
qasper,lead,0f1f81b6d4aa0da38b4cc8b060926e7df61bb646,1909.05190,59,37,51,14,2416,3505,1089,revision-added exploratory
qasper,lead,0f9c1586f1b4b531fa4fd113e767d06af90b1ae8,1603.07252,50,42,44,2,3215,3500,285,revision-added exploratory
qasper,lead,0fe49431db5ffaa24372919daf24d8f84117bfda,1603.07252,50,8,16,8,829,1486,657,revision-added exploratory
qasper,lead,0fee37ebe0a010cf8bd665fa566306d8e7d12631,1709.06365,75,53,54,1,3845,3880,35,revision-added exploratory
qasper,lead,1002bd01372eba0f3078fb4a951505278ed45f2e,1906.01076,52,24,31,7,1723,1929,206,revision-added exploratory
qasper,lead,10edfb9428b8a4652274c13962917662fdf84f8a,1911.07620,51,22,22,0,1629,1629,0,revision-added exploratory
qasper,lead,1100e442e00c9914538a32aca7af994ce42e1b66,1911.03854,26,16,16,0,1264,1264,0,revision-added exploratory
qasper,lead,1128a600a813116cba9a2cf99d8568ae340f327a,1802.08969,106,98,98,0,3758,3758,0,revision-added exploratory
qasper,lead,11679d1feba747c64bbbc62939a20fbb69ada0f3,1902.06734,43,19,19,0,2146,2146,0,revision-added exploratory
qasper,lead,119c404da6e42d4879eee10edeab4b2851162659,1910.10762,34,11,13,2,987,1138,151,revision-added exploratory
qasper,lead,11a3af3f056e0fb5559fe5cbff1640e022732735,1612.05202,43,35,35,0,1543,1543,0,revision-added exploratory
qasper,lead,11a8531699952f5a2286a4311f0fe80ed1befa1e,1905.07562,50,8,20,12,1283,2932,1649,revision-added exploratory
qasper,lead,11c4071d9d7efeede84f47892b1fa0c6a93667eb,2004.02334,53,27,27,0,2022,2022,0,revision-added exploratory
qasper,lead,11ef46187a5bf15e89d63220fdeaecbeb92d818e,1610.06510,53,27,27,0,1979,1979,0,revision-added exploratory
qasper,lead,11f9c207476af75a9272105e646df02594059c3f,1603.09381,27,18,18,0,1231,1231,0,revision-added exploratory
qasper,lead,12dc04e0ec1d3ba5ec543069fe457dfa4a1cac07,1910.13793,45,20,20,0,1382,1382,0,revision-added exploratory
qasper,lead,130d73400698e2b3c6860b07f2e957e3ff022d48,1909.00871,49,23,23,0,2467,2467,0,revision-added exploratory
qasper,lead,138ad61b43c85d5db166ea9bd3d3b19bb2e2bbfb,1909.13184,17,5,16,11,1078,2025,947,revision-added exploratory
qasper,lead,141f23e87c10c2d54d559881e641c983e3ec8ef3,1911.09241,57,21,21,0,1885,1885,0,revision-added exploratory
qasper,lead,14fdc8087f2a62baea9d50c4aa3a3f8310b38d17,1909.12208,36,24,35,11,2666,3676,1010,revision-added exploratory
qasper,lead,157284acedf13377cbc6d58c8f3648d3a62f5db5,1905.05644,55,40,40,0,2165,2165,0,revision-added exploratory
qasper,lead,157de5175259d6f25db703efb299f948dae597b7,1708.07690,42,4,9,5,225,497,272,revision-added exploratory
qasper,lead,15aeda407ae3912419fd89211cdb98989d9cde58,1908.08788,21,14,19,5,1151,1946,795,revision-added exploratory
qasper,lead,16a10c1681dc5a399b6d34b4eed7bb1fef816dd0,1910.02001,82,59,61,2,3392,3550,158,revision-added exploratory
qasper,lead,16cc37e4f8e2db99eaf89337a3d9ada431170d5b,1907.08540,47,7,7,0,876,876,0,revision-added exploratory
qasper,lead,16edc21a6abc89ee2280dccf1c867c2ac4552524,1809.03695,18,9,9,0,724,724,0,revision-added exploratory
qasper,lead,1702985a3528e876bb19b8e223399729d778b4e4,2003.12450,6,5,5,0,618,618,0,revision-added exploratory
qasper,lead,175cddfd0bcd77b7327b62f99e57d8ea93f8d8ba,1906.05685,48,30,30,0,1898,1898,0,revision-added exploratory
qasper,lead,17fd6deb9e10707f9d1b70165dedb045e1889aac,1908.11053,64,43,52,9,2560,2979,419,revision-added exploratory
qasper,lead,180c7bea8caf05ca97d9962b90eb454be4176425,1910.01160,23,11,11,0,959,959,0,revision-added exploratory
qasper,lead,182eb91090017a7c8ea38a88b219b641842664e4,1901.09501,43,16,16,0,1746,1746,0,revision-added exploratory
qasper,lead,183b385fb59ff1e3f658d4555a08b67c005a8734,1809.03391,33,3,7,4,253,640,387,revision-added exploratory
qasper,lead,19ebfba9aa5a9596b09a0cfb084ff8ebf24a3b91,1602.03483,43,3,42,39,359,3443,3084,revision-added exploratory
qasper,lead,1a2b69dfa81dfeadd67b133229476086f2cc74a8,1712.00733,74,15,15,0,1587,1587,0,revision-added exploratory
qasper,lead,1a419468d255d40ae82ed7777618072a48f0091b,1704.06851,45,19,20,1,1708,1936,228,revision-added exploratory
qasper,lead,1a6156189297b2fe17f174ef55cbd20341bb7dbf,1611.06322,49,39,39,0,3174,3174,0,revision-added exploratory
qasper,lead,1acf06105f6c1930f869347ef88160f55cbf382b,1909.00871,49,17,18,1,1718,1814,96,revision-added exploratory
qasper,lead,1c182b4805b336bd6e1a3f43dc84b07db3908d4a,1910.12203,25,9,9,0,721,721,0,revision-added exploratory
qasper,lead,1ce6c09cf886df41a3d3c52ce82f370c5a30334a,1905.01347,15,11,11,0,1178,1178,0,revision-added exploratory
qasper,lead,1d047286ac63e5dca1ab811172b89d7d125679e5,1910.03943,52,30,30,0,2331,2331,0,revision-added exploratory
qasper,lead,1d10e069b4304fabfbed69acf409f0a311bdc441,1806.09652,34,30,30,0,1963,1963,0,revision-added exploratory
qasper,lead,1d263356692ed8cdee2a13f103a82d98f43d66eb,2003.11528,61,12,32,20,480,2041,1561,revision-added exploratory
qasper,lead,1d6d21043b9fd0ed3ccccdc6317dcf5a1347ef03,1802.09059,34,2,30,28,276,2673,2397,revision-added exploratory
qasper,lead,1d7b99646a1bc05beec633d7a3beb083ad1e8734,1803.02155,48,35,35,0,1395,1395,0,revision-added exploratory
qasper,lead,1d9d7c96c5e826ac06741eb40e89fca6b4b022bd,1603.00957,54,5,7,2,524,809,285,revision-added exploratory
qasper,lead,1dc5bf9dca7de2ba21db10e9056d3906267ef5d5,1912.07940,30,4,7,3,443,704,261,revision-added exploratory
qasper,lead,1dcfcfa46dbcffc2fc7be92dd57df9620258097b,1908.11046,58,48,48,0,2937,2937,0,revision-added exploratory
qasper,lead,1e11e74481ead4b7635922bbe0de041dc2dde28d,1610.03807,23,21,21,0,1669,1669,0,revision-added exploratory
qasper,lead,1e7e3f0f760cd628f698b73d82c0f946707855ca,1710.07695,63,44,44,0,2023,2023,0,revision-added exploratory
qasper,lead,1ec0be667a6594eb2e07c50258b120e693e040a8,1805.11598,24,12,12,0,1008,1008,0,revision-added exploratory
qasper,lead,1ecbbb60dc44a701e9c57c22167dd412711bb0be,1812.00382,22,9,9,0,1090,1090,0,revision-added exploratory
qasper,lead,1f011fa772ce802e74eda89f706cdb1aa2833686,1910.01340,46,23,23,0,1809,1809,0,revision-added exploratory
qasper,lead,1f053f338df6d238cb163af1a0b1b073e749ed8a,1806.09652,34,25,28,3,1694,1816,122,revision-added exploratory
qasper,lead,1f40adc719d8ccda81e7e90525b577f5698b5aad,1803.07828,32,8,11,3,1117,1229,112,revision-added exploratory
qasper,lead,1f8044487af39244d723582b8a68f94750eed2cc,1910.01340,46,14,14,0,1420,1420,0,revision-added exploratory
qasper,lead,1faccdc78bbd99320c160ac386012720a0552119,1908.11053,64,40,40,0,2288,2288,0,revision-added exploratory
qasper,lead,1fcd25e9a63a53451cac9ad2b8a1b529aff44a97,1910.01992,36,23,23,0,1493,1493,0,revision-added exploratory
qasper,lead,1fd31fdfff93d65f36e93f6919f6976f5f172197,1709.05295,35,3,9,6,260,1046,786,revision-added exploratory
qasper,lead,200c37060d037dee33f3b7c8b1a2aaa58376566e,1903.04329,32,24,24,0,1992,1992,0,revision-added exploratory
qasper,lead,20632fc4d2b693b5aabfbbc99ee5c1e9fc485dea,1912.02866,53,2,21,19,225,1854,1629,revision-added exploratory
qasper,lead,21c89ee0281f093b209533453196306b9699b552,1706.00188,14,3,6,3,306,501,195,revision-added exploratory
qasper,lead,21f6cb3819c85312364dd17dd4091df946591ef0,1704.08390,29,20,20,0,1182,1182,0,revision-added exploratory
qasper,lead,22225ba18a6efe74b1315cc08405011d5431498e,1705.00571,30,5,18,13,617,1122,505,revision-added exploratory
qasper,lead,22488c8628b6db5fd708b6471c31a8eac31f66df,1906.01749,52,4,10,6,510,1199,689,revision-added exploratory
qasper,lead,2280ed1e2b3e99921e2bca21231af43b58ca04f0,1911.09247,68,44,44,0,2249,2249,0,revision-added exploratory
qasper,lead,22c125c461f565f5437dac74bf19c2ef317bad86,1703.04009,20,7,7,0,969,969,0,revision-added exploratory
qasper,lead,2301424672cb79297cf7ad95f23b58515e4acce8,1911.05652,34,2,33,31,218,2276,2058,revision-added exploratory
qasper,lead,230f127e83ac62dd65fccf6b1a4960cf0f7316c7,2004.02401,33,23,23,0,1918,1918,0,revision-added exploratory
qasper,lead,230ff86b7b90b87c33c53014bb1e9c582dfc107f,1805.11937,43,6,40,34,575,2774,2199,revision-added exploratory
qasper,lead,23252644c04a043f630a855b563666dd57179d98,2002.00175,58,44,44,0,2208,2208,0,revision-added exploratory
qasper,lead,235c7c7ca719068136928b18e19f9661e0f72806,2004.01820,92,32,33,1,2206,2288,82,revision-added exploratory
qasper,lead,23cbf6ab365c1eb760b565d8ba51fb3f06257d62,1910.02677,56,42,42,0,1916,1916,0,revision-added exploratory
qasper,lead,23fe8431058f2a7b7588745766fc715f271aad07,2004.02334,53,27,27,0,2022,2022,0,revision-added exploratory
qasper,lead,243cf21c4e34c4b91fcc4905aa4dc15a72087f0c,1903.02930,20,17,17,0,913,913,0,revision-added exploratory
qasper,lead,246e924017c48fa1f069361c44133fdf4f0386e1,1909.01720,69,12,12,0,1055,1055,0,revision-added exploratory
qasper,lead,252599e53f52b3375b26d4e8e8b66322a42d2563,1709.06365,75,18,21,3,2106,2415,309,revision-added exploratory
qasper,lead,25a8d432bf94af1662837877bc6c284e2fc3fbe2,1908.10001,38,24,24,0,1444,1444,0,revision-added exploratory
qasper,lead,25e6ba07285155266c3154d3e2ca1ae05c2f7f2d,2004.03090,28,12,17,5,1137,1479,342,revision-added exploratory
qasper,lead,26844cec57df6ff0f02245ea862af316b89edffe,1808.10290,38,15,18,3,1067,1375,308,revision-added exploratory
qasper,lead,2686e8d51caff9a19684e0c9984bcb5a1937d08d,1606.02892,49,24,24,0,1286,1286,0,revision-added exploratory
qasper,lead,26e32f24fe0c31ef25de78935daa479534b9dd58,1911.01940,47,14,15,1,1112,1194,82,revision-added exploratory
qasper,lead,26eceba0e6e4c0b6dfa94e5708dd74b63f701731,1712.02555,55,6,6,0,609,609,0,revision-added exploratory
qasper,lead,2711ae6dd532d136295c95253dbf202e37ecd3e7,1909.06708,30,15,28,13,1263,2159,896,revision-added exploratory
qasper,lead,2749fb1725a2c4bdba5848e2fc424a43e7c4be51,2004.04498,93,5,40,35,324,1994,1670,revision-added exploratory
qasper,lead,27d7a30e42921e77cfffafac5cb0d16ce5a7df99,1707.02892,71,25,25,0,1170,1170,0,revision-added exploratory
qasper,lead,2834a340116026d5995e537d474a47d6a74c3745,1705.01306,50,37,37,0,1353,1353,0,revision-added exploratory
qasper,lead,283d358606341c399e369f2ba7952cd955326f73,1611.02378,52,12,21,9,1334,2109,775,revision-added exploratory
qasper,lead,28847b20ca63dc56f2545e6f6ec3082d9dbe1b3f,2003.12660,26,13,13,0,738,738,0,revision-added exploratory
qasper,lead,2895a3fc63f6f403445c11043460584e949fb16c,1710.07695,63,13,26,13,809,1385,576,revision-added exploratory
qasper,lead,28a8a1542b45f67674a2f1d54fff7a1e45bfad66,2002.04326,24,12,15,3,2023,2376,353,revision-added exploratory
qasper,lead,2929e92f9b4939297b4d0f799d464d46e8d52063,1908.11046,58,46,46,0,2725,2725,0,revision-added exploratory
qasper,lead,2974237446d04da33b78ce6d22a477cdf80877b7,1611.06322,49,1,19,18,127,1498,1371,revision-added exploratory
qasper,lead,29794bda61665a1fbe736111e107fd181eacba1b,1911.01214,74,7,24,17,627,1746,1119,revision-added exploratory
qasper,lead,2a120f358f50c377b5b63fb32633223fa4ee2149,1803.05160,71,3,4,1,442,499,57,revision-added exploratory
qasper,lead,2a9c7243744b42f1e9fed9ff2ab17c6f156b1ba4,1804.05306,34,27,27,0,2128,2128,0,revision-added exploratory
qasper,lead,2abcff4fdedf9b17f76875cc338ba4ab8d1eccd3,2003.11687,35,1,1,0,263,263,0,revision-added exploratory
qasper,lead,2abf916bc03222d3b2a3d66851d87921ff35c0d2,1803.06745,41,9,14,5,1072,1267,195,revision-added exploratory
qasper,lead,2ae66798333b905172e2c0954e9808662ab7f221,1903.00384,48,17,21,4,1359,1496,137,revision-added exploratory
qasper,lead,2aeabec8a734a6e8ca9e7a308dd8c9a1011b3d6e,1801.05617,85,29,60,31,2807,4365,1558,revision-added exploratory
qasper,lead,2b32cf05c5e736f764ceecc08477e20ab9f2f5d7,1908.06493,41,33,36,3,2492,2788,296,revision-added exploratory
qasper,lead,2ba2ff6c21a16bd295b07af1ef635b3b4c5bd17e,1912.04979,59,54,55,1,5242,5394,152,revision-added exploratory
qasper,lead,2bd702174e915d97884d1571539fb1b5b0b7123a,1802.02614,46,28,30,2,2192,2389,197,revision-added exploratory
qasper,lead,2c60628d54f2492e0cbf0fb8bacd8e54117f0c18,1902.10246,24,12,12,0,1066,1066,0,revision-added exploratory
qasper,lead,2ca3ca39d59f448e30be6798514709be7e3c62d8,1603.01547,67,14,53,39,784,2921,2137,revision-added exploratory
qasper,lead,2cb20bae085b67e357ab1e18ebafeac4bbde5b4a,1901.05389,45,31,31,0,4078,4078,0,revision-added exploratory
qasper,lead,2d5d0b0c54105717bf48559b914fefd0c94964a6,2003.12660,26,3,6,3,213,393,180,revision-added exploratory
qasper,lead,2d91554c3f320a4bcfeb00aa466309074a206712,1903.01411,78,35,70,35,1699,2875,1176,revision-added exploratory
qasper,lead,2dba0b83fc22995f83e7ac66cc8f68bcdcc70ee9,1909.04251,58,49,49,0,3485,3485,0,revision-added exploratory
qasper,lead,2ddfb40a9e73f382a2eb641c8e22bbb80cef017b,1906.01502,30,7,23,16,588,1843,1255,revision-added exploratory
qasper,lead,2e37eb2a2a9ad80391e57acb53616eab048ab640,2003.13028,66,24,26,2,858,922,64,revision-added exploratory
qasper,lead,2e4688205c8e344cded7a053b6014cce04ef1bd5,1611.04234,31,28,28,0,1648,1648,0,revision-added exploratory
qasper,lead,2ecd12069388fd58ad5f8f4ae7ac1bb4f56497b9,1905.08067,27,14,14,0,2398,2398,0,revision-added exploratory
qasper,lead,2ee4ecf98ef7d02c9e4d103968098fe35f067bbb,1908.07491,30,11,13,2,671,846,175,revision-added exploratory
qasper,lead,2f23bd86a9e27dcd88007c9058ddfce78a1a377b,1707.07568,38,2,2,0,226,226,0,revision-added exploratory
qasper,lead,2f75b0498cf6a1fc35f1fb1cac44fc2fbd3d7878,2002.00175,58,44,47,3,2208,2297,89,revision-added exploratory
qasper,lead,301a453abaa3bc15976817fefce7a41f3b779907,1805.04558,131,13,13,0,912,912,0,revision-added exploratory
qasper,lead,30870a962cf88ac8c8e6b7b795936fd62214f507,1709.06136,45,22,22,0,2028,2028,0,revision-added exploratory
qasper,lead,311f9971d61b91c7d76bba1ad6f038390977a8be,1910.02677,56,24,24,0,1716,1716,0,revision-added exploratory
qasper,lead,31894361833b3e329a1fb9ebf85a78841cff229f,1905.08067,27,11,11,0,1846,1846,0,revision-added exploratory
qasper,lead,31a3ec8d550054465e55a26b0136f4d50d72d354,1608.01972,44,21,39,18,1852,3527,1675,revision-added exploratory
qasper,lead,31e6062ba45d8956791e1b86bad7efcb6d1b191a,1703.10152,41,18,24,6,1384,1586,202,revision-added exploratory
qasper,lead,32f2aa2df0152050cbcd27dd2f408b2fa5894031,1711.01567,29,4,18,14,403,1691,1288,revision-added exploratory
qasper,lead,3319d56556ae1597a86384057db0831e32774b90,1611.06322,49,31,39,8,2624,3174,550,revision-added exploratory
qasper,lead,334aa5540c207768931a0fe78aa4981a895ba37c,1909.11980,29,24,24,0,1243,1243,0,revision-added exploratory
qasper,lead,338a3758dccfa438a52d173fbe23a165ef74a0f0,1909.12016,56,27,27,0,1383,1383,0,revision-added exploratory
qasper,lead,3435e365adf7866e45670c865dc33bb7d2a6a0c6,1911.03642,42,14,14,0,1060,1060,0,revision-added exploratory
qasper,lead,344238de7208902f7b3a46819cc6d83cc37448a0,1908.06024,37,14,19,5,2337,2947,610,revision-added exploratory
qasper,lead,3450723bf66956486de777f141bde5073e4a7694,1906.01076,52,15,15,0,1089,1089,0,revision-added exploratory
qasper,lead,34b434825f0ca3225dc8914f9da865d2b4674f08,1912.08084,68,48,50,2,3108,3244,136,revision-added exploratory
qasper,lead,34e9e54fa79e89ecacac35f97b33ef3ca3a00f85,1909.02855,31,3,3,0,519,519,0,revision-added exploratory
qasper,lead,351f7b254e80348221e0654478663a5e53d3fe65,1810.12897,25,17,17,0,1676,1676,0,revision-added exploratory
qasper,lead,3588988f2230f3329d7523fbb881b20bf177280d,1811.00051,245,152,152,0,10035,10035,0,revision-added exploratory
qasper,lead,35e0e6f89b010f34cfb69309b85db524a419c862,1911.10401,27,4,4,0,895,895,0,revision-added exploratory
qasper,lead,35f48b8f73728fbdeb271b170804190b5448485a,1809.03695,18,7,9,2,606,724,118,revision-added exploratory
qasper,lead,361f330d3232681f1a13c6d59abb6c18246e7b35,1909.00369,57,56,56,0,4120,4120,0,revision-added exploratory
qasper,lead,363a24ecb8ab45215134935e7e8165fff72ff90f,2004.01970,38,29,30,1,1282,1333,51,revision-added exploratory
qasper,lead,3699927c6c1146f5057576034d226a99946d52cb,1902.08830,107,3,7,4,482,1142,660,revision-added exploratory
qasper,lead,369d7bc5351409910c7a5e05c0cbb5abab8e50ec,2004.03090,28,12,12,0,1137,1137,0,revision-added exploratory
qasper,lead,36cb7ebdd39e0b8a89ff946d3a3aef8a76a6bb43,1908.09919,27,3,24,21,204,2125,1921,revision-added exploratory
qasper,lead,371433bd3fb5042bacec4dfad3cfff66147c14f0,1909.04387,28,24,24,0,1282,1282,0,revision-added exploratory
qasper,lead,376e8ed6e039e07c892c77b7525778178d56acb7,1908.07491,30,13,13,0,846,846,0,revision-added exploratory
qasper,lead,37ac705166fa87dc74fe86575bf04bea56cc4930,2004.02363,19,15,15,0,1567,1567,0,revision-added exploratory
qasper,lead,37b972a3afae04193411dc569f672d802c16ad71,1911.06815,26,4,4,0,361,361,0,revision-added exploratory
qasper,lead,37e6ce5cfc9d311e760dad8967d5085446125408,2002.08902,29,22,22,0,1526,1526,0,revision-added exploratory
qasper,lead,38055717edf833566d912f14137b92a1d9c4f65a,1909.10481,43,11,21,10,1196,2137,941,revision-added exploratory
qasper,lead,380e71848d4b0d1e983d504b1249119612f00bcb,1706.00188,14,3,7,4,306,663,357,revision-added exploratory
qasper,lead,38289bd9592db4d3670b65a0fef1fe8a309fee61,1603.08868,35,16,16,0,1542,1542,0,revision-added exploratory
qasper,lead,38363a7ed250bc729508c4c1dc975696a65c53cb,1911.04873,26,13,13,0,773,773,0,revision-added exploratory
qasper,lead,389cc454ac97609e9d0f2b2fe70bf43218dd8ba7,1911.03324,57,2,2,0,255,255,0,revision-added exploratory
qasper,lead,389ff1927ba9fc8bac50959fc09f30c2143cc14e,1804.09692,49,41,41,0,3254,3254,0,revision-added exploratory
qasper,lead,38af3f25c36c3725a31304ab96e2c200c55792b4,1806.03369,29,11,12,1,1278,1464,186,revision-added exploratory
qasper,lead,397a1e851aab41c455c2b284f5e4947500d797f0,1911.10742,54,15,15,0,1961,1961,0,revision-added exploratory
qasper,lead,3a06d40a4bf5ba6e26d9138434e9139a014deb40,1908.09283,68,38,38,0,2450,2450,0,revision-added exploratory
qasper,lead,3a19dc6999aeb936d8a1c4509ebd5bfcda50f0f1,1909.12016,56,2,3,1,151,269,118,revision-added exploratory
qasper,lead,3a25f82512d56d9e1ffba72f977f515ae3ba3cca,2003.09244,78,5,77,72,348,5860,5512,revision-added exploratory
qasper,lead,3a33512d253005ac280ee9ca4f9dfa69aa38d48f,1910.07973,16,13,13,0,1319,1319,0,revision-added exploratory
qasper,lead,3c414f7fbf577dfd3363be6bbc9eba8bdd01f45f,1610.03955,49,33,34,1,1979,2017,38,revision-added exploratory
qasper,lead,3cc0d773085dc175b85955e95911a2cfaab2cdc4,1707.06519,32,25,25,0,2851,2851,0,revision-added exploratory
qasper,lead,3cc9a820c4a2cd2ff61da920c41ed09f3c0135be,1911.00461,29,18,27,9,975,1374,399,revision-added exploratory
qasper,lead,3ccc4ccebc3b0de5546b1208e8094a839fd4a4ab,1808.09180,76,4,45,41,419,2267,1848,revision-added exploratory
qasper,lead,3cfe464052f0a248b6e22c9351279403dfe34f3c,1910.10762,34,7,18,11,789,1583,794,revision-added exploratory
qasper,lead,3d5b4aa1ce99903b1fcd257c1e394f7990431d13,1810.13414,282,160,160,0,9534,9534,0,revision-added exploratory
qasper,lead,3d662fb442d5fc332194770aac835f401c2148d9,1911.09247,68,20,50,30,1144,2513,1369,revision-added exploratory
qasper,lead,3d73cb92d866448ec72a571331967da5d34dfbb1,1910.09916,50,38,38,0,2655,2655,0,revision-added exploratory
qasper,lead,3de3a083b8ba3086792d38ae9667e095070f7f37,1905.00472,30,12,12,0,1371,1371,0,revision-added exploratory
qasper,lead,3df6d18d7b25d1c814e9dcc8ba78b3cdfe15edcd,1605.05195,46,14,14,0,1422,1422,0,revision-added exploratory
qasper,lead,3e0fd1a3944e207edbbe7c7108239dbaf3bccd4f,2004.02105,49,12,12,0,1367,1367,0,revision-added exploratory
qasper,lead,3e23cc3c5e4d5cec51d158130d6aeae120e94fc8,1610.07149,72,39,39,0,2173,2173,0,revision-added exploratory
qasper,lead,3e5162e6399c7d03ecc7007efd21d06c04cf2843,1911.11025,66,5,5,0,426,426,0,revision-added exploratory
qasper,lead,3e88fcc94d0f451e87b65658751834f6103b2030,1908.05908,41,16,16,0,1628,1628,0,revision-added exploratory
qasper,lead,3ea82a5ca495ffbd1e30e8655aef1be4ba423efe,1911.12559,22,6,11,5,875,1337,462,revision-added exploratory
qasper,lead,3eb107f35f4f5f5f527a93ffb487aa2e3fe51efd,1805.07882,79,48,48,0,2010,2010,0,revision-added exploratory
qasper,lead,3ed8ac1ba4df6609fa7de5077d83e820641edc5e,1707.09816,50,32,35,3,2241,2412,171,revision-added exploratory
qasper,lead,3f717e6eceab0a066af65ddf782c1ebc502c28c0,1909.12079,42,31,31,0,2145,2145,0,revision-added exploratory
qasper,lead,3f8a42eb0e904ce84c3fded2103f674e9cbc893d,1911.00202,55,3,18,15,327,1720,1393,revision-added exploratory
qasper,lead,3fd8eab282569b1c18b82f20d579b335ae70e79f,1906.01502,30,6,7,1,540,588,48,revision-added exploratory
qasper,lead,4137a82d7752be7a6c142ceb48ce784fd475fb06,1708.05521,24,17,17,0,1364,1364,0,revision-added exploratory
qasper,lead,420862798054f736128a6f0c4393c7f9cc648b40,1603.09405,48,30,30,0,2125,2125,0,revision-added exploratory
qasper,lead,42269ed04e986ec5dc4164bf57ef306aec4a1ae1,1608.01972,44,10,11,1,1058,1103,45,revision-added exploratory
qasper,lead,42279c3a202a93cfb4aef49212ccaf401a3f8761,1803.05160,71,47,47,0,3758,3758,0,revision-added exploratory
qasper,lead,425d17465ff91019eb87c28ff3942f781ba1bbcb,1901.03253,68,23,68,45,1990,6075,4085,revision-added exploratory
qasper,lead,4288621e960ffbfce59ef1c740d30baac1588b9b,1611.04887,45,27,27,0,1828,1828,0,revision-added exploratory
qasper,lead,42a4ab4607a9eec42c427a817b7e898230d26444,1909.09070,59,2,28,26,168,2208,2040,revision-added exploratory
qasper,lead,42dcf1bb19b8470993c05e55413eed487b0f2559,1905.08067,27,5,5,0,700,700,0,revision-added exploratory
qasper,lead,42eb7c5311fc1ac0344f0b38d3184ccd4faad3be,2004.01820,92,37,37,0,2618,2618,0,revision-added exploratory
qasper,lead,430ad71a0fd715a038f3c0fe8d7510e9730fba23,1805.09960,67,46,46,0,2347,2347,0,revision-added exploratory
qasper,lead,43729be0effb5defc62bae930ceacf7219934f1e,2003.07568,59,4,14,10,340,1126,786,revision-added exploratory
qasper,lead,43f43b135109ebd1d2d1f9af979c64ce550b5f0f,1804.05253,26,22,22,0,1293,1293,0,revision-added exploratory
qasper,lead,441a2b80e82266c2cc2b306c0069f2b564813fed,1906.04236,58,47,47,0,3489,3489,0,revision-added exploratory
qasper,lead,4485e32052741972877375667901f61e602ec4de,1805.11850,17,10,10,0,845,845,0,revision-added exploratory
qasper,lead,452e2d7d7d9e1bb4914903479cd7caff9f6fae42,1706.00188,14,9,9,0,860,860,0,revision-added exploratory
qasper,lead,458e5ed506883bfec6623102ec9f43c071f0616f,1801.05617,85,62,62,0,4470,4470,0,revision-added exploratory
qasper,lead,45aab23790161cbc55f78e16fdf5678a3f5b4b92,1610.06510,53,22,22,0,1550,1550,0,revision-added exploratory
qasper,lead,45e6532ac06a59cb6a90624513242b06d7391501,1912.11637,58,10,11,1,583,676,93,revision-added exploratory
qasper,lead,4683812cba21c92319be68c03260b5a8175bbb6e,1602.07563,120,24,118,94,1653,9358,7705,revision-added exploratory
qasper,lead,468eb961215a554ace8088fa9097a7ad239f2d71,2004.04478,67,11,11,0,825,825,0,revision-added exploratory
qasper,lead,46aa61557c8d20b1223a30366a0704d7af68bbbe,1910.07924,82,54,58,4,1525,1593,68,revision-added exploratory
qasper,lead,46d051b8924ad0ef8cfba9c7b5b84707ee72f26a,1907.04072,44,11,11,0,1148,1148,0,revision-added exploratory
qasper,lead,46e660becd727c994a2a35c6587e15ea8bf8272d,1809.08935,10,7,7,0,649,649,0,revision-added exploratory
qasper,lead,471683ba6251b631f38a24d42b6dba6f52dee429,2003.12139,28,15,15,0,1694,1694,0,revision-added exploratory
qasper,lead,4748a50c96acb1aa03f7efd1b43376c193b2450a,1709.04491,19,14,14,0,1730,1730,0,revision-added exploratory
qasper,lead,475e698a801be0ad9e4f74756d1fff4fe0728009,1805.11598,24,9,23,14,722,1893,1171,revision-added exploratory
qasper,lead,475ef4ad32a8589dae9d97048166d732ae5d7beb,1906.01502,30,14,14,0,1120,1120,0,revision-added exploratory
qasper,lead,477da8d997ff87400c6aad19dcc74f8998bc89c3,1805.11850,17,13,15,2,1060,1270,210,revision-added exploratory
qasper,lead,47b7bc232af7bf93338bd3926345e23e9e80c0c1,1811.01183,50,40,40,0,3065,3065,0,revision-added exploratory
qasper,lead,47ffc9811b037613c9c4d1ec1e4f13c08396ed1c,1603.03876,81,55,55,0,2651,2651,0,revision-added exploratory
qasper,lead,488e3c4fd1103c46e12815d1bf414a0356fb0d0e,1903.02930,20,17,17,0,913,913,0,revision-added exploratory
qasper,lead,48ff9645a506aa2c17810d2654d1f0f0d9e609ee,1910.01108,26,16,16,0,1050,1050,0,revision-added exploratory
qasper,lead,4999da863ecbd40378505bfb1f4e395061a3f559,1911.06919,65,61,61,0,3389,3389,0,revision-added exploratory
qasper,lead,49cd18448101da146c3187a44412628f8c722d7b,1705.01306,50,6,6,0,345,345,0,revision-added exploratory
qasper,lead,4a093a9af4903a59057a4372ac1b01603467ca58,1602.07563,120,36,63,27,2712,5162,2450,revision-added exploratory
qasper,lead,4a201b8b9cc566b56aedb5ab45335f202bc41845,1803.07828,32,24,24,0,2069,2069,0,revision-added exploratory
qasper,lead,4a91432abe3f54fcbdd00bb85dc0df95b16edf42,1703.04009,20,7,7,0,969,969,0,revision-added exploratory
qasper,lead,4ae0b50c88a174cfc283b90cd3c9407de13fd370,1802.09059,34,2,14,12,276,1421,1145,revision-added exploratory
qasper,lead,4afd4cfcb30433714b135b977baff346323af1e3,1911.02747,29,5,5,0,573,573,0,revision-added exploratory
qasper,lead,4b6745982aa64fbafe09f7c88c8d54d520b3f687,1805.09960,67,7,7,0,613,613,0,revision-added exploratory
qasper,lead,4cb2e80da73ae36de372190b4c1c490b72977ef8,1609.02075,85,31,33,2,2319,2411,92,revision-added exploratory
qasper,lead,4d5b74499804ea5bc5520beb88d0f9816f67205a,1907.04072,44,38,39,1,2123,2167,44,revision-added exploratory
qasper,lead,4d824b49728649432371ecb08f66ba44e50569e0,1612.04118,27,12,24,12,652,1442,790,revision-added exploratory
qasper,lead,4d887ce7dc43528098e7a3d9cd13c6c36f158c53,1803.02155,48,20,25,5,768,864,96,revision-added exploratory
qasper,lead,4ddc53afffaf1622d97695347dd1b3190d156dee,1808.07231,39,20,20,0,1341,1341,0,revision-added exploratory
qasper,lead,4de6bcddd46726bf58326304b0490fdb9e7e86ec,1908.07491,30,13,13,0,846,846,0,revision-added exploratory
qasper,lead,4e106b03cc2f54373e73d5922e97f7e5e9bf03e4,1906.00424,36,6,6,0,510,510,0,revision-added exploratory
qasper,lead,4e59808a7f73ac499b9838d3c0ce814196a02473,1908.06259,41,5,18,13,346,1589,1243,revision-added exploratory
qasper,lead,4eb42c5d56d695030dd47ea7f6d65164924c4017,1910.09387,23,6,6,0,885,885,0,revision-added exploratory
qasper,lead,4f57ac24f3f4689a2f885715cd84b7d867fe3f12,1908.06893,98,11,11,0,735,735,0,revision-added exploratory
qasper,lead,5096aaea2d0f4bea4c12e14f4f7735e1aea1bfa6,1706.00188,14,3,7,4,306,663,357,revision-added exploratory
qasper,lead,50bcbb730aa74637503c227f022a10f57d43f1f7,1703.05320,60,41,41,0,2669,2669,0,revision-added exploratory
qasper,lead,50c1bf8b928069f3ffc7f0cb00aa056a163ef336,1906.01502,30,16,23,7,1268,1843,575,revision-added exploratory
qasper,lead,50c441a9cc7345a0fa408d1ce2e13f194c1e82a8,1911.11161,18,9,9,0,1225,1225,0,revision-added exploratory
qasper,lead,5102dc911913e9ca0311253e44fd31c73eed0a57,1909.07158,55,40,40,0,2201,2201,0,revision-added exploratory
qasper,lead,511e46b5aa8e1ee9e7dc890f47fa15ef94d4a0af,1804.07445,34,25,25,0,1664,1664,0,revision-added exploratory
qasper,lead,5154f63c50729b8ac04939588c2f5ffeb916e3df,1801.05617,85,29,60,31,2807,4365,1558,revision-added exploratory
qasper,lead,516b691ef192f136bb037c12c3c9365ef5a6604c,1706.02222,68,22,28,6,1897,2384,487,revision-added exploratory
qasper,lead,5181527e6a61a9a192db5f8064e56ec263c42661,1909.11980,29,2,2,0,110,110,0,revision-added exploratory
qasper,lead,51e9f446d987219bc069222731dfc1081957ce1f,1910.03355,41,22,22,0,1331,1331,0,revision-added exploratory
qasper,lead,521a3e7300567f6e8e4c531f223dbc9fc306c393,1911.00202,55,39,50,11,3074,3848,774,revision-added exploratory
qasper,lead,52868394eb2b3b37eb5f47f51c06ad53061f4495,2002.06854,46,5,13,8,364,1046,682,revision-added exploratory
qasper,lead,52faf319e37aa15fff1ab47f634a5a584dc42e75,1708.00549,27,1,11,10,82,730,648,revision-added exploratory
qasper,lead,5370a0062aae7fa4e700ae47aa143be5c5fc6b22,1811.04791,60,5,23,18,564,2342,1778,revision-added exploratory
qasper,lead,539f5c27e1a2d240e52b711d0a50a3a6ddfa5cb2,1911.04128,23,15,15,0,1734,1734,0,revision-added exploratory
qasper,lead,53a8c3cf22d6bf6477bc576a85a83d8447ee0484,1910.07973,16,10,11,1,1041,1211,170,revision-added exploratory
qasper,lead,54002c15493d4082d352a66fb9465d65bfe9ddca,1911.03977,71,66,66,0,9184,9184,0,revision-added exploratory
qasper,lead,5422a3f2a083395416d6f99c57d28335eb2e44e1,1911.09709,79,5,8,3,402,627,225,revision-added exploratory
qasper,lead,5499440674f0e4a9d6912b9ac29fa1f7b7cd5253,1811.01183,50,11,38,27,1018,2892,1874,revision-added exploratory
qasper,lead,5522a9eeb06221722052e3c38f9b0d0dbe7c13e6,1709.06136,45,4,4,0,534,534,0,revision-added exploratory
qasper,lead,552b1c813f25bf39ace6cd5eefa56f4e4dd70c84,1911.03854,26,6,21,15,315,1557,1242,revision-added exploratory
qasper,lead,554d798e4ce58fd30820200c474d7e796dc8ba89,1810.02268,71,22,54,32,1355,2815,1460,revision-added exploratory
qasper,lead,55612e92791296baf18013d2c8dd0474f35af770,1707.07568,38,14,14,0,1162,1162,0,revision-added exploratory
qasper,lead,556782bb96f8fc07d14865f122362ebcc79134ec,1909.11706,31,6,12,6,597,948,351,revision-added exploratory
qasper,lead,55bde89fc5822572f794614df3130d23537f7cf2,2002.04745,127,60,60,0,5318,5318,0,revision-added exploratory
qasper,lead,568466c62dd73a025bfd9643417cdb7a611f23a1,1909.12016,56,4,4,0,374,374,0,revision-added exploratory
qasper,lead,5695908a8c6beb0e3863a1458a1b93aab508fd34,1910.10670,41,1,2,1,119,294,175,revision-added exploratory
qasper,lead,56d41e0fcc288c1e65806ae77097d685c83e22db,1709.09749,34,3,28,25,290,1550,1260,revision-added exploratory
qasper,lead,56d788af4694c1cd1eebee0b83c585836d1f5f99,1912.08084,68,8,40,32,562,2746,2184,revision-added exploratory
qasper,lead,573b8b1ad919d3fd0ef7df84e55e5bfd165b3e84,1909.07873,52,47,47,0,4602,4602,0,revision-added exploratory
qasper,lead,5752c8d333afc1e6c666b18d1477c8f669b7a602,1707.02892,71,45,45,0,2006,2006,0,revision-added exploratory
qasper,lead,576a3ed6e4faa4c3893db632e97a52ac6e864aac,1605.04278,123,7,7,0,629,629,0,revision-added exploratory
qasper,lead,578add9d3dadf86cd0876d42b03bf0114f83d0e7,1907.04072,44,11,11,0,1148,1148,0,revision-added exploratory
qasper,lead,57d07d2b509c5860880583efe2ed4c5620a96747,2004.04478,67,47,66,19,3103,4465,1362,revision-added exploratory
qasper,lead,57ee20f494d8ce3fae46028c3f3551d180dba3e0,1611.06322,49,33,37,4,2770,2902,132,revision-added exploratory
qasper,lead,58a3cfbbf209174fcffe44ce99840c758b448364,1707.05589,47,3,24,21,216,1712,1496,revision-added exploratory
qasper,lead,59a3d4cdd1c3797962bf8d72c226c847e06e1d44,1908.05925,40,30,36,6,1912,2493,581,revision-added exploratory
qasper,lead,5a7d1ae6796e09299522ebda7bfcfad312d6d128,1912.07076,55,4,32,28,509,3147,2638,revision-added exploratory
qasper,lead,5ae005917efc17a505ba1ba5e996c4266d6c74b6,1806.06571,52,19,42,23,1013,2006,993,revision-added exploratory
qasper,lead,5b2839bef513e5d441f0bb8352807f673f4b2070,1803.06745,41,27,29,2,1578,1660,82,revision-added exploratory
qasper,lead,5bfbc9ca7fd41be9627f6ef587bb7e21c7983be0,2002.06851,33,3,9,6,487,824,337,revision-added exploratory
qasper,lead,5c17559749810c67c50a7dbe34580d5e3b4f9acb,1706.04206,34,32,32,0,2196,2196,0,revision-added exploratory
qasper,lead,5cc5e2db82f5d40a5244224dad94da50b4f673db,1804.03839,55,2,2,0,215,215,0,revision-added exploratory
qasper,lead,5d0a3f8ca3882f87773cf8c2ef1b4f72b9cc241e,1808.10006,50,28,28,0,1441,1441,0,revision-added exploratory
qasper,lead,5d3e87937ecebf0695bece08eccefb2f88ad4a0f,1907.05338,25,21,21,0,2568,2568,0,revision-added exploratory
qasper,lead,5d93245832d90b31aee42ea2bf1e7704c22ebeca,1808.07231,39,24,24,0,1442,1442,0,revision-added exploratory
qasper,lead,5da9e2eef741bd7efccec8e441b8e52e906b2d2d,1804.00982,18,12,12,0,1123,1123,0,revision-added exploratory
qasper,lead,5db47bbb97282983e10414240db78154ea7ac75f,1909.07873,52,38,45,7,4100,4380,280,revision-added exploratory
qasper,lead,5dfd58f91e7740899c23ebfe04b7176edce9ead2,1809.03391,33,5,7,2,435,640,205,revision-added exploratory
qasper,lead,5e4eac0b0a73d465d74568c21819acaec557b700,1809.03680,47,42,42,0,3936,3936,0,revision-added exploratory
qasper,lead,5f6c1513cbda9ae711bc38df08fe72e3d3028af2,1802.06053,19,11,11,0,1079,1079,0,revision-added exploratory
qasper,lead,5f7f4a1d4380c118a58ed506c057d3b7aa234c1e,1906.04287,20,13,13,0,1194,1194,0,revision-added exploratory
qasper,lead,5fd112980d0dd7f7ce30e6273fe6e7b230b13225,1910.14589,68,11,40,29,750,2394,1644,revision-added exploratory
qasper,lead,6014c2219d29bae17279625716e7c2a1f8a2bd05,1604.05559,19,10,12,2,250,359,109,revision-added exploratory
qasper,lead,610fc593638c5e9809ea9839912d0b282541d42d,1804.08000,37,2,2,0,266,266,0,revision-added exploratory
qasper,lead,6157567c5614e1954b801431fec680f044e102c6,1610.03807,23,13,13,0,971,971,0,revision-added exploratory
qasper,lead,6167618e0c53964f3a706758bdf5e807bc5d7760,1909.01860,23,23,23,0,1975,1975,0,revision-added exploratory
qasper,lead,61a2599acfbd3d75de58e97ecdba2d9cf0978324,1912.08084,68,10,50,40,743,3244,2501,revision-added exploratory
qasper,lead,61e96abdc924c34c6b82a587168ea3d14fe792d1,1911.10401,27,4,13,9,895,1345,450,revision-added exploratory
qasper,lead,620b6c410a055295d137511d3c99207a47c03b5e,1908.09590,53,42,42,0,2934,2934,0,revision-added exploratory
qasper,lead,627ce8a1db08a732d5a8f7e1f8a72e3de89847e6,1911.09247,68,20,42,22,1144,2169,1025,revision-added exploratory
qasper,lead,62edffd051d056cf60e17deafcc55a8c9af398cb,1908.10461,34,19,19,0,1133,1133,0,revision-added exploratory
qasper,lead,6371c6863fe9a14bf67560e754ce531d70de10ab,2002.04326,24,3,10,7,406,1494,1088,revision-added exploratory
qasper,lead,63cdac43a643fc1e06da44910458e89b2c7cd921,1904.03670,42,15,15,0,1053,1053,0,revision-added exploratory
qasper,lead,63d2e97657419a0185127534f4ff9d0039cb1a63,1804.05253,26,4,24,20,364,1664,1300,revision-added exploratory
qasper,lead,63eda2af88c35a507fbbfda0ec1082f58091883a,1711.11118,15,3,3,0,448,448,0,revision-added exploratory
qasper,lead,641fe5dc93611411582e6a4a0ea2d5773eaf0310,1802.03052,49,27,27,0,2735,2735,0,revision-added exploratory
qasper,lead,643527e94e8eed1e2229915fcf8cd74d769173fc,1908.09283,68,45,45,0,2667,2667,0,revision-added exploratory
qasper,lead,643645e02ffe8fde45918615ec92013a035d1b92,1704.03279,32,20,20,0,2761,2761,0,revision-added exploratory
qasper,lead,64632981279c7aa16ffc1a44ffc31f4520f5559e,1710.07695,63,50,50,0,2277,2277,0,revision-added exploratory
qasper,lead,647f6e6b168ec38fcdb737d3b276f78402282f9d,1910.13793,45,20,20,0,1382,1382,0,revision-added exploratory
qasper,lead,64c45fdb536ae294cf06716ac20d08b5fdb7944d,1710.01789,42,37,38,1,2193,2237,44,revision-added exploratory
qasper,lead,64f7337970e8d1989b2e1f7106d86f73c4a3d0af,1803.08419,61,14,15,1,1512,1627,115,revision-added exploratory
qasper,lead,654fe0109502f2ed2dc8dad359dbbce4393e03dc,1908.09892,31,15,19,4,910,1314,404,revision-added exploratory
qasper,lead,6590055fb033cb32826f2afecb3d7f607dd97d57,1911.03642,42,36,36,0,2835,2835,0,revision-added exploratory
qasper,lead,65b39676db60f914f29f74b7c1264422ee42ad5c,1611.00440,28,5,23,18,614,1914,1300,revision-added exploratory
qasper,lead,65c7a2b734dab51c4c81f722527424ff33b023f8,1610.06510,53,17,17,0,1339,1339,0,revision-added exploratory
qasper,lead,65e26b15e087bedb6e8782d91596b35e7454b16b,1611.01116,26,13,14,1,1698,2019,321,revision-added exploratory
qasper,lead,6606160e210d05b94f7cbd9c5ff91947339f9d02,1902.08830,107,2,87,85,342,7277,6935,revision-added exploratory
qasper,lead,6656a9472499331f4eda45182ea697a4d63e943c,1805.09960,67,41,41,0,2136,2136,0,revision-added exploratory
qasper,lead,6657ece018b1455035421b822ea2d7961557c645,1906.05685,48,25,25,0,1465,1465,0,revision-added exploratory
qasper,lead,6683008e0a8c4583058d38e185e2e2e18ac6cf50,2002.08902,29,22,22,0,1526,1526,0,revision-added exploratory
qasper,lead,66dfcdab1db6a8fcdf392157a478b4cca0d87961,1910.12203,25,20,20,0,1503,1503,0,revision-added exploratory
qasper,lead,67672648e7ebcbef18921006e2c8787966f8cdf2,1901.09501,43,6,6,0,712,712,0,revision-added exploratory
qasper,lead,67c16ba64fe27838b1034d15194c07a9c98cdebe,1708.05482,73,34,34,0,2257,2257,0,revision-added exploratory
qasper,lead,67cb001f8ca122ea859724804b41529fea5faeef,1805.07882,79,75,75,0,3061,3061,0,revision-added exploratory
qasper,lead,67f1b8a9f72e62cd74ec42e9631ef763a9b098c7,1908.10001,38,17,17,0,1099,1099,0,revision-added exploratory
qasper,lead,6883767bbdf14e124c61df4f76335d3e91bfcb03,1902.06734,43,39,39,0,3927,3927,0,revision-added exploratory
qasper,lead,68aa460ad357b4228b16b31b2cbec986215813bf,1911.12893,61,38,43,5,2097,2291,194,revision-added exploratory
qasper,lead,68f1df3fb0703ff694a055d23e7ec3f6fb449b8d,1801.03615,65,5,54,49,498,3335,2837,revision-added exploratory
qasper,lead,69a46a227269c3aac9bf9d7c3d698c787642f806,1911.11025,66,10,10,0,898,898,0,revision-added exploratory
qasper,lead,6a20a3220c4edad758b912e2d3e5b99b0b295d96,1805.04579,94,4,81,77,567,2418,1851,revision-added exploratory
qasper,lead,6b1a6517b343fdb79f246955091ff25e440b9511,1902.04094,18,9,11,2,453,549,96,revision-added exploratory
qasper,lead,6b4006a90aeaaff8914052d72d28851a9c0c0146,1804.07445,34,21,21,0,1148,1148,0,revision-added exploratory
qasper,lead,6bce04570d4745dcfaca5cba64075242308b65cf,2002.08902,29,22,22,0,1526,1526,0,revision-added exploratory
qasper,lead,6c1614991647705265fb348d28ba60dd3b63b799,1908.10090,26,14,14,0,882,882,0,revision-added exploratory
qasper,lead,6cad6f074b0486210ffa4982c8d1632f5aa91d91,1912.10162,37,4,28,24,299,2168,1869,revision-added exploratory
qasper,lead,6cb3007a09ab0f1602cdad20cc0437fbdd4d7f3e,2003.07459,28,16,16,0,2163,2163,0,revision-added exploratory
qasper,lead,6d17dc00f7e5331128b6b585e78cac0b9082e13d,1911.12722,54,37,37,0,2900,2900,0,revision-added exploratory
qasper,lead,6d55e377335815b7ad134d1a2977d231ad34a25b,1701.03578,41,21,34,13,1709,3159,1450,revision-added exploratory
qasper,lead,6d8a51e2790043497ed2637a1abc36bdffb39b71,1911.02747,29,5,19,14,573,1964,1391,revision-added exploratory
qasper,lead,6e134d51a795c385d72f38f36bca4259522bcf51,1703.10152,41,13,18,5,1165,1384,219,revision-added exploratory
qasper,lead,6e3e9818551fc2f8450bbf09b0fe82ac2506bc7a,1906.06349,200,85,85,0,3281,3281,0,revision-added exploratory
qasper,lead,6e63db22a2a34c20ad341eb33f3422f40d0001d3,1909.02855,31,29,29,0,3689,3689,0,revision-added exploratory
qasper,lead,6e80386b33fbfba8bc1ab811a597d844ae67c578,1910.12203,25,6,6,0,565,565,0,revision-added exploratory
qasper,lead,70512cc9dcd45157e40c8d1f85e82d21ade7645b,1603.01547,67,14,53,39,784,2921,2137,revision-added exploratory
qasper,lead,708f5f83a3c356b23b27a9175f5c35ac00cdf5db,1910.09916,50,37,37,0,2567,2567,0,revision-added exploratory
qasper,lead,70abb108c3170e81f8725ddc1a3f2357be5a4959,1708.09025,62,58,58,0,4238,4238,0,revision-added exploratory
qasper,lead,713e1c7b0ab17759ba85d7cd2041e387831661df,2002.06854,46,5,22,17,364,1762,1398,revision-added exploratory
qasper,lead,71413505d7d6579e2a453a1f09f4efd20197ab4b,1612.03762,133,21,34,13,2978,3911,933,revision-added exploratory
qasper,lead,718c0232b1f15ddb73d40c3afbd6c5c0d0354566,1806.09652,34,33,33,0,2122,2122,0,revision-added exploratory
qasper,lead,71b07d08fb6ac8732aa4060ae94ec7c0657bb1db,1910.01160,23,9,15,6,722,1273,551,revision-added exploratory
qasper,lead,71b29ab3ddcdd11dcc63b0bb55e75914c07a2217,1908.06024,37,2,2,0,496,496,0,revision-added exploratory
qasper,lead,71fd0efea1b441d86d9a75255815ba3efe09779b,1905.07562,50,12,15,3,1740,2270,530,revision-added exploratory
qasper,lead,7239c02a0dcc0c3c9d9cddb5e895bcf9cfcefee6,1602.03483,43,30,30,0,2180,2180,0,revision-added exploratory
qasper,lead,726c5c1b6951287f4bae22978f9a91d22d9bef61,1610.09722,69,48,48,0,2509,2509,0,revision-added exploratory
qasper,lead,72dbdd11b655b25b2b254e39689a7d912f334b71,1909.03553,54,15,18,3,666,778,112,revision-added exploratory
qasper,lead,732bd97ae34541f215c436e2a1b98db1649cba27,1809.03391,33,9,9,0,789,789,0,revision-added exploratory
qasper,lead,7380e62edcb11f728f6d617ee332dc8b5752b185,1612.07486,25,13,13,0,1085,1085,0,revision-added exploratory
qasper,lead,73c535a7b46f0c2408ea2b1da0a878b376a2bca5,1605.04278,123,11,11,0,866,866,0,revision-added exploratory
qasper,lead,740cc392c0c8bfadfe6b3a60c0be635c03e17f2a,2004.00809,34,2,2,0,256,256,0,revision-added exploratory
qasper,lead,742d5e182b57bfa5f589fde645717ed0ac3f49c2,1610.09722,69,55,55,0,2930,2930,0,revision-added exploratory
qasper,lead,74a17eb3bf1d4f36e2db1459a342c529b9785f6e,1805.09960,67,7,42,35,613,2238,1625,revision-added exploratory
qasper,lead,74acaa205a5998af4ad7edbed66837a6f2b5c58b,1712.00733,74,65,65,0,4644,4644,0,revision-added exploratory
qasper,lead,74cef0205e0f31d0ab28d0e4d96c1e8ef62d4cce,1903.04329,32,26,26,0,2456,2456,0,revision-added exploratory
qasper,lead,74ebfba06f37cc95dfe59c3790ebe6165e6be19c,1702.02584,18,8,9,1,682,808,126,revision-added exploratory
qasper,lead,74fcb741d29892918903702dbb145fef372d1de3,1909.02322,29,13,13,0,1701,1701,0,revision-added exploratory
qasper,lead,753a187c1dd8d96353187fbb193b5f86293a796c,1911.01214,74,7,26,19,627,1920,1293,revision-added exploratory
qasper,lead,754d7475b8bf50499ed77328b4b0eeedf9cb2623,1806.09652,34,29,29,0,1914,1914,0,revision-added exploratory
qasper,lead,7557f2c3424ae70e2a79c51f9752adc99a9bdd39,1901.05389,45,31,31,0,4078,4078,0,revision-added exploratory
qasper,lead,7561bd3b8ba7829b3a01ff07f9f3e93a7b8869cc,2002.06851,33,22,22,0,1611,1611,0,revision-added exploratory
qasper,lead,756a8a9125e6984e0ca768b653c6c760efa3db66,1905.00840,31,27,27,0,1465,1465,0,revision-added exploratory
qasper,lead,7572f6e68a2ed2c41b87c5088ba8680afa0c0a0b,1808.07231,39,19,34,15,1267,2050,783,revision-added exploratory
qasper,lead,75b3e2d2caec56e5c8fbf6532070b98d70774b95,1911.12237,55,5,13,8,337,1159,822,revision-added exploratory
qasper,lead,75c221920bee14a6153bd5f4c1179591b2f48d59,2004.02401,33,25,26,1,2204,2464,260,revision-added exploratory
qasper,lead,7625068cc22a095109580b83eff48616387167c2,2004.03090,28,3,13,10,217,1203,986,revision-added exploratory
qasper,lead,76ae794ced3b5ae565f361451813f2f3bc85b214,1605.05156,26,6,13,7,771,1336,565,revision-added exploratory
qasper,lead,76e17e648a4d1f386eb6bf61b0c24f134af872be,1808.07231,39,37,38,1,2288,2395,107,revision-added exploratory
qasper,lead,76f90c88926256e7f90d2104a88acfdd7fc5475e,1910.07154,36,2,2,0,235,235,0,revision-added exploratory
qasper,lead,7748c072e07d6c6db5a34be38b4a5e97ac6d7999,1905.00840,31,27,27,0,1465,1465,0,revision-added exploratory
qasper,lead,778c6a27182349dc5275282c3e9577bda2555c3d,1905.08067,27,26,26,0,4083,4083,0,revision-added exploratory
qasper,lead,77a331d4d909d92fab9552b429adde5379b2ae69,1706.02222,68,62,67,5,4376,5009,633,revision-added exploratory
qasper,lead,77bbe1698e001c5889217be3164982ea36e85752,1908.11046,58,3,5,2,334,633,299,revision-added exploratory
qasper,lead,77bc886478925c8e9fb369b1ba5d05c42b3cd79a,1804.00982,18,12,12,0,1123,1123,0,revision-added exploratory
qasper,lead,77c3416578b52994227bae7f2529600f02183e12,2003.11687,35,25,25,0,1438,1438,0,revision-added exploratory
qasper,lead,78c7318b2218b906a67d8854f3e511034075f79a,1909.03087,50,27,33,6,2001,2578,577,revision-added exploratory
qasper,lead,78f8dad0f1acf024f69b3218b2d204b8019bb0d2,1901.05415,40,21,21,0,1961,1961,0,revision-added exploratory
qasper,lead,79258cea30cd6c0662df4bb712bf667589498a1f,1707.07568,38,30,30,0,1794,1794,0,revision-added exploratory
qasper,lead,7969b8d80e12aa3ebb89b5622bc564f44e98329f,1909.11706,31,12,22,10,948,1929,981,revision-added exploratory
qasper,lead,79885526713cc16eb734c88ff1169ae802cad589,2002.00175,58,50,50,0,2392,2392,0,revision-added exploratory
qasper,lead,79e61134a6e29141cd19252571ffc92a0b4bc97f,1907.05338,25,15,15,0,2259,2259,0,revision-added exploratory
qasper,lead,7a212a34e9dbb0ba52c40471842b2e0e3e14f276,1908.09355,57,6,35,29,446,2261,1815,revision-added exploratory
qasper,lead,7a84fed904acc1e0380deb6e5a2e1daacfb5907a,2001.04346,61,48,48,0,3942,3942,0,revision-added exploratory
qasper,lead,7a8b24062a5bb63a8b4c729f6247a7fd2fec7f07,1907.08540,47,43,44,1,4443,4633,190,revision-added exploratory
qasper,lead,7ae95716977d39d96e871e552c35ca0753115229,1610.09722,69,39,39,0,2292,2292,0,revision-added exploratory
qasper,lead,7b76b8b69246525a48c0a8ca0c42db3319cd10a5,1704.08390,29,22,23,1,1387,1495,108,revision-added exploratory
qasper,lead,7ba6330d105f49c7f71dba148bb73245a8ef2966,1708.07690,42,27,27,0,1394,1394,0,revision-added exploratory
qasper,lead,7c2d6bc913523d77e8fdc82c60598ee95b445d84,1911.09709,79,4,24,20,292,1194,902,revision-added exploratory
qasper,lead,7caeb5ef6f2985b2cf383cd01765d247c936605f,1910.01992,36,11,32,21,841,1848,1007,revision-added exploratory
qasper,lead,7cf44877dae8873139aede381fb9908dd0c546c4,1703.04357,16,3,4,1,166,194,28,revision-added exploratory
qasper,lead,7d34cdd9cb1c988e218ce0fd59ba6a3b5de2024a,1802.03052,49,24,24,0,2472,2472,0,revision-added exploratory
qasper,lead,7d503b3d4d415cf3e91ab08bd5a1a2474dd1047b,1909.08357,34,22,22,0,1120,1120,0,revision-added exploratory
qasper,lead,7d8cd7d6c86349ef0bd4fdbd84c8dc49c7678f46,1709.06365,75,40,41,1,3235,3259,24,revision-added exploratory
qasper,lead,7de0b2df60d3161dd581ed7915837d460020bc11,1909.06502,30,5,9,4,328,612,284,revision-added exploratory
qasper,lead,7e906dc00e92088a25df3719104d1750e5a27485,1909.13184,17,1,1,0,231,231,0,revision-added exploratory
qasper,lead,7e9aec2bdf4256c6249cad9887c168d395b35270,1909.00871,49,36,36,0,3763,3763,0,revision-added exploratory
qasper,lead,7ece07a84635269bb19796497847e4517d1e3e61,1709.06136,45,12,12,0,1332,1332,0,revision-added exploratory
qasper,lead,7ef7a5867060f91eac8ad857c186e51b767c734b,1908.06259,41,15,15,0,1285,1285,0,revision-added exploratory
qasper,lead,7f958017cbb08962c80e625c2fd7a1e2375f27a3,1809.08899,38,32,32,0,3195,3195,0,revision-added exploratory
qasper,lead,7ff7c286d3118a8be5688e2d18e9a56fe83679ad,1812.00382,22,4,8,4,565,937,372,revision-added exploratory
qasper,lead,800fcd8b08d36c5276f9e5e1013208d41b46de59,1805.04558,131,51,71,20,2291,3844,1553,revision-added exploratory
qasper,lead,803babb71e1bdaf507847d6c712585f4128e9f47,1910.14589,68,42,42,0,2562,2562,0,revision-added exploratory
qasper,lead,804466848f4fa1c552f0d971dce226cd18b9edda,1908.11053,64,53,53,0,3093,3093,0,revision-added exploratory
qasper,lead,804bf5adc6dc5dd52f8079cf041ed3a710e03f8a,1805.04833,52,12,12,0,894,894,0,revision-added exploratory
qasper,lead,80bb07e553449bde9ac0ff35fcc718d7c161f2d4,2003.12660,26,7,7,0,461,461,0,revision-added exploratory
qasper,lead,80d6b9123a10358f57f259b8996a792cac08cb88,1809.06083,24,12,12,0,769,769,0,revision-added exploratory
qasper,lead,811b67460e65232b8f363dc3f329ffecdfcc4ab2,1911.12893,61,20,26,6,1183,1406,223,revision-added exploratory
qasper,lead,813a8156f9ed8ead53dda60ef54601f6ca8076e9,1607.00167,15,14,14,0,880,880,0,revision-added exploratory
qasper,lead,814e945668e2b6f31b088918758b120fb00ada7d,2003.11687,35,23,23,0,1279,1279,0,revision-added exploratory
qasper,lead,81e101b2c803257492d67a00e8a1d9a07cbab136,1909.05372,53,13,24,11,1242,2335,1093,revision-added exploratory
qasper,lead,824629b36a75753b1500d9dcaee0fc3c758297b1,1905.08067,27,13,13,0,2239,2239,0,revision-added exploratory
qasper,lead,8246d1eee1482555d075127ac84f2e1d0781a446,1805.11598,24,4,4,0,369,369,0,revision-added exploratory
qasper,lead,8276671a4d4d1fbc097cd4a4b7f5e7fadd7b9833,2002.00175,58,40,40,0,1935,1935,0,revision-added exploratory
qasper,lead,82f8843b59668567bba09fc8f93963ca7d1fe107,1908.07491,30,12,13,1,750,846,96,revision-added exploratory
qasper,lead,83db51da819adf6faeb950fe04b4df942a887fb5,1809.08899,38,7,10,3,1235,1649,414,revision-added exploratory
qasper,lead,845bdcd900c0f96b2ae091d086fb1ab8bb1063f0,2004.00809,34,2,8,6,256,889,633,revision-added exploratory
qasper,lead,84765903b8c7234ca2919d0a40e3c6a5bcedf45d,1911.04873,26,13,14,1,773,851,78,revision-added exploratory
qasper,lead,8599d6d14ac157169920c73b98a79737c7a68cf5,1909.00437,43,9,32,23,589,2847,2258,revision-added exploratory
qasper,lead,85e417231a4bbb6691f7a89bd81710525f8fec4c,1611.06322,49,32,38,6,2673,2965,292,revision-added exploratory
qasper,lead,860257956b83099cccf1359e5d960289d7d50265,1702.02367,39,13,13,0,1224,1224,0,revision-added exploratory
qasper,lead,863b3f29f8c59f224b4cbdb5f1097b45a25f1d88,2001.04346,61,49,50,1,3983,4107,124,revision-added exploratory
qasper,lead,865811dcf63a1dd3f22c62ec39ffbca4b182de31,1709.05295,35,28,33,5,2871,3396,525,revision-added exploratory
qasper,lead,86656aae3c27c6ea108f5600dd09ab7e421d876a,1906.01749,52,8,8,0,897,897,0,revision-added exploratory
qasper,lead,867b1bb1e6a38de525be7757d49928a132d0dbd8,1912.00342,115,4,65,61,598,3162,2564,revision-added exploratory
qasper,lead,86c867b393db0ec4ad09abb48cc1353cac47ea4c,1806.07042,52,3,13,10,487,1759,1272,revision-added exploratory
qasper,lead,86d1c990c1639490c239c3dbf5492ecc44ab6652,1708.01065,53,37,38,1,2293,2334,41,revision-added exploratory
qasper,lead,8701ec7345ccc2c35eca4e132a8e16d58585cd63,1908.05731,25,12,22,10,1124,2006,882,revision-added exploratory
qasper,lead,871f7661f5a3da366b0b5feaa36f54fd3dedae8e,2003.09244,78,20,20,0,1677,1677,0,revision-added exploratory
qasper,lead,8795bb1f874e5f3337710d8c3d5be49e672ab43a,1908.05803,11,5,5,0,656,656,0,revision-added exploratory
qasper,lead,88757bc49ccab76e587fba7521f0981d6a1af2f7,1702.02584,18,4,4,0,325,325,0,revision-added exploratory
qasper,lead,887d7f3edf37ccc6bf2e755dae418b04d2309686,1805.11937,43,21,22,1,1093,1158,65,revision-added exploratory
qasper,lead,89373db8ced1fe420eae0093b2736f06b565616e,1901.02780,15,3,14,11,702,2723,2021,revision-added exploratory
qasper,lead,894bbb1e42540894deb31c04cba0e6cfb10ea912,1911.12237,55,52,52,0,3482,3482,0,revision-added exploratory
qasper,lead,8a0e1a298716698a305153c524bf03d18969b1c6,2001.11316,32,1,13,12,269,1342,1073,revision-added exploratory
qasper,lead,8ad5ebca2f69023b60ccfa3aac0ed426234437ac,1911.02747,29,21,21,0,2097,2097,0,revision-added exploratory
qasper,lead,8b1af67e3905244653b4cf66ba0acec8d6bff81f,1704.08390,29,18,19,1,1002,1104,102,revision-added exploratory
qasper,lead,8b49423b7d1fa834128aa5038aa16c6ef3fdfa32,1909.04242,41,14,14,0,907,907,0,revision-added exploratory
qasper,lead,8b8adb1d5a1824c8995b3eba668745c44f61c9c6,1903.04329,32,24,26,2,1992,2456,464,revision-added exploratory
qasper,lead,8c288120139615532838f21094bba62a77f92617,1802.06053,19,11,11,0,1079,1079,0,revision-added exploratory
qasper,lead,8c89f1d1b3c2a45c0254c4c8d6e700ab9a4b4ffb,1703.10090,27,18,18,0,2143,2143,0,revision-added exploratory
qasper,lead,8cbe3fa4ec0f66071e3d6b829b09b6395b631c44,1611.06322,49,4,4,0,385,385,0,revision-added exploratory
qasper,lead,8cf52ba480d372fc15024b3db704952f10fdca27,1802.02614,46,3,3,0,492,492,0,revision-added exploratory
qasper,lead,8cf5abf0126f19253930478b02f0839af28e4093,1805.04558,131,50,50,0,2213,2213,0,revision-added exploratory
qasper,lead,8d3f79620592d040f9f055b4fce0f73cc45aab63,1711.04964,74,61,72,11,5080,5752,672,revision-added exploratory
qasper,lead,8d683d2e1f46626ceab60ee4ab833b50b346c29e,1908.11053,64,40,40,0,2288,2288,0,revision-added exploratory
qasper,lead,8db11d9166474a0e98b99ac7f81d1f14539d79ec,1910.10487,47,30,34,4,3268,3601,333,revision-added exploratory
qasper,lead,8ddf78dbdc6ac964a7102ae84df18582841f2e3c,1605.05156,26,6,6,0,771,771,0,revision-added exploratory
qasper,lead,8de0e1fdcca81b49615a6839076f8d42226bf1fe,1908.07888,45,42,42,0,3850,3850,0,revision-added exploratory
qasper,lead,8dfdd1ed805bb23c774fbb032ef1d97c6802e07c,1706.02427,60,3,44,41,390,3416,3026,revision-added exploratory
qasper,lead,8e113fd9661bc8af97e30c75a20712f01fc4520a,1911.10401,27,23,23,0,4116,4116,0,revision-added exploratory
qasper,lead,8e26c471ca0ee1b9779da04c0b81918fd310d0f3,1906.05506,40,5,13,8,366,818,452,revision-added exploratory
qasper,lead,8f6b11413a19fe4639b3fba88fc6b3678286fa0c,1911.09241,57,20,20,0,1752,1752,0,revision-added exploratory
qasper,lead,8faec509406d33444bd620afc829adc9eae97644,1912.07940,30,4,7,3,443,704,261,revision-added exploratory
qasper,lead,8ffae517bc0efa453b7e316d41bd9f1b6679b158,1909.05372,53,7,22,15,629,2134,1505,revision-added exploratory
qasper,lead,903ac8686ed7e6e3269a5d863f06ff11c50e49e8,1907.00168,24,2,2,0,292,292,0,revision-added exploratory
qasper,lead,90756bdcd812b7ecc1c5df2298aa7561fd2eb02c,1804.01155,55,47,49,2,5449,5828,379,revision-added exploratory
qasper,lead,908ba58d26d15c14600623498d4e86c9b73b14b2,2004.02105,49,5,24,19,466,3160,2694,revision-added exploratory
qasper,lead,909ecf675f874421eecc926a9f7486475aa1423c,1908.07888,45,42,45,3,3850,4263,413,revision-added exploratory
qasper,lead,90aba75508aa145475d7cc9a501bbe987c0e8413,2004.02363,19,5,5,0,543,543,0,revision-added exploratory
qasper,lead,90dde59e1857a0d2b1ee4615ab017fee0741f29f,1911.12893,61,31,31,0,1834,1834,0,revision-added exploratory
qasper,lead,9119fbfba84d298014d1b74e0e3d30330320002c,1912.00239,42,30,30,0,2898,2898,0,revision-added exploratory
qasper,lead,91336f12ab94a844b66b607f8621eb8bbd209f32,1909.09070,59,32,32,0,2455,2455,0,revision-added exploratory
qasper,lead,9133a85730c4090fe8b8d08eb3d9146efe7d7037,1803.05160,71,17,52,35,1660,4161,2501,revision-added exploratory
qasper,lead,915e4d0b3cb03789a20380ead961d473cb95bfc3,1710.11027,15,9,9,0,1317,1317,0,revision-added exploratory
qasper,lead,919681faa9731057b3fae5052b7da598abd3e04b,2004.04498,93,30,35,5,1511,1762,251,revision-added exploratory
qasper,lead,91e361e85c6d3884694f3c747d61bfcef171bab0,1909.12079,42,29,29,0,2038,2038,0,revision-added exploratory
qasper,lead,9207f19e65422bdf28f20e270ede6c725a38e5f9,1605.05156,26,6,6,0,771,771,0,revision-added exploratory
qasper,lead,92fc94a4999d1b25a0593904025eb7b8953bb28b,1909.06708,30,20,27,7,1475,2079,604,revision-added exploratory
qasper,lead,9489b0ecb643c1fc95c001c65d4e9771315989aa,1704.04451,71,53,53,0,1684,1684,0,revision-added exploratory
qasper,lead,949a2bc34176e47a4d895bcc3223f2a960f15a81,1708.09025,62,11,18,7,1082,1760,678,revision-added exploratory
qasper,lead,95646d0ac798dcfc15b43fa97a1908df9f7b9681,1910.13793,45,32,32,0,1939,1939,0,revision-added exploratory
qasper,lead,9595fdf7b51251679cd39bc4f6befc81f09c853c,1901.05389,45,23,23,0,3097,3097,0,revision-added exploratory
qasper,lead,95af7aaea3ce9dab4cf64e2229ce9b98381dd050,1612.03762,133,96,107,11,6784,7495,711,revision-added exploratory
qasper,lead,95ef89dc29ff291bdbe48cb956329a6a06d36db8,1911.00461,29,1,3,2,122,156,34,revision-added exploratory
qasper,lead,961a97149127e1123c94fbf7e2021eb1aa580ecb,1911.09247,68,33,34,1,1600,1668,68,revision-added exploratory
qasper,lead,96459b02efa82993a0b413530ed0b517c6633eea,1908.10090,26,19,20,1,1314,1406,92,revision-added exploratory
qasper,lead,965e0ce975a0b8612a30cfc31bbfd4b8a57aa138,1706.02427,60,7,31,24,688,2670,1982,revision-added exploratory
qasper,lead,97055ab0227ed6ac7a8eba558b94f01867bb9562,1610.07149,72,51,51,0,2529,2529,0,revision-added exploratory
qasper,lead,97708d93bccc832ea671dc31a76dad6a121fcd60,1707.06875,59,19,21,2,937,1177,240,revision-added exploratory
qasper,lead,9887ca3d25e2109f41d1da80eeea05c465053fbc,1911.12722,54,40,40,0,3254,3254,0,revision-added exploratory
qasper,lead,98b97d24f31e9c535997e9b6cb126eb99fc72a90,1910.01160,23,19,19,0,1661,1661,0,revision-added exploratory
qasper,lead,991ea04072b3412928be5e6e903cfa54eeac3951,1808.10006,50,15,37,22,1086,2503,1417,revision-added exploratory
qasper,lead,9925e7d8757e8fd7411bcb5250bc08158a244fb3,1911.05652,34,4,4,0,544,544,0,revision-added exploratory
qasper,lead,992e67f706c728bc0e534f974c1656da10e7a724,1911.10401,27,23,23,0,4116,4116,0,revision-added exploratory
qasper,lead,998fa38634000f2d7b52d16518b9e18e898ce933,1908.05758,88,42,53,11,1396,1709,313,revision-added exploratory
qasper,lead,99e99f2c25706085cd4de4d55afe0ac43213d7c8,2002.09616,65,46,46,0,2248,2248,0,revision-added exploratory
qasper,lead,99f898eb91538cb82bc9a00892d54ae2a740961e,1710.10380,65,37,37,0,2451,2451,0,revision-added exploratory
qasper,lead,9a7aeecbecf5e30ffa595c233fca31719c9b429f,1704.08390,29,17,17,0,885,885,0,revision-added exploratory
qasper,lead,9aabcba3d44ee7d0bbf6a2c019ab9e0f02fab244,1605.05195,46,6,22,16,545,2142,1597,revision-added exploratory
qasper,lead,9b05d5f723a8a452522907778a084b52e27fd924,1803.08614,41,10,22,12,699,1124,425,revision-added exploratory
qasper,lead,9b1382b44dc69f7ee20acf952f7ceb1c3ef83965,1610.03955,49,3,7,4,302,682,380,revision-added exploratory
qasper,lead,9b536f4428206ef7afabc4ff0a2ebcbabd68b985,2001.11316,32,17,18,1,1706,1800,94,revision-added exploratory
qasper,lead,9b6339e24f58b576143d2adf599cfc4a31fd3b0c,2003.11531,83,53,81,28,3424,5561,2137,revision-added exploratory
qasper,lead,9b868c7d17852f46a8fe725f24cb9548fdbd2b05,1903.02930,20,17,19,2,913,1075,162,revision-added exploratory
qasper,lead,9baca9bdb8e7d5a750f8cbe3282beb371347c164,1901.05389,45,14,14,0,1906,1906,0,revision-added exploratory
qasper,lead,9be9354eeb2bb1827eeb1e23a20cfdca59fb349a,2002.03056,65,31,31,0,1885,1885,0,revision-added exploratory
qasper,lead,9c2cacf77041e02d38f92a4c490df1e04552f96f,1905.00472,30,19,22,3,2001,2362,361,revision-added exploratory
qasper,lead,9c529bd3f7565b2178a79aae01c98c90f9d372ad,1705.00571,30,5,5,0,617,617,0,revision-added exploratory
qasper,lead,9ca85242ebeeafa88a0246986aa760014f6094f2,1803.05160,71,43,43,0,3631,3631,0,revision-added exploratory
qasper,lead,9ce90f4132b34a328fa49a63e897f376a3ad3ca8,1909.00871,49,3,21,18,412,2211,1799,revision-added exploratory
qasper,lead,9d6b2672b11d49c37a6bfb06172d39742d48aef4,1705.10272,14,5,5,0,450,450,0,revision-added exploratory
qasper,lead,9d6d17120c42a834b2b5d96f2120d646218ed4bb,1706.02427,60,10,42,32,999,3189,2190,revision-added exploratory
qasper,lead,9d963d385bd495a7e193f8a498d64c1612e6c20c,1907.01339,23,13,13,0,935,935,0,revision-added exploratory
qasper,lead,9da181ac8f2600eb19364c1b1e3cdeb569811a11,1908.10001,38,11,15,4,687,947,260,revision-added exploratory
qasper,lead,9dcc10a4a325d4c9cb3bb8134831ee470be47e93,1602.03483,43,29,29,0,2057,2057,0,revision-added exploratory
qasper,lead,9dd8ce48a2a59a63ae6366ab8b2b8828e5ae7f35,1904.02954,34,20,21,1,1321,1392,71,revision-added exploratory
qasper,lead,9e9aa8af4b49e2e1e8cd9995293a7982ea1aba0e,1910.09387,23,16,18,2,3032,3321,289,revision-added exploratory
qasper,lead,9ec0527bda2c302f4e82949cc0ae7f7769b7bfb8,2003.00864,31,30,30,0,2678,2678,0,revision-added exploratory
qasper,lead,9eec16e560f9ccafd7ba6f1e0db742b330b42ba9,1710.11334,14,5,12,7,795,1678,883,revision-added exploratory
qasper,lead,9ef0d2365bde0d18054511fbb53cec5fa2cda5ee,1908.11049,45,4,24,20,616,2404,1788,revision-added exploratory
qasper,lead,9f065e787a0d40bb4550be1e0d64796925459005,1708.07252,62,3,24,21,467,1931,1464,revision-added exploratory
qasper,lead,9f1d81b2a6fe6835042a5229690e1951b97ff671,1806.04387,48,8,8,0,963,963,0,revision-added exploratory
qasper,lead,9f1e60ee86a5c46abe75b67ef369bf92a5090568,1911.11899,57,41,41,0,2998,2998,0,revision-added exploratory
qasper,lead,9f74f3991b8681619d95ab93a7c8733a843ddffe,1907.10676,24,3,19,16,296,2410,2114,revision-added exploratory
qasper,lead,a064337bafca8cf01e222950ea97ebc184c47bc0,1609.02075,85,18,20,2,903,1033,130,revision-added exploratory
qasper,lead,a064d01d45a33814947161ff208abb88d4353b26,1711.03759,31,2,2,0,140,140,0,revision-added exploratory
qasper,lead,a0fd0c0fe042ad045b8d5095c81643ef3a352b81,1604.02038,55,6,30,24,717,1937,1220,revision-added exploratory
qasper,lead,a18d74109ed55ed14c33913efa62e12f207279c0,1802.09059,34,8,8,0,821,821,0,revision-added exploratory
qasper,lead,a1ac4463031bbc42c80893b57c0055b860f12e10,1908.06893,98,11,11,0,735,735,0,revision-added exploratory
qasper,lead,a24b2269b292fd0ee81d50303d1315383c594382,2004.03090,28,9,9,0,769,769,0,revision-added exploratory
qasper,lead,a28c73a6a8c46a43a1eec2b42b542dd7fde1e30e,1906.05506,40,23,23,0,1468,1468,0,revision-added exploratory
qasper,lead,a2baa8e266318f23f43321c4b2b9cf467718c94a,1611.00440,28,9,9,0,969,969,0,revision-added exploratory
qasper,lead,a2edd0454026811223b8f31512bdae91159677be,2002.03056,65,12,12,0,961,961,0,revision-added exploratory
qasper,lead,a3705b53c6710b41154c65327b7bbec175bdfae7,1910.03355,41,22,22,0,1331,1331,0,revision-added exploratory
qasper,lead,a398c9b061f28543bc77c2951d0dfc5d1bee9e87,1808.00957,28,25,25,0,1913,1913,0,revision-added exploratory
qasper,lead,a3a867f7b3557c168d05c517c468ff6c7337bff9,1701.03578,41,28,30,2,2378,2666,288,revision-added exploratory
qasper,lead,a3ba21341f0cb79d068d24de33b23c36fa646752,2002.06851,33,23,23,0,1707,1707,0,revision-added exploratory
qasper,lead,a3e7d7389228a197c8c44e0c504a791b60f2c80d,1909.00091,35,25,29,4,1949,2117,168,revision-added exploratory
qasper,lead,a464052fd11af1d2d99e407c11791269533d43d1,1802.06053,19,2,3,1,239,465,226,revision-added exploratory
qasper,lead,a4a9971799c8860b50f219c93f050ebf6a627b3d,1905.08067,27,5,15,10,700,2562,1862,revision-added exploratory
qasper,lead,a4b77a20e067789691e0ab246bc5b11913d77ae1,1703.04009,20,2,2,0,353,353,0,revision-added exploratory
qasper,lead,a4cf0cf372f62b2dbc7f31c600c6c66246263328,1912.11980,61,37,37,0,2538,2538,0,revision-added exploratory
qasper,lead,a59e86a15405c8a11890db072b99fda3173e5ab2,1704.04451,71,53,53,0,1684,1684,0,revision-added exploratory
qasper,lead,a5df7361ae37b9512fb57cb93efbece9ded8cab1,1710.11027,15,11,14,3,1573,2279,706,revision-added exploratory
qasper,lead,a606bffed3bfeebd1b66125be580f908244e5d92,1911.09753,45,28,29,1,2792,2876,84,revision-added exploratory
qasper,lead,a67a2d9acad1787b636ca2681330f4c29a0b0254,1606.07043,27,14,14,0,1105,1105,0,revision-added exploratory
qasper,lead,a71fb012631e6a8854d5945b6d0ab2ab8e7b7ee6,1611.04234,31,22,22,0,1217,1217,0,revision-added exploratory
qasper,lead,a7313c29b154e84b571322532f5cab08e9d49e51,2003.13028,66,16,16,0,611,611,0,revision-added exploratory
qasper,lead,a77d38427639d54461ae308f3045434f81e497d0,1906.08871,38,23,26,3,1808,2090,282,revision-added exploratory
qasper,lead,a786cceba4372f6041187c426432853eda03dca6,1910.02001,82,23,23,0,1442,1442,0,revision-added exploratory
qasper,lead,a79a23573d74ec62cbed5d5457a51419a66f6296,1906.04287,20,14,14,0,1311,1311,0,revision-added exploratory
qasper,lead,a7e1b13cc42bfe78d37b9c943de6288e5f00f01b,1608.01972,44,34,34,0,3068,3068,0,revision-added exploratory
qasper,lead,a836ab8eb5a72af4b0a0c83bf42a2a14d1b38763,1911.07620,51,22,23,1,1629,1769,140,revision-added exploratory
qasper,lead,a837dcbd339e27a974e28944178c790a5b0b37c0,1910.02001,82,59,59,0,3392,3392,0,revision-added exploratory
qasper,lead,a8cc891bb8dccf0d32c1c9cd1699d5ead0eed711,1909.04251,58,46,46,0,3149,3149,0,revision-added exploratory
qasper,lead,a8e5e10d13b3f21dd11e8eb58e30cc25efc56e93,1708.09025,62,56,56,0,3858,3858,0,revision-added exploratory
qasper,lead,a8f189fad8b72f8b2b4d2da4ed8475d31642d9e7,1611.01116,26,19,19,0,2803,2803,0,revision-added exploratory
qasper,lead,a98ae529b47362f917a398015c8525af3646abf0,1912.11637,58,20,24,4,1385,1736,351,revision-added exploratory
qasper,lead,a994cc18046912a8c9328dc572f4e4310736c0e2,1704.03279,32,20,20,0,2761,2761,0,revision-added exploratory
qasper,lead,a9cae57f494deb0245b40217d699e9a22db0ea6e,1611.02378,52,13,13,0,1429,1429,0,revision-added exploratory
qasper,lead,a9d5f83f4b32c52105f2ae1c570f1c590ac52487,1909.08211,69,42,42,0,2764,2764,0,revision-added exploratory
qasper,lead,a9eb8039431e2cb885cfcf96eb58c0675b36b3bd,1908.05758,88,6,87,81,311,3085,2774,revision-added exploratory
qasper,lead,a9ff35f77615b3a4e7fd7b3a53d0b288a46f06ce,1911.11025,66,28,28,0,2077,2077,0,revision-added exploratory
qasper,lead,aa287673534fc05d8126c8e3486ca28821827034,1607.00167,15,11,14,3,621,880,259,revision-added exploratory
qasper,lead,aa7c5386aedfb13a361a2629b67cb54277e208d2,1911.04128,23,7,18,11,916,1905,989,revision-added exploratory
qasper,lead,ab8b0e6912a7ca22cf39afdac5531371cda66514,1912.03010,28,24,27,3,1977,2211,234,revision-added exploratory
qasper,lead,ab975efc916c34f55e1144b1d28e7dfdc257e371,1804.03839,55,14,14,0,917,917,0,revision-added exploratory
qasper,lead,ac87dd34d28c3edd9419fa0145f3d38c87d696aa,1807.08089,47,29,34,5,2176,2464,288,revision-added exploratory
qasper,lead,acac0606aab83cae5d13047863c7af542d58e54c,1908.07491,30,5,5,0,322,322,0,revision-added exploratory
qasper,lead,ae1c4f9e33d0cd64d9a313c318ad635620303cdd,1906.11085,25,8,9,1,522,698,176,revision-added exploratory
qasper,lead,ae7c5cf9c2c121097eb00d389cfd7cc2a5a7d577,2004.02143,48,35,46,11,3137,4074,937,revision-added exploratory
qasper,lead,ae89eed483c11ccd70a34795e9fe416af8a35da2,1911.01214,74,29,29,0,2250,2250,0,revision-added exploratory
qasper,lead,aebd1f0d728d0de5f76238844da044a44109f76f,1911.04474,68,42,66,24,2288,3717,1429,revision-added exploratory
qasper,lead,af45ff2c4209f14235482329d0729864fb2bd4b0,1911.12893,61,47,51,4,2467,2836,369,revision-added exploratory
qasper,lead,af948ea91136c700957b438d927f58d9b051c97c,2004.02143,48,35,35,0,3137,3137,0,revision-added exploratory
qasper,lead,afad388a0141bdda5ca9586803ac53d5f10f41f6,1908.08917,43,21,23,2,2717,2959,242,revision-added exploratory
qasper,lead,b012df09fa2a3d6b581032d68991768cf4bc9d7b,1908.10461,34,15,15,0,972,972,0,revision-added exploratory
qasper,lead,b03249984c26baffb67e7736458b320148675900,1901.05389,45,31,31,0,4078,4078,0,revision-added exploratory
qasper,lead,b065c2846817f3969b39e355d5d017e326d6f42e,1708.01065,53,39,39,0,2453,2453,0,revision-added exploratory
qasper,lead,b10388e343868ca8e5c7c601ebb903f52e756e61,1803.08419,61,6,58,52,638,6053,5415,revision-added exploratory
qasper,lead,b160bfb341f24ae42a268aa18641237a4b3a6457,2003.03728,34,19,19,0,1168,1168,0,revision-added exploratory
qasper,lead,b1fe6a39b474933038b44b6d45e5ca32af7c3e36,2004.04498,93,59,59,0,2865,2865,0,revision-added exploratory
qasper,lead,b210c3e48c15cdc8c47cf6f4b6eb1c29a1933654,1604.02201,29,3,6,3,460,775,315,revision-added exploratory
qasper,lead,b21245212244ad7adf7d321420f2239a0f0fe56b,1908.10149,30,15,15,0,1434,1434,0,revision-added exploratory
qasper,lead,b32de10d84b808886d7a91ab0c423d4fc751384c,1603.09381,27,7,7,0,485,485,0,revision-added exploratory
qasper,lead,b3432f52af0b95929e6723dd1f01ce029d90a268,1808.07733,21,14,19,5,1191,1698,507,revision-added exploratory
qasper,lead,b39b278aa1cf2f87ad4159725dff77b387f2df84,2003.11687,35,24,24,0,1314,1314,0,revision-added exploratory
qasper,lead,b3b9d7c8722e8ec41cbbae40e68458485a5ba25c,1910.07924,82,57,58,1,1561,1593,32,revision-added exploratory
qasper,lead,b3dc9a35e8c3ed7abcc4ca0bf308dea75be9c016,1708.01065,53,39,39,0,2453,2453,0,revision-added exploratory
qasper,lead,b424ad7f9214076b963a0077d7345d7bb5a7a205,2002.00175,58,4,21,17,343,1083,740,revision-added exploratory
qasper,lead,b4b7333805cb6fdde44907747887a971422dc298,2003.09244,78,10,10,0,647,647,0,revision-added exploratory
qasper,lead,b537832bba2eb6d34702a9d71138e661c05a7c3a,1906.01076,52,22,22,0,1568,1568,0,revision-added exploratory
qasper,lead,b57ad10468e1ba2a7a34396688dbb10a575d89f5,1706.02427,60,39,39,0,2995,2995,0,revision-added exploratory
qasper,lead,b59f3a58939f7ac007d3263a459c56ebefc4b49a,2003.09244,78,65,74,9,4854,5525,671,revision-added exploratory
qasper,lead,b62b7ec5128219f04be41854247d5af992797937,1910.03355,41,19,19,0,1066,1066,0,revision-added exploratory
qasper,lead,b6aa5665c981e3b582db4760759217e2979d5626,1909.10481,43,11,21,10,1196,2137,941,revision-added exploratory
qasper,lead,b6c2a391c4a94eaa768150f151040bb67872c0bf,1605.05195,46,4,33,29,377,2755,2378,revision-added exploratory
qasper,lead,b6e97d1b1565732b1b3f1d74e6d2800dd21be37a,1707.05589,47,22,22,0,1582,1582,0,revision-added exploratory
qasper,lead,b70e4c49300dc3eab18e907ab903afd2a0c6075a,1909.00437,43,21,21,0,1611,1611,0,revision-added exploratory
qasper,lead,b783ec5cb9ad595da7db2c0ddf871152ae382c5f,1805.04833,52,6,8,2,394,542,148,revision-added exploratory
qasper,lead,b78bb6fe817c2d4bc69236df998f546e94c3ee21,1704.06851,45,40,40,0,3994,3994,0,revision-added exploratory
qasper,lead,b79c85fa84712d3028cb5be2af873c634e51140e,1605.05156,26,4,4,0,594,594,0,revision-added exploratory
qasper,lead,b79ff0a50bf9f361c5e5fed68525283856662076,1805.09960,67,48,49,1,2481,2574,93,revision-added exploratory
qasper,lead,b8b79a6123716cb9fabf751b31dff424235a2ee2,1812.05813,72,20,22,2,1127,1224,97,revision-added exploratory
qasper,lead,b8bbdc3987bb456739544426c6037c78ede01b77,1909.11980,29,24,24,0,1243,1243,0,revision-added exploratory
qasper,lead,b942d94e4187e4fdc706cfdf92e3a869fc294911,1909.05372,53,8,13,5,762,1242,480,revision-added exploratory
qasper,lead,b948bb86855b2c0bfc8fad88ff1e29cd94bb6ada,1905.05644,55,43,51,8,2351,3373,1022,revision-added exploratory
qasper,lead,b968bd264995cd03d7aaad1baba1838c585ec909,1804.09692,49,33,34,1,2710,2778,68,revision-added exploratory
qasper,lead,b9d9803ba24127f91ba4d7cff4da11492da20f09,2004.03090,28,17,17,0,1479,1479,0,revision-added exploratory
qasper,lead,ba39317e918b4386765f88e8c8ae99f9a098c935,1703.04009,20,10,10,0,1390,1390,0,revision-added exploratory
qasper,lead,ba406e07c33a9161e29c75d292c82a15503beae5,1907.12984,107,63,67,4,3591,4046,455,revision-added exploratory
qasper,lead,ba7fea78b0b888a714cb7d89944b69c5038a1ef1,1806.03369,29,11,11,0,1278,1278,0,revision-added exploratory
qasper,lead,baaa6ad7148b785429a20f38786cd03ab9a2646e,1908.08917,43,5,6,1,787,1136,349,revision-added exploratory
qasper,lead,baad4b6f834d5944f61bd12f30908e3cf3739dcd,1911.06815,26,13,13,0,927,927,0,revision-added exploratory
qasper,lead,bab4ae97afd598a11d1fc7c05c6fdb98c30cafe0,1711.03759,31,29,29,0,1964,1964,0,revision-added exploratory
qasper,lead,bab4e8881f4d75e266bce6fbfa4c3bcd3eacf30f,1708.03312,38,25,25,0,1476,1476,0,revision-added exploratory
qasper,lead,baec99756b80eec7c0234a08bc2855e6770bcaeb,1907.04072,44,12,12,0,1222,1222,0,revision-added exploratory
qasper,lead,bbfe7e131ed776c85f2359b748db1325386c1af5,1807.03674,23,1,1,0,51,51,0,revision-added exploratory
qasper,lead,bc6ad5964f444cf414b661a4b942dafb7640c564,1809.03680,47,43,43,0,4040,4040,0,revision-added exploratory
qasper,lead,bc8526d4805e2554adb2e9c01736d3f3a3b19895,1604.02038,55,40,40,0,2248,2248,0,revision-added exploratory
qasper,lead,bcf222ad4bb537b01019ed354ea03cd6bf2c1f8e,1905.07562,50,1,18,17,121,2668,2547,revision-added exploratory
qasper,lead,bd191d95806cee4cf80295e9ce1cd227aba100ab,1912.07076,55,7,10,3,694,926,232,revision-added exploratory
qasper,lead,bd255aadf099854541d06997f83a0e478f526120,1911.11025,66,11,11,0,1002,1002,0,revision-added exploratory
qasper,lead,bd3562d2b3c162e9d27404d56b77e15f707d8b0f,1705.00571,30,28,28,0,1893,1893,0,revision-added exploratory
qasper,lead,bd53399be8ff59060792da4c8e42a7fc1e6cbd85,2003.13028,66,53,63,10,2341,3077,736,revision-added exploratory
qasper,lead,bda21bfb2dd74085cbc355c70dab5984ef41dba7,1906.04236,58,5,5,0,406,406,0,revision-added exploratory
qasper,lead,bdae851d4cf1d05506cf3e8359786031ac4f756f,1911.12237,55,28,28,0,1884,1884,0,revision-added exploratory
qasper,lead,be632f0246c2e5f049d12e796812f496e083c33e,1908.10001,38,18,30,12,1215,1843,628,revision-added exploratory
qasper,lead,bfd55ae9630a08a9e287074fff3691dfbffc3258,1908.09283,68,42,44,2,2570,2640,70,revision-added exploratory
qasper,lead,c01a8b42fd27b0a3bec717ededd98b6d085a0f5c,1710.11027,15,7,8,1,986,1174,188,revision-added exploratory
qasper,lead,c0355afc7871bf2e12260592873ffdb5c0c4c919,1909.10481,43,28,33,5,2535,2683,148,revision-added exploratory
qasper,lead,c035a011b737b0a10deeafc3abe6a282b389d48b,1707.07212,52,23,23,0,1639,1639,0,revision-added exploratory
qasper,lead,c0847af3958d791beaa14c4040ada2d364251c4d,2004.02105,49,11,11,0,1164,1164,0,revision-added exploratory
qasper,lead,c0af44ebd7cd81270d9b5b54d4a40feed162fa54,1801.05617,85,29,29,0,2807,2807,0,revision-added exploratory
qasper,lead,c0dbf3f1957f3bff3ced5b48aff60097f3eac7bb,1808.07231,39,14,14,0,1023,1023,0,revision-added exploratory
qasper,lead,c135e1f8ecaf7965f6a6d3e30b537eb37ad74230,1910.02001,82,5,5,0,411,411,0,revision-added exploratory
qasper,lead,c138a45301713c1a9f6edafeef338ba2f99220ce,1912.08084,68,17,17,0,1292,1292,0,revision-added exploratory
qasper,lead,c176eb1ccaa0e50fb7512153f0716e60bf74aa53,1910.01340,46,9,10,1,857,981,124,revision-added exploratory
qasper,lead,c17ece1dad42d92c78fca2e3d8afa9a20ff19598,1906.01010,25,2,7,5,390,1072,682,revision-added exploratory
qasper,lead,c2037887945abbdf959389dc839a86bc82594505,1803.06745,41,2,31,29,371,1727,1356,revision-added exploratory
qasper,lead,c25014b7e57bb2949138d64d49f356d69838bc25,1908.10001,38,33,33,0,2087,2087,0,revision-added exploratory
qasper,lead,c2ce25878a17760c79031a426b6f38931cd854b2,2003.11528,61,18,38,20,1045,2256,1211,revision-added exploratory
qasper,lead,c30b0d6b23f0f01573eea315176c5ffe4e0c6b5c,1910.02677,56,22,22,0,1586,1586,0,revision-added exploratory
qasper,lead,c3befe7006ca81ce64397df654c31c11482dafbe,1611.04887,45,2,5,3,456,600,144,revision-added exploratory
qasper,lead,c3ce95658eea1e62193570955f105839de3d7e2d,1911.03324,57,4,12,8,380,985,605,revision-added exploratory
qasper,lead,c47312f2ca834ee75fa9bfbf912ea04239064117,1907.00937,39,24,24,0,2511,2511,0,revision-added exploratory
qasper,lead,c4b621f573bbb411bdaa84a7562c9c4795a7eb3a,1808.09180,76,4,28,24,419,1367,948,revision-added exploratory
qasper,lead,c5221bb28e58a4f13cf2eccce0e1b1bec7dd3c13,1909.09070,59,2,30,28,168,2254,2086,revision-added exploratory
qasper,lead,c53b036eff430a9d0449fb50b8d2dc9d2679d9fe,1706.02222,68,62,67,5,4376,5009,633,revision-added exploratory
qasper,lead,c589d83565f528b87e355b9280c1e7143a42401d,1909.07873,52,37,45,8,4042,4380,338,revision-added exploratory
qasper,lead,c59d67930edd3d369bd51a619849facdd0770644,1705.10272,14,5,5,0,450,450,0,revision-added exploratory
qasper,lead,c5ea4da3c760ba89194ad807bc1ef60e1761429f,1602.07563,120,95,95,0,7322,7322,0,revision-added exploratory
qasper,lead,c68946ae2e548ec8517c7902585c032b3f3876e6,1901.05389,45,6,40,34,684,4938,4254,revision-added exploratory
qasper,lead,c6f2598b85dc74123fe879bf23aafc7213853f5b,1911.12237,55,37,37,0,2374,2374,0,revision-added exploratory
qasper,lead,c72e05dd41ed5a85335ffeca5a03e71514e60e84,1911.12559,22,6,10,4,875,1187,312,revision-added exploratory
qasper,lead,c79f168503a60d1b08bb2c9aac124199d210b06d,1904.02954,34,20,21,1,1321,1392,71,revision-added exploratory
qasper,lead,c7d3bccee59ab683e6bf047579bc6eab9de9d973,1705.10272,14,14,14,0,1083,1083,0,revision-added exploratory
qasper,lead,c7f43c95db3d0c870407cd0e7becdd802463683b,1910.09362,66,39,40,1,1766,1777,11,revision-added exploratory
qasper,lead,c7ffef8bf0100eb6148bd932d0409b21759060b1,1707.06519,32,15,15,0,1819,1819,0,revision-added exploratory
qasper,lead,c845110efee2f633d47f5682573bc6091e8f5023,1911.05652,34,33,33,0,2276,2276,0,revision-added exploratory
qasper,lead,c87966e7f497975b76a60f6be50c33d296a4a4e7,2004.01820,92,11,41,30,659,2980,2321,revision-added exploratory
qasper,lead,c8f8ecac23a991bceb8387e68b3b3f2a5d8cf029,2003.12660,26,7,7,0,461,461,0,revision-added exploratory
qasper,lead,c97306c1be5d59cf27b1054adfa8f1da47d292ce,1810.02229,28,3,3,0,328,328,0,revision-added exploratory
qasper,lead,c9a323c152c5d9bc2d244e0ed10afbdb0f93062a,1909.00369,57,8,38,30,700,2374,1674,revision-added exploratory
qasper,lead,c9eae337edea0edb12030a7d4b01c3a3c73c16d3,1806.04387,48,32,45,13,1753,2717,964,revision-added exploratory
qasper,lead,caebea05935cae1f5d88749a2fc748e62976eab7,1710.11334,14,2,14,12,363,2001,1638,revision-added exploratory
qasper,lead,cb58605a7c230043bd0d6e8d5b068f8b533f45fe,1909.11706,31,6,12,6,597,948,351,revision-added exploratory
qasper,lead,cb7a00233502c4b7801d34bc95d6d22d79776ae8,1603.08868,35,7,7,0,695,695,0,revision-added exploratory
qasper,lead,cbb3c1c1e6e1818b6480f929f1c299eaa5ffd07a,1907.10676,24,21,21,0,2848,2848,0,revision-added exploratory
qasper,lead,cbe42bf7c99ee248cdb2c5d6cf86b41106e66863,1908.02284,27,17,17,0,1382,1382,0,revision-added exploratory
qasper,lead,cc3dd701f3a674618de95a4196e9c7f4c8fbf1e5,1805.04833,52,38,38,0,2592,2592,0,revision-added exploratory
qasper,lead,cc78a08f5bfe233405c99cb3dac1f11f3a9268b1,1907.08540,47,7,7,0,876,876,0,revision-added exploratory
qasper,lead,cc8bcea4052bf92f249dda276acc5fd16cac6fb4,1809.03695,18,7,7,0,606,606,0,revision-added exploratory
qasper,lead,ccec4f8deff651858f44553f8daa5a19e8ed8d3b,1909.05190,59,48,48,0,3254,3254,0,revision-added exploratory
qasper,lead,cd82bdaa0c94330f8cccfb1c59b4e6761a5a4f4d,1911.01214,74,26,26,0,1920,1920,0,revision-added exploratory
qasper,lead,cdbbba22e62bc9402aea74ac5960503f59e984ff,1805.04558,131,9,15,6,758,1028,270,revision-added exploratory
qasper,lead,ce23849e9e9a22626965f1ca8ca948a5c87280e9,1909.01720,69,37,37,0,2701,2701,0,revision-added exploratory
qasper,lead,ce504a7ee2c1f068ef4dde8d435245b4e77bb0b5,1708.09025,62,18,20,2,1760,1788,28,revision-added exploratory
qasper,lead,ce8d8de78a21a3ba280b658ac898f73d0b52bf1b,1910.10487,47,39,40,1,4216,4288,72,revision-added exploratory
qasper,lead,ced63053eb631c78a4ddd8c85ec0f3323a631a54,1708.05482,73,41,41,0,2480,2480,0,revision-added exploratory
qasper,lead,cf0b7d8a2449d04078f69ec9717a547adfb67d17,1801.04433,52,45,45,0,3871,3871,0,revision-added exploratory
qasper,lead,cf3fab54b2b289b66e7dba4706c47a62569627c5,1708.07690,42,15,24,9,689,1147,458,revision-added exploratory
qasper,lead,cf58d25bfa2561a359fdd7b6b20aef0b41dc634e,1912.08084,68,5,16,11,348,1153,805,revision-added exploratory
qasper,lead,cf68906b7d96ca0c13952a6597d1f23e5184c304,1710.10380,65,38,38,0,2491,2491,0,revision-added exploratory
qasper,lead,cf82251a6a5a77e29627560eb7c05c3eddc20825,2004.04498,93,8,8,0,518,518,0,revision-added exploratory
qasper,lead,cfa44bb587b0c05906d8325491ca9e0f024269e8,1708.01065,53,5,37,32,588,2293,1705,revision-added exploratory
qasper,lead,cfcf94b81589e7da215b4f743a3f8de92a6dda7a,1712.00733,74,56,56,0,4086,4086,0,revision-added exploratory
qasper,lead,cfdd583d01abaca923f5c466bb20e1d4b8c749ff,1810.02268,71,53,53,0,2742,2742,0,revision-added exploratory
qasper,lead,cfe21b979a6c851bdafb2e414622f61e62b1d98c,2003.13028,66,14,14,0,515,515,0,revision-added exploratory
qasper,lead,d0048ef1cba3f63b5d60c568d5d0ba62ac4d7e75,1901.01590,54,19,20,1,696,712,16,revision-added exploratory
qasper,lead,d0dc6729b689561370b6700b892c9de8871bb44d,1604.02201,29,7,7,0,959,959,0,revision-added exploratory
qasper,lead,d147117ef24217c43252d917d45dff6e66ff807c,1712.00733,74,15,15,0,1587,1587,0,revision-added exploratory
qasper,lead,d1a4529ea32aaab5ca3b9d9ae5c16f146c23af6b,1809.08935,10,9,9,0,874,874,0,revision-added exploratory
qasper,lead,d206f2cbcc3d2a6bd0ccaa3b57fece396159f609,1805.00195,63,6,9,3,699,1076,377,revision-added exploratory
qasper,lead,d207f78beb6cd754268881bf575c8f98000667ea,1705.02023,22,20,20,0,1276,1276,0,revision-added exploratory
qasper,lead,d211a37830c59aeab4970fdb2e03d9b7368b421c,1805.04558,131,32,32,0,1861,1861,0,revision-added exploratory
qasper,lead,d2d9c7177728987d9e8b0c44549bbe03c8c00ef2,1906.05685,48,28,28,0,1738,1738,0,revision-added exploratory
qasper,lead,d2f91303cec132750a416192f67c8ac1d3cf6fc0,1708.07252,62,44,47,3,3217,3508,291,revision-added exploratory
qasper,lead,d323f0d65b57b30ae85fb9f24298927a3d1216e9,1810.12897,25,15,15,0,1609,1609,0,revision-added exploratory
qasper,lead,d36a6447bfe58204e0d29f9213d84be04d875624,1906.08871,38,17,20,3,1467,1636,169,revision-added exploratory
qasper,lead,d38b3e0896b105d171e69ce34c689e4a7e934522,1912.10162,37,14,14,0,1057,1057,0,revision-added exploratory
qasper,lead,d3cfbe497a30b750a8de3ea7f2cecf4753a4e1f9,1905.09439,22,11,11,0,754,754,0,revision-added exploratory
qasper,lead,d3fb0d84d763cb38f400b7de3daaa59ed2a1b0ab,1707.07212,52,16,16,0,1408,1408,0,revision-added exploratory
qasper,lead,d418bf6595b1b51a114f28ac8a6909c278838aeb,1908.10149,30,7,7,0,845,845,0,revision-added exploratory
qasper,lead,d4b84f48460517bc0a6d4e0c38f6853c58081166,1804.01155,55,18,24,6,2642,3245,603,revision-added exploratory
qasper,lead,d5c393df758dec6ea6827ae5b887eb6c303a4f4d,1612.05202,43,41,41,0,1874,1874,0,revision-added exploratory
qasper,lead,d622564b250cffbb9ebbe6636326b15ec3c622d9,1902.10246,24,23,23,0,1982,1982,0,revision-added exploratory
qasper,lead,d64fa192a7e9918c6a22d819abad581af0644c7d,1802.08969,106,95,99,4,3605,3802,197,revision-added exploratory
qasper,lead,d66550f65484696c1284903708b87809ea705786,1805.04833,52,31,31,0,2049,2049,0,revision-added exploratory
qasper,lead,d66c31f24f582c499309a435ec3c688dc3a41313,1907.00937,39,38,38,0,3732,3732,0,revision-added exploratory
qasper,lead,d68cc9aaf0466b97354600a5646c3be4512fc096,2004.03090,28,3,13,10,217,1203,986,revision-added exploratory
qasper,lead,d6a815d24c46557827d8aca65d3ffd008ac1bc07,1803.02914,25,12,12,0,1708,1708,0,revision-added exploratory
qasper,lead,d6b0c71721ed24ef1d9bd31ed3a266b0c7fc9b57,1704.06960,64,39,40,1,2914,3026,112,revision-added exploratory
qasper,lead,d7799d26fe39302c4aff5b530aa691e8653fffe8,1803.09000,38,35,35,0,1937,1937,0,revision-added exploratory
qasper,lead,d8ae36ae1b4d3af5b59ebd24efe94796101c1c12,1802.02614,46,26,26,0,1990,1990,0,revision-added exploratory
qasper,lead,d9354c0bb32ec037ff2aacfed58d57887a713163,1707.07212,52,11,12,1,960,1034,74,revision-added exploratory
qasper,lead,d976c22e9d068e4e31fb46e929023459f8290a63,1903.10548,7,6,6,0,448,448,0,revision-added exploratory
qasper,lead,d97843afec733410d2c580b4ec98ebca5abf2631,1607.00167,15,5,5,0,494,494,0,revision-added exploratory
qasper,lead,d98148f65d893101fa9e18aaf549058712485436,1709.04005,51,3,3,0,237,237,0,revision-added exploratory
qasper,lead,d9949dd4865e79c53284932d868ca8fd10d55e70,2003.07459,28,11,11,0,1492,1492,0,revision-added exploratory
qasper,lead,d9a45fea8539aac01dec01f29b7d04b44b9c2ca6,1909.01720,69,3,4,1,383,507,124,revision-added exploratory
qasper,lead,d9e7633004ed1bc1ee45be58409bcc1fa6db59b2,1908.11049,45,4,24,20,616,2404,1788,revision-added exploratory
qasper,lead,da077b385d619305033785af5b204696d6145bd8,1911.02747,29,8,10,2,964,1079,115,revision-added exploratory
qasper,lead,da0a2195bbf6736119ff32493898d2aadffcbcb8,1605.05166,60,4,4,0,509,509,0,revision-added exploratory
qasper,lead,da21bcaa8e3a9eadc8a5194fd57ae797e93c3049,2004.01970,38,28,28,0,1233,1233,0,revision-added exploratory
qasper,lead,dc473819b196c0ea922773e173a6b283fa778791,1605.05156,26,22,23,1,2103,2161,58,revision-added exploratory
qasper,lead,dce27c49b9bf1919ca545e04663507d83bb42dbe,1808.10006,50,21,36,15,1226,2313,1087,revision-added exploratory
qasper,lead,dd81f58c782169886235c48b8f9a08e0954dd3ae,2003.12660,26,6,26,20,393,976,583,revision-added exploratory
qasper,lead,de0154affd86c608c457bf83d888bbd1f879df93,1911.12722,54,50,50,0,4005,4005,0,revision-added exploratory
qasper,lead,de0d135b94ba3b3a4f4a0fb03df38a84f9dc9da4,1909.02322,29,22,22,0,2483,2483,0,revision-added exploratory
qasper,lead,de313b5061fc22e8ffef1706445728de298eae31,1811.01183,50,13,16,3,1136,1522,386,revision-added exploratory
qasper,lead,de344aeb089affebd15a8c370ae9ab5734e99203,1803.06745,41,9,9,0,1072,1072,0,revision-added exploratory
qasper,lead,de580e43614ee38d2d9fc6263ff96e6ca2b54eb5,1911.01214,74,7,7,0,627,627,0,revision-added exploratory
qasper,lead,de689a17b0b9fb6bbb80e9b85fb44b36b56de2fd,2003.07459,28,11,11,0,1492,1492,0,revision-added exploratory
qasper,lead,df01e98095ba8765d9ab0d40c9e8ef34b64d3700,2002.04815,30,17,19,2,904,955,51,revision-added exploratory
qasper,lead,df4895c6ae426006e75c511a304d56d37c42a1c7,1805.11850,17,9,9,0,749,749,0,revision-added exploratory
qasper,lead,df623717255ea2c9e0f846859d8a9ef51dc1102b,1606.02892,49,11,11,0,584,584,0,revision-added exploratory
qasper,lead,dfaeb8faf04505a4178945c933ba217e472979d8,1708.01065,53,35,36,1,2076,2156,80,revision-added exploratory
qasper,lead,dfdd309e56b71589b25412ba85b0a5d79a467ceb,1610.09722,69,39,39,0,2292,2292,0,revision-added exploratory
qasper,lead,e0b54906184a4ad87d127bed22194e62de38222b,1910.01340,46,31,32,1,2301,2503,202,revision-added exploratory
qasper,lead,e0b8a2649e384bbdb17472f8da2c3df4134b1e57,1707.07568,38,14,14,0,1162,1162,0,revision-added exploratory
qasper,lead,e12166fa9d6f63c4e92252c95c6a7bc96977ebf4,1901.10619,68,14,14,0,1205,1205,0,revision-added exploratory
qasper,lead,e14e3e0944ec3290d1985e9a3da82a7df17575cd,1806.07042,52,5,42,37,782,3767,2985,revision-added exploratory
qasper,lead,e1ab241059ef1700738f885f051d724a7fcf283a,1707.09816,50,25,25,0,1589,1589,0,revision-added exploratory
qasper,lead,e381f1811774806be109f9b05896a2a3c5e1ef43,1710.11334,14,12,12,0,1678,1678,0,revision-added exploratory
qasper,lead,e3bafa432cd3e1225170ff04de2fdf1ede38c6ef,1805.11598,24,4,4,0,369,369,0,revision-added exploratory
qasper,lead,e3c44964eb6ddc554901244eb6595f26a9bae47e,1910.07154,36,25,25,0,1502,1502,0,revision-added exploratory
qasper,lead,e459760879f662b2205cbdc0f5396dbfe41323ae,1908.09590,53,6,29,23,519,2053,1534,revision-added exploratory
qasper,lead,e462efb58c71f186cd6b315a2d861cbb7171f65b,1906.04236,58,23,23,0,1797,1797,0,revision-added exploratory
qasper,lead,e56c1f0e9eabda41f929d0dfd5cfa50edd69fa89,1909.06708,30,19,19,0,1396,1396,0,revision-added exploratory
qasper,lead,e5b2eb6a49c163872054333f8670dd3f9563046a,2004.02334,53,27,27,0,2022,2022,0,revision-added exploratory
qasper,lead,e5be900e70ea86c019efb06438ba200e11773a7c,1909.13466,62,41,41,0,3268,3268,0,revision-added exploratory
qasper,lead,e5f8d2fc1332e982a54ee4b4c1f7f55e900d0b86,1811.04791,60,7,29,22,828,2847,2019,revision-added exploratory
qasper,lead,e6204daf4efeb752fdbd5c26e179efcb8ddd2807,1601.03313,57,41,41,0,3700,3700,0,revision-added exploratory
qasper,lead,e6bc11bd6cfd4b2138c29602b9b56fc5378a4293,1709.04491,19,14,14,0,1730,1730,0,revision-added exploratory
qasper,lead,e6f5444b7c08d79d4349e35d5298a63bb30e7004,1708.07252,62,58,59,1,5438,5737,299,revision-added exploratory
qasper,lead,e797634fa77e490783b349034f9e095ee570b7a9,1804.05253,26,5,6,1,472,587,115,revision-added exploratory
qasper,lead,e831ce6c406bf5d1c493162732e1b320abb71b6f,1908.07491,30,13,13,0,846,846,0,revision-added exploratory
qasper,lead,e8c3f59313df20db0cdd49b84a37c44da849fe17,2003.07459,28,16,16,0,2163,2163,0,revision-added exploratory
qasper,lead,e90425ac05a15dc145bbf3034e78b56e7cec36ac,1803.09000,38,34,34,0,1888,1888,0,revision-added exploratory
qasper,lead,e96b0d64c8d9fdd90235c499bf1ec562d2cbb8b2,1605.04278,123,108,108,0,3302,3302,0,revision-added exploratory
qasper,lead,e9a0a69eacd554141f56b60ab2d1912cc33f526a,1803.06745,41,30,30,0,1697,1697,0,revision-added exploratory
qasper,lead,ea6edf45f094586caf4684463287254d44b00e95,1907.12984,107,55,69,14,3160,4358,1198,revision-added exploratory
qasper,lead,eaacee4246f003d29a108fe857b5dd317287ecf1,1911.12559,22,18,19,1,1799,1835,36,revision-added exploratory
qasper,lead,eaae11ffd4ff955de2cd6389b888f5fd2c660a32,1910.14589,68,62,63,1,3430,3537,107,revision-added exploratory
qasper,lead,ead7704a64447dccd504951618d3be463eba86bf,1807.03674,23,4,4,0,313,313,0,revision-added exploratory
qasper,lead,eaed0b721cc3137b964f5265c7ecf76f565053e9,1806.03369,29,16,16,0,1985,1985,0,revision-added exploratory
qasper,lead,eafea4a24d103fdecf8f347c7d84daff6ef828a3,1611.01116,26,13,13,0,1698,1698,0,revision-added exploratory
qasper,lead,eb653a5c59851eda313ece0bcd8c589b6155d73e,1908.02284,27,20,20,0,1576,1576,0,revision-added exploratory
qasper,lead,ebb4db9c24aa36db9954dd65ea079a798df80558,1908.09355,57,46,46,0,3410,3410,0,revision-added exploratory
qasper,lead,ebe1084a06abdabefffc66f029eeb0b69f114fd9,1810.02268,71,50,53,3,2604,2742,138,revision-added exploratory
qasper,lead,ebe6b8ec141172f7fea66f0a896b3124276d4884,1911.11025,66,7,7,0,589,589,0,revision-added exploratory
qasper,lead,ec2045e0da92989642a5b5f2b1130c8bd765bcc5,1901.03253,68,22,22,0,1967,1967,0,revision-added exploratory
qasper,lead,ec39120fb879ae10452d3f244e1e32237047005a,2004.04060,39,16,17,1,860,984,124,revision-added exploratory
qasper,lead,ec54ae2f4811196fcaafa45e76130239e69995f9,1909.07158,55,40,40,0,2201,2201,0,revision-added exploratory
qasper,lead,ec62df859ad901bf0848f0a8b91eedc78dba5657,1909.05190,59,48,49,1,3254,3392,138,revision-added exploratory
qasper,lead,ec70c7c560e08cff2820bad93f5216bc0a469f5a,1908.11664,66,45,45,0,2439,2439,0,revision-added exploratory
qasper,lead,ec8f39d32084996ab825debd7113c71daac38b06,1606.07043,27,3,12,9,340,965,625,revision-added exploratory
qasper,lead,ecaa10a2d9927fa6ab6a954488f12aa6b42ddc1a,1909.04242,41,9,29,20,630,1850,1220,revision-added exploratory
qasper,lead,ed15a593d64a5ba58f63c021ae9fd8f50051a667,2001.05540,28,9,26,17,877,1860,983,revision-added exploratory
qasper,lead,ed44f7e698d6124cb86791841d02fc6f8b4d862a,1908.11049,45,3,18,15,451,1676,1225,revision-added exploratory
qasper,lead,ed7ce13cd95f7664a5e4fc530dcf72dc3808dced,1712.02555,55,37,37,0,2389,2389,0,revision-added exploratory
qasper,lead,ee2c2fb01d67f4c58855bf23186cbd45cecbfa56,1606.07947,55,48,48,0,2904,2904,0,revision-added exploratory
qasper,lead,ef6304512652ba56bd13dbe282a5ce1d41a4f171,1909.03553,54,32,35,3,1174,1233,59,revision-added exploratory
qasper,lead,eff9192e05d23e9a67d10be0c89a7ab2b873995b,1910.09387,23,9,10,1,1598,1754,156,revision-added exploratory
qasper,lead,f0404673085517eea708c5e91f32fb0f7728fa08,1607.03895,35,7,8,1,576,679,103,revision-added exploratory
qasper,lead,f0afc116809b70528226d37190e8e79e1e9cd11e,1906.05685,48,21,22,1,1253,1287,34,revision-added exploratory
qasper,lead,f11856814a57b86667179e1e275e4f99ff1bcad8,1707.06875,59,10,15,5,519,731,212,revision-added exploratory
qasper,lead,f15bc40960bd3f81bc791f43ab5c94c52378692d,1804.00982,18,11,11,0,1009,1009,0,revision-added exploratory
qasper,lead,f1a50f88898556ecdba8e9cac13ae54c11835945,1909.03553,54,3,3,0,247,247,0,revision-added exploratory
qasper,lead,f1d61b44105e651925d02a51e6d7ea10ea28ebd8,1909.00437,43,13,27,14,1067,2368,1301,revision-added exploratory
qasper,lead,f1f7a040545c9501215d3391e267c7874f9a6004,1612.09535,60,27,27,0,2285,2285,0,revision-added exploratory
qasper,lead,f264612db9096caf938bd8ee4085848143b34f81,1605.05166,60,3,3,0,428,428,0,revision-added exploratory
qasper,lead,f2b1e87f61c65aaa99bcf9825de11ae237260270,1909.00786,57,44,44,0,2785,2785,0,revision-added exploratory
qasper,lead,f2b8a2ed5916d75cf568a931829a5a3cde2fc345,1801.05617,85,70,70,0,4997,4997,0,revision-added exploratory
qasper,lead,f2bcfdbebb418e7da165c19b8c7167719432ee48,1603.07252,50,5,8,3,518,829,311,revision-added exploratory
qasper,lead,f381b0ef693243d67657f6c34bbce015f6b1fd07,1603.08868,35,24,24,0,2129,2129,0,revision-added exploratory
qasper,lead,f3b4e52ba962a0004064132d123fd9b78d9e12e2,1907.12984,107,42,48,6,2547,2857,310,revision-added exploratory
qasper,lead,f3b851c9063192c86a3cc33b2328c02efa41b668,2003.08769,32,29,29,0,1604,1604,0,revision-added exploratory
qasper,lead,f40e23adc8245562c8677f0f86fa5175179b5422,1807.08089,47,5,41,36,702,3386,2684,revision-added exploratory
qasper,lead,f4e16b185b506713ff99acc4dbd9ec3208e4997b,1602.07563,120,76,89,13,6316,6936,620,revision-added exploratory
qasper,lead,f52c9744a371104eb2677c181a7004f7a77d9dd3,1912.00342,115,112,112,0,5361,5361,0,revision-added exploratory
qasper,lead,f5513f9314b9d7b41518f98c6bc6d42b8555258d,1605.05166,60,9,10,1,1026,1116,90,revision-added exploratory
qasper,lead,f5913e37039b9517a323ec700b712e898316161b,1711.03759,31,29,29,0,1964,1964,0,revision-added exploratory
qasper,lead,f5bc07df5c61dcb589a848bd36f4ce9c22abd46a,1703.10090,27,22,25,3,2634,2901,267,revision-added exploratory
qasper,lead,f61268905626c0b2a715282478a5e373adda516c,2003.07459,28,2,22,20,283,2872,2589,revision-added exploratory
qasper,lead,f637bba86cfb94ca8ac4b058faf839c257d5eaa0,1806.07042,52,4,4,0,694,694,0,revision-added exploratory
qasper,lead,f64449a21c452bc5395a0f0a49fb49825e6385f4,1909.04387,28,2,19,17,204,719,515,revision-added exploratory
qasper,lead,f71b95001dce46ee35cdbd8d177676de19ca2611,1911.07620,51,32,32,0,2250,2250,0,revision-added exploratory
qasper,lead,f741d32b92630328df30f674af16fbbefcad3f93,1805.09821,22,11,17,6,1191,1882,691,revision-added exploratory
qasper,lead,f7662b11e87c1e051e13799413f3db459ac3e19c,1911.10742,54,29,42,13,3223,3992,769,revision-added exploratory
qasper,lead,f77d7cddef3e021d70e16b9e16cecfd4b8ee80d3,1606.07947,55,40,40,0,2146,2146,0,revision-added exploratory
qasper,lead,f7b91b99279833f9f489635eb8f77c6d13136098,1912.11980,61,41,43,2,2914,3006,92,revision-added exploratory
qasper,lead,f7d61648ae4bd46c603a271185c3adfac5fc5114,1909.00369,57,8,38,30,700,2374,1674,revision-added exploratory
qasper,lead,f7ee48dd32c666ef83a4ae4aa06bcde85dd8ec4b,1804.07445,34,24,24,0,1565,1565,0,revision-added exploratory
qasper,lead,f88f45ef563ea9e40c5767ab2eaa77f4700f95f8,2002.09616,65,55,55,0,2703,2703,0,revision-added exploratory
qasper,lead,f8bba20d1781ce2b14fad28d6eff024e5a6c2c02,1709.06365,75,69,70,1,5040,5227,187,revision-added exploratory
qasper,lead,f8f64da7172e72e684f0e024a19411b43629ff55,1804.05306,34,7,8,1,697,805,108,revision-added exploratory
qasper,lead,f92c344e9b1a986754277fd0f08a47dc3e5f9feb,1803.08419,61,59,59,0,6141,6141,0,revision-added exploratory
qasper,lead,f93bad406e004014618dd64f6c604b1a9ee6a371,1811.00127,64,21,21,0,1646,1646,0,revision-added exploratory
qasper,lead,f9ae1b31c1a60aacb9ef869e1cc6b0e70c6e5d8e,2002.04374,20,8,8,0,1253,1253,0,revision-added exploratory
qasper,lead,fa5f5f58f6277a1e433f80c9a92a5629d6d9a271,2002.09616,65,54,54,0,2655,2655,0,revision-added exploratory
qasper,lead,fa800a21469a70fa6490bfc67cabdcc8bf086fb5,1902.06734,43,15,16,1,1794,1877,83,revision-added exploratory
qasper,lead,fac273ecb3e72f2dc94cdbc797582d7225a8e070,1703.05320,60,10,34,24,1104,2208,1104,revision-added exploratory
qasper,lead,faffcc6ef27c1441e6528f924e320368430d8da3,1908.08917,43,10,43,33,1823,4316,2493,revision-added exploratory
qasper,lead,fb06ed5cf9f04ff2039298af33384ca71ddbb461,1806.09652,34,24,24,0,1616,1616,0,revision-added exploratory
qasper,lead,fc62549a8f0922c09996a119b2b6a8b5e829e989,1701.03578,41,21,31,10,1709,2747,1038,revision-added exploratory
qasper,lead,fcb0ac1934e2fd9f58f4b459e6853999a27844f9,2004.02214,55,24,24,0,1801,1801,0,revision-added exploratory
qasper,lead,fcdafaea5b1c9edee305b81f6865efc8b8dc50d3,1707.02892,71,49,49,0,2085,2085,0,revision-added exploratory
qasper,lead,fd651d19046966ca65d4bcf6f6ae9c66cdf13777,2002.10210,50,33,33,0,3160,3160,0,revision-added exploratory
qasper,lead,fd8a8eb69f07c584a76633f8802c2746f7236d64,1911.03642,42,4,4,0,315,315,0,revision-added exploratory
qasper,lead,fda47c68fd5f7b44bd539f83ded5882b96c36dd7,1704.03279,32,20,20,0,2761,2761,0,revision-added exploratory
qasper,lead,fe1a74449847755cd7a46647cc9d384abfee789e,1901.03253,68,23,23,0,1990,1990,0,revision-added exploratory
qasper,lead,fe52b093735bb456d7e699aa9a2b806d2b498ba0,1905.00840,31,26,31,5,1380,1809,429,revision-added exploratory
qasper,lead,fe6181ab0aecf5bc8c3def843f82e530347d918b,1911.09753,45,32,32,0,3277,3277,0,revision-added exploratory
qasper,lead,fea9b4d136156f23a88e5c7841874a467f2ba86d,1908.06259,41,3,3,0,249,249,0,revision-added exploratory
qasper,lead,fee498457774d9617068890ff29528e9fa05a2ac,2003.03728,34,29,29,0,1807,1807,0,revision-added exploratory
qasper,lead,fef5b65263c81299acc350a101dabaf5a8cb9c6e,1807.08089,47,29,29,0,2176,2176,0,revision-added exploratory
qasper,lead,ff36168caf48161db7039e3bd4732cef31d4de99,1909.11706,31,30,30,0,3236,3236,0,revision-added exploratory
qasper,random,000549a217ea24432c0656598279dbb85378c113,1804.05253,26,13,13,0,999,999,0,revision-added exploratory
qasper,random,00341a46a67d31d36e6dc54d5297626319584891,1604.02201,29,28,28,0,2710,2710,0,revision-added exploratory
qasper,random,00aea97f69290b496ed11eb45a201ad28d741460,1909.01860,23,10,10,0,882,882,0,revision-added exploratory
qasper,random,00c443f8d32d6baf7c7cea8f4ca9fa749532ccfd,1612.00866,55,41,41,0,4833,4833,0,revision-added exploratory
qasper,random,00db191facf903cef18fb1727d1cab638c277e0a,1906.05506,40,34,36,2,2697,2920,223,revision-added exploratory
qasper,random,00df1ff914956d4d23299d02fd44e4c985bb61fa,1903.10318,39,32,32,0,1574,1574,0,revision-added exploratory
qasper,random,00e4c9aa87411dfc5455fc92f10e5c9266e7b95e,1710.06923,52,41,47,6,2775,3110,335,revision-added exploratory
qasper,random,00f507053c47e55d7e72bebdbd8a75b3ca88cf85,1806.07042,52,9,9,0,946,946,0,revision-added exploratory
qasper,random,00ffe2c59a3ba18d6d2b353d6ab062a152c88526,1709.05453,56,17,45,28,1106,2489,1383,revision-added exploratory
qasper,random,014a3aa07686ee18a86c977bf0701db082e8480b,1908.06493,41,40,40,0,2985,2985,0,revision-added exploratory
qasper,random,018b81f810a39b3f437a85573d24531efccd835f,1906.11085,25,3,21,18,337,1623,1286,revision-added exploratory
qasper,random,01c8c3836467a4399cc37e86244b5bdc5dda2401,1804.09692,49,21,21,0,1539,1539,0,revision-added exploratory
qasper,random,028d0d9b7a71133e51a14a32cd09dea1e2f39f05,1804.01155,55,20,46,26,2819,6024,3205,revision-added exploratory
qasper,random,02a5acb484bda77ef32a13f5d93d336472cf8cd4,1612.04118,27,9,9,0,695,695,0,revision-added exploratory
qasper,random,036c400424357457e42b22df477b7c3cdc2eefe9,1711.11118,15,5,5,0,780,780,0,revision-added exploratory
qasper,random,042800c3336ed5f4826203616a39747c61382ba6,1709.05453,56,18,18,0,1033,1033,0,revision-added exploratory
qasper,random,04796aaa59eeb2176339c0651838670fd916074d,1906.11085,25,2,2,0,231,231,0,revision-added exploratory
qasper,random,051034cc94f2c02d3041575c53f969b3311c9ea1,1804.07445,34,1,12,11,93,926,833,revision-added exploratory
qasper,random,058b6e3fdbb607fa7dbfc688628b3e13e130c35a,1912.00239,42,4,38,34,320,3596,3276,revision-added exploratory
qasper,random,065623cc1d5f5b19ec1f84d286522fc2f805c6ce,1706.04206,34,10,10,0,631,631,0,revision-added exploratory
qasper,random,07104dd36a0e7fdd2c211ad710de9a605495b697,1908.05908,41,33,35,2,2371,2562,191,revision-added exploratory
qasper,random,075d6ab5dd132666e85d0b6ad238118271dfc147,1909.00786,57,28,28,0,1819,1819,0,revision-added exploratory
qasper,random,0778cbbd093f8b779f7cf26302b2a8e081ccfb40,1703.10152,41,6,6,0,560,560,0,revision-added exploratory
qasper,random,079e654c97508c521c07ab4d24cdaaede5602c61,1605.05156,26,11,11,0,1055,1055,0,revision-added exploratory
qasper,random,07a214748a69b31400585aef7aba6af3e3d9cce2,1612.05202,43,12,12,0,733,733,0,revision-added exploratory
qasper,random,07d98dfa88944abd12acd45e98fb7d3719986aeb,1909.07873,52,25,51,26,2458,5072,2614,revision-added exploratory
qasper,random,08561f6ba578ce8f8d284abf90f5b24eb1f804d3,1901.03253,68,13,19,6,1031,1640,609,revision-added exploratory
qasper,random,088d42ecb1e15515f6a97a0da2fed81b61d61a23,1909.00437,43,23,30,7,2039,2699,660,revision-added exploratory
qasper,random,08b77c52676167af72581079adf1ca2b994ce251,2002.10210,50,49,49,0,4468,4468,0,revision-added exploratory
qasper,random,08c0d4db14773cbed8a63e69381a2265e85f8765,1901.05389,45,33,33,0,3562,3562,0,revision-added exploratory
qasper,random,0a5fd0e5f4ab12be57be20416a5ea7c3db5fb662,1912.10162,37,1,36,35,92,2376,2284,revision-added exploratory
qasper,random,0a70af6ba334dfd3574991b1dd06f54fc6a700f2,1910.01160,23,2,12,10,236,1110,874,revision-added exploratory
qasper,random,0abc2499195185c94837e0340d00cd3b83ee795e,1909.13184,17,13,14,1,1624,1707,83,revision-added exploratory
qasper,random,0ac6fbd81e2dd95b800283dc7e59ce969d45fc02,1708.05521,24,15,15,0,1201,1201,0,revision-added exploratory
qasper,random,0aca0a208a1e28857fab44e397dc7880e010dbca,2003.12139,28,7,22,15,865,2482,1617,revision-added exploratory
qasper,random,0b10cfa61595b21bf3ff13b4df0fe1c17bbbf4e9,1908.07721,72,8,26,18,363,1056,693,revision-added exploratory
qasper,random,0b1cc6c0de286eb724b1fd18dbc93e67ab89a236,1908.11664,66,18,27,9,1065,1668,603,revision-added exploratory
qasper,random,0b5a7ccf09810ff5a86162d502697d16b3536249,1911.03353,35,30,31,1,1498,1524,26,revision-added exploratory
qasper,random,0b5bf00d2788c534c4c6c007b72290c48be21e16,1806.07042,52,43,43,0,4324,4324,0,revision-added exploratory
qasper,random,0b5c599195973c563c4b1a0fe5d8fc77204d71a0,1811.01183,50,7,7,0,649,649,0,revision-added exploratory
qasper,random,0bc305d6b90f77f835bc4c904b22a4be07f963b2,1606.02601,56,43,43,0,2705,2705,0,revision-added exploratory
qasper,random,0bd3bea892c34a3820e98c4a42cdeda03753146b,1805.04558,131,111,111,0,3734,3734,0,revision-added exploratory
qasper,random,0bde3ecfdd7c4a9af23f53da2cda6cd7a8398220,1804.07445,34,25,26,1,1765,1864,99,revision-added exploratory
qasper,random,0c4e419fe57bf01d58a44f3e263777c22cdd90dc,1911.06815,26,7,7,0,711,711,0,revision-added exploratory
qasper,random,0d3193d17c0a4edc8fa9854f279c2a1b878e8b29,2002.00175,58,2,57,55,69,3024,2955,revision-added exploratory
qasper,random,0d9241e904bd2bbf5b9a6ed7b5fc929651d3e28e,1910.13793,45,18,18,0,1179,1179,0,revision-added exploratory
qasper,random,0dbb5309d2be97f6eda29d7ae220aa16cafbabb7,1610.00479,110,14,77,63,998,5501,4503,revision-added exploratory
qasper,random,0dc9050c832a6091bc9db3f7fa7be72139f51177,1902.08830,107,30,30,0,2381,2381,0,revision-added exploratory
qasper,random,0dfe43985dea45d93ae2504cccca15ae1e207ccf,2002.00175,58,49,49,0,2558,2558,0,revision-added exploratory
qasper,random,0ef114d24a7a32821967e912dff23c016c4eab41,1901.09501,43,28,39,11,1842,3199,1357,revision-added exploratory
qasper,random,0f1f81b6d4aa0da38b4cc8b060926e7df61bb646,1909.05190,59,28,41,13,1891,2924,1033,revision-added exploratory
qasper,random,0f9c1586f1b4b531fa4fd113e767d06af90b1ae8,1603.07252,50,10,50,40,592,4032,3440,revision-added exploratory
qasper,random,0fe49431db5ffaa24372919daf24d8f84117bfda,1603.07252,50,14,28,14,1096,2287,1191,revision-added exploratory
qasper,random,0fee37ebe0a010cf8bd665fa566306d8e7d12631,1709.06365,75,55,55,0,4429,4429,0,revision-added exploratory
qasper,random,1002bd01372eba0f3078fb4a951505278ed45f2e,1906.01076,52,22,49,27,1464,3136,1672,revision-added exploratory
qasper,random,10edfb9428b8a4652274c13962917662fdf84f8a,1911.07620,51,26,26,0,1739,1739,0,revision-added exploratory
qasper,random,1100e442e00c9914538a32aca7af994ce42e1b66,1911.03854,26,16,16,0,1331,1331,0,revision-added exploratory
qasper,random,1128a600a813116cba9a2cf99d8568ae340f327a,1802.08969,106,76,76,0,3036,3036,0,revision-added exploratory
qasper,random,11679d1feba747c64bbbc62939a20fbb69ada0f3,1902.06734,43,3,3,0,213,213,0,revision-added exploratory
qasper,random,119c404da6e42d4879eee10edeab4b2851162659,1910.10762,34,7,16,9,816,1609,793,revision-added exploratory
qasper,random,11a3af3f056e0fb5559fe5cbff1640e022732735,1612.05202,43,38,38,0,1813,1813,0,revision-added exploratory
qasper,random,11a8531699952f5a2286a4311f0fe80ed1befa1e,1905.07562,50,20,30,10,1457,2050,593,revision-added exploratory
qasper,random,11c4071d9d7efeede84f47892b1fa0c6a93667eb,2004.02334,53,18,18,0,1062,1062,0,revision-added exploratory
qasper,random,11ef46187a5bf15e89d63220fdeaecbeb92d818e,1610.06510,53,16,16,0,1464,1464,0,revision-added exploratory
qasper,random,11f9c207476af75a9272105e646df02594059c3f,1603.09381,27,9,9,0,654,654,0,revision-added exploratory
qasper,random,12dc04e0ec1d3ba5ec543069fe457dfa4a1cac07,1910.13793,45,33,33,0,1865,1865,0,revision-added exploratory
qasper,random,130d73400698e2b3c6860b07f2e957e3ff022d48,1909.00871,49,18,18,0,1792,1792,0,revision-added exploratory
qasper,random,138ad61b43c85d5db166ea9bd3d3b19bb2e2bbfb,1909.13184,17,3,17,14,456,2082,1626,revision-added exploratory
qasper,random,141f23e87c10c2d54d559881e641c983e3ec8ef3,1911.09241,57,42,42,0,4117,4117,0,revision-added exploratory
qasper,random,14fdc8087f2a62baea9d50c4aa3a3f8310b38d17,1909.12208,36,16,32,16,1667,3345,1678,revision-added exploratory
qasper,random,157284acedf13377cbc6d58c8f3648d3a62f5db5,1905.05644,55,52,53,1,3510,3517,7,revision-added exploratory
qasper,random,157de5175259d6f25db703efb299f948dae597b7,1708.07690,42,29,32,3,1462,1588,126,revision-added exploratory
qasper,random,15aeda407ae3912419fd89211cdb98989d9cde58,1908.08788,21,12,21,9,1136,2175,1039,revision-added exploratory
qasper,random,16a10c1681dc5a399b6d34b4eed7bb1fef816dd0,1910.02001,82,7,32,25,474,1909,1435,revision-added exploratory
qasper,random,16cc37e4f8e2db99eaf89337a3d9ada431170d5b,1907.08540,47,39,39,0,4025,4025,0,revision-added exploratory
qasper,random,16edc21a6abc89ee2280dccf1c867c2ac4552524,1809.03695,18,4,9,5,294,526,232,revision-added exploratory
qasper,random,1702985a3528e876bb19b8e223399729d778b4e4,2003.12450,6,4,4,0,200,200,0,revision-added exploratory
qasper,random,175cddfd0bcd77b7327b62f99e57d8ea93f8d8ba,1906.05685,48,22,22,0,1407,1407,0,revision-added exploratory
qasper,random,17fd6deb9e10707f9d1b70165dedb045e1889aac,1908.11053,64,30,30,0,1782,1782,0,revision-added exploratory
qasper,random,180c7bea8caf05ca97d9962b90eb454be4176425,1910.01160,23,22,22,0,1958,1958,0,revision-added exploratory
qasper,random,182eb91090017a7c8ea38a88b219b641842664e4,1901.09501,43,17,24,7,1677,2227,550,revision-added exploratory
qasper,random,183b385fb59ff1e3f658d4555a08b67c005a8734,1809.03391,33,2,13,11,125,1073,948,revision-added exploratory
qasper,random,19ebfba9aa5a9596b09a0cfb084ff8ebf24a3b91,1602.03483,43,29,42,13,2408,3342,934,revision-added exploratory
qasper,random,1a2b69dfa81dfeadd67b133229476086f2cc74a8,1712.00733,74,73,73,0,5591,5591,0,revision-added exploratory
qasper,random,1a419468d255d40ae82ed7777618072a48f0091b,1704.06851,45,34,34,0,3815,3815,0,revision-added exploratory
qasper,random,1a6156189297b2fe17f174ef55cbd20341bb7dbf,1611.06322,49,40,40,0,3329,3329,0,revision-added exploratory
qasper,random,1acf06105f6c1930f869347ef88160f55cbf382b,1909.00871,49,12,42,30,910,3825,2915,revision-added exploratory
qasper,random,1c182b4805b336bd6e1a3f43dc84b07db3908d4a,1910.12203,25,23,23,0,1823,1823,0,revision-added exploratory
qasper,random,1ce6c09cf886df41a3d3c52ce82f370c5a30334a,1905.01347,15,12,12,0,1446,1446,0,revision-added exploratory
qasper,random,1d047286ac63e5dca1ab811172b89d7d125679e5,1910.03943,52,45,45,0,3383,3383,0,revision-added exploratory
qasper,random,1d10e069b4304fabfbed69acf409f0a311bdc441,1806.09652,34,28,28,0,1794,1794,0,revision-added exploratory
qasper,random,1d263356692ed8cdee2a13f103a82d98f43d66eb,2003.11528,61,48,48,0,2319,2319,0,revision-added exploratory
qasper,random,1d6d21043b9fd0ed3ccccdc6317dcf5a1347ef03,1802.09059,34,17,34,17,1503,3268,1765,revision-added exploratory
qasper,random,1d7b99646a1bc05beec633d7a3beb083ad1e8734,1803.02155,48,38,38,0,1768,1768,0,revision-added exploratory
qasper,random,1d9d7c96c5e826ac06741eb40e89fca6b4b022bd,1603.00957,54,21,31,10,2129,3001,872,revision-added exploratory
qasper,random,1dc5bf9dca7de2ba21db10e9056d3906267ef5d5,1912.07940,30,1,14,13,80,1271,1191,revision-added exploratory
qasper,random,1dcfcfa46dbcffc2fc7be92dd57df9620258097b,1908.11046,58,16,16,0,1281,1281,0,revision-added exploratory
qasper,random,1e11e74481ead4b7635922bbe0de041dc2dde28d,1610.03807,23,11,11,0,873,873,0,revision-added exploratory
qasper,random,1e7e3f0f760cd628f698b73d82c0f946707855ca,1710.07695,63,62,62,0,3299,3299,0,revision-added exploratory
qasper,random,1ec0be667a6594eb2e07c50258b120e693e040a8,1805.11598,24,23,23,0,1817,1817,0,revision-added exploratory
qasper,random,1ecbbb60dc44a701e9c57c22167dd412711bb0be,1812.00382,22,9,21,12,1024,2353,1329,revision-added exploratory
qasper,random,1f011fa772ce802e74eda89f706cdb1aa2833686,1910.01340,46,46,46,0,3616,3616,0,revision-added exploratory
qasper,random,1f053f338df6d238cb163af1a0b1b073e749ed8a,1806.09652,34,2,3,1,151,171,20,revision-added exploratory
qasper,random,1f40adc719d8ccda81e7e90525b577f5698b5aad,1803.07828,32,17,30,13,2130,2952,822,revision-added exploratory
qasper,random,1f8044487af39244d723582b8a68f94750eed2cc,1910.01340,46,30,45,15,2199,3585,1386,revision-added exploratory
qasper,random,1faccdc78bbd99320c160ac386012720a0552119,1908.11053,64,11,39,28,758,2297,1539,revision-added exploratory
qasper,random,1fcd25e9a63a53451cac9ad2b8a1b529aff44a97,1910.01992,36,15,15,0,1006,1006,0,revision-added exploratory
qasper,random,1fd31fdfff93d65f36e93f6919f6976f5f172197,1709.05295,35,22,23,1,2265,2340,75,revision-added exploratory
qasper,random,200c37060d037dee33f3b7c8b1a2aaa58376566e,1903.04329,32,15,15,0,1210,1210,0,revision-added exploratory
qasper,random,20632fc4d2b693b5aabfbbc99ee5c1e9fc485dea,1912.02866,53,34,51,17,2566,3992,1426,revision-added exploratory
qasper,random,21c89ee0281f093b209533453196306b9699b552,1706.00188,14,1,8,7,78,647,569,revision-added exploratory
qasper,random,21f6cb3819c85312364dd17dd4091df946591ef0,1704.08390,29,16,16,0,926,926,0,revision-added exploratory
qasper,random,22225ba18a6efe74b1315cc08405011d5431498e,1705.00571,30,18,18,0,769,769,0,revision-added exploratory
qasper,random,22488c8628b6db5fd708b6471c31a8eac31f66df,1906.01749,52,1,18,17,179,1939,1760,revision-added exploratory
qasper,random,2280ed1e2b3e99921e2bca21231af43b58ca04f0,1911.09247,68,6,6,0,301,301,0,revision-added exploratory
qasper,random,22c125c461f565f5437dac74bf19c2ef317bad86,1703.04009,20,6,6,0,857,857,0,revision-added exploratory
qasper,random,2301424672cb79297cf7ad95f23b58515e4acce8,1911.05652,34,8,32,24,528,2330,1802,revision-added exploratory
qasper,random,230f127e83ac62dd65fccf6b1a4960cf0f7316c7,2004.02401,33,15,29,14,1542,2546,1004,revision-added exploratory
qasper,random,230ff86b7b90b87c33c53014bb1e9c582dfc107f,1805.11937,43,10,34,24,673,2262,1589,revision-added exploratory
qasper,random,23252644c04a043f630a855b563666dd57179d98,2002.00175,58,2,2,0,128,128,0,revision-added exploratory
qasper,random,235c7c7ca719068136928b18e19f9661e0f72806,2004.01820,92,87,87,0,5703,5703,0,revision-added exploratory
qasper,random,23cbf6ab365c1eb760b565d8ba51fb3f06257d62,1910.02677,56,53,53,0,3005,3005,0,revision-added exploratory
qasper,random,23fe8431058f2a7b7588745766fc715f271aad07,2004.02334,53,16,16,0,1284,1284,0,revision-added exploratory
qasper,random,243cf21c4e34c4b91fcc4905aa4dc15a72087f0c,1903.02930,20,6,6,0,357,357,0,revision-added exploratory
qasper,random,246e924017c48fa1f069361c44133fdf4f0386e1,1909.01720,69,34,34,0,1980,1980,0,revision-added exploratory
qasper,random,252599e53f52b3375b26d4e8e8b66322a42d2563,1709.06365,75,64,65,1,4677,4789,112,revision-added exploratory
qasper,random,25a8d432bf94af1662837877bc6c284e2fc3fbe2,1908.10001,38,19,19,0,1167,1167,0,revision-added exploratory
qasper,random,25e6ba07285155266c3154d3e2ca1ae05c2f7f2d,2004.03090,28,2,10,8,218,1035,817,revision-added exploratory
qasper,random,26844cec57df6ff0f02245ea862af316b89edffe,1808.10290,38,27,32,5,1254,1622,368,revision-added exploratory
qasper,random,2686e8d51caff9a19684e0c9984bcb5a1937d08d,1606.02892,49,10,10,0,435,435,0,revision-added exploratory
qasper,random,26e32f24fe0c31ef25de78935daa479534b9dd58,1911.01940,47,10,44,34,665,2812,2147,revision-added exploratory
qasper,random,26eceba0e6e4c0b6dfa94e5708dd74b63f701731,1712.02555,55,34,34,0,2207,2207,0,revision-added exploratory
qasper,random,2711ae6dd532d136295c95253dbf202e37ecd3e7,1909.06708,30,5,15,10,345,1022,677,revision-added exploratory
qasper,random,2749fb1725a2c4bdba5848e2fc424a43e7c4be51,2004.04498,93,41,93,52,2244,4851,2607,revision-added exploratory
qasper,random,27d7a30e42921e77cfffafac5cb0d16ce5a7df99,1707.02892,71,3,3,0,194,194,0,revision-added exploratory
qasper,random,2834a340116026d5995e537d474a47d6a74c3745,1705.01306,50,50,50,0,2319,2319,0,revision-added exploratory
qasper,random,283d358606341c399e369f2ba7952cd955326f73,1611.02378,52,3,36,33,180,2366,2186,revision-added exploratory
qasper,random,28847b20ca63dc56f2545e6f6ec3082d9dbe1b3f,2003.12660,26,22,22,0,838,838,0,revision-added exploratory
qasper,random,2895a3fc63f6f403445c11043460584e949fb16c,1710.07695,63,20,32,12,1091,1644,553,revision-added exploratory
qasper,random,28a8a1542b45f67674a2f1d54fff7a1e45bfad66,2002.04326,24,16,20,4,2145,3019,874,revision-added exploratory
qasper,random,2929e92f9b4939297b4d0f799d464d46e8d52063,1908.11046,58,23,23,0,1697,1697,0,revision-added exploratory
qasper,random,2974237446d04da33b78ce6d22a477cdf80877b7,1611.06322,49,2,24,22,288,2301,2013,revision-added exploratory
qasper,random,29794bda61665a1fbe736111e107fd181eacba1b,1911.01214,74,27,41,14,1855,3176,1321,revision-added exploratory
qasper,random,2a120f358f50c377b5b63fb32633223fa4ee2149,1803.05160,71,28,47,19,2198,3809,1611,revision-added exploratory
qasper,random,2a9c7243744b42f1e9fed9ff2ab17c6f156b1ba4,1804.05306,34,12,12,0,1038,1038,0,revision-added exploratory
qasper,random,2abcff4fdedf9b17f76875cc338ba4ab8d1eccd3,2003.11687,35,1,1,0,263,263,0,revision-added exploratory
qasper,random,2abf916bc03222d3b2a3d66851d87921ff35c0d2,1803.06745,41,24,31,7,1445,1919,474,revision-added exploratory
qasper,random,2ae66798333b905172e2c0954e9808662ab7f221,1903.00384,48,19,26,7,773,1180,407,revision-added exploratory
qasper,random,2aeabec8a734a6e8ca9e7a308dd8c9a1011b3d6e,1801.05617,85,3,9,6,273,1020,747,revision-added exploratory
qasper,random,2b32cf05c5e736f764ceecc08477e20ab9f2f5d7,1908.06493,41,11,34,23,1030,2453,1423,revision-added exploratory
qasper,random,2ba2ff6c21a16bd295b07af1ef635b3b4c5bd17e,1912.04979,59,5,57,52,344,5465,5121,revision-added exploratory
qasper,random,2bd702174e915d97884d1571539fb1b5b0b7123a,1802.02614,46,32,32,0,2019,2019,0,revision-added exploratory
qasper,random,2c60628d54f2492e0cbf0fb8bacd8e54117f0c18,1902.10246,24,20,20,0,1776,1776,0,revision-added exploratory
qasper,random,2ca3ca39d59f448e30be6798514709be7e3c62d8,1603.01547,67,39,43,4,2051,2316,265,revision-added exploratory
qasper,random,2cb20bae085b67e357ab1e18ebafeac4bbde5b4a,1901.05389,45,45,45,0,5338,5338,0,revision-added exploratory
qasper,random,2d5d0b0c54105717bf48559b914fefd0c94964a6,2003.12660,26,2,12,10,69,501,432,revision-added exploratory
qasper,random,2d91554c3f320a4bcfeb00aa466309074a206712,1903.01411,78,28,75,47,1506,3771,2265,revision-added exploratory
qasper,random,2dba0b83fc22995f83e7ac66cc8f68bcdcc70ee9,1909.04251,58,51,51,0,3916,3916,0,revision-added exploratory
qasper,random,2ddfb40a9e73f382a2eb641c8e22bbb80cef017b,1906.01502,30,16,23,7,1229,1755,526,revision-added exploratory
qasper,random,2e37eb2a2a9ad80391e57acb53616eab048ab640,2003.13028,66,37,53,16,1929,2921,992,revision-added exploratory
qasper,random,2e4688205c8e344cded7a053b6014cce04ef1bd5,1611.04234,31,5,5,0,368,368,0,revision-added exploratory
qasper,random,2ecd12069388fd58ad5f8f4ae7ac1bb4f56497b9,1905.08067,27,13,13,0,1915,1915,0,revision-added exploratory
qasper,random,2ee4ecf98ef7d02c9e4d103968098fe35f067bbb,1908.07491,30,22,29,7,1552,2022,470,revision-added exploratory
qasper,random,2f23bd86a9e27dcd88007c9058ddfce78a1a377b,1707.07568,38,14,14,0,790,790,0,revision-added exploratory
qasper,random,2f75b0498cf6a1fc35f1fb1cac44fc2fbd3d7878,2002.00175,58,31,39,8,1683,1918,235,revision-added exploratory
qasper,random,301a453abaa3bc15976817fefce7a41f3b779907,1805.04558,131,114,114,0,4008,4008,0,revision-added exploratory
qasper,random,30870a962cf88ac8c8e6b7b795936fd62214f507,1709.06136,45,16,16,0,1154,1154,0,revision-added exploratory
qasper,random,311f9971d61b91c7d76bba1ad6f038390977a8be,1910.02677,56,46,46,0,2607,2607,0,revision-added exploratory
qasper,random,31894361833b3e329a1fb9ebf85a78841cff229f,1905.08067,27,10,10,0,1716,1716,0,revision-added exploratory
qasper,random,31a3ec8d550054465e55a26b0136f4d50d72d354,1608.01972,44,7,14,7,622,1159,537,revision-added exploratory
qasper,random,31e6062ba45d8956791e1b86bad7efcb6d1b191a,1703.10152,41,35,35,0,2099,2099,0,revision-added exploratory
qasper,random,32f2aa2df0152050cbcd27dd2f408b2fa5894031,1711.01567,29,20,25,5,1777,2073,296,revision-added exploratory
qasper,random,3319d56556ae1597a86384057db0831e32774b90,1611.06322,49,38,38,0,3370,3370,0,revision-added exploratory
qasper,random,334aa5540c207768931a0fe78aa4981a895ba37c,1909.11980,29,20,24,4,1161,1294,133,revision-added exploratory
qasper,random,338a3758dccfa438a52d173fbe23a165ef74a0f0,1909.12016,56,29,29,0,1714,1714,0,revision-added exploratory
qasper,random,3435e365adf7866e45670c865dc33bb7d2a6a0c6,1911.03642,42,11,11,0,1030,1030,0,revision-added exploratory
qasper,random,344238de7208902f7b3a46819cc6d83cc37448a0,1908.06024,37,2,28,26,337,4201,3864,revision-added exploratory
qasper,random,3450723bf66956486de777f141bde5073e4a7694,1906.01076,52,36,36,0,2452,2452,0,revision-added exploratory
qasper,random,34b434825f0ca3225dc8914f9da865d2b4674f08,1912.08084,68,55,61,6,3460,3883,423,revision-added exploratory
qasper,random,34e9e54fa79e89ecacac35f97b33ef3ca3a00f85,1909.02855,31,24,24,0,2993,2993,0,revision-added exploratory
qasper,random,351f7b254e80348221e0654478663a5e53d3fe65,1810.12897,25,16,16,0,1291,1291,0,revision-added exploratory
qasper,random,3588988f2230f3329d7523fbb881b20bf177280d,1811.00051,245,214,214,0,15830,15830,0,revision-added exploratory
qasper,random,35e0e6f89b010f34cfb69309b85db524a419c862,1911.10401,27,3,3,0,425,425,0,revision-added exploratory
qasper,random,35f48b8f73728fbdeb271b170804190b5448485a,1809.03695,18,2,14,12,134,972,838,revision-added exploratory
qasper,random,361f330d3232681f1a13c6d59abb6c18246e7b35,1909.00369,57,2,6,4,282,495,213,revision-added exploratory
qasper,random,363a24ecb8ab45215134935e7e8165fff72ff90f,2004.01970,38,23,29,6,1107,1567,460,revision-added exploratory
qasper,random,3699927c6c1146f5057576034d226a99946d52cb,1902.08830,107,73,107,34,6024,9483,3459,revision-added exploratory
qasper,random,369d7bc5351409910c7a5e05c0cbb5abab8e50ec,2004.03090,28,25,25,0,2067,2067,0,revision-added exploratory
qasper,random,36cb7ebdd39e0b8a89ff946d3a3aef8a76a6bb43,1908.09919,27,6,21,15,692,1683,991,revision-added exploratory
qasper,random,371433bd3fb5042bacec4dfad3cfff66147c14f0,1909.04387,28,8,26,18,436,1412,976,revision-added exploratory
qasper,random,376e8ed6e039e07c892c77b7525778178d56acb7,1908.07491,30,1,1,0,96,96,0,revision-added exploratory
qasper,random,37ac705166fa87dc74fe86575bf04bea56cc4930,2004.02363,19,16,16,0,1744,1744,0,revision-added exploratory
qasper,random,37b972a3afae04193411dc569f672d802c16ad71,1911.06815,26,15,15,0,1266,1266,0,revision-added exploratory
qasper,random,37e6ce5cfc9d311e760dad8967d5085446125408,2002.08902,29,1,1,0,82,82,0,revision-added exploratory
qasper,random,38055717edf833566d912f14137b92a1d9c4f65a,1909.10481,43,14,43,29,1260,3658,2398,revision-added exploratory
qasper,random,380e71848d4b0d1e983d504b1249119612f00bcb,1706.00188,14,7,13,6,685,1135,450,revision-added exploratory
qasper,random,38289bd9592db4d3670b65a0fef1fe8a309fee61,1603.08868,35,19,19,0,1853,1853,0,revision-added exploratory
qasper,random,38363a7ed250bc729508c4c1dc975696a65c53cb,1911.04873,26,5,5,0,186,186,0,revision-added exploratory
qasper,random,389cc454ac97609e9d0f2b2fe70bf43218dd8ba7,1911.03324,57,55,55,0,3822,3822,0,revision-added exploratory
qasper,random,389ff1927ba9fc8bac50959fc09f30c2143cc14e,1804.09692,49,41,41,0,3314,3314,0,revision-added exploratory
qasper,random,38af3f25c36c3725a31304ab96e2c200c55792b4,1806.03369,29,8,25,17,907,2827,1920,revision-added exploratory
qasper,random,397a1e851aab41c455c2b284f5e4947500d797f0,1911.10742,54,37,37,0,3511,3511,0,revision-added exploratory
qasper,random,3a06d40a4bf5ba6e26d9138434e9139a014deb40,1908.09283,68,15,15,0,794,794,0,revision-added exploratory
qasper,random,3a19dc6999aeb936d8a1c4509ebd5bfcda50f0f1,1909.12016,56,21,41,20,1297,2635,1338,revision-added exploratory
qasper,random,3a25f82512d56d9e1ffba72f977f515ae3ba3cca,2003.09244,78,16,73,57,1314,5703,4389,revision-added exploratory
qasper,random,3a33512d253005ac280ee9ca4f9dfa69aa38d48f,1910.07973,16,16,16,0,1916,1916,0,revision-added exploratory
qasper,random,3c414f7fbf577dfd3363be6bbc9eba8bdd01f45f,1610.03955,49,8,43,35,519,2474,1955,revision-added exploratory
qasper,random,3cc0d773085dc175b85955e95911a2cfaab2cdc4,1707.06519,32,18,18,0,1752,1752,0,revision-added exploratory
qasper,random,3cc9a820c4a2cd2ff61da920c41ed09f3c0135be,1911.00461,29,12,16,4,588,694,106,revision-added exploratory
qasper,random,3ccc4ccebc3b0de5546b1208e8094a839fd4a4ab,1808.09180,76,14,54,40,917,3166,2249,revision-added exploratory
qasper,random,3cfe464052f0a248b6e22c9351279403dfe34f3c,1910.10762,34,19,23,4,1765,2052,287,revision-added exploratory
qasper,random,3d5b4aa1ce99903b1fcd257c1e394f7990431d13,1810.13414,282,227,227,0,17360,17360,0,revision-added exploratory
qasper,random,3d662fb442d5fc332194770aac835f401c2148d9,1911.09247,68,54,62,8,2763,3283,520,revision-added exploratory
qasper,random,3d73cb92d866448ec72a571331967da5d34dfbb1,1910.09916,50,14,14,0,1240,1240,0,revision-added exploratory
qasper,random,3de3a083b8ba3086792d38ae9667e095070f7f37,1905.00472,30,23,23,0,2583,2583,0,revision-added exploratory
qasper,random,3df6d18d7b25d1c814e9dcc8ba78b3cdfe15edcd,1605.05195,46,4,4,0,394,394,0,revision-added exploratory
qasper,random,3e0fd1a3944e207edbbe7c7108239dbaf3bccd4f,2004.02105,49,6,6,0,1116,1116,0,revision-added exploratory
qasper,random,3e23cc3c5e4d5cec51d158130d6aeae120e94fc8,1610.07149,72,68,68,0,3398,3398,0,revision-added exploratory
qasper,random,3e5162e6399c7d03ecc7007efd21d06c04cf2843,1911.11025,66,47,47,0,1761,1761,0,revision-added exploratory
qasper,random,3e88fcc94d0f451e87b65658751834f6103b2030,1908.05908,41,16,28,12,999,2144,1145,revision-added exploratory
qasper,random,3ea82a5ca495ffbd1e30e8655aef1be4ba423efe,1911.12559,22,1,17,16,150,1459,1309,revision-added exploratory
qasper,random,3eb107f35f4f5f5f527a93ffb487aa2e3fe51efd,1805.07882,79,76,76,0,3081,3081,0,revision-added exploratory
qasper,random,3ed8ac1ba4df6609fa7de5077d83e820641edc5e,1707.09816,50,13,23,10,829,1687,858,revision-added exploratory
qasper,random,3f717e6eceab0a066af65ddf782c1ebc502c28c0,1909.12079,42,4,4,0,273,273,0,revision-added exploratory
qasper,random,3f8a42eb0e904ce84c3fded2103f674e9cbc893d,1911.00202,55,20,52,32,1872,4152,2280,revision-added exploratory
qasper,random,3fd8eab282569b1c18b82f20d579b335ae70e79f,1906.01502,30,10,12,2,713,821,108,revision-added exploratory
qasper,random,4137a82d7752be7a6c142ceb48ce784fd475fb06,1708.05521,24,14,14,0,1233,1233,0,revision-added exploratory
qasper,random,420862798054f736128a6f0c4393c7f9cc648b40,1603.09405,48,6,6,0,310,310,0,revision-added exploratory
qasper,random,42269ed04e986ec5dc4164bf57ef306aec4a1ae1,1608.01972,44,33,33,0,2868,2868,0,revision-added exploratory
qasper,random,42279c3a202a93cfb4aef49212ccaf401a3f8761,1803.05160,71,58,58,0,4467,4467,0,revision-added exploratory
qasper,random,425d17465ff91019eb87c28ff3942f781ba1bbcb,1901.03253,68,28,54,26,2795,4979,2184,revision-added exploratory
qasper,random,4288621e960ffbfce59ef1c740d30baac1588b9b,1611.04887,45,31,45,14,1619,2211,592,revision-added exploratory
qasper,random,42a4ab4607a9eec42c427a817b7e898230d26444,1909.09070,59,10,48,38,1097,4366,3269,revision-added exploratory
qasper,random,42dcf1bb19b8470993c05e55413eed487b0f2559,1905.08067,27,4,4,0,793,793,0,revision-added exploratory
qasper,random,42eb7c5311fc1ac0344f0b38d3184ccd4faad3be,2004.01820,92,89,89,0,5839,5839,0,revision-added exploratory
qasper,random,430ad71a0fd715a038f3c0fe8d7510e9730fba23,1805.09960,67,44,66,22,2640,3781,1141,revision-added exploratory
qasper,random,43729be0effb5defc62bae930ceacf7219934f1e,2003.07568,59,20,33,13,1453,2425,972,revision-added exploratory
qasper,random,43f43b135109ebd1d2d1f9af979c64ce550b5f0f,1804.05253,26,16,16,0,1220,1220,0,revision-added exploratory
qasper,random,441a2b80e82266c2cc2b306c0069f2b564813fed,1906.04236,58,58,58,0,4284,4284,0,revision-added exploratory
qasper,random,4485e32052741972877375667901f61e602ec4de,1805.11850,17,11,11,0,1007,1007,0,revision-added exploratory
qasper,random,452e2d7d7d9e1bb4914903479cd7caff9f6fae42,1706.00188,14,8,8,0,794,794,0,revision-added exploratory
qasper,random,458e5ed506883bfec6623102ec9f43c071f0616f,1801.05617,85,20,20,0,1047,1047,0,revision-added exploratory
qasper,random,45aab23790161cbc55f78e16fdf5678a3f5b4b92,1610.06510,53,7,7,0,335,335,0,revision-added exploratory
qasper,random,45e6532ac06a59cb6a90624513242b06d7391501,1912.11637,58,56,58,2,3525,3755,230,revision-added exploratory
qasper,random,4683812cba21c92319be68c03260b5a8175bbb6e,1602.07563,120,67,117,50,5717,9318,3601,revision-added exploratory
qasper,random,468eb961215a554ace8088fa9097a7ad239f2d71,2004.04478,67,66,66,0,4455,4455,0,revision-added exploratory
qasper,random,46aa61557c8d20b1223a30366a0704d7af68bbbe,1910.07924,82,79,79,0,2152,2152,0,revision-added exploratory
qasper,random,46d051b8924ad0ef8cfba9c7b5b84707ee72f26a,1907.04072,44,10,10,0,553,553,0,revision-added exploratory
qasper,random,46e660becd727c994a2a35c6587e15ea8bf8272d,1809.08935,10,4,4,0,469,469,0,revision-added exploratory
qasper,random,471683ba6251b631f38a24d42b6dba6f52dee429,2003.12139,28,18,18,0,2199,2199,0,revision-added exploratory
qasper,random,4748a50c96acb1aa03f7efd1b43376c193b2450a,1709.04491,19,1,16,15,34,1900,1866,revision-added exploratory
qasper,random,475e698a801be0ad9e4f74756d1fff4fe0728009,1805.11598,24,1,19,18,92,1532,1440,revision-added exploratory
qasper,random,475ef4ad32a8589dae9d97048166d732ae5d7beb,1906.01502,30,15,19,4,1075,1340,265,revision-added exploratory
qasper,random,477da8d997ff87400c6aad19dcc74f8998bc89c3,1805.11850,17,16,16,0,1265,1265,0,revision-added exploratory
qasper,random,47b7bc232af7bf93338bd3926345e23e9e80c0c1,1811.01183,50,36,36,0,3041,3041,0,revision-added exploratory
qasper,random,47ffc9811b037613c9c4d1ec1e4f13c08396ed1c,1603.03876,81,5,5,0,240,240,0,revision-added exploratory
qasper,random,488e3c4fd1103c46e12815d1bf414a0356fb0d0e,1903.02930,20,11,11,0,637,637,0,revision-added exploratory
qasper,random,48ff9645a506aa2c17810d2654d1f0f0d9e609ee,1910.01108,26,7,7,0,447,447,0,revision-added exploratory
qasper,random,4999da863ecbd40378505bfb1f4e395061a3f559,1911.06919,65,30,30,0,1528,1528,0,revision-added exploratory
qasper,random,49cd18448101da146c3187a44412628f8c722d7b,1705.01306,50,40,40,0,1845,1845,0,revision-added exploratory
qasper,random,4a093a9af4903a59057a4372ac1b01603467ca58,1602.07563,120,1,98,97,72,7479,7407,revision-added exploratory
qasper,random,4a201b8b9cc566b56aedb5ab45335f202bc41845,1803.07828,32,26,26,0,2467,2467,0,revision-added exploratory
qasper,random,4a91432abe3f54fcbdd00bb85dc0df95b16edf42,1703.04009,20,6,6,0,805,805,0,revision-added exploratory
qasper,random,4ae0b50c88a174cfc283b90cd3c9407de13fd370,1802.09059,34,15,18,3,1319,1568,249,revision-added exploratory
qasper,random,4afd4cfcb30433714b135b977baff346323af1e3,1911.02747,29,26,26,0,2267,2267,0,revision-added exploratory
qasper,random,4b6745982aa64fbafe09f7c88c8d54d520b3f687,1805.09960,67,17,17,0,780,780,0,revision-added exploratory
qasper,random,4cb2e80da73ae36de372190b4c1c490b72977ef8,1609.02075,85,53,53,0,3493,3493,0,revision-added exploratory
qasper,random,4d5b74499804ea5bc5520beb88d0f9816f67205a,1907.04072,44,25,30,5,1517,1703,186,revision-added exploratory
qasper,random,4d824b49728649432371ecb08f66ba44e50569e0,1612.04118,27,20,25,5,1307,1550,243,revision-added exploratory
qasper,random,4d887ce7dc43528098e7a3d9cd13c6c36f158c53,1803.02155,48,31,40,9,1228,1603,375,revision-added exploratory
qasper,random,4ddc53afffaf1622d97695347dd1b3190d156dee,1808.07231,39,39,39,0,2417,2417,0,revision-added exploratory
qasper,random,4de6bcddd46726bf58326304b0490fdb9e7e86ec,1908.07491,30,21,21,0,1431,1431,0,revision-added exploratory
qasper,random,4e106b03cc2f54373e73d5922e97f7e5e9bf03e4,1906.00424,36,24,24,0,1625,1625,0,revision-added exploratory
qasper,random,4e59808a7f73ac499b9838d3c0ce814196a02473,1908.06259,41,5,9,4,431,673,242,revision-added exploratory
qasper,random,4eb42c5d56d695030dd47ea7f6d65164924c4017,1910.09387,23,6,6,0,1080,1080,0,revision-added exploratory
qasper,random,4f57ac24f3f4689a2f885715cd84b7d867fe3f12,1908.06893,98,58,58,0,3056,3056,0,revision-added exploratory
qasper,random,5096aaea2d0f4bea4c12e14f4f7735e1aea1bfa6,1706.00188,14,2,6,4,149,499,350,revision-added exploratory
qasper,random,50bcbb730aa74637503c227f022a10f57d43f1f7,1703.05320,60,3,41,38,238,2408,2170,revision-added exploratory
qasper,random,50c1bf8b928069f3ffc7f0cb00aa056a163ef336,1906.01502,30,6,21,15,443,1518,1075,revision-added exploratory
qasper,random,50c441a9cc7345a0fa408d1ce2e13f194c1e82a8,1911.11161,18,17,17,0,1694,1694,0,revision-added exploratory
qasper,random,5102dc911913e9ca0311253e44fd31c73eed0a57,1909.07158,55,43,43,0,2272,2272,0,revision-added exploratory
qasper,random,511e46b5aa8e1ee9e7dc890f47fa15ef94d4a0af,1804.07445,34,8,8,0,697,697,0,revision-added exploratory
qasper,random,5154f63c50729b8ac04939588c2f5ffeb916e3df,1801.05617,85,45,81,36,3622,6094,2472,revision-added exploratory
qasper,random,516b691ef192f136bb037c12c3c9365ef5a6604c,1706.02222,68,54,63,9,3753,4675,922,revision-added exploratory
qasper,random,5181527e6a61a9a192db5f8064e56ec263c42661,1909.11980,29,14,14,0,702,702,0,revision-added exploratory
qasper,random,51e9f446d987219bc069222731dfc1081957ce1f,1910.03355,41,27,27,0,1621,1621,0,revision-added exploratory
qasper,random,521a3e7300567f6e8e4c531f223dbc9fc306c393,1911.00202,55,18,24,6,1535,2070,535,revision-added exploratory
qasper,random,52868394eb2b3b37eb5f47f51c06ad53061f4495,2002.06854,46,5,31,26,321,2160,1839,revision-added exploratory
qasper,random,52faf319e37aa15fff1ab47f634a5a584dc42e75,1708.00549,27,10,27,17,696,1803,1107,revision-added exploratory
qasper,random,5370a0062aae7fa4e700ae47aa143be5c5fc6b22,1811.04791,60,21,37,16,2296,4116,1820,revision-added exploratory
qasper,random,539f5c27e1a2d240e52b711d0a50a3a6ddfa5cb2,1911.04128,23,21,21,0,2084,2084,0,revision-added exploratory
qasper,random,53a8c3cf22d6bf6477bc576a85a83d8447ee0484,1910.07973,16,3,15,12,274,1659,1385,revision-added exploratory
qasper,random,54002c15493d4082d352a66fb9465d65bfe9ddca,1911.03977,71,42,42,0,6026,6026,0,revision-added exploratory
qasper,random,5422a3f2a083395416d6f99c57d28335eb2e44e1,1911.09709,79,4,64,60,153,3200,3047,revision-added exploratory
qasper,random,5499440674f0e4a9d6912b9ac29fa1f7b7cd5253,1811.01183,50,3,48,45,235,3956,3721,revision-added exploratory
qasper,random,5522a9eeb06221722052e3c38f9b0d0dbe7c13e6,1709.06136,45,41,41,0,3553,3553,0,revision-added exploratory
qasper,random,552b1c813f25bf39ace6cd5eefa56f4e4dd70c84,1911.03854,26,1,17,16,50,1482,1432,revision-added exploratory
qasper,random,554d798e4ce58fd30820200c474d7e796dc8ba89,1810.02268,71,6,35,29,254,1879,1625,revision-added exploratory
qasper,random,55612e92791296baf18013d2c8dd0474f35af770,1707.07568,38,30,30,0,1702,1702,0,revision-added exploratory
qasper,random,556782bb96f8fc07d14865f122362ebcc79134ec,1909.11706,31,6,27,21,682,3235,2553,revision-added exploratory
qasper,random,55bde89fc5822572f794614df3130d23537f7cf2,2002.04745,127,7,7,0,497,497,0,revision-added exploratory
qasper,random,568466c62dd73a025bfd9643417cdb7a611f23a1,1909.12016,56,34,34,0,2070,2070,0,revision-added exploratory
qasper,random,5695908a8c6beb0e3863a1458a1b93aab508fd34,1910.10670,41,5,39,34,403,2839,2436,revision-added exploratory
qasper,random,56d41e0fcc288c1e65806ae77097d685c83e22db,1709.09749,34,16,20,4,674,945,271,revision-added exploratory
qasper,random,56d788af4694c1cd1eebee0b83c585836d1f5f99,1912.08084,68,36,44,8,2157,2780,623,revision-added exploratory
qasper,random,573b8b1ad919d3fd0ef7df84e55e5bfd165b3e84,1909.07873,52,36,36,0,3987,3987,0,revision-added exploratory
qasper,random,5752c8d333afc1e6c666b18d1477c8f669b7a602,1707.02892,71,38,38,0,1620,1620,0,revision-added exploratory
qasper,random,576a3ed6e4faa4c3893db632e97a52ac6e864aac,1605.04278,123,15,15,0,821,821,0,revision-added exploratory
qasper,random,578add9d3dadf86cd0876d42b03bf0114f83d0e7,1907.04072,44,7,7,0,358,358,0,revision-added exploratory
qasper,random,57d07d2b509c5860880583efe2ed4c5620a96747,2004.04478,67,25,64,39,1624,4173,2549,revision-added exploratory
qasper,random,57ee20f494d8ce3fae46028c3f3551d180dba3e0,1611.06322,49,5,31,26,504,2772,2268,revision-added exploratory
qasper,random,58a3cfbbf209174fcffe44ce99840c758b448364,1707.05589,47,25,40,15,1545,2675,1130,revision-added exploratory
qasper,random,59a3d4cdd1c3797962bf8d72c226c847e06e1d44,1908.05925,40,3,36,33,268,2591,2323,revision-added exploratory
qasper,random,5a7d1ae6796e09299522ebda7bfcfad312d6d128,1912.07076,55,3,53,50,341,4965,4624,revision-added exploratory
qasper,random,5ae005917efc17a505ba1ba5e996c4266d6c74b6,1806.06571,52,47,48,1,2061,2108,47,revision-added exploratory
qasper,random,5b2839bef513e5d441f0bb8352807f673f4b2070,1803.06745,41,29,40,11,1906,2581,675,revision-added exploratory
qasper,random,5bfbc9ca7fd41be9627f6ef587bb7e21c7983be0,2002.06851,33,5,14,9,401,882,481,revision-added exploratory
qasper,random,5c17559749810c67c50a7dbe34580d5e3b4f9acb,1706.04206,34,14,14,0,1099,1099,0,revision-added exploratory
qasper,random,5cc5e2db82f5d40a5244224dad94da50b4f673db,1804.03839,55,29,29,0,1034,1034,0,revision-added exploratory
qasper,random,5d0a3f8ca3882f87773cf8c2ef1b4f72b9cc241e,1808.10006,50,35,35,0,2430,2430,0,revision-added exploratory
qasper,random,5d3e87937ecebf0695bece08eccefb2f88ad4a0f,1907.05338,25,18,18,0,1979,1979,0,revision-added exploratory
qasper,random,5d93245832d90b31aee42ea2bf1e7704c22ebeca,1808.07231,39,33,33,0,1898,1898,0,revision-added exploratory
qasper,random,5da9e2eef741bd7efccec8e441b8e52e906b2d2d,1804.00982,18,3,3,0,262,262,0,revision-added exploratory
qasper,random,5db47bbb97282983e10414240db78154ea7ac75f,1909.07873,52,13,49,36,1217,4893,3676,revision-added exploratory
qasper,random,5dfd58f91e7740899c23ebfe04b7176edce9ead2,1809.03391,33,1,9,8,63,597,534,revision-added exploratory
qasper,random,5e4eac0b0a73d465d74568c21819acaec557b700,1809.03680,47,10,10,0,1200,1200,0,revision-added exploratory
qasper,random,5f6c1513cbda9ae711bc38df08fe72e3d3028af2,1802.06053,19,11,11,0,1221,1221,0,revision-added exploratory
qasper,random,5f7f4a1d4380c118a58ed506c057d3b7aa234c1e,1906.04287,20,2,2,0,114,114,0,revision-added exploratory
qasper,random,5fd112980d0dd7f7ce30e6273fe6e7b230b13225,1910.14589,68,27,58,31,1541,3335,1794,revision-added exploratory
qasper,random,6014c2219d29bae17279625716e7c2a1f8a2bd05,1604.05559,19,19,19,0,635,635,0,revision-added exploratory
qasper,random,610fc593638c5e9809ea9839912d0b282541d42d,1804.08000,37,6,6,0,428,428,0,revision-added exploratory
qasper,random,6157567c5614e1954b801431fec680f044e102c6,1610.03807,23,6,13,7,396,942,546,revision-added exploratory
qasper,random,6167618e0c53964f3a706758bdf5e807bc5d7760,1909.01860,23,15,15,0,1386,1386,0,revision-added exploratory
qasper,random,61a2599acfbd3d75de58e97ecdba2d9cf0978324,1912.08084,68,20,61,41,1316,3902,2586,revision-added exploratory
qasper,random,61e96abdc924c34c6b82a587168ea3d14fe792d1,1911.10401,27,2,10,8,406,1668,1262,revision-added exploratory
qasper,random,620b6c410a055295d137511d3c99207a47c03b5e,1908.09590,53,43,43,0,3454,3454,0,revision-added exploratory
qasper,random,627ce8a1db08a732d5a8f7e1f8a72e3de89847e6,1911.09247,68,61,62,1,3326,3408,82,revision-added exploratory
qasper,random,62edffd051d056cf60e17deafcc55a8c9af398cb,1908.10461,34,5,5,0,154,154,0,revision-added exploratory
qasper,random,6371c6863fe9a14bf67560e754ce531d70de10ab,2002.04326,24,4,14,10,744,2259,1515,revision-added exploratory
qasper,random,63cdac43a643fc1e06da44910458e89b2c7cd921,1904.03670,42,29,29,0,1923,1923,0,revision-added exploratory
qasper,random,63d2e97657419a0185127534f4ff9d0039cb1a63,1804.05253,26,4,26,22,322,1858,1536,revision-added exploratory
qasper,random,63eda2af88c35a507fbbfda0ec1082f58091883a,1711.11118,15,14,14,0,1879,1879,0,revision-added exploratory
qasper,random,641fe5dc93611411582e6a4a0ea2d5773eaf0310,1802.03052,49,42,42,0,3866,3866,0,revision-added exploratory
qasper,random,643527e94e8eed1e2229915fcf8cd74d769173fc,1908.09283,68,5,5,0,145,145,0,revision-added exploratory
qasper,random,643645e02ffe8fde45918615ec92013a035d1b92,1704.03279,32,31,31,0,3306,3306,0,revision-added exploratory
qasper,random,64632981279c7aa16ffc1a44ffc31f4520f5559e,1710.07695,63,4,4,0,290,290,0,revision-added exploratory
qasper,random,647f6e6b168ec38fcdb737d3b276f78402282f9d,1910.13793,45,32,32,0,1889,1889,0,revision-added exploratory
qasper,random,64c45fdb536ae294cf06716ac20d08b5fdb7944d,1710.01789,42,38,38,0,2321,2321,0,revision-added exploratory
qasper,random,64f7337970e8d1989b2e1f7106d86f73c4a3d0af,1803.08419,61,50,52,2,5232,5367,135,revision-added exploratory
qasper,random,654fe0109502f2ed2dc8dad359dbbce4393e03dc,1908.09892,31,4,31,27,386,2676,2290,revision-added exploratory
qasper,random,6590055fb033cb32826f2afecb3d7f607dd97d57,1911.03642,42,17,17,0,1398,1398,0,revision-added exploratory
qasper,random,65b39676db60f914f29f74b7c1264422ee42ad5c,1611.00440,28,9,13,4,819,1041,222,revision-added exploratory
qasper,random,65c7a2b734dab51c4c81f722527424ff33b023f8,1610.06510,53,47,47,0,3570,3570,0,revision-added exploratory
qasper,random,65e26b15e087bedb6e8782d91596b35e7454b16b,1611.01116,26,12,22,10,1525,2999,1474,revision-added exploratory
qasper,random,6606160e210d05b94f7cbd9c5ff91947339f9d02,1902.08830,107,18,102,84,1273,8974,7701,revision-added exploratory
qasper,random,6656a9472499331f4eda45182ea697a4d63e943c,1805.09960,67,49,49,0,2669,2669,0,revision-added exploratory
qasper,random,6657ece018b1455035421b822ea2d7961557c645,1906.05685,48,25,25,0,1704,1704,0,revision-added exploratory
qasper,random,6683008e0a8c4583058d38e185e2e2e18ac6cf50,2002.08902,29,11,11,0,674,674,0,revision-added exploratory
qasper,random,66dfcdab1db6a8fcdf392157a478b4cca0d87961,1910.12203,25,20,20,0,1531,1531,0,revision-added exploratory
qasper,random,67672648e7ebcbef18921006e2c8787966f8cdf2,1901.09501,43,27,27,0,2176,2176,0,revision-added exploratory
qasper,random,67c16ba64fe27838b1034d15194c07a9c98cdebe,1708.05482,73,4,46,42,241,2922,2681,revision-added exploratory
qasper,random,67cb001f8ca122ea859724804b41529fea5faeef,1805.07882,79,58,59,1,2318,2400,82,revision-added exploratory
qasper,random,67f1b8a9f72e62cd74ec42e9631ef763a9b098c7,1908.10001,38,3,3,0,222,222,0,revision-added exploratory
qasper,random,6883767bbdf14e124c61df4f76335d3e91bfcb03,1902.06734,43,10,10,0,1117,1117,0,revision-added exploratory
qasper,random,68aa460ad357b4228b16b31b2cbec986215813bf,1911.12893,61,37,42,5,2078,2348,270,revision-added exploratory
qasper,random,68f1df3fb0703ff694a055d23e7ec3f6fb449b8d,1801.03615,65,34,52,18,2541,3322,781,revision-added exploratory
qasper,random,69a46a227269c3aac9bf9d7c3d698c787642f806,1911.11025,66,65,65,0,2810,2810,0,revision-added exploratory
qasper,random,6a20a3220c4edad758b912e2d3e5b99b0b295d96,1805.04579,94,63,83,20,1740,2489,749,revision-added exploratory
qasper,random,6b1a6517b343fdb79f246955091ff25e440b9511,1902.04094,18,17,17,0,999,999,0,revision-added exploratory
qasper,random,6b4006a90aeaaff8914052d72d28851a9c0c0146,1804.07445,34,32,32,0,2099,2099,0,revision-added exploratory
qasper,random,6bce04570d4745dcfaca5cba64075242308b65cf,2002.08902,29,7,7,0,555,555,0,revision-added exploratory
qasper,random,6c1614991647705265fb348d28ba60dd3b63b799,1908.10090,26,25,25,0,1840,1840,0,revision-added exploratory
qasper,random,6cad6f074b0486210ffa4982c8d1632f5aa91d91,1912.10162,37,3,19,16,158,1184,1026,revision-added exploratory
qasper,random,6cb3007a09ab0f1602cdad20cc0437fbdd4d7f3e,2003.07459,28,7,7,0,786,786,0,revision-added exploratory
qasper,random,6d17dc00f7e5331128b6b585e78cac0b9082e13d,1911.12722,54,41,41,0,3255,3255,0,revision-added exploratory
qasper,random,6d55e377335815b7ad134d1a2977d231ad34a25b,1701.03578,41,17,25,8,1374,2068,694,revision-added exploratory
qasper,random,6d8a51e2790043497ed2637a1abc36bdffb39b71,1911.02747,29,8,29,21,635,2754,2119,revision-added exploratory
qasper,random,6e134d51a795c385d72f38f36bca4259522bcf51,1703.10152,41,6,37,31,197,2196,1999,revision-added exploratory
qasper,random,6e3e9818551fc2f8450bbf09b0fe82ac2506bc7a,1906.06349,200,166,166,0,4935,4935,0,revision-added exploratory
qasper,random,6e63db22a2a34c20ad341eb33f3422f40d0001d3,1909.02855,31,7,7,0,1031,1031,0,revision-added exploratory
qasper,random,6e80386b33fbfba8bc1ab811a597d844ae67c578,1910.12203,25,11,11,0,859,859,0,revision-added exploratory
qasper,random,70512cc9dcd45157e40c8d1f85e82d21ade7645b,1603.01547,67,57,61,4,3249,3435,186,revision-added exploratory
qasper,random,708f5f83a3c356b23b27a9175f5c35ac00cdf5db,1910.09916,50,7,7,0,405,405,0,revision-added exploratory
qasper,random,70abb108c3170e81f8725ddc1a3f2357be5a4959,1708.09025,62,11,49,38,1016,3751,2735,revision-added exploratory
qasper,random,713e1c7b0ab17759ba85d7cd2041e387831661df,2002.06854,46,12,14,2,931,1065,134,revision-added exploratory
qasper,random,71413505d7d6579e2a453a1f09f4efd20197ab4b,1612.03762,133,57,124,67,3649,9437,5788,revision-added exploratory
qasper,random,718c0232b1f15ddb73d40c3afbd6c5c0d0354566,1806.09652,34,21,21,0,1470,1470,0,revision-added exploratory
qasper,random,71b07d08fb6ac8732aa4060ae94ec7c0657bb1db,1910.01160,23,18,22,4,1615,1896,281,revision-added exploratory
qasper,random,71b29ab3ddcdd11dcc63b0bb55e75914c07a2217,1908.06024,37,24,24,0,4080,4080,0,revision-added exploratory
qasper,random,71fd0efea1b441d86d9a75255815ba3efe09779b,1905.07562,50,36,36,0,2918,2918,0,revision-added exploratory
qasper,random,7239c02a0dcc0c3c9d9cddb5e895bcf9cfcefee6,1602.03483,43,27,38,11,1956,2985,1029,revision-added exploratory
qasper,random,726c5c1b6951287f4bae22978f9a91d22d9bef61,1610.09722,69,65,65,0,3762,3762,0,revision-added exploratory
qasper,random,72dbdd11b655b25b2b254e39689a7d912f334b71,1909.03553,54,45,45,0,1796,1796,0,revision-added exploratory
qasper,random,732bd97ae34541f215c436e2a1b98db1649cba27,1809.03391,33,5,5,0,447,447,0,revision-added exploratory
qasper,random,7380e62edcb11f728f6d617ee332dc8b5752b185,1612.07486,25,13,20,7,1025,1580,555,revision-added exploratory
qasper,random,73c535a7b46f0c2408ea2b1da0a878b376a2bca5,1605.04278,123,43,43,0,2021,2021,0,revision-added exploratory
qasper,random,740cc392c0c8bfadfe6b3a60c0be635c03e17f2a,2004.00809,34,27,27,0,3358,3358,0,revision-added exploratory
qasper,random,742d5e182b57bfa5f589fde645717ed0ac3f49c2,1610.09722,69,47,47,0,2646,2646,0,revision-added exploratory
qasper,random,74a17eb3bf1d4f36e2db1459a342c529b9785f6e,1805.09960,67,3,59,56,193,3269,3076,revision-added exploratory
qasper,random,74acaa205a5998af4ad7edbed66837a6f2b5c58b,1712.00733,74,60,63,3,4545,4701,156,revision-added exploratory
qasper,random,74cef0205e0f31d0ab28d0e4d96c1e8ef62d4cce,1903.04329,32,7,7,0,882,882,0,revision-added exploratory
qasper,random,74ebfba06f37cc95dfe59c3790ebe6165e6be19c,1702.02584,18,17,18,1,1794,1845,51,revision-added exploratory
qasper,random,74fcb741d29892918903702dbb145fef372d1de3,1909.02322,29,27,27,0,3636,3636,0,revision-added exploratory
qasper,random,753a187c1dd8d96353187fbb193b5f86293a796c,1911.01214,74,54,69,15,3781,4876,1095,revision-added exploratory
qasper,random,754d7475b8bf50499ed77328b4b0eeedf9cb2623,1806.09652,34,1,1,0,98,98,0,revision-added exploratory
qasper,random,7557f2c3424ae70e2a79c51f9752adc99a9bdd39,1901.05389,45,8,8,0,960,960,0,revision-added exploratory
qasper,random,7561bd3b8ba7829b3a01ff07f9f3e93a7b8869cc,2002.06851,33,27,27,0,1985,1985,0,revision-added exploratory
qasper,random,756a8a9125e6984e0ca768b653c6c760efa3db66,1905.00840,31,16,31,15,654,1809,1155,revision-added exploratory
qasper,random,7572f6e68a2ed2c41b87c5088ba8680afa0c0a0b,1808.07231,39,28,30,2,1898,1971,73,revision-added exploratory
qasper,random,75b3e2d2caec56e5c8fbf6532070b98d70774b95,1911.12237,55,25,25,0,1729,1729,0,revision-added exploratory
qasper,random,75c221920bee14a6153bd5f4c1179591b2f48d59,2004.02401,33,13,31,18,1452,3111,1659,revision-added exploratory
qasper,random,7625068cc22a095109580b83eff48616387167c2,2004.03090,28,25,28,3,2172,2380,208,revision-added exploratory
qasper,random,76ae794ced3b5ae565f361451813f2f3bc85b214,1605.05156,26,12,24,12,1281,2223,942,revision-added exploratory
qasper,random,76e17e648a4d1f386eb6bf61b0c24f134af872be,1808.07231,39,1,8,7,107,633,526,revision-added exploratory
qasper,random,76f90c88926256e7f90d2104a88acfdd7fc5475e,1910.07154,36,31,31,0,1829,1829,0,revision-added exploratory
qasper,random,7748c072e07d6c6db5a34be38b4a5e97ac6d7999,1905.00840,31,26,29,3,1381,1711,330,revision-added exploratory
qasper,random,778c6a27182349dc5275282c3e9577bda2555c3d,1905.08067,27,20,20,0,3269,3269,0,revision-added exploratory
qasper,random,77a331d4d909d92fab9552b429adde5379b2ae69,1706.02222,68,29,46,17,2241,3528,1287,revision-added exploratory
qasper,random,77bbe1698e001c5889217be3164982ea36e85752,1908.11046,58,36,55,19,2331,3680,1349,revision-added exploratory
qasper,random,77bc886478925c8e9fb369b1ba5d05c42b3cd79a,1804.00982,18,12,12,0,942,942,0,revision-added exploratory
qasper,random,77c3416578b52994227bae7f2529600f02183e12,2003.11687,35,17,17,0,1063,1063,0,revision-added exploratory
qasper,random,78c7318b2218b906a67d8854f3e511034075f79a,1909.03087,50,11,46,35,808,3549,2741,revision-added exploratory
qasper,random,78f8dad0f1acf024f69b3218b2d204b8019bb0d2,1901.05415,40,21,21,0,2312,2312,0,revision-added exploratory
qasper,random,79258cea30cd6c0662df4bb712bf667589498a1f,1707.07568,38,10,10,0,430,430,0,revision-added exploratory
qasper,random,7969b8d80e12aa3ebb89b5622bc564f44e98329f,1909.11706,31,3,27,24,158,2986,2828,revision-added exploratory
qasper,random,79885526713cc16eb734c88ff1169ae802cad589,2002.00175,58,17,17,0,775,775,0,revision-added exploratory
qasper,random,79e61134a6e29141cd19252571ffc92a0b4bc97f,1907.05338,25,14,17,3,1586,2035,449,revision-added exploratory
qasper,random,7a212a34e9dbb0ba52c40471842b2e0e3e14f276,1908.09355,57,12,20,8,870,1617,747,revision-added exploratory
qasper,random,7a84fed904acc1e0380deb6e5a2e1daacfb5907a,2001.04346,61,29,29,0,2592,2592,0,revision-added exploratory
qasper,random,7a8b24062a5bb63a8b4c729f6247a7fd2fec7f07,1907.08540,47,31,31,0,3447,3447,0,revision-added exploratory
qasper,random,7ae95716977d39d96e871e552c35ca0753115229,1610.09722,69,58,58,0,3446,3446,0,revision-added exploratory
qasper,random,7b76b8b69246525a48c0a8ca0c42db3319cd10a5,1704.08390,29,7,24,17,532,1531,999,revision-added exploratory
qasper,random,7ba6330d105f49c7f71dba148bb73245a8ef2966,1708.07690,42,20,20,0,880,880,0,revision-added exploratory
qasper,random,7c2d6bc913523d77e8fdc82c60598ee95b445d84,1911.09709,79,41,44,3,2225,2411,186,revision-added exploratory
qasper,random,7caeb5ef6f2985b2cf383cd01765d247c936605f,1910.01992,36,27,32,5,1765,2194,429,revision-added exploratory
qasper,random,7cf44877dae8873139aede381fb9908dd0c546c4,1703.04357,16,9,15,6,317,589,272,revision-added exploratory
qasper,random,7d34cdd9cb1c988e218ce0fd59ba6a3b5de2024a,1802.03052,49,44,44,0,3840,3840,0,revision-added exploratory
qasper,random,7d503b3d4d415cf3e91ab08bd5a1a2474dd1047b,1909.08357,34,8,8,0,671,671,0,revision-added exploratory
qasper,random,7d8cd7d6c86349ef0bd4fdbd84c8dc49c7678f46,1709.06365,75,55,55,0,4185,4185,0,revision-added exploratory
qasper,random,7de0b2df60d3161dd581ed7915837d460020bc11,1909.06502,30,18,26,8,1221,1756,535,revision-added exploratory
qasper,random,7e906dc00e92088a25df3719104d1750e5a27485,1909.13184,17,10,10,0,1107,1107,0,revision-added exploratory
qasper,random,7e9aec2bdf4256c6249cad9887c168d395b35270,1909.00871,49,8,8,0,691,691,0,revision-added exploratory
qasper,random,7ece07a84635269bb19796497847e4517d1e3e61,1709.06136,45,32,32,0,2747,2747,0,revision-added exploratory
qasper,random,7ef7a5867060f91eac8ad857c186e51b767c734b,1908.06259,41,11,11,0,1033,1033,0,revision-added exploratory
qasper,random,7f958017cbb08962c80e625c2fd7a1e2375f27a3,1809.08899,38,27,27,0,2542,2542,0,revision-added exploratory
qasper,random,7ff7c286d3118a8be5688e2d18e9a56fe83679ad,1812.00382,22,11,17,6,1299,1996,697,revision-added exploratory
qasper,random,800fcd8b08d36c5276f9e5e1013208d41b46de59,1805.04558,131,67,83,16,2251,3121,870,revision-added exploratory
qasper,random,803babb71e1bdaf507847d6c712585f4128e9f47,1910.14589,68,31,31,0,1685,1685,0,revision-added exploratory
qasper,random,804466848f4fa1c552f0d971dce226cd18b9edda,1908.11053,64,51,51,0,3183,3183,0,revision-added exploratory
qasper,random,804bf5adc6dc5dd52f8079cf041ed3a710e03f8a,1805.04833,52,46,46,0,2899,2899,0,revision-added exploratory
qasper,random,80bb07e553449bde9ac0ff35fcc718d7c161f2d4,2003.12660,26,15,15,0,690,690,0,revision-added exploratory
qasper,random,80d6b9123a10358f57f259b8996a792cac08cb88,1809.06083,24,21,21,0,1319,1319,0,revision-added exploratory
qasper,random,811b67460e65232b8f363dc3f329ffecdfcc4ab2,1911.12893,61,2,51,49,163,3057,2894,revision-added exploratory
qasper,random,813a8156f9ed8ead53dda60ef54601f6ca8076e9,1607.00167,15,15,15,0,1016,1016,0,revision-added exploratory
qasper,random,814e945668e2b6f31b088918758b120fb00ada7d,2003.11687,35,29,29,0,1479,1479,0,revision-added exploratory
qasper,random,81e101b2c803257492d67a00e8a1d9a07cbab136,1909.05372,53,4,43,39,405,4271,3866,revision-added exploratory
qasper,random,824629b36a75753b1500d9dcaee0fc3c758297b1,1905.08067,27,8,8,0,1302,1302,0,revision-added exploratory
qasper,random,8246d1eee1482555d075127ac84f2e1d0781a446,1805.11598,24,3,11,8,239,860,621,revision-added exploratory
qasper,random,8276671a4d4d1fbc097cd4a4b7f5e7fadd7b9833,2002.00175,58,32,32,0,1637,1637,0,revision-added exploratory
qasper,random,82f8843b59668567bba09fc8f93963ca7d1fe107,1908.07491,30,21,27,6,1404,1919,515,revision-added exploratory
qasper,random,83db51da819adf6faeb950fe04b4df942a887fb5,1809.08899,38,35,35,0,3317,3317,0,revision-added exploratory
qasper,random,845bdcd900c0f96b2ae091d086fb1ab8bb1063f0,2004.00809,34,28,32,4,3413,4008,595,revision-added exploratory
qasper,random,84765903b8c7234ca2919d0a40e3c6a5bcedf45d,1911.04873,26,18,25,7,1123,1645,522,revision-added exploratory
qasper,random,8599d6d14ac157169920c73b98a79737c7a68cf5,1909.00437,43,23,42,19,2086,3856,1770,revision-added exploratory
qasper,random,85e417231a4bbb6691f7a89bd81710525f8fec4c,1611.06322,49,9,40,31,657,3032,2375,revision-added exploratory
qasper,random,860257956b83099cccf1359e5d960289d7d50265,1702.02367,39,36,36,0,3419,3419,0,revision-added exploratory
qasper,random,863b3f29f8c59f224b4cbdb5f1097b45a25f1d88,2001.04346,61,27,36,9,2239,3257,1018,revision-added exploratory
qasper,random,865811dcf63a1dd3f22c62ec39ffbca4b182de31,1709.05295,35,9,14,5,829,1358,529,revision-added exploratory
qasper,random,86656aae3c27c6ea108f5600dd09ab7e421d876a,1906.01749,52,2,2,0,242,242,0,revision-added exploratory
qasper,random,867b1bb1e6a38de525be7757d49928a132d0dbd8,1912.00342,115,3,63,60,260,2788,2528,revision-added exploratory
qasper,random,86c867b393db0ec4ad09abb48cc1353cac47ea4c,1806.07042,52,28,46,18,2385,4199,1814,revision-added exploratory
qasper,random,86d1c990c1639490c239c3dbf5492ecc44ab6652,1708.01065,53,24,31,7,1300,1716,416,revision-added exploratory
qasper,random,8701ec7345ccc2c35eca4e132a8e16d58585cd63,1908.05731,25,10,16,6,986,1430,444,revision-added exploratory
qasper,random,871f7661f5a3da366b0b5feaa36f54fd3dedae8e,2003.09244,78,74,74,0,5542,5542,0,revision-added exploratory
qasper,random,8795bb1f874e5f3337710d8c3d5be49e672ab43a,1908.05803,11,10,10,0,1007,1007,0,revision-added exploratory
qasper,random,88757bc49ccab76e587fba7521f0981d6a1af2f7,1702.02584,18,11,11,0,1132,1132,0,revision-added exploratory
qasper,random,887d7f3edf37ccc6bf2e755dae418b04d2309686,1805.11937,43,41,41,0,2775,2775,0,revision-added exploratory
qasper,random,89373db8ced1fe420eae0093b2736f06b565616e,1901.02780,15,12,14,2,2289,2645,356,revision-added exploratory
qasper,random,894bbb1e42540894deb31c04cba0e6cfb10ea912,1911.12237,55,15,51,36,998,3496,2498,revision-added exploratory
qasper,random,8a0e1a298716698a305153c524bf03d18969b1c6,2001.11316,32,13,14,1,1092,1361,269,revision-added exploratory
qasper,random,8ad5ebca2f69023b60ccfa3aac0ed426234437ac,1911.02747,29,22,22,0,1965,1965,0,revision-added exploratory
qasper,random,8b1af67e3905244653b4cf66ba0acec8d6bff81f,1704.08390,29,2,15,13,180,1006,826,revision-added exploratory
qasper,random,8b49423b7d1fa834128aa5038aa16c6ef3fdfa32,1909.04242,41,12,12,0,789,789,0,revision-added exploratory
qasper,random,8b8adb1d5a1824c8995b3eba668745c44f61c9c6,1903.04329,32,20,31,11,1683,3012,1329,revision-added exploratory
qasper,random,8c288120139615532838f21094bba62a77f92617,1802.06053,19,9,9,0,1251,1251,0,revision-added exploratory
qasper,random,8c89f1d1b3c2a45c0254c4c8d6e700ab9a4b4ffb,1703.10090,27,22,26,4,2547,2977,430,revision-added exploratory
qasper,random,8cbe3fa4ec0f66071e3d6b829b09b6395b631c44,1611.06322,49,18,18,0,1574,1574,0,revision-added exploratory
qasper,random,8cf52ba480d372fc15024b3db704952f10fdca27,1802.02614,46,28,28,0,2080,2080,0,revision-added exploratory
qasper,random,8cf5abf0126f19253930478b02f0839af28e4093,1805.04558,131,108,108,0,3550,3550,0,revision-added exploratory
qasper,random,8d3f79620592d040f9f055b4fce0f73cc45aab63,1711.04964,74,17,64,47,1304,5127,3823,revision-added exploratory
qasper,random,8d683d2e1f46626ceab60ee4ab833b50b346c29e,1908.11053,64,49,49,0,2879,2879,0,revision-added exploratory
qasper,random,8db11d9166474a0e98b99ac7f81d1f14539d79ec,1910.10487,47,6,41,35,680,4174,3494,revision-added exploratory
qasper,random,8ddf78dbdc6ac964a7102ae84df18582841f2e3c,1605.05156,26,3,3,0,299,299,0,revision-added exploratory
qasper,random,8de0e1fdcca81b49615a6839076f8d42226bf1fe,1908.07888,45,2,2,0,260,260,0,revision-added exploratory
qasper,random,8dfdd1ed805bb23c774fbb032ef1d97c6802e07c,1706.02427,60,39,41,2,3084,3234,150,revision-added exploratory
qasper,random,8e113fd9661bc8af97e30c75a20712f01fc4520a,1911.10401,27,22,22,0,4035,4035,0,revision-added exploratory
qasper,random,8e26c471ca0ee1b9779da04c0b81918fd310d0f3,1906.05506,40,3,33,30,205,2592,2387,revision-added exploratory
qasper,random,8f6b11413a19fe4639b3fba88fc6b3678286fa0c,1911.09241,57,11,11,0,1147,1147,0,revision-added exploratory
qasper,random,8faec509406d33444bd620afc829adc9eae97644,1912.07940,30,22,25,3,1520,1823,303,revision-added exploratory
qasper,random,8ffae517bc0efa453b7e316d41bd9f1b6679b158,1909.05372,53,4,50,46,425,4878,4453,revision-added exploratory
qasper,random,903ac8686ed7e6e3269a5d863f06ff11c50e49e8,1907.00168,24,5,5,0,736,736,0,revision-added exploratory
qasper,random,90756bdcd812b7ecc1c5df2298aa7561fd2eb02c,1804.01155,55,5,9,4,742,1108,366,revision-added exploratory
qasper,random,908ba58d26d15c14600623498d4e86c9b73b14b2,2004.02105,49,18,19,1,1705,1854,149,revision-added exploratory
qasper,random,909ecf675f874421eecc926a9f7486475aa1423c,1908.07888,45,14,18,4,1291,1755,464,revision-added exploratory
qasper,random,90aba75508aa145475d7cc9a501bbe987c0e8413,2004.02363,19,16,16,0,1782,1782,0,revision-added exploratory
qasper,random,90dde59e1857a0d2b1ee4615ab017fee0741f29f,1911.12893,61,55,55,0,3195,3195,0,revision-added exploratory
qasper,random,9119fbfba84d298014d1b74e0e3d30330320002c,1912.00239,42,1,1,0,173,173,0,revision-added exploratory
qasper,random,91336f12ab94a844b66b607f8621eb8bbd209f32,1909.09070,59,32,59,27,2813,5420,2607,revision-added exploratory
qasper,random,9133a85730c4090fe8b8d08eb3d9146efe7d7037,1803.05160,71,39,58,19,3249,4840,1591,revision-added exploratory
qasper,random,915e4d0b3cb03789a20380ead961d473cb95bfc3,1710.11027,15,8,8,0,1297,1297,0,revision-added exploratory
qasper,random,919681faa9731057b3fae5052b7da598abd3e04b,2004.04498,93,71,71,0,3482,3482,0,revision-added exploratory
qasper,random,91e361e85c6d3884694f3c747d61bfcef171bab0,1909.12079,42,7,39,32,589,2637,2048,revision-added exploratory
qasper,random,9207f19e65422bdf28f20e270ede6c725a38e5f9,1605.05156,26,7,9,2,524,735,211,revision-added exploratory
qasper,random,92fc94a4999d1b25a0593904025eb7b8953bb28b,1909.06708,30,13,27,14,942,1903,961,revision-added exploratory
qasper,random,9489b0ecb643c1fc95c001c65d4e9771315989aa,1704.04451,71,58,58,0,2414,2414,0,revision-added exploratory
qasper,random,949a2bc34176e47a4d895bcc3223f2a960f15a81,1708.09025,62,9,57,48,910,4208,3298,revision-added exploratory
qasper,random,95646d0ac798dcfc15b43fa97a1908df9f7b9681,1910.13793,45,1,1,0,63,63,0,revision-added exploratory
qasper,random,9595fdf7b51251679cd39bc4f6befc81f09c853c,1901.05389,45,6,6,0,747,747,0,revision-added exploratory
qasper,random,95af7aaea3ce9dab4cf64e2229ce9b98381dd050,1612.03762,133,3,98,95,115,7301,7186,revision-added exploratory
qasper,random,95ef89dc29ff291bdbe48cb956329a6a06d36db8,1911.00461,29,12,23,11,705,1182,477,revision-added exploratory
qasper,random,961a97149127e1123c94fbf7e2021eb1aa580ecb,1911.09247,68,49,49,0,2693,2693,0,revision-added exploratory
qasper,random,96459b02efa82993a0b413530ed0b517c6633eea,1908.10090,26,1,2,1,122,214,92,revision-added exploratory
qasper,random,965e0ce975a0b8612a30cfc31bbfd4b8a57aa138,1706.02427,60,12,20,8,672,1490,818,revision-added exploratory
qasper,random,97055ab0227ed6ac7a8eba558b94f01867bb9562,1610.07149,72,34,34,0,1709,1709,0,revision-added exploratory
qasper,random,97708d93bccc832ea671dc31a76dad6a121fcd60,1707.06875,59,57,57,0,3953,3953,0,revision-added exploratory
qasper,random,9887ca3d25e2109f41d1da80eeea05c465053fbc,1911.12722,54,21,50,29,1482,3933,2451,revision-added exploratory
qasper,random,98b97d24f31e9c535997e9b6cb126eb99fc72a90,1910.01160,23,21,23,2,1837,2013,176,revision-added exploratory
qasper,random,991ea04072b3412928be5e6e903cfa54eeac3951,1808.10006,50,16,44,28,1021,3193,2172,revision-added exploratory
qasper,random,9925e7d8757e8fd7411bcb5250bc08158a244fb3,1911.05652,34,20,20,0,1484,1484,0,revision-added exploratory
qasper,random,992e67f706c728bc0e534f974c1656da10e7a724,1911.10401,27,1,1,0,257,257,0,revision-added exploratory
qasper,random,998fa38634000f2d7b52d16518b9e18e898ce933,1908.05758,88,37,37,0,1403,1403,0,revision-added exploratory
qasper,random,99e99f2c25706085cd4de4d55afe0ac43213d7c8,2002.09616,65,2,2,0,183,183,0,revision-added exploratory
qasper,random,99f898eb91538cb82bc9a00892d54ae2a740961e,1710.10380,65,40,40,0,2845,2845,0,revision-added exploratory
qasper,random,9a7aeecbecf5e30ffa595c233fca31719c9b429f,1704.08390,29,1,1,0,53,53,0,revision-added exploratory
qasper,random,9aabcba3d44ee7d0bbf6a2c019ab9e0f02fab244,1605.05195,46,33,34,1,2574,2669,95,revision-added exploratory
qasper,random,9b05d5f723a8a452522907778a084b52e27fd924,1803.08614,41,16,41,25,923,2156,1233,revision-added exploratory
qasper,random,9b1382b44dc69f7ee20acf952f7ceb1c3ef83965,1610.03955,49,33,36,3,1952,2165,213,revision-added exploratory
qasper,random,9b536f4428206ef7afabc4ff0a2ebcbabd68b985,2001.11316,32,7,22,15,896,2092,1196,revision-added exploratory
qasper,random,9b6339e24f58b576143d2adf599cfc4a31fd3b0c,2003.11531,83,25,64,39,1927,4156,2229,revision-added exploratory
qasper,random,9b868c7d17852f46a8fe725f24cb9548fdbd2b05,1903.02930,20,1,18,17,137,1057,920,revision-added exploratory
qasper,random,9baca9bdb8e7d5a750f8cbe3282beb371347c164,1901.05389,45,3,3,0,213,213,0,revision-added exploratory
qasper,random,9be9354eeb2bb1827eeb1e23a20cfdca59fb349a,2002.03056,65,45,45,0,2680,2680,0,revision-added exploratory
qasper,random,9c2cacf77041e02d38f92a4c490df1e04552f96f,1905.00472,30,14,28,14,1624,3146,1522,revision-added exploratory
qasper,random,9c529bd3f7565b2178a79aae01c98c90f9d372ad,1705.00571,30,11,11,0,675,675,0,revision-added exploratory
qasper,random,9ca85242ebeeafa88a0246986aa760014f6094f2,1803.05160,71,67,67,0,5349,5349,0,revision-added exploratory
qasper,random,9ce90f4132b34a328fa49a63e897f376a3ad3ca8,1909.00871,49,35,46,11,3212,3963,751,revision-added exploratory
qasper,random,9d6b2672b11d49c37a6bfb06172d39742d48aef4,1705.10272,14,4,4,0,421,421,0,revision-added exploratory
qasper,random,9d6d17120c42a834b2b5d96f2120d646218ed4bb,1706.02427,60,22,56,34,1890,4666,2776,revision-added exploratory
qasper,random,9d963d385bd495a7e193f8a498d64c1612e6c20c,1907.01339,23,6,6,0,390,390,0,revision-added exploratory
qasper,random,9da181ac8f2600eb19364c1b1e3cdeb569811a11,1908.10001,38,30,30,0,1901,1901,0,revision-added exploratory
qasper,random,9dcc10a4a325d4c9cb3bb8134831ee470be47e93,1602.03483,43,41,41,0,3335,3335,0,revision-added exploratory
qasper,random,9dd8ce48a2a59a63ae6366ab8b2b8828e5ae7f35,1904.02954,34,28,28,0,1973,1973,0,revision-added exploratory
qasper,random,9e9aa8af4b49e2e1e8cd9995293a7982ea1aba0e,1910.09387,23,13,15,2,2462,2620,158,revision-added exploratory
qasper,random,9ec0527bda2c302f4e82949cc0ae7f7769b7bfb8,2003.00864,31,30,30,0,2698,2698,0,revision-added exploratory
qasper,random,9eec16e560f9ccafd7ba6f1e0db742b330b42ba9,1710.11334,14,7,14,7,969,2001,1032,revision-added exploratory
qasper,random,9ef0d2365bde0d18054511fbb53cec5fa2cda5ee,1908.11049,45,11,34,23,911,3227,2316,revision-added exploratory
qasper,random,9f065e787a0d40bb4550be1e0d64796925459005,1708.07252,62,25,34,9,2747,3918,1171,revision-added exploratory
qasper,random,9f1d81b2a6fe6835042a5229690e1951b97ff671,1806.04387,48,9,9,0,609,609,0,revision-added exploratory
qasper,random,9f1e60ee86a5c46abe75b67ef369bf92a5090568,1911.11899,57,35,35,0,2767,2767,0,revision-added exploratory
qasper,random,9f74f3991b8681619d95ab93a7c8733a843ddffe,1907.10676,24,16,21,5,2179,2917,738,revision-added exploratory
qasper,random,a064337bafca8cf01e222950ea97ebc184c47bc0,1609.02075,85,23,41,18,1186,2481,1295,revision-added exploratory
qasper,random,a064d01d45a33814947161ff208abb88d4353b26,1711.03759,31,23,23,0,1448,1448,0,revision-added exploratory
qasper,random,a0fd0c0fe042ad045b8d5095c81643ef3a352b81,1604.02038,55,15,50,35,994,2980,1986,revision-added exploratory
qasper,random,a18d74109ed55ed14c33913efa62e12f207279c0,1802.09059,34,21,21,0,1785,1785,0,revision-added exploratory
qasper,random,a1ac4463031bbc42c80893b57c0055b860f12e10,1908.06893,98,66,66,0,3382,3382,0,revision-added exploratory
qasper,random,a24b2269b292fd0ee81d50303d1315383c594382,2004.03090,28,7,7,0,568,568,0,revision-added exploratory
qasper,random,a28c73a6a8c46a43a1eec2b42b542dd7fde1e30e,1906.05506,40,34,34,0,2601,2601,0,revision-added exploratory
qasper,random,a2baa8e266318f23f43321c4b2b9cf467718c94a,1611.00440,28,15,15,0,1230,1230,0,revision-added exploratory
qasper,random,a2edd0454026811223b8f31512bdae91159677be,2002.03056,65,52,52,0,2835,2835,0,revision-added exploratory
qasper,random,a3705b53c6710b41154c65327b7bbec175bdfae7,1910.03355,41,35,35,0,2274,2274,0,revision-added exploratory
qasper,random,a398c9b061f28543bc77c2951d0dfc5d1bee9e87,1808.00957,28,14,14,0,1049,1049,0,revision-added exploratory
qasper,random,a3a867f7b3557c168d05c517c468ff6c7337bff9,1701.03578,41,24,24,0,2221,2221,0,revision-added exploratory
qasper,random,a3ba21341f0cb79d068d24de33b23c36fa646752,2002.06851,33,19,19,0,1227,1227,0,revision-added exploratory
qasper,random,a3e7d7389228a197c8c44e0c504a791b60f2c80d,1909.00091,35,32,32,0,2647,2647,0,revision-added exploratory
qasper,random,a464052fd11af1d2d99e407c11791269533d43d1,1802.06053,19,4,17,13,389,1974,1585,revision-added exploratory
qasper,random,a4a9971799c8860b50f219c93f050ebf6a627b3d,1905.08067,27,6,21,15,841,3269,2428,revision-added exploratory
qasper,random,a4b77a20e067789691e0ab246bc5b11913d77ae1,1703.04009,20,12,12,0,1999,1999,0,revision-added exploratory
qasper,random,a4cf0cf372f62b2dbc7f31c600c6c66246263328,1912.11980,61,49,49,0,3553,3553,0,revision-added exploratory
qasper,random,a59e86a15405c8a11890db072b99fda3173e5ab2,1704.04451,71,31,31,0,1557,1557,0,revision-added exploratory
qasper,random,a5df7361ae37b9512fb57cb93efbece9ded8cab1,1710.11027,15,6,13,7,976,1967,991,revision-added exploratory
qasper,random,a606bffed3bfeebd1b66125be580f908244e5d92,1911.09753,45,4,42,38,718,4445,3727,revision-added exploratory
qasper,random,a67a2d9acad1787b636ca2681330f4c29a0b0254,1606.07043,27,20,20,0,1388,1388,0,revision-added exploratory
qasper,random,a71fb012631e6a8854d5945b6d0ab2ab8e7b7ee6,1611.04234,31,17,17,0,1124,1124,0,revision-added exploratory
qasper,random,a7313c29b154e84b571322532f5cab08e9d49e51,2003.13028,66,32,32,0,1549,1549,0,revision-added exploratory
qasper,random,a77d38427639d54461ae308f3045434f81e497d0,1906.08871,38,15,26,11,1102,1982,880,revision-added exploratory
qasper,random,a786cceba4372f6041187c426432853eda03dca6,1910.02001,82,78,78,0,4769,4769,0,revision-added exploratory
qasper,random,a79a23573d74ec62cbed5d5457a51419a66f6296,1906.04287,20,16,16,0,1616,1616,0,revision-added exploratory
qasper,random,a7e1b13cc42bfe78d37b9c943de6288e5f00f01b,1608.01972,44,5,5,0,584,584,0,revision-added exploratory
qasper,random,a836ab8eb5a72af4b0a0c83bf42a2a14d1b38763,1911.07620,51,14,14,0,1336,1336,0,revision-added exploratory
qasper,random,a837dcbd339e27a974e28944178c790a5b0b37c0,1910.02001,82,68,68,0,4074,4074,0,revision-added exploratory
qasper,random,a8cc891bb8dccf0d32c1c9cd1699d5ead0eed711,1909.04251,58,47,47,0,3520,3520,0,revision-added exploratory
qasper,random,a8e5e10d13b3f21dd11e8eb58e30cc25efc56e93,1708.09025,62,40,40,0,2806,2806,0,revision-added exploratory
qasper,random,a8f189fad8b72f8b2b4d2da4ed8475d31642d9e7,1611.01116,26,17,17,0,2326,2326,0,revision-added exploratory
qasper,random,a98ae529b47362f917a398015c8525af3646abf0,1912.11637,58,28,49,21,2030,3241,1211,revision-added exploratory
qasper,random,a994cc18046912a8c9328dc572f4e4310736c0e2,1704.03279,32,6,6,0,1050,1050,0,revision-added exploratory
qasper,random,a9cae57f494deb0245b40217d699e9a22db0ea6e,1611.02378,52,34,34,0,2326,2326,0,revision-added exploratory
qasper,random,a9d5f83f4b32c52105f2ae1c570f1c590ac52487,1909.08211,69,67,67,0,4078,4078,0,revision-added exploratory
qasper,random,a9eb8039431e2cb885cfcf96eb58c0675b36b3bd,1908.05758,88,2,85,83,157,3042,2885,revision-added exploratory
qasper,random,a9ff35f77615b3a4e7fd7b3a53d0b288a46f06ce,1911.11025,66,42,42,0,1766,1766,0,revision-added exploratory
qasper,random,aa287673534fc05d8126c8e3486ca28821827034,1607.00167,15,7,12,5,557,761,204,revision-added exploratory
qasper,random,aa7c5386aedfb13a361a2629b67cb54277e208d2,1911.04128,23,10,22,12,1215,2285,1070,revision-added exploratory
qasper,random,ab8b0e6912a7ca22cf39afdac5531371cda66514,1912.03010,28,3,11,8,290,784,494,revision-added exploratory
qasper,random,ab975efc916c34f55e1144b1d28e7dfdc257e371,1804.03839,55,43,43,0,1647,1647,0,revision-added exploratory
qasper,random,ac87dd34d28c3edd9419fa0145f3d38c87d696aa,1807.08089,47,36,42,6,3314,3734,420,revision-added exploratory
qasper,random,acac0606aab83cae5d13047863c7af542d58e54c,1908.07491,30,4,4,0,303,303,0,revision-added exploratory
qasper,random,ae1c4f9e33d0cd64d9a313c318ad635620303cdd,1906.11085,25,8,12,4,732,995,263,revision-added exploratory
qasper,random,ae7c5cf9c2c121097eb00d389cfd7cc2a5a7d577,2004.02143,48,24,34,10,2139,3179,1040,revision-added exploratory
qasper,random,ae89eed483c11ccd70a34795e9fe416af8a35da2,1911.01214,74,60,60,0,4041,4041,0,revision-added exploratory
qasper,random,aebd1f0d728d0de5f76238844da044a44109f76f,1911.04474,68,40,58,18,2095,3250,1155,revision-added exploratory
qasper,random,af45ff2c4209f14235482329d0729864fb2bd4b0,1911.12893,61,35,50,15,2300,3085,785,revision-added exploratory
qasper,random,af948ea91136c700957b438d927f58d9b051c97c,2004.02143,48,43,43,0,3828,3828,0,revision-added exploratory
qasper,random,afad388a0141bdda5ca9586803ac53d5f10f41f6,1908.08917,43,7,36,29,1268,3597,2329,revision-added exploratory
qasper,random,b012df09fa2a3d6b581032d68991768cf4bc9d7b,1908.10461,34,5,5,0,194,194,0,revision-added exploratory
qasper,random,b03249984c26baffb67e7736458b320148675900,1901.05389,45,1,1,0,158,158,0,revision-added exploratory
qasper,random,b065c2846817f3969b39e355d5d017e326d6f42e,1708.01065,53,17,17,0,1060,1060,0,revision-added exploratory
qasper,random,b10388e343868ca8e5c7c601ebb903f52e756e61,1803.08419,61,27,42,15,2838,4252,1414,revision-added exploratory
qasper,random,b160bfb341f24ae42a268aa18641237a4b3a6457,2003.03728,34,33,33,0,2138,2138,0,revision-added exploratory
qasper,random,b1fe6a39b474933038b44b6d45e5ca32af7c3e36,2004.04498,93,89,89,0,4687,4687,0,revision-added exploratory
qasper,random,b210c3e48c15cdc8c47cf6f4b6eb1c29a1933654,1604.02201,29,23,23,0,2274,2274,0,revision-added exploratory
qasper,random,b21245212244ad7adf7d321420f2239a0f0fe56b,1908.10149,30,6,6,0,516,516,0,revision-added exploratory
qasper,random,b32de10d84b808886d7a91ab0c423d4fc751384c,1603.09381,27,8,8,0,399,399,0,revision-added exploratory
qasper,random,b3432f52af0b95929e6723dd1f01ce029d90a268,1808.07733,21,9,18,9,652,1396,744,revision-added exploratory
qasper,random,b39b278aa1cf2f87ad4159725dff77b387f2df84,2003.11687,35,11,11,0,853,853,0,revision-added exploratory
qasper,random,b3b9d7c8722e8ec41cbbae40e68458485a5ba25c,1910.07924,82,80,80,0,2139,2139,0,revision-added exploratory
qasper,random,b3dc9a35e8c3ed7abcc4ca0bf308dea75be9c016,1708.01065,53,12,12,0,836,836,0,revision-added exploratory
qasper,random,b424ad7f9214076b963a0077d7345d7bb5a7a205,2002.00175,58,9,52,43,439,2815,2376,revision-added exploratory
qasper,random,b4b7333805cb6fdde44907747887a971422dc298,2003.09244,78,4,4,0,239,239,0,revision-added exploratory
qasper,random,b537832bba2eb6d34702a9d71138e661c05a7c3a,1906.01076,52,36,36,0,2093,2093,0,revision-added exploratory
qasper,random,b57ad10468e1ba2a7a34396688dbb10a575d89f5,1706.02427,60,11,11,0,1017,1017,0,revision-added exploratory
qasper,random,b59f3a58939f7ac007d3263a459c56ebefc4b49a,2003.09244,78,63,67,4,4485,4864,379,revision-added exploratory
qasper,random,b62b7ec5128219f04be41854247d5af992797937,1910.03355,41,33,33,0,1994,1994,0,revision-added exploratory
qasper,random,b6aa5665c981e3b582db4760759217e2979d5626,1909.10481,43,37,41,4,3038,3467,429,revision-added exploratory
qasper,random,b6c2a391c4a94eaa768150f151040bb67872c0bf,1605.05195,46,6,22,16,490,1726,1236,revision-added exploratory
qasper,random,b6e97d1b1565732b1b3f1d74e6d2800dd21be37a,1707.05589,47,29,33,4,1891,2078,187,revision-added exploratory
qasper,random,b70e4c49300dc3eab18e907ab903afd2a0c6075a,1909.00437,43,22,22,0,2406,2406,0,revision-added exploratory
qasper,random,b783ec5cb9ad595da7db2c0ddf871152ae382c5f,1805.04833,52,23,30,7,1614,2044,430,revision-added exploratory
qasper,random,b78bb6fe817c2d4bc69236df998f546e94c3ee21,1704.06851,45,39,39,0,4060,4060,0,revision-added exploratory
qasper,random,b79c85fa84712d3028cb5be2af873c634e51140e,1605.05156,26,26,26,0,2425,2425,0,revision-added exploratory
qasper,random,b79ff0a50bf9f361c5e5fed68525283856662076,1805.09960,67,37,64,27,2152,3628,1476,revision-added exploratory
qasper,random,b8b79a6123716cb9fabf751b31dff424235a2ee2,1812.05813,72,20,20,0,1135,1135,0,revision-added exploratory
qasper,random,b8bbdc3987bb456739544426c6037c78ede01b77,1909.11980,29,14,29,15,815,1534,719,revision-added exploratory
qasper,random,b942d94e4187e4fdc706cfdf92e3a869fc294911,1909.05372,53,46,51,5,4707,5156,449,revision-added exploratory
qasper,random,b948bb86855b2c0bfc8fad88ff1e29cd94bb6ada,1905.05644,55,11,32,21,778,1837,1059,revision-added exploratory
qasper,random,b968bd264995cd03d7aaad1baba1838c585ec909,1804.09692,49,27,32,5,1708,2274,566,revision-added exploratory
qasper,random,b9d9803ba24127f91ba4d7cff4da11492da20f09,2004.03090,28,10,10,0,827,827,0,revision-added exploratory
qasper,random,ba39317e918b4386765f88e8c8ae99f9a098c935,1703.04009,20,2,2,0,435,435,0,revision-added exploratory
qasper,random,ba406e07c33a9161e29c75d292c82a15503beae5,1907.12984,107,17,101,84,1043,6363,5320,revision-added exploratory
qasper,random,ba7fea78b0b888a714cb7d89944b69c5038a1ef1,1806.03369,29,10,10,0,1062,1062,0,revision-added exploratory
qasper,random,baaa6ad7148b785429a20f38786cd03ab9a2646e,1908.08917,43,17,26,9,2100,2713,613,revision-added exploratory
qasper,random,baad4b6f834d5944f61bd12f30908e3cf3739dcd,1911.06815,26,26,26,0,1953,1953,0,revision-added exploratory
qasper,random,bab4ae97afd598a11d1fc7c05c6fdb98c30cafe0,1711.03759,31,25,25,0,1761,1761,0,revision-added exploratory
qasper,random,bab4e8881f4d75e266bce6fbfa4c3bcd3eacf30f,1708.03312,38,31,31,0,2123,2123,0,revision-added exploratory
qasper,random,baec99756b80eec7c0234a08bc2855e6770bcaeb,1907.04072,44,12,12,0,877,877,0,revision-added exploratory
qasper,random,bbfe7e131ed776c85f2359b748db1325386c1af5,1807.03674,23,6,6,0,328,328,0,revision-added exploratory
qasper,random,bc6ad5964f444cf414b661a4b942dafb7640c564,1809.03680,47,10,10,0,1034,1034,0,revision-added exploratory
qasper,random,bc8526d4805e2554adb2e9c01736d3f3a3b19895,1604.02038,55,55,55,0,3303,3303,0,revision-added exploratory
qasper,random,bcf222ad4bb537b01019ed354ea03cd6bf2c1f8e,1905.07562,50,14,25,11,1026,2310,1284,revision-added exploratory
qasper,random,bd191d95806cee4cf80295e9ce1cd227aba100ab,1912.07076,55,28,36,8,2738,3323,585,revision-added exploratory
qasper,random,bd255aadf099854541d06997f83a0e478f526120,1911.11025,66,29,29,0,1287,1287,0,revision-added exploratory
qasper,random,bd3562d2b3c162e9d27404d56b77e15f707d8b0f,1705.00571,30,9,9,0,548,548,0,revision-added exploratory
qasper,random,bd53399be8ff59060792da4c8e42a7fc1e6cbd85,2003.13028,66,51,62,11,2604,3242,638,revision-added exploratory
qasper,random,bda21bfb2dd74085cbc355c70dab5984ef41dba7,1906.04236,58,56,56,0,4117,4117,0,revision-added exploratory
qasper,random,bdae851d4cf1d05506cf3e8359786031ac4f756f,1911.12237,55,51,51,0,3383,3383,0,revision-added exploratory
qasper,random,be632f0246c2e5f049d12e796812f496e083c33e,1908.10001,38,6,11,5,347,765,418,revision-added exploratory
qasper,random,bfd55ae9630a08a9e287074fff3691dfbffc3258,1908.09283,68,62,66,4,3611,3897,286,revision-added exploratory
qasper,random,c01a8b42fd27b0a3bec717ededd98b6d085a0f5c,1710.11027,15,3,15,12,427,2303,1876,revision-added exploratory
qasper,random,c0355afc7871bf2e12260592873ffdb5c0c4c919,1909.10481,43,42,42,0,3566,3566,0,revision-added exploratory
qasper,random,c035a011b737b0a10deeafc3abe6a282b389d48b,1707.07212,52,25,44,19,1578,2913,1335,revision-added exploratory
qasper,random,c0847af3958d791beaa14c4040ada2d364251c4d,2004.02105,49,30,30,0,3351,3351,0,revision-added exploratory
qasper,random,c0af44ebd7cd81270d9b5b54d4a40feed162fa54,1801.05617,85,19,19,0,1868,1868,0,revision-added exploratory
qasper,random,c0dbf3f1957f3bff3ced5b48aff60097f3eac7bb,1808.07231,39,8,8,0,680,680,0,revision-added exploratory
qasper,random,c135e1f8ecaf7965f6a6d3e30b537eb37ad74230,1910.02001,82,73,73,0,4420,4420,0,revision-added exploratory
qasper,random,c138a45301713c1a9f6edafeef338ba2f99220ce,1912.08084,68,48,59,11,2862,3692,830,revision-added exploratory
qasper,random,c176eb1ccaa0e50fb7512153f0716e60bf74aa53,1910.01340,46,10,43,33,733,3485,2752,revision-added exploratory
qasper,random,c17ece1dad42d92c78fca2e3d8afa9a20ff19598,1906.01010,25,3,12,9,373,1901,1528,revision-added exploratory
qasper,random,c2037887945abbdf959389dc839a86bc82594505,1803.06745,41,5,25,20,397,1731,1334,revision-added exploratory
qasper,random,c25014b7e57bb2949138d64d49f356d69838bc25,1908.10001,38,2,2,0,139,139,0,revision-added exploratory
qasper,random,c2ce25878a17760c79031a426b6f38931cd854b2,2003.11528,61,32,57,25,1471,2798,1327,revision-added exploratory
qasper,random,c30b0d6b23f0f01573eea315176c5ffe4e0c6b5c,1910.02677,56,33,33,0,1996,1996,0,revision-added exploratory
qasper,random,c3befe7006ca81ce64397df654c31c11482dafbe,1611.04887,45,22,37,15,1041,1892,851,revision-added exploratory
qasper,random,c3ce95658eea1e62193570955f105839de3d7e2d,1911.03324,57,12,39,27,984,2383,1399,revision-added exploratory
qasper,random,c47312f2ca834ee75fa9bfbf912ea04239064117,1907.00937,39,18,18,0,1853,1853,0,revision-added exploratory
qasper,random,c4b621f573bbb411bdaa84a7562c9c4795a7eb3a,1808.09180,76,4,72,68,352,4146,3794,revision-added exploratory
qasper,random,c5221bb28e58a4f13cf2eccce0e1b1bec7dd3c13,1909.09070,59,24,57,33,2382,5287,2905,revision-added exploratory
qasper,random,c53b036eff430a9d0449fb50b8d2dc9d2679d9fe,1706.02222,68,18,62,44,1465,4649,3184,revision-added exploratory
qasper,random,c589d83565f528b87e355b9280c1e7143a42401d,1909.07873,52,35,45,10,3371,4786,1415,revision-added exploratory
qasper,random,c59d67930edd3d369bd51a619849facdd0770644,1705.10272,14,9,9,0,813,813,0,revision-added exploratory
qasper,random,c5ea4da3c760ba89194ad807bc1ef60e1761429f,1602.07563,120,74,74,0,5998,5998,0,revision-added exploratory
qasper,random,c68946ae2e548ec8517c7902585c032b3f3876e6,1901.05389,45,1,44,43,75,5284,5209,revision-added exploratory
qasper,random,c6f2598b85dc74123fe879bf23aafc7213853f5b,1911.12237,55,44,44,0,3010,3010,0,revision-added exploratory
qasper,random,c72e05dd41ed5a85335ffeca5a03e71514e60e84,1911.12559,22,4,9,5,270,780,510,revision-added exploratory
qasper,random,c79f168503a60d1b08bb2c9aac124199d210b06d,1904.02954,34,6,15,9,508,940,432,revision-added exploratory
qasper,random,c7d3bccee59ab683e6bf047579bc6eab9de9d973,1705.10272,14,11,11,0,762,762,0,revision-added exploratory
qasper,random,c7f43c95db3d0c870407cd0e7becdd802463683b,1910.09362,66,66,66,0,3725,3725,0,revision-added exploratory
qasper,random,c7ffef8bf0100eb6148bd932d0409b21759060b1,1707.06519,32,21,21,0,2287,2287,0,revision-added exploratory
qasper,random,c845110efee2f633d47f5682573bc6091e8f5023,1911.05652,34,18,18,0,948,948,0,revision-added exploratory
qasper,random,c87966e7f497975b76a60f6be50c33d296a4a4e7,2004.01820,92,61,83,22,4280,5477,1197,revision-added exploratory
qasper,random,c8f8ecac23a991bceb8387e68b3b3f2a5d8cf029,2003.12660,26,12,12,0,495,495,0,revision-added exploratory
qasper,random,c97306c1be5d59cf27b1054adfa8f1da47d292ce,1810.02229,28,4,4,0,297,297,0,revision-added exploratory
qasper,random,c9a323c152c5d9bc2d244e0ed10afbdb0f93062a,1909.00369,57,2,37,35,158,2877,2719,revision-added exploratory
qasper,random,c9eae337edea0edb12030a7d4b01c3a3c73c16d3,1806.04387,48,23,46,23,1547,2813,1266,revision-added exploratory
qasper,random,caebea05935cae1f5d88749a2fc748e62976eab7,1710.11334,14,5,14,9,662,2001,1339,revision-added exploratory
qasper,random,cb58605a7c230043bd0d6e8d5b068f8b533f45fe,1909.11706,31,3,13,10,262,1534,1272,revision-added exploratory
qasper,random,cb7a00233502c4b7801d34bc95d6d22d79776ae8,1603.08868,35,1,1,0,127,127,0,revision-added exploratory
qasper,random,cbb3c1c1e6e1818b6480f929f1c299eaa5ffd07a,1907.10676,24,19,24,5,2665,3250,585,revision-added exploratory
qasper,random,cbe42bf7c99ee248cdb2c5d6cf86b41106e66863,1908.02284,27,16,16,0,1558,1558,0,revision-added exploratory
qasper,random,cc3dd701f3a674618de95a4196e9c7f4c8fbf1e5,1805.04833,52,28,28,0,1636,1636,0,revision-added exploratory
qasper,random,cc78a08f5bfe233405c99cb3dac1f11f3a9268b1,1907.08540,47,26,26,0,2621,2621,0,revision-added exploratory
qasper,random,cc8bcea4052bf92f249dda276acc5fd16cac6fb4,1809.03695,18,17,17,0,1145,1145,0,revision-added exploratory
qasper,random,ccec4f8deff651858f44553f8daa5a19e8ed8d3b,1909.05190,59,20,57,37,1385,4076,2691,revision-added exploratory
qasper,random,cd82bdaa0c94330f8cccfb1c59b4e6761a5a4f4d,1911.01214,74,61,61,0,4192,4192,0,revision-added exploratory
qasper,random,cdbbba22e62bc9402aea74ac5960503f59e984ff,1805.04558,131,24,90,66,852,2946,2094,revision-added exploratory
qasper,random,ce23849e9e9a22626965f1ca8ca948a5c87280e9,1909.01720,69,37,37,0,2164,2164,0,revision-added exploratory
qasper,random,ce504a7ee2c1f068ef4dde8d435245b4e77bb0b5,1708.09025,62,3,44,41,141,3002,2861,revision-added exploratory
qasper,random,ce8d8de78a21a3ba280b658ac898f73d0b52bf1b,1910.10487,47,18,39,21,1680,3906,2226,revision-added exploratory
qasper,random,ced63053eb631c78a4ddd8c85ec0f3323a631a54,1708.05482,73,51,51,0,3118,3118,0,revision-added exploratory
qasper,random,cf0b7d8a2449d04078f69ec9717a547adfb67d17,1801.04433,52,45,45,0,3788,3788,0,revision-added exploratory
qasper,random,cf3fab54b2b289b66e7dba4706c47a62569627c5,1708.07690,42,21,36,15,1249,1913,664,revision-added exploratory
qasper,random,cf58d25bfa2561a359fdd7b6b20aef0b41dc634e,1912.08084,68,4,45,41,293,2903,2610,revision-added exploratory
qasper,random,cf68906b7d96ca0c13952a6597d1f23e5184c304,1710.10380,65,45,45,0,3117,3117,0,revision-added exploratory
qasper,random,cf82251a6a5a77e29627560eb7c05c3eddc20825,2004.04498,93,49,49,0,2486,2486,0,revision-added exploratory
qasper,random,cfa44bb587b0c05906d8325491ca9e0f024269e8,1708.01065,53,28,48,20,1562,2862,1300,revision-added exploratory
qasper,random,cfcf94b81589e7da215b4f743a3f8de92a6dda7a,1712.00733,74,68,68,0,5361,5361,0,revision-added exploratory
qasper,random,cfdd583d01abaca923f5c466bb20e1d4b8c749ff,1810.02268,71,70,70,0,3834,3834,0,revision-added exploratory
qasper,random,cfe21b979a6c851bdafb2e414622f61e62b1d98c,2003.13028,66,47,47,0,2347,2347,0,revision-added exploratory
qasper,random,d0048ef1cba3f63b5d60c568d5d0ba62ac4d7e75,1901.01590,54,53,53,0,2425,2425,0,revision-added exploratory
qasper,random,d0dc6729b689561370b6700b892c9de8871bb44d,1604.02201,29,9,9,0,978,978,0,revision-added exploratory
qasper,random,d147117ef24217c43252d917d45dff6e66ff807c,1712.00733,74,44,44,0,3333,3333,0,revision-added exploratory
qasper,random,d1a4529ea32aaab5ca3b9d9ae5c16f146c23af6b,1809.08935,10,4,4,0,443,443,0,revision-added exploratory
qasper,random,d206f2cbcc3d2a6bd0ccaa3b57fece396159f609,1805.00195,63,19,62,43,943,2897,1954,revision-added exploratory
qasper,random,d207f78beb6cd754268881bf575c8f98000667ea,1705.02023,22,12,12,0,747,747,0,revision-added exploratory
qasper,random,d211a37830c59aeab4970fdb2e03d9b7368b421c,1805.04558,131,130,130,0,4336,4336,0,revision-added exploratory
qasper,random,d2d9c7177728987d9e8b0c44549bbe03c8c00ef2,1906.05685,48,20,20,0,1316,1316,0,revision-added exploratory
qasper,random,d2f91303cec132750a416192f67c8ac1d3cf6fc0,1708.07252,62,60,61,1,5911,5933,22,revision-added exploratory
qasper,random,d323f0d65b57b30ae85fb9f24298927a3d1216e9,1810.12897,25,15,15,0,1518,1518,0,revision-added exploratory
qasper,random,d36a6447bfe58204e0d29f9213d84be04d875624,1906.08871,38,4,28,24,221,2066,1845,revision-added exploratory
qasper,random,d38b3e0896b105d171e69ce34c689e4a7e934522,1912.10162,37,19,19,0,1370,1370,0,revision-added exploratory
qasper,random,d3cfbe497a30b750a8de3ea7f2cecf4753a4e1f9,1905.09439,22,2,2,0,84,84,0,revision-added exploratory
qasper,random,d3fb0d84d763cb38f400b7de3daaa59ed2a1b0ab,1707.07212,52,43,43,0,2843,2843,0,revision-added exploratory
qasper,random,d418bf6595b1b51a114f28ac8a6909c278838aeb,1908.10149,30,24,24,0,2694,2694,0,revision-added exploratory
qasper,random,d4b84f48460517bc0a6d4e0c38f6853c58081166,1804.01155,55,11,46,35,1574,6126,4552,revision-added exploratory
qasper,random,d5c393df758dec6ea6827ae5b887eb6c303a4f4d,1612.05202,43,16,16,0,773,773,0,revision-added exploratory
qasper,random,d622564b250cffbb9ebbe6636326b15ec3c622d9,1902.10246,24,14,14,0,1172,1172,0,revision-added exploratory
qasper,random,d64fa192a7e9918c6a22d819abad581af0644c7d,1802.08969,106,53,84,31,2041,3374,1333,revision-added exploratory
qasper,random,d66550f65484696c1284903708b87809ea705786,1805.04833,52,42,42,0,2659,2659,0,revision-added exploratory
qasper,random,d66c31f24f582c499309a435ec3c688dc3a41313,1907.00937,39,3,3,0,322,322,0,revision-added exploratory
qasper,random,d68cc9aaf0466b97354600a5646c3be4512fc096,2004.03090,28,2,24,22,108,2076,1968,revision-added exploratory
qasper,random,d6a815d24c46557827d8aca65d3ffd008ac1bc07,1803.02914,25,8,17,9,865,1527,662,revision-added exploratory
qasper,random,d6b0c71721ed24ef1d9bd31ed3a266b0c7fc9b57,1704.06960,64,16,29,13,1224,2101,877,revision-added exploratory
qasper,random,d7799d26fe39302c4aff5b530aa691e8653fffe8,1803.09000,38,7,7,0,229,229,0,revision-added exploratory
qasper,random,d8ae36ae1b4d3af5b59ebd24efe94796101c1c12,1802.02614,46,42,42,0,2736,2736,0,revision-added exploratory
qasper,random,d9354c0bb32ec037ff2aacfed58d57887a713163,1707.07212,52,12,25,13,959,1903,944,revision-added exploratory
qasper,random,d976c22e9d068e4e31fb46e929023459f8290a63,1903.10548,7,2,2,0,144,144,0,revision-added exploratory
qasper,random,d97843afec733410d2c580b4ec98ebca5abf2631,1607.00167,15,10,10,0,626,626,0,revision-added exploratory
qasper,random,d98148f65d893101fa9e18aaf549058712485436,1709.04005,51,1,1,0,106,106,0,revision-added exploratory
qasper,random,d9949dd4865e79c53284932d868ca8fd10d55e70,2003.07459,28,12,27,15,1642,3345,1703,revision-added exploratory
qasper,random,d9a45fea8539aac01dec01f29b7d04b44b9c2ca6,1909.01720,69,36,52,16,2020,3020,1000,revision-added exploratory
qasper,random,d9e7633004ed1bc1ee45be58409bcc1fa6db59b2,1908.11049,45,25,34,9,2407,3023,616,revision-added exploratory
qasper,random,da077b385d619305033785af5b204696d6145bd8,1911.02747,29,4,27,23,498,2700,2202,revision-added exploratory
qasper,random,da0a2195bbf6736119ff32493898d2aadffcbcb8,1605.05166,60,14,29,15,990,2332,1342,revision-added exploratory
qasper,random,da21bcaa8e3a9eadc8a5194fd57ae797e93c3049,2004.01970,38,18,18,0,981,981,0,revision-added exploratory
qasper,random,dc473819b196c0ea922773e173a6b283fa778791,1605.05156,26,5,18,13,484,1451,967,revision-added exploratory
qasper,random,dce27c49b9bf1919ca545e04663507d83bb42dbe,1808.10006,50,28,41,13,2176,2796,620,revision-added exploratory
qasper,random,dd81f58c782169886235c48b8f9a08e0954dd3ae,2003.12660,26,9,21,12,328,843,515,revision-added exploratory
qasper,random,de0154affd86c608c457bf83d888bbd1f879df93,1911.12722,54,25,44,19,1885,3546,1661,revision-added exploratory
qasper,random,de0d135b94ba3b3a4f4a0fb03df38a84f9dc9da4,1909.02322,29,27,27,0,3503,3503,0,revision-added exploratory
qasper,random,de313b5061fc22e8ffef1706445728de298eae31,1811.01183,50,21,47,26,1649,3832,2183,revision-added exploratory
qasper,random,de344aeb089affebd15a8c370ae9ab5734e99203,1803.06745,41,24,24,0,1609,1609,0,revision-added exploratory
qasper,random,de580e43614ee38d2d9fc6263ff96e6ca2b54eb5,1911.01214,74,31,31,0,2266,2266,0,revision-added exploratory
qasper,random,de689a17b0b9fb6bbb80e9b85fb44b36b56de2fd,2003.07459,28,7,7,0,862,862,0,revision-added exploratory
qasper,random,df01e98095ba8765d9ab0d40c9e8ef34b64d3700,2002.04815,30,12,14,2,544,588,44,revision-added exploratory
qasper,random,df4895c6ae426006e75c511a304d56d37c42a1c7,1805.11850,17,8,8,0,629,629,0,revision-added exploratory
qasper,random,df623717255ea2c9e0f846859d8a9ef51dc1102b,1606.02892,49,48,48,0,3255,3255,0,revision-added exploratory
qasper,random,dfaeb8faf04505a4178945c933ba217e472979d8,1708.01065,53,40,42,2,2439,2575,136,revision-added exploratory
qasper,random,dfdd309e56b71589b25412ba85b0a5d79a467ceb,1610.09722,69,8,8,0,460,460,0,revision-added exploratory
qasper,random,e0b54906184a4ad87d127bed22194e62de38222b,1910.01340,46,10,33,23,773,2739,1966,revision-added exploratory
qasper,random,e0b8a2649e384bbdb17472f8da2c3df4134b1e57,1707.07568,38,19,29,10,1364,1776,412,revision-added exploratory
qasper,random,e12166fa9d6f63c4e92252c95c6a7bc96977ebf4,1901.10619,68,23,23,0,1283,1283,0,revision-added exploratory
qasper,random,e14e3e0944ec3290d1985e9a3da82a7df17575cd,1806.07042,52,28,30,2,2177,2581,404,revision-added exploratory
qasper,random,e1ab241059ef1700738f885f051d724a7fcf283a,1707.09816,50,12,12,0,814,814,0,revision-added exploratory
qasper,random,e381f1811774806be109f9b05896a2a3c5e1ef43,1710.11334,14,14,14,0,2001,2001,0,revision-added exploratory
qasper,random,e3bafa432cd3e1225170ff04de2fdf1ede38c6ef,1805.11598,24,15,15,0,1218,1218,0,revision-added exploratory
qasper,random,e3c44964eb6ddc554901244eb6595f26a9bae47e,1910.07154,36,6,6,0,301,301,0,revision-added exploratory
qasper,random,e459760879f662b2205cbdc0f5396dbfe41323ae,1908.09590,53,2,42,40,174,3086,2912,revision-added exploratory
qasper,random,e462efb58c71f186cd6b315a2d861cbb7171f65b,1906.04236,58,54,54,0,4000,4000,0,revision-added exploratory
qasper,random,e56c1f0e9eabda41f929d0dfd5cfa50edd69fa89,1909.06708,30,6,6,0,359,359,0,revision-added exploratory
qasper,random,e5b2eb6a49c163872054333f8670dd3f9563046a,2004.02334,53,30,30,0,2271,2271,0,revision-added exploratory
qasper,random,e5be900e70ea86c019efb06438ba200e11773a7c,1909.13466,62,59,59,0,5692,5692,0,revision-added exploratory
qasper,random,e5f8d2fc1332e982a54ee4b4c1f7f55e900d0b86,1811.04791,60,23,53,30,2395,5555,3160,revision-added exploratory
qasper,random,e6204daf4efeb752fdbd5c26e179efcb8ddd2807,1601.03313,57,42,42,0,5552,5552,0,revision-added exploratory
qasper,random,e6bc11bd6cfd4b2138c29602b9b56fc5378a4293,1709.04491,19,3,3,0,339,339,0,revision-added exploratory
qasper,random,e6f5444b7c08d79d4349e35d5298a63bb30e7004,1708.07252,62,17,22,5,1275,2139,864,revision-added exploratory
qasper,random,e797634fa77e490783b349034f9e095ee570b7a9,1804.05253,26,10,16,6,671,1187,516,revision-added exploratory
qasper,random,e831ce6c406bf5d1c493162732e1b320abb71b6f,1908.07491,30,25,27,2,1749,1885,136,revision-added exploratory
qasper,random,e8c3f59313df20db0cdd49b84a37c44da849fe17,2003.07459,28,28,28,0,3517,3517,0,revision-added exploratory
qasper,random,e90425ac05a15dc145bbf3034e78b56e7cec36ac,1803.09000,38,32,32,0,1827,1827,0,revision-added exploratory
qasper,random,e96b0d64c8d9fdd90235c499bf1ec562d2cbb8b2,1605.04278,123,94,94,0,3535,3535,0,revision-added exploratory
qasper,random,e9a0a69eacd554141f56b60ab2d1912cc33f526a,1803.06745,41,37,37,0,2417,2417,0,revision-added exploratory
qasper,random,ea6edf45f094586caf4684463287254d44b00e95,1907.12984,107,20,87,67,1307,5586,4279,revision-added exploratory
qasper,random,eaacee4246f003d29a108fe857b5dd317287ecf1,1911.12559,22,18,18,0,1781,1781,0,revision-added exploratory
qasper,random,eaae11ffd4ff955de2cd6389b888f5fd2c660a32,1910.14589,68,59,64,5,3241,3550,309,revision-added exploratory
qasper,random,ead7704a64447dccd504951618d3be463eba86bf,1807.03674,23,22,22,0,1236,1236,0,revision-added exploratory
qasper,random,eaed0b721cc3137b964f5265c7ecf76f565053e9,1806.03369,29,29,29,0,3282,3282,0,revision-added exploratory
qasper,random,eafea4a24d103fdecf8f347c7d84daff6ef828a3,1611.01116,26,24,24,0,3390,3390,0,revision-added exploratory
qasper,random,eb653a5c59851eda313ece0bcd8c589b6155d73e,1908.02284,27,10,10,0,866,866,0,revision-added exploratory
qasper,random,ebb4db9c24aa36db9954dd65ea079a798df80558,1908.09355,57,4,4,0,239,239,0,revision-added exploratory
qasper,random,ebe1084a06abdabefffc66f029eeb0b69f114fd9,1810.02268,71,71,71,0,3882,3882,0,revision-added exploratory
qasper,random,ebe6b8ec141172f7fea66f0a896b3124276d4884,1911.11025,66,5,5,0,296,296,0,revision-added exploratory
qasper,random,ec2045e0da92989642a5b5f2b1130c8bd765bcc5,1901.03253,68,30,30,0,2813,2813,0,revision-added exploratory
qasper,random,ec39120fb879ae10452d3f244e1e32237047005a,2004.04060,39,21,22,1,1258,1382,124,revision-added exploratory
qasper,random,ec54ae2f4811196fcaafa45e76130239e69995f9,1909.07158,55,52,52,0,3166,3166,0,revision-added exploratory
qasper,random,ec62df859ad901bf0848f0a8b91eedc78dba5657,1909.05190,59,9,41,32,832,2955,2123,revision-added exploratory
qasper,random,ec70c7c560e08cff2820bad93f5216bc0a469f5a,1908.11664,66,5,5,0,339,339,0,revision-added exploratory
qasper,random,ec8f39d32084996ab825debd7113c71daac38b06,1606.07043,27,3,7,4,201,551,350,revision-added exploratory
qasper,random,ecaa10a2d9927fa6ab6a954488f12aa6b42ddc1a,1909.04242,41,4,37,33,176,2288,2112,revision-added exploratory
qasper,random,ed15a593d64a5ba58f63c021ae9fd8f50051a667,2001.05540,28,9,28,19,950,2093,1143,revision-added exploratory
qasper,random,ed44f7e698d6124cb86791841d02fc6f8b4d862a,1908.11049,45,26,41,15,2233,3822,1589,revision-added exploratory
qasper,random,ed7ce13cd95f7664a5e4fc530dcf72dc3808dced,1712.02555,55,27,27,0,1597,1597,0,revision-added exploratory
qasper,random,ee2c2fb01d67f4c58855bf23186cbd45cecbfa56,1606.07947,55,46,46,0,2949,2949,0,revision-added exploratory
qasper,random,ef6304512652ba56bd13dbe282a5ce1d41a4f171,1909.03553,54,7,46,39,242,1720,1478,revision-added exploratory
qasper,random,eff9192e05d23e9a67d10be0c89a7ab2b873995b,1910.09387,23,20,20,0,3232,3232,0,revision-added exploratory
qasper,random,f0404673085517eea708c5e91f32fb0f7728fa08,1607.03895,35,24,27,3,1408,1610,202,revision-added exploratory
qasper,random,f0afc116809b70528226d37190e8e79e1e9cd11e,1906.05685,48,14,24,10,782,1417,635,revision-added exploratory
qasper,random,f11856814a57b86667179e1e275e4f99ff1bcad8,1707.06875,59,41,56,15,2472,3626,1154,revision-added exploratory
qasper,random,f15bc40960bd3f81bc791f43ab5c94c52378692d,1804.00982,18,16,16,0,1480,1480,0,revision-added exploratory
qasper,random,f1a50f88898556ecdba8e9cac13ae54c11835945,1909.03553,54,11,11,0,485,485,0,revision-added exploratory
qasper,random,f1d61b44105e651925d02a51e6d7ea10ea28ebd8,1909.00437,43,13,40,27,1199,3570,2371,revision-added exploratory
qasper,random,f1f7a040545c9501215d3391e267c7874f9a6004,1612.09535,60,6,24,18,495,1867,1372,revision-added exploratory
qasper,random,f264612db9096caf938bd8ee4085848143b34f81,1605.05166,60,21,21,0,1435,1435,0,revision-added exploratory
qasper,random,f2b1e87f61c65aaa99bcf9825de11ae237260270,1909.00786,57,35,42,7,2420,2976,556,revision-added exploratory
qasper,random,f2b8a2ed5916d75cf568a931829a5a3cde2fc345,1801.05617,85,72,72,0,5492,5492,0,revision-added exploratory
qasper,random,f2bcfdbebb418e7da165c19b8c7167719432ee48,1603.07252,50,23,35,12,1950,2897,947,revision-added exploratory
qasper,random,f381b0ef693243d67657f6c34bbce015f6b1fd07,1603.08868,35,16,16,0,1145,1145,0,revision-added exploratory
qasper,random,f3b4e52ba962a0004064132d123fd9b78d9e12e2,1907.12984,107,13,76,63,1142,5096,3954,revision-added exploratory
qasper,random,f3b851c9063192c86a3cc33b2328c02efa41b668,2003.08769,32,17,17,0,1095,1095,0,revision-added exploratory
qasper,random,f40e23adc8245562c8677f0f86fa5175179b5422,1807.08089,47,11,20,9,905,1273,368,revision-added exploratory
qasper,random,f4e16b185b506713ff99acc4dbd9ec3208e4997b,1602.07563,120,50,118,68,3579,9164,5585,revision-added exploratory
qasper,random,f52c9744a371104eb2677c181a7004f7a77d9dd3,1912.00342,115,87,87,0,3809,3809,0,revision-added exploratory
qasper,random,f5513f9314b9d7b41518f98c6bc6d42b8555258d,1605.05166,60,15,22,7,831,1364,533,revision-added exploratory
qasper,random,f5913e37039b9517a323ec700b712e898316161b,1711.03759,31,23,23,0,1491,1491,0,revision-added exploratory
qasper,random,f5bc07df5c61dcb589a848bd36f4ce9c22abd46a,1703.10090,27,13,23,10,1372,2470,1098,revision-added exploratory
qasper,random,f61268905626c0b2a715282478a5e373adda516c,2003.07459,28,9,25,16,1079,3009,1930,revision-added exploratory
qasper,random,f637bba86cfb94ca8ac4b058faf839c257d5eaa0,1806.07042,52,1,1,0,207,207,0,revision-added exploratory
qasper,random,f64449a21c452bc5395a0f0a49fb49825e6385f4,1909.04387,28,18,19,1,973,1077,104,revision-added exploratory
qasper,random,f71b95001dce46ee35cdbd8d177676de19ca2611,1911.07620,51,47,47,0,3522,3522,0,revision-added exploratory
qasper,random,f741d32b92630328df30f674af16fbbefcad3f93,1805.09821,22,9,9,0,762,762,0,revision-added exploratory
qasper,random,f7662b11e87c1e051e13799413f3db459ac3e19c,1911.10742,54,13,44,31,1670,4315,2645,revision-added exploratory
qasper,random,f77d7cddef3e021d70e16b9e16cecfd4b8ee80d3,1606.07947,55,53,53,0,3343,3343,0,revision-added exploratory
qasper,random,f7b91b99279833f9f489635eb8f77c6d13136098,1912.11980,61,6,22,16,365,1563,1198,revision-added exploratory
qasper,random,f7d61648ae4bd46c603a271185c3adfac5fc5114,1909.00369,57,12,45,33,821,3210,2389,revision-added exploratory
qasper,random,f7ee48dd32c666ef83a4ae4aa06bcde85dd8ec4b,1804.07445,34,9,9,0,842,842,0,revision-added exploratory
qasper,random,f88f45ef563ea9e40c5767ab2eaa77f4700f95f8,2002.09616,65,9,9,0,582,582,0,revision-added exploratory
qasper,random,f8bba20d1781ce2b14fad28d6eff024e5a6c2c02,1709.06365,75,5,46,41,399,3874,3475,revision-added exploratory
qasper,random,f8f64da7172e72e684f0e024a19411b43629ff55,1804.05306,34,34,34,0,2797,2797,0,revision-added exploratory
qasper,random,f92c344e9b1a986754277fd0f08a47dc3e5f9feb,1803.08419,61,20,31,11,2032,3335,1303,revision-added exploratory
qasper,random,f93bad406e004014618dd64f6c604b1a9ee6a371,1811.00127,64,8,8,0,432,432,0,revision-added exploratory
qasper,random,f9ae1b31c1a60aacb9ef869e1cc6b0e70c6e5d8e,2002.04374,20,13,13,0,1476,1476,0,revision-added exploratory
qasper,random,fa5f5f58f6277a1e433f80c9a92a5629d6d9a271,2002.09616,65,35,35,0,1654,1654,0,revision-added exploratory
qasper,random,fa800a21469a70fa6490bfc67cabdcc8bf086fb5,1902.06734,43,41,41,0,4276,4276,0,revision-added exploratory
qasper,random,fac273ecb3e72f2dc94cdbc797582d7225a8e070,1703.05320,60,4,20,16,228,1507,1279,revision-added exploratory
qasper,random,faffcc6ef27c1441e6528f924e320368430d8da3,1908.08917,43,14,24,10,1600,2639,1039,revision-added exploratory
qasper,random,fb06ed5cf9f04ff2039298af33384ca71ddbb461,1806.09652,34,14,14,0,826,826,0,revision-added exploratory
qasper,random,fc62549a8f0922c09996a119b2b6a8b5e829e989,1701.03578,41,36,37,1,3286,3342,56,revision-added exploratory
qasper,random,fcb0ac1934e2fd9f58f4b459e6853999a27844f9,2004.02214,55,32,32,0,1850,1850,0,revision-added exploratory
qasper,random,fcdafaea5b1c9edee305b81f6865efc8b8dc50d3,1707.02892,71,53,53,0,2389,2389,0,revision-added exploratory
qasper,random,fd651d19046966ca65d4bcf6f6ae9c66cdf13777,2002.10210,50,39,39,0,3528,3528,0,revision-added exploratory
qasper,random,fd8a8eb69f07c584a76633f8802c2746f7236d64,1911.03642,42,34,34,0,2811,2811,0,revision-added exploratory
qasper,random,fda47c68fd5f7b44bd539f83ded5882b96c36dd7,1704.03279,32,4,4,0,450,450,0,revision-added exploratory
qasper,random,fe1a74449847755cd7a46647cc9d384abfee789e,1901.03253,68,23,23,0,2396,2396,0,revision-added exploratory
qasper,random,fe52b093735bb456d7e699aa9a2b806d2b498ba0,1905.00840,31,22,22,0,1407,1407,0,revision-added exploratory
qasper,random,fe6181ab0aecf5bc8c3def843f82e530347d918b,1911.09753,45,13,13,0,1197,1197,0,revision-added exploratory
qasper,random,fea9b4d136156f23a88e5c7841874a467f2ba86d,1908.06259,41,16,16,0,1248,1248,0,revision-added exploratory
qasper,random,fee498457774d9617068890ff29528e9fa05a2ac,2003.03728,34,19,19,0,1263,1263,0,revision-added exploratory
qasper,random,fef5b65263c81299acc350a101dabaf5a8cb9c6e,1807.08089,47,26,26,0,2180,2180,0,revision-added exploratory
qasper,random,ff36168caf48161db7039e3bd4732cef31d4de99,1909.11706,31,27,27,0,2617,2617,0,revision-added exploratory
qasper,qwen3,000549a217ea24432c0656598279dbb85378c113,1804.05253,26,3,3,0,297,297,0,revision-added exploratory
qasper,qwen3,00341a46a67d31d36e6dc54d5297626319584891,1604.02201,29,2,2,0,205,205,0,revision-added exploratory
qasper,qwen3,00aea97f69290b496ed11eb45a201ad28d741460,1909.01860,23,1,1,0,55,55,0,revision-added exploratory
qasper,qwen3,00c443f8d32d6baf7c7cea8f4ca9fa749532ccfd,1612.00866,55,1,1,0,121,121,0,revision-added exploratory
qasper,qwen3,00db191facf903cef18fb1727d1cab638c277e0a,1906.05506,40,3,17,14,295,1462,1167,revision-added exploratory
qasper,qwen3,00df1ff914956d4d23299d02fd44e4c985bb61fa,1903.10318,39,2,2,0,151,151,0,revision-added exploratory
qasper,qwen3,00e4c9aa87411dfc5455fc92f10e5c9266e7b95e,1710.06923,52,1,3,2,46,186,140,revision-added exploratory
qasper,qwen3,00f507053c47e55d7e72bebdbd8a75b3ca88cf85,1806.07042,52,1,1,0,234,234,0,revision-added exploratory
qasper,qwen3,00ffe2c59a3ba18d6d2b353d6ab062a152c88526,1709.05453,56,13,19,6,856,1330,474,revision-added exploratory
qasper,qwen3,014a3aa07686ee18a86c977bf0701db082e8480b,1908.06493,41,36,38,2,2780,2924,144,revision-added exploratory
qasper,qwen3,018b81f810a39b3f437a85573d24531efccd835f,1906.11085,25,6,6,0,483,483,0,revision-added exploratory
qasper,qwen3,01c8c3836467a4399cc37e86244b5bdc5dda2401,1804.09692,49,1,1,0,56,56,0,revision-added exploratory
qasper,qwen3,028d0d9b7a71133e51a14a32cd09dea1e2f39f05,1804.01155,55,10,21,11,1563,3188,1625,revision-added exploratory
qasper,qwen3,02a5acb484bda77ef32a13f5d93d336472cf8cd4,1612.04118,27,4,4,0,475,475,0,revision-added exploratory
qasper,qwen3,036c400424357457e42b22df477b7c3cdc2eefe9,1711.11118,15,2,2,0,319,319,0,revision-added exploratory
qasper,qwen3,042800c3336ed5f4826203616a39747c61382ba6,1709.05453,56,7,7,0,579,579,0,revision-added exploratory
qasper,qwen3,04796aaa59eeb2176339c0651838670fd916074d,1906.11085,25,1,1,0,129,129,0,revision-added exploratory
qasper,qwen3,051034cc94f2c02d3041575c53f969b3311c9ea1,1804.07445,34,1,7,6,132,608,476,revision-added exploratory
qasper,qwen3,058b6e3fdbb607fa7dbfc688628b3e13e130c35a,1912.00239,42,35,35,0,3306,3306,0,revision-added exploratory
qasper,qwen3,065623cc1d5f5b19ec1f84d286522fc2f805c6ce,1706.04206,34,5,5,0,268,268,0,revision-added exploratory
qasper,qwen3,07104dd36a0e7fdd2c211ad710de9a605495b697,1908.05908,41,3,14,11,213,913,700,revision-added exploratory
qasper,qwen3,075d6ab5dd132666e85d0b6ad238118271dfc147,1909.00786,57,2,2,0,162,162,0,revision-added exploratory
qasper,qwen3,0778cbbd093f8b779f7cf26302b2a8e081ccfb40,1703.10152,41,5,5,0,522,522,0,revision-added exploratory
qasper,qwen3,079e654c97508c521c07ab4d24cdaaede5602c61,1605.05156,26,1,1,0,100,100,0,revision-added exploratory
qasper,qwen3,07a214748a69b31400585aef7aba6af3e3d9cce2,1612.05202,43,19,19,0,1205,1205,0,revision-added exploratory
qasper,qwen3,07d98dfa88944abd12acd45e98fb7d3719986aeb,1909.07873,52,15,46,31,1918,4755,2837,revision-added exploratory
qasper,qwen3,08561f6ba578ce8f8d284abf90f5b24eb1f804d3,1901.03253,68,7,30,23,462,2699,2237,revision-added exploratory
qasper,qwen3,088d42ecb1e15515f6a97a0da2fed81b61d61a23,1909.00437,43,1,11,10,115,1101,986,revision-added exploratory
qasper,qwen3,08b77c52676167af72581079adf1ca2b994ce251,2002.10210,50,23,23,0,1582,1582,0,revision-added exploratory
qasper,qwen3,08c0d4db14773cbed8a63e69381a2265e85f8765,1901.05389,45,1,1,0,105,105,0,revision-added exploratory
qasper,qwen3,0a5fd0e5f4ab12be57be20416a5ea7c3db5fb662,1912.10162,37,3,19,16,193,1312,1119,revision-added exploratory
qasper,qwen3,0a70af6ba334dfd3574991b1dd06f54fc6a700f2,1910.01160,23,3,11,8,218,842,624,revision-added exploratory
qasper,qwen3,0abc2499195185c94837e0340d00cd3b83ee795e,1909.13184,17,8,14,6,952,1766,814,revision-added exploratory
qasper,qwen3,0ac6fbd81e2dd95b800283dc7e59ce969d45fc02,1708.05521,24,2,2,0,116,116,0,revision-added exploratory
qasper,qwen3,0aca0a208a1e28857fab44e397dc7880e010dbca,2003.12139,28,10,26,16,1021,2698,1677,revision-added exploratory
qasper,qwen3,0b10cfa61595b21bf3ff13b4df0fe1c17bbbf4e9,1908.07721,72,15,24,9,959,1498,539,revision-added exploratory
qasper,qwen3,0b1cc6c0de286eb724b1fd18dbc93e67ab89a236,1908.11664,66,12,22,10,744,1505,761,revision-added exploratory
qasper,qwen3,0b5a7ccf09810ff5a86162d502697d16b3536249,1911.03353,35,4,26,22,127,1306,1179,revision-added exploratory
qasper,qwen3,0b5bf00d2788c534c4c6c007b72290c48be21e16,1806.07042,52,5,5,0,569,569,0,revision-added exploratory
qasper,qwen3,0b5c599195973c563c4b1a0fe5d8fc77204d71a0,1811.01183,50,3,3,0,233,233,0,revision-added exploratory
qasper,qwen3,0bc305d6b90f77f835bc4c904b22a4be07f963b2,1606.02601,56,1,1,0,61,61,0,revision-added exploratory
qasper,qwen3,0bd3bea892c34a3820e98c4a42cdeda03753146b,1805.04558,131,47,47,0,2410,2410,0,revision-added exploratory
qasper,qwen3,0bde3ecfdd7c4a9af23f53da2cda6cd7a8398220,1804.07445,34,2,4,2,191,353,162,revision-added exploratory
qasper,qwen3,0c4e419fe57bf01d58a44f3e263777c22cdd90dc,1911.06815,26,18,18,0,1425,1425,0,revision-added exploratory
qasper,qwen3,0d3193d17c0a4edc8fa9854f279c2a1b878e8b29,2002.00175,58,18,19,1,1141,1257,116,revision-added exploratory
qasper,qwen3,0d9241e904bd2bbf5b9a6ed7b5fc929651d3e28e,1910.13793,45,1,1,0,84,84,0,revision-added exploratory
qasper,qwen3,0dbb5309d2be97f6eda29d7ae220aa16cafbabb7,1610.00479,110,2,47,45,205,3124,2919,revision-added exploratory
qasper,qwen3,0dc9050c832a6091bc9db3f7fa7be72139f51177,1902.08830,107,22,22,0,2161,2161,0,revision-added exploratory
qasper,qwen3,0dfe43985dea45d93ae2504cccca15ae1e207ccf,2002.00175,58,8,42,34,296,2598,2302,revision-added exploratory
qasper,qwen3,0ef114d24a7a32821967e912dff23c016c4eab41,1901.09501,43,3,42,39,161,3455,3294,revision-added exploratory
qasper,qwen3,0f1f81b6d4aa0da38b4cc8b060926e7df61bb646,1909.05190,59,17,29,12,1155,1843,688,revision-added exploratory
qasper,qwen3,0f9c1586f1b4b531fa4fd113e767d06af90b1ae8,1603.07252,50,19,19,0,2058,2058,0,revision-added exploratory
qasper,qwen3,0fe49431db5ffaa24372919daf24d8f84117bfda,1603.07252,50,16,17,1,1269,1464,195,revision-added exploratory
qasper,qwen3,0fee37ebe0a010cf8bd665fa566306d8e7d12631,1709.06365,75,44,44,0,4005,4005,0,revision-added exploratory
qasper,qwen3,1002bd01372eba0f3078fb4a951505278ed45f2e,1906.01076,52,1,28,27,8,1603,1595,revision-added exploratory
qasper,qwen3,10edfb9428b8a4652274c13962917662fdf84f8a,1911.07620,51,1,1,0,161,161,0,revision-added exploratory
qasper,qwen3,1100e442e00c9914538a32aca7af994ce42e1b66,1911.03854,26,17,17,0,1443,1443,0,revision-added exploratory
qasper,qwen3,1128a600a813116cba9a2cf99d8568ae340f327a,1802.08969,106,73,73,0,2636,2636,0,revision-added exploratory
qasper,qwen3,11679d1feba747c64bbbc62939a20fbb69ada0f3,1902.06734,43,16,16,0,1632,1632,0,revision-added exploratory
qasper,qwen3,119c404da6e42d4879eee10edeab4b2851162659,1910.10762,34,3,10,7,226,1032,806,revision-added exploratory
qasper,qwen3,11a3af3f056e0fb5559fe5cbff1640e022732735,1612.05202,43,3,3,0,71,71,0,revision-added exploratory
qasper,qwen3,11a8531699952f5a2286a4311f0fe80ed1befa1e,1905.07562,50,1,7,6,156,1148,992,revision-added exploratory
qasper,qwen3,11c4071d9d7efeede84f47892b1fa0c6a93667eb,2004.02334,53,9,9,0,589,589,0,revision-added exploratory
qasper,qwen3,11ef46187a5bf15e89d63220fdeaecbeb92d818e,1610.06510,53,4,4,0,256,256,0,revision-added exploratory
qasper,qwen3,11f9c207476af75a9272105e646df02594059c3f,1603.09381,27,2,2,0,142,142,0,revision-added exploratory
qasper,qwen3,12dc04e0ec1d3ba5ec543069fe457dfa4a1cac07,1910.13793,45,2,2,0,158,158,0,revision-added exploratory
qasper,qwen3,130d73400698e2b3c6860b07f2e957e3ff022d48,1909.00871,49,2,2,0,293,293,0,revision-added exploratory
qasper,qwen3,138ad61b43c85d5db166ea9bd3d3b19bb2e2bbfb,1909.13184,17,2,5,3,276,787,511,revision-added exploratory
qasper,qwen3,141f23e87c10c2d54d559881e641c983e3ec8ef3,1911.09241,57,2,2,0,144,144,0,revision-added exploratory
qasper,qwen3,14fdc8087f2a62baea9d50c4aa3a3f8310b38d17,1909.12208,36,2,11,9,199,1158,959,revision-added exploratory
qasper,qwen3,157284acedf13377cbc6d58c8f3648d3a62f5db5,1905.05644,55,6,24,18,143,1365,1222,revision-added exploratory
qasper,qwen3,157de5175259d6f25db703efb299f948dae597b7,1708.07690,42,8,10,2,455,570,115,revision-added exploratory
qasper,qwen3,15aeda407ae3912419fd89211cdb98989d9cde58,1908.08788,21,3,4,1,236,348,112,revision-added exploratory
qasper,qwen3,16a10c1681dc5a399b6d34b4eed7bb1fef816dd0,1910.02001,82,7,46,39,385,3119,2734,revision-added exploratory
qasper,qwen3,16cc37e4f8e2db99eaf89337a3d9ada431170d5b,1907.08540,47,13,13,0,1459,1459,0,revision-added exploratory
qasper,qwen3,16edc21a6abc89ee2280dccf1c867c2ac4552524,1809.03695,18,9,9,0,593,593,0,revision-added exploratory
qasper,qwen3,1702985a3528e876bb19b8e223399729d778b4e4,2003.12450,6,3,3,0,169,169,0,revision-added exploratory
qasper,qwen3,175cddfd0bcd77b7327b62f99e57d8ea93f8d8ba,1906.05685,48,9,9,0,649,649,0,revision-added exploratory
qasper,qwen3,17fd6deb9e10707f9d1b70165dedb045e1889aac,1908.11053,64,13,13,0,690,690,0,revision-added exploratory
qasper,qwen3,180c7bea8caf05ca97d9962b90eb454be4176425,1910.01160,23,4,4,0,483,483,0,revision-added exploratory
qasper,qwen3,182eb91090017a7c8ea38a88b219b641842664e4,1901.09501,43,1,8,7,216,968,752,revision-added exploratory
qasper,qwen3,183b385fb59ff1e3f658d4555a08b67c005a8734,1809.03391,33,1,5,4,76,419,343,revision-added exploratory
qasper,qwen3,19ebfba9aa5a9596b09a0cfb084ff8ebf24a3b91,1602.03483,43,1,6,5,132,768,636,revision-added exploratory
qasper,qwen3,1a2b69dfa81dfeadd67b133229476086f2cc74a8,1712.00733,74,30,30,0,2262,2262,0,revision-added exploratory
qasper,qwen3,1a419468d255d40ae82ed7777618072a48f0091b,1704.06851,45,10,10,0,1168,1168,0,revision-added exploratory
qasper,qwen3,1a6156189297b2fe17f174ef55cbd20341bb7dbf,1611.06322,49,8,8,0,856,856,0,revision-added exploratory
qasper,qwen3,1acf06105f6c1930f869347ef88160f55cbf382b,1909.00871,49,4,5,1,638,734,96,revision-added exploratory
qasper,qwen3,1c182b4805b336bd6e1a3f43dc84b07db3908d4a,1910.12203,25,15,15,0,1192,1192,0,revision-added exploratory
qasper,qwen3,1ce6c09cf886df41a3d3c52ce82f370c5a30334a,1905.01347,15,1,1,0,131,131,0,revision-added exploratory
qasper,qwen3,1d047286ac63e5dca1ab811172b89d7d125679e5,1910.03943,52,2,2,0,91,91,0,revision-added exploratory
qasper,qwen3,1d10e069b4304fabfbed69acf409f0a311bdc441,1806.09652,34,1,1,0,49,49,0,revision-added exploratory
qasper,qwen3,1d263356692ed8cdee2a13f103a82d98f43d66eb,2003.11528,61,5,12,7,587,1326,739,revision-added exploratory
qasper,qwen3,1d6d21043b9fd0ed3ccccdc6317dcf5a1347ef03,1802.09059,34,19,23,4,1289,1776,487,revision-added exploratory
qasper,qwen3,1d7b99646a1bc05beec633d7a3beb083ad1e8734,1803.02155,48,24,24,0,1353,1353,0,revision-added exploratory
qasper,qwen3,1d9d7c96c5e826ac06741eb40e89fca6b4b022bd,1603.00957,54,6,31,25,502,2734,2232,revision-added exploratory
qasper,qwen3,1dc5bf9dca7de2ba21db10e9056d3906267ef5d5,1912.07940,30,4,7,3,254,619,365,revision-added exploratory
qasper,qwen3,1dcfcfa46dbcffc2fc7be92dd57df9620258097b,1908.11046,58,6,6,0,478,478,0,revision-added exploratory
qasper,qwen3,1e11e74481ead4b7635922bbe0de041dc2dde28d,1610.03807,23,5,5,0,555,555,0,revision-added exploratory
qasper,qwen3,1e7e3f0f760cd628f698b73d82c0f946707855ca,1710.07695,63,4,4,0,230,230,0,revision-added exploratory
qasper,qwen3,1ec0be667a6594eb2e07c50258b120e693e040a8,1805.11598,24,17,22,5,1413,1879,466,revision-added exploratory
qasper,qwen3,1ecbbb60dc44a701e9c57c22167dd412711bb0be,1812.00382,22,1,13,12,153,1504,1351,revision-added exploratory
qasper,qwen3,1f011fa772ce802e74eda89f706cdb1aa2833686,1910.01340,46,39,39,0,3035,3035,0,revision-added exploratory
qasper,qwen3,1f053f338df6d238cb163af1a0b1b073e749ed8a,1806.09652,34,9,9,0,440,440,0,revision-added exploratory
qasper,qwen3,1f40adc719d8ccda81e7e90525b577f5698b5aad,1803.07828,32,12,29,17,2044,2957,913,revision-added exploratory
qasper,qwen3,1f8044487af39244d723582b8a68f94750eed2cc,1910.01340,46,5,43,38,499,3542,3043,revision-added exploratory
qasper,qwen3,1faccdc78bbd99320c160ac386012720a0552119,1908.11053,64,2,4,2,197,385,188,revision-added exploratory
qasper,qwen3,1fcd25e9a63a53451cac9ad2b8a1b529aff44a97,1910.01992,36,2,2,0,107,107,0,revision-added exploratory
qasper,qwen3,1fd31fdfff93d65f36e93f6919f6976f5f172197,1709.05295,35,1,3,2,241,387,146,revision-added exploratory
qasper,qwen3,200c37060d037dee33f3b7c8b1a2aaa58376566e,1903.04329,32,11,11,0,1422,1422,0,revision-added exploratory
qasper,qwen3,20632fc4d2b693b5aabfbbc99ee5c1e9fc485dea,1912.02866,53,24,47,23,1804,3731,1927,revision-added exploratory
qasper,qwen3,21c89ee0281f093b209533453196306b9699b552,1706.00188,14,1,10,9,77,780,703,revision-added exploratory
qasper,qwen3,21f6cb3819c85312364dd17dd4091df946591ef0,1704.08390,29,1,1,0,78,78,0,revision-added exploratory
qasper,qwen3,22225ba18a6efe74b1315cc08405011d5431498e,1705.00571,30,5,10,5,331,580,249,revision-added exploratory
qasper,qwen3,22488c8628b6db5fd708b6471c31a8eac31f66df,1906.01749,52,1,4,3,187,643,456,revision-added exploratory
qasper,qwen3,2280ed1e2b3e99921e2bca21231af43b58ca04f0,1911.09247,68,3,3,0,100,100,0,revision-added exploratory
qasper,qwen3,22c125c461f565f5437dac74bf19c2ef317bad86,1703.04009,20,1,1,0,226,226,0,revision-added exploratory
qasper,qwen3,2301424672cb79297cf7ad95f23b58515e4acce8,1911.05652,34,1,4,3,111,290,179,revision-added exploratory
qasper,qwen3,230f127e83ac62dd65fccf6b1a4960cf0f7316c7,2004.02401,33,10,33,23,953,3183,2230,revision-added exploratory
qasper,qwen3,230ff86b7b90b87c33c53014bb1e9c582dfc107f,1805.11937,43,1,9,8,29,875,846,revision-added exploratory
qasper,qwen3,23252644c04a043f630a855b563666dd57179d98,2002.00175,58,5,5,0,199,199,0,revision-added exploratory
qasper,qwen3,235c7c7ca719068136928b18e19f9661e0f72806,2004.01820,92,83,83,0,5387,5387,0,revision-added exploratory
qasper,qwen3,23cbf6ab365c1eb760b565d8ba51fb3f06257d62,1910.02677,56,50,50,0,2734,2734,0,revision-added exploratory
qasper,qwen3,23fe8431058f2a7b7588745766fc715f271aad07,2004.02334,53,1,1,0,69,69,0,revision-added exploratory
qasper,qwen3,243cf21c4e34c4b91fcc4905aa4dc15a72087f0c,1903.02930,20,2,2,0,190,190,0,revision-added exploratory
qasper,qwen3,246e924017c48fa1f069361c44133fdf4f0386e1,1909.01720,69,13,13,0,785,785,0,revision-added exploratory
qasper,qwen3,252599e53f52b3375b26d4e8e8b66322a42d2563,1709.06365,75,5,53,48,301,4083,3782,revision-added exploratory
qasper,qwen3,25a8d432bf94af1662837877bc6c284e2fc3fbe2,1908.10001,38,1,1,0,83,83,0,revision-added exploratory
qasper,qwen3,25e6ba07285155266c3154d3e2ca1ae05c2f7f2d,2004.03090,28,9,19,10,787,1644,857,revision-added exploratory
qasper,qwen3,26844cec57df6ff0f02245ea862af316b89edffe,1808.10290,38,17,30,13,1168,1694,526,revision-added exploratory
qasper,qwen3,2686e8d51caff9a19684e0c9984bcb5a1937d08d,1606.02892,49,1,1,0,73,73,0,revision-added exploratory
qasper,qwen3,26e32f24fe0c31ef25de78935daa479534b9dd58,1911.01940,47,10,11,1,428,513,85,revision-added exploratory
qasper,qwen3,26eceba0e6e4c0b6dfa94e5708dd74b63f701731,1712.02555,55,4,4,0,446,446,0,revision-added exploratory
qasper,qwen3,2711ae6dd532d136295c95253dbf202e37ecd3e7,1909.06708,30,1,3,2,80,161,81,revision-added exploratory
qasper,qwen3,2749fb1725a2c4bdba5848e2fc424a43e7c4be51,2004.04498,93,1,67,66,66,3725,3659,revision-added exploratory
qasper,qwen3,27d7a30e42921e77cfffafac5cb0d16ce5a7df99,1707.02892,71,6,6,0,296,296,0,revision-added exploratory
qasper,qwen3,2834a340116026d5995e537d474a47d6a74c3745,1705.01306,50,10,10,0,573,573,0,revision-added exploratory
qasper,qwen3,283d358606341c399e369f2ba7952cd955326f73,1611.02378,52,1,4,3,87,209,122,revision-added exploratory
qasper,qwen3,28847b20ca63dc56f2545e6f6ec3082d9dbe1b3f,2003.12660,26,9,9,0,298,298,0,revision-added exploratory
qasper,qwen3,2895a3fc63f6f403445c11043460584e949fb16c,1710.07695,63,1,12,11,53,552,499,revision-added exploratory
qasper,qwen3,28a8a1542b45f67674a2f1d54fff7a1e45bfad66,2002.04326,24,1,3,2,268,738,470,revision-added exploratory
qasper,qwen3,2929e92f9b4939297b4d0f799d464d46e8d52063,1908.11046,58,1,4,3,98,410,312,revision-added exploratory
qasper,qwen3,2974237446d04da33b78ce6d22a477cdf80877b7,1611.06322,49,4,8,4,257,579,322,revision-added exploratory
qasper,qwen3,29794bda61665a1fbe736111e107fd181eacba1b,1911.01214,74,13,40,27,871,2965,2094,revision-added exploratory
qasper,qwen3,2a120f358f50c377b5b63fb32633223fa4ee2149,1803.05160,71,3,16,13,284,1564,1280,revision-added exploratory
qasper,qwen3,2a9c7243744b42f1e9fed9ff2ab17c6f156b1ba4,1804.05306,34,6,6,0,527,527,0,revision-added exploratory
qasper,qwen3,2abcff4fdedf9b17f76875cc338ba4ab8d1eccd3,2003.11687,35,12,12,0,913,913,0,revision-added exploratory
qasper,qwen3,2abf916bc03222d3b2a3d66851d87921ff35c0d2,1803.06745,41,9,9,0,878,878,0,revision-added exploratory
qasper,qwen3,2ae66798333b905172e2c0954e9808662ab7f221,1903.00384,48,21,25,4,1436,1790,354,revision-added exploratory
qasper,qwen3,2aeabec8a734a6e8ca9e7a308dd8c9a1011b3d6e,1801.05617,85,4,28,24,171,2574,2403,revision-added exploratory
qasper,qwen3,2b32cf05c5e736f764ceecc08477e20ab9f2f5d7,1908.06493,41,3,37,34,346,2815,2469,revision-added exploratory
qasper,qwen3,2ba2ff6c21a16bd295b07af1ef635b3b4c5bd17e,1912.04979,59,1,13,12,150,1459,1309,revision-added exploratory
qasper,qwen3,2bd702174e915d97884d1571539fb1b5b0b7123a,1802.02614,46,5,14,9,159,816,657,revision-added exploratory
qasper,qwen3,2c60628d54f2492e0cbf0fb8bacd8e54117f0c18,1902.10246,24,2,6,4,232,551,319,revision-added exploratory
qasper,qwen3,2ca3ca39d59f448e30be6798514709be7e3c62d8,1603.01547,67,45,45,0,2354,2354,0,revision-added exploratory
qasper,qwen3,2cb20bae085b67e357ab1e18ebafeac4bbde5b4a,1901.05389,45,26,26,0,3192,3192,0,revision-added exploratory
qasper,qwen3,2d5d0b0c54105717bf48559b914fefd0c94964a6,2003.12660,26,1,11,10,53,411,358,revision-added exploratory
qasper,qwen3,2d91554c3f320a4bcfeb00aa466309074a206712,1903.01411,78,2,39,37,96,1119,1023,revision-added exploratory
qasper,qwen3,2dba0b83fc22995f83e7ac66cc8f68bcdcc70ee9,1909.04251,58,2,2,0,267,267,0,revision-added exploratory
qasper,qwen3,2ddfb40a9e73f382a2eb641c8e22bbb80cef017b,1906.01502,30,4,6,2,236,441,205,revision-added exploratory
qasper,qwen3,2e37eb2a2a9ad80391e57acb53616eab048ab640,2003.13028,66,5,37,32,203,2135,1932,revision-added exploratory
qasper,qwen3,2e4688205c8e344cded7a053b6014cce04ef1bd5,1611.04234,31,8,8,0,397,397,0,revision-added exploratory
qasper,qwen3,2ecd12069388fd58ad5f8f4ae7ac1bb4f56497b9,1905.08067,27,4,4,0,577,577,0,revision-added exploratory
qasper,qwen3,2ee4ecf98ef7d02c9e4d103968098fe35f067bbb,1908.07491,30,4,14,10,291,934,643,revision-added exploratory
qasper,qwen3,2f23bd86a9e27dcd88007c9058ddfce78a1a377b,1707.07568,38,2,2,0,332,332,0,revision-added exploratory
qasper,qwen3,2f75b0498cf6a1fc35f1fb1cac44fc2fbd3d7878,2002.00175,58,5,19,14,301,1002,701,revision-added exploratory
qasper,qwen3,301a453abaa3bc15976817fefce7a41f3b779907,1805.04558,131,2,2,0,37,37,0,revision-added exploratory
qasper,qwen3,30870a962cf88ac8c8e6b7b795936fd62214f507,1709.06136,45,20,20,0,2228,2228,0,revision-added exploratory
qasper,qwen3,311f9971d61b91c7d76bba1ad6f038390977a8be,1910.02677,56,2,2,0,104,104,0,revision-added exploratory
qasper,qwen3,31894361833b3e329a1fb9ebf85a78841cff229f,1905.08067,27,7,7,0,1115,1115,0,revision-added exploratory
qasper,qwen3,31a3ec8d550054465e55a26b0136f4d50d72d354,1608.01972,44,13,14,1,1307,1448,141,revision-added exploratory
qasper,qwen3,31e6062ba45d8956791e1b86bad7efcb6d1b191a,1703.10152,41,10,39,29,643,2310,1667,revision-added exploratory
qasper,qwen3,32f2aa2df0152050cbcd27dd2f408b2fa5894031,1711.01567,29,2,8,6,121,577,456,revision-added exploratory
qasper,qwen3,3319d56556ae1597a86384057db0831e32774b90,1611.06322,49,1,14,13,112,1307,1195,revision-added exploratory
qasper,qwen3,334aa5540c207768931a0fe78aa4981a895ba37c,1909.11980,29,3,3,0,146,146,0,revision-added exploratory
qasper,qwen3,338a3758dccfa438a52d173fbe23a165ef74a0f0,1909.12016,56,4,4,0,115,115,0,revision-added exploratory
qasper,qwen3,3435e365adf7866e45670c865dc33bb7d2a6a0c6,1911.03642,42,2,2,0,227,227,0,revision-added exploratory
qasper,qwen3,344238de7208902f7b3a46819cc6d83cc37448a0,1908.06024,37,13,25,12,2593,4086,1493,revision-added exploratory
qasper,qwen3,3450723bf66956486de777f141bde5073e4a7694,1906.01076,52,2,2,0,70,70,0,revision-added exploratory
qasper,qwen3,34b434825f0ca3225dc8914f9da865d2b4674f08,1912.08084,68,27,36,9,1714,2391,677,revision-added exploratory
qasper,qwen3,34e9e54fa79e89ecacac35f97b33ef3ca3a00f85,1909.02855,31,3,3,0,409,409,0,revision-added exploratory
qasper,qwen3,351f7b254e80348221e0654478663a5e53d3fe65,1810.12897,25,6,6,0,480,480,0,revision-added exploratory
qasper,qwen3,3588988f2230f3329d7523fbb881b20bf177280d,1811.00051,245,1,1,0,112,112,0,revision-added exploratory
qasper,qwen3,35e0e6f89b010f34cfb69309b85db524a419c862,1911.10401,27,1,1,0,147,147,0,revision-added exploratory
qasper,qwen3,35f48b8f73728fbdeb271b170804190b5448485a,1809.03695,18,2,8,6,119,511,392,revision-added exploratory
qasper,qwen3,361f330d3232681f1a13c6d59abb6c18246e7b35,1909.00369,57,5,6,1,235,369,134,revision-added exploratory
qasper,qwen3,363a24ecb8ab45215134935e7e8165fff72ff90f,2004.01970,38,1,24,23,49,1340,1291,revision-added exploratory
qasper,qwen3,3699927c6c1146f5057576034d226a99946d52cb,1902.08830,107,15,19,4,1486,1967,481,revision-added exploratory
qasper,qwen3,369d7bc5351409910c7a5e05c0cbb5abab8e50ec,2004.03090,28,15,15,0,1238,1238,0,revision-added exploratory
qasper,qwen3,36cb7ebdd39e0b8a89ff946d3a3aef8a76a6bb43,1908.09919,27,1,9,8,140,893,753,revision-added exploratory
qasper,qwen3,371433bd3fb5042bacec4dfad3cfff66147c14f0,1909.04387,28,10,19,9,1076,1582,506,revision-added exploratory
qasper,qwen3,376e8ed6e039e07c892c77b7525778178d56acb7,1908.07491,30,1,1,0,96,96,0,revision-added exploratory
qasper,qwen3,37ac705166fa87dc74fe86575bf04bea56cc4930,2004.02363,19,1,1,0,87,87,0,revision-added exploratory
qasper,qwen3,37b972a3afae04193411dc569f672d802c16ad71,1911.06815,26,4,4,0,270,270,0,revision-added exploratory
qasper,qwen3,37e6ce5cfc9d311e760dad8967d5085446125408,2002.08902,29,6,6,0,362,362,0,revision-added exploratory
qasper,qwen3,38055717edf833566d912f14137b92a1d9c4f65a,1909.10481,43,4,9,5,260,852,592,revision-added exploratory
qasper,qwen3,380e71848d4b0d1e983d504b1249119612f00bcb,1706.00188,14,2,6,4,142,591,449,revision-added exploratory
qasper,qwen3,38289bd9592db4d3670b65a0fef1fe8a309fee61,1603.08868,35,1,1,0,61,61,0,revision-added exploratory
qasper,qwen3,38363a7ed250bc729508c4c1dc975696a65c53cb,1911.04873,26,6,6,0,479,479,0,revision-added exploratory
qasper,qwen3,389cc454ac97609e9d0f2b2fe70bf43218dd8ba7,1911.03324,57,2,2,0,194,194,0,revision-added exploratory
qasper,qwen3,389ff1927ba9fc8bac50959fc09f30c2143cc14e,1804.09692,49,6,6,0,241,241,0,revision-added exploratory
qasper,qwen3,38af3f25c36c3725a31304ab96e2c200c55792b4,1806.03369,29,17,17,0,2065,2065,0,revision-added exploratory
qasper,qwen3,397a1e851aab41c455c2b284f5e4947500d797f0,1911.10742,54,2,2,0,153,153,0,revision-added exploratory
qasper,qwen3,3a06d40a4bf5ba6e26d9138434e9139a014deb40,1908.09283,68,2,2,0,107,107,0,revision-added exploratory
qasper,qwen3,3a19dc6999aeb936d8a1c4509ebd5bfcda50f0f1,1909.12016,56,17,18,1,1142,1260,118,revision-added exploratory
qasper,qwen3,3a25f82512d56d9e1ffba72f977f515ae3ba3cca,2003.09244,78,27,50,23,2173,3900,1727,revision-added exploratory
qasper,qwen3,3a33512d253005ac280ee9ca4f9dfa69aa38d48f,1910.07973,16,1,1,0,87,87,0,revision-added exploratory
qasper,qwen3,3c414f7fbf577dfd3363be6bbc9eba8bdd01f45f,1610.03955,49,7,7,0,285,285,0,revision-added exploratory
qasper,qwen3,3cc0d773085dc175b85955e95911a2cfaab2cdc4,1707.06519,32,1,4,3,238,562,324,revision-added exploratory
qasper,qwen3,3cc9a820c4a2cd2ff61da920c41ed09f3c0135be,1911.00461,29,4,11,7,208,636,428,revision-added exploratory
qasper,qwen3,3ccc4ccebc3b0de5546b1208e8094a839fd4a4ab,1808.09180,76,2,3,1,205,335,130,revision-added exploratory
qasper,qwen3,3cfe464052f0a248b6e22c9351279403dfe34f3c,1910.10762,34,1,2,1,46,173,127,revision-added exploratory
qasper,qwen3,3d5b4aa1ce99903b1fcd257c1e394f7990431d13,1810.13414,282,1,1,0,61,61,0,revision-added exploratory
qasper,qwen3,3d662fb442d5fc332194770aac835f401c2148d9,1911.09247,68,4,51,47,219,2905,2686,revision-added exploratory
qasper,qwen3,3d73cb92d866448ec72a571331967da5d34dfbb1,1910.09916,50,4,4,0,363,363,0,revision-added exploratory
qasper,qwen3,3de3a083b8ba3086792d38ae9667e095070f7f37,1905.00472,30,3,3,0,257,257,0,revision-added exploratory
qasper,qwen3,3df6d18d7b25d1c814e9dcc8ba78b3cdfe15edcd,1605.05195,46,18,18,0,1479,1479,0,revision-added exploratory
qasper,qwen3,3e0fd1a3944e207edbbe7c7108239dbaf3bccd4f,2004.02105,49,5,5,0,535,535,0,revision-added exploratory
qasper,qwen3,3e23cc3c5e4d5cec51d158130d6aeae120e94fc8,1610.07149,72,3,3,0,173,173,0,revision-added exploratory
qasper,qwen3,3e5162e6399c7d03ecc7007efd21d06c04cf2843,1911.11025,66,4,4,0,125,125,0,revision-added exploratory
qasper,qwen3,3e88fcc94d0f451e87b65658751834f6103b2030,1908.05908,41,2,11,9,192,636,444,revision-added exploratory
qasper,qwen3,3ea82a5ca495ffbd1e30e8655aef1be4ba423efe,1911.12559,22,1,7,6,150,790,640,revision-added exploratory
qasper,qwen3,3eb107f35f4f5f5f527a93ffb487aa2e3fe51efd,1805.07882,79,31,31,0,1812,1812,0,revision-added exploratory
qasper,qwen3,3ed8ac1ba4df6609fa7de5077d83e820641edc5e,1707.09816,50,1,10,9,73,593,520,revision-added exploratory
qasper,qwen3,3f717e6eceab0a066af65ddf782c1ebc502c28c0,1909.12079,42,4,4,0,158,158,0,revision-added exploratory
qasper,qwen3,3f8a42eb0e904ce84c3fded2103f674e9cbc893d,1911.00202,55,6,7,1,381,458,77,revision-added exploratory
qasper,qwen3,3fd8eab282569b1c18b82f20d579b335ae70e79f,1906.01502,30,4,7,3,281,465,184,revision-added exploratory
qasper,qwen3,4137a82d7752be7a6c142ceb48ce784fd475fb06,1708.05521,24,2,2,0,156,156,0,revision-added exploratory
qasper,qwen3,420862798054f736128a6f0c4393c7f9cc648b40,1603.09405,48,1,1,0,83,83,0,revision-added exploratory
qasper,qwen3,42269ed04e986ec5dc4164bf57ef306aec4a1ae1,1608.01972,44,11,11,0,1144,1144,0,revision-added exploratory
qasper,qwen3,42279c3a202a93cfb4aef49212ccaf401a3f8761,1803.05160,71,23,56,33,1757,4259,2502,revision-added exploratory
qasper,qwen3,425d17465ff91019eb87c28ff3942f781ba1bbcb,1901.03253,68,1,13,12,23,919,896,revision-added exploratory
qasper,qwen3,4288621e960ffbfce59ef1c740d30baac1588b9b,1611.04887,45,29,44,15,881,2054,1173,revision-added exploratory
qasper,qwen3,42a4ab4607a9eec42c427a817b7e898230d26444,1909.09070,59,3,36,33,273,3264,2991,revision-added exploratory
qasper,qwen3,42dcf1bb19b8470993c05e55413eed487b0f2559,1905.08067,27,5,5,0,701,701,0,revision-added exploratory
qasper,qwen3,42eb7c5311fc1ac0344f0b38d3184ccd4faad3be,2004.01820,92,37,37,0,2064,2064,0,revision-added exploratory
qasper,qwen3,430ad71a0fd715a038f3c0fe8d7510e9730fba23,1805.09960,67,1,50,49,12,3135,3123,revision-added exploratory
qasper,qwen3,43729be0effb5defc62bae930ceacf7219934f1e,2003.07568,59,1,3,2,75,352,277,revision-added exploratory
qasper,qwen3,43f43b135109ebd1d2d1f9af979c64ce550b5f0f,1804.05253,26,1,1,0,74,74,0,revision-added exploratory
qasper,qwen3,441a2b80e82266c2cc2b306c0069f2b564813fed,1906.04236,58,36,36,0,2439,2439,0,revision-added exploratory
qasper,qwen3,4485e32052741972877375667901f61e602ec4de,1805.11850,17,3,3,0,140,140,0,revision-added exploratory
qasper,qwen3,452e2d7d7d9e1bb4914903479cd7caff9f6fae42,1706.00188,14,2,2,0,182,182,0,revision-added exploratory
qasper,qwen3,458e5ed506883bfec6623102ec9f43c071f0616f,1801.05617,85,3,3,0,115,115,0,revision-added exploratory
qasper,qwen3,45aab23790161cbc55f78e16fdf5678a3f5b4b92,1610.06510,53,14,14,0,1125,1125,0,revision-added exploratory
qasper,qwen3,45e6532ac06a59cb6a90624513242b06d7391501,1912.11637,58,19,26,7,1263,1833,570,revision-added exploratory
qasper,qwen3,4683812cba21c92319be68c03260b5a8175bbb6e,1602.07563,120,5,8,3,327,544,217,revision-added exploratory
qasper,qwen3,468eb961215a554ace8088fa9097a7ad239f2d71,2004.04478,67,25,25,0,1700,1700,0,revision-added exploratory
qasper,qwen3,46aa61557c8d20b1223a30366a0704d7af68bbbe,1910.07924,82,33,39,6,1108,1431,323,revision-added exploratory
qasper,qwen3,46d051b8924ad0ef8cfba9c7b5b84707ee72f26a,1907.04072,44,8,8,0,854,854,0,revision-added exploratory
qasper,qwen3,46e660becd727c994a2a35c6587e15ea8bf8272d,1809.08935,10,7,7,0,732,732,0,revision-added exploratory
qasper,qwen3,471683ba6251b631f38a24d42b6dba6f52dee429,2003.12139,28,2,2,0,276,276,0,revision-added exploratory
qasper,qwen3,4748a50c96acb1aa03f7efd1b43376c193b2450a,1709.04491,19,1,5,4,34,514,480,revision-added exploratory
qasper,qwen3,475e698a801be0ad9e4f74756d1fff4fe0728009,1805.11598,24,10,22,12,1025,1823,798,revision-added exploratory
qasper,qwen3,475ef4ad32a8589dae9d97048166d732ae5d7beb,1906.01502,30,9,9,0,641,641,0,revision-added exploratory
qasper,qwen3,477da8d997ff87400c6aad19dcc74f8998bc89c3,1805.11850,17,4,4,0,416,416,0,revision-added exploratory
qasper,qwen3,47b7bc232af7bf93338bd3926345e23e9e80c0c1,1811.01183,50,3,3,0,286,286,0,revision-added exploratory
qasper,qwen3,47ffc9811b037613c9c4d1ec1e4f13c08396ed1c,1603.03876,81,9,9,0,543,543,0,revision-added exploratory
qasper,qwen3,488e3c4fd1103c46e12815d1bf414a0356fb0d0e,1903.02930,20,2,2,0,213,213,0,revision-added exploratory
qasper,qwen3,48ff9645a506aa2c17810d2654d1f0f0d9e609ee,1910.01108,26,1,16,15,33,936,903,revision-added exploratory
qasper,qwen3,4999da863ecbd40378505bfb1f4e395061a3f559,1911.06919,65,2,5,3,73,212,139,revision-added exploratory
qasper,qwen3,49cd18448101da146c3187a44412628f8c722d7b,1705.01306,50,1,1,0,49,49,0,revision-added exploratory
qasper,qwen3,4a093a9af4903a59057a4372ac1b01603467ca58,1602.07563,120,29,38,9,2529,3778,1249,revision-added exploratory
qasper,qwen3,4a201b8b9cc566b56aedb5ab45335f202bc41845,1803.07828,32,8,8,0,702,702,0,revision-added exploratory
qasper,qwen3,4a91432abe3f54fcbdd00bb85dc0df95b16edf42,1703.04009,20,2,2,0,415,415,0,revision-added exploratory
qasper,qwen3,4ae0b50c88a174cfc283b90cd3c9407de13fd370,1802.09059,34,5,8,3,748,1142,394,revision-added exploratory
qasper,qwen3,4afd4cfcb30433714b135b977baff346323af1e3,1911.02747,29,8,8,0,829,829,0,revision-added exploratory
qasper,qwen3,4b6745982aa64fbafe09f7c88c8d54d520b3f687,1805.09960,67,13,13,0,826,826,0,revision-added exploratory
qasper,qwen3,4cb2e80da73ae36de372190b4c1c490b72977ef8,1609.02075,85,1,37,36,22,3265,3243,revision-added exploratory
qasper,qwen3,4d5b74499804ea5bc5520beb88d0f9816f67205a,1907.04072,44,38,39,1,2100,2144,44,revision-added exploratory
qasper,qwen3,4d824b49728649432371ecb08f66ba44e50569e0,1612.04118,27,1,2,1,39,74,35,revision-added exploratory
qasper,qwen3,4d887ce7dc43528098e7a3d9cd13c6c36f158c53,1803.02155,48,28,48,20,1502,2061,559,revision-added exploratory
qasper,qwen3,4ddc53afffaf1622d97695347dd1b3190d156dee,1808.07231,39,4,4,0,174,174,0,revision-added exploratory
qasper,qwen3,4de6bcddd46726bf58326304b0490fdb9e7e86ec,1908.07491,30,1,7,6,96,545,449,revision-added exploratory
qasper,qwen3,4e106b03cc2f54373e73d5922e97f7e5e9bf03e4,1906.00424,36,3,3,0,336,336,0,revision-added exploratory
qasper,qwen3,4e59808a7f73ac499b9838d3c0ce814196a02473,1908.06259,41,1,2,1,46,202,156,revision-added exploratory
qasper,qwen3,4eb42c5d56d695030dd47ea7f6d65164924c4017,1910.09387,23,1,1,0,243,243,0,revision-added exploratory
qasper,qwen3,4f57ac24f3f4689a2f885715cd84b7d867fe3f12,1908.06893,98,1,1,0,11,11,0,revision-added exploratory
qasper,qwen3,5096aaea2d0f4bea4c12e14f4f7735e1aea1bfa6,1706.00188,14,3,4,1,271,349,78,revision-added exploratory
qasper,qwen3,50bcbb730aa74637503c227f022a10f57d43f1f7,1703.05320,60,10,10,0,768,768,0,revision-added exploratory
qasper,qwen3,50c1bf8b928069f3ffc7f0cb00aa056a163ef336,1906.01502,30,8,9,1,601,674,73,revision-added exploratory
qasper,qwen3,50c441a9cc7345a0fa408d1ce2e13f194c1e82a8,1911.11161,18,1,16,15,213,1726,1513,revision-added exploratory
qasper,qwen3,5102dc911913e9ca0311253e44fd31c73eed0a57,1909.07158,55,3,3,0,146,146,0,revision-added exploratory
qasper,qwen3,511e46b5aa8e1ee9e7dc890f47fa15ef94d4a0af,1804.07445,34,1,1,0,99,99,0,revision-added exploratory
qasper,qwen3,5154f63c50729b8ac04939588c2f5ffeb916e3df,1801.05617,85,2,28,26,111,2522,2411,revision-added exploratory
qasper,qwen3,516b691ef192f136bb037c12c3c9365ef5a6604c,1706.02222,68,41,60,19,3255,4629,1374,revision-added exploratory
qasper,qwen3,5181527e6a61a9a192db5f8064e56ec263c42661,1909.11980,29,2,2,0,107,107,0,revision-added exploratory
qasper,qwen3,51e9f446d987219bc069222731dfc1081957ce1f,1910.03355,41,23,23,0,1438,1438,0,revision-added exploratory
qasper,qwen3,521a3e7300567f6e8e4c531f223dbc9fc306c393,1911.00202,55,5,9,4,417,742,325,revision-added exploratory
qasper,qwen3,52868394eb2b3b37eb5f47f51c06ad53061f4495,2002.06854,46,4,37,33,368,2195,1827,revision-added exploratory
qasper,qwen3,52faf319e37aa15fff1ab47f634a5a584dc42e75,1708.00549,27,2,7,5,127,470,343,revision-added exploratory
qasper,qwen3,5370a0062aae7fa4e700ae47aa143be5c5fc6b22,1811.04791,60,5,18,13,464,1893,1429,revision-added exploratory
qasper,qwen3,539f5c27e1a2d240e52b711d0a50a3a6ddfa5cb2,1911.04128,23,1,1,0,116,116,0,revision-added exploratory
qasper,qwen3,53a8c3cf22d6bf6477bc576a85a83d8447ee0484,1910.07973,16,1,3,2,93,379,286,revision-added exploratory
qasper,qwen3,54002c15493d4082d352a66fb9465d65bfe9ddca,1911.03977,71,9,9,0,799,799,0,revision-added exploratory
qasper,qwen3,5422a3f2a083395416d6f99c57d28335eb2e44e1,1911.09709,79,1,4,3,53,330,277,revision-added exploratory
qasper,qwen3,5499440674f0e4a9d6912b9ac29fa1f7b7cd5253,1811.01183,50,1,13,12,65,973,908,revision-added exploratory
qasper,qwen3,5522a9eeb06221722052e3c38f9b0d0dbe7c13e6,1709.06136,45,6,6,0,699,699,0,revision-added exploratory
qasper,qwen3,552b1c813f25bf39ace6cd5eefa56f4e4dd70c84,1911.03854,26,1,3,2,39,122,83,revision-added exploratory
qasper,qwen3,554d798e4ce58fd30820200c474d7e796dc8ba89,1810.02268,71,1,14,13,35,799,764,revision-added exploratory
qasper,qwen3,55612e92791296baf18013d2c8dd0474f35af770,1707.07568,38,2,2,0,73,73,0,revision-added exploratory
qasper,qwen3,556782bb96f8fc07d14865f122362ebcc79134ec,1909.11706,31,17,18,1,2202,2262,60,revision-added exploratory
qasper,qwen3,55bde89fc5822572f794614df3130d23537f7cf2,2002.04745,127,2,2,0,187,187,0,revision-added exploratory
qasper,qwen3,568466c62dd73a025bfd9643417cdb7a611f23a1,1909.12016,56,1,1,0,105,105,0,revision-added exploratory
qasper,qwen3,5695908a8c6beb0e3863a1458a1b93aab508fd34,1910.10670,41,3,4,1,413,588,175,revision-added exploratory
qasper,qwen3,56d41e0fcc288c1e65806ae77097d685c83e22db,1709.09749,34,1,2,1,29,65,36,revision-added exploratory
qasper,qwen3,56d788af4694c1cd1eebee0b83c585836d1f5f99,1912.08084,68,3,4,1,163,272,109,revision-added exploratory
qasper,qwen3,573b8b1ad919d3fd0ef7df84e55e5bfd165b3e84,1909.07873,52,1,1,0,144,144,0,revision-added exploratory
qasper,qwen3,5752c8d333afc1e6c666b18d1477c8f669b7a602,1707.02892,71,5,5,0,217,217,0,revision-added exploratory
qasper,qwen3,576a3ed6e4faa4c3893db632e97a52ac6e864aac,1605.04278,123,10,10,0,585,585,0,revision-added exploratory
qasper,qwen3,578add9d3dadf86cd0876d42b03bf0114f83d0e7,1907.04072,44,2,2,0,179,179,0,revision-added exploratory
qasper,qwen3,57d07d2b509c5860880583efe2ed4c5620a96747,2004.04478,67,19,26,7,1022,1489,467,revision-added exploratory
qasper,qwen3,57ee20f494d8ce3fae46028c3f3551d180dba3e0,1611.06322,49,40,44,4,3790,4051,261,revision-added exploratory
qasper,qwen3,58a3cfbbf209174fcffe44ce99840c758b448364,1707.05589,47,8,21,13,756,1650,894,revision-added exploratory
qasper,qwen3,59a3d4cdd1c3797962bf8d72c226c847e06e1d44,1908.05925,40,25,38,13,1700,2709,1009,revision-added exploratory
qasper,qwen3,5a7d1ae6796e09299522ebda7bfcfad312d6d128,1912.07076,55,8,28,20,970,2673,1703,revision-added exploratory
qasper,qwen3,5ae005917efc17a505ba1ba5e996c4266d6c74b6,1806.06571,52,20,20,0,1044,1044,0,revision-added exploratory
qasper,qwen3,5b2839bef513e5d441f0bb8352807f673f4b2070,1803.06745,41,1,8,7,59,598,539,revision-added exploratory
qasper,qwen3,5bfbc9ca7fd41be9627f6ef587bb7e21c7983be0,2002.06851,33,8,17,9,681,1248,567,revision-added exploratory
qasper,qwen3,5c17559749810c67c50a7dbe34580d5e3b4f9acb,1706.04206,34,3,14,11,201,1014,813,revision-added exploratory
qasper,qwen3,5cc5e2db82f5d40a5244224dad94da50b4f673db,1804.03839,55,1,1,0,140,140,0,revision-added exploratory
qasper,qwen3,5d0a3f8ca3882f87773cf8c2ef1b4f72b9cc241e,1808.10006,50,11,11,0,890,890,0,revision-added exploratory
qasper,qwen3,5d3e87937ecebf0695bece08eccefb2f88ad4a0f,1907.05338,25,8,8,0,890,890,0,revision-added exploratory
qasper,qwen3,5d93245832d90b31aee42ea2bf1e7704c22ebeca,1808.07231,39,1,1,0,39,39,0,revision-added exploratory
qasper,qwen3,5da9e2eef741bd7efccec8e441b8e52e906b2d2d,1804.00982,18,18,18,0,1630,1630,0,revision-added exploratory
qasper,qwen3,5db47bbb97282983e10414240db78154ea7ac75f,1909.07873,52,1,17,16,58,1403,1345,revision-added exploratory
qasper,qwen3,5dfd58f91e7740899c23ebfe04b7176edce9ead2,1809.03391,33,1,2,1,76,139,63,revision-added exploratory
qasper,qwen3,5e4eac0b0a73d465d74568c21819acaec557b700,1809.03680,47,1,1,0,156,156,0,revision-added exploratory
qasper,qwen3,5f6c1513cbda9ae711bc38df08fe72e3d3028af2,1802.06053,19,2,2,0,265,265,0,revision-added exploratory
qasper,qwen3,5f7f4a1d4380c118a58ed506c057d3b7aa234c1e,1906.04287,20,9,9,0,614,614,0,revision-added exploratory
qasper,qwen3,5fd112980d0dd7f7ce30e6273fe6e7b230b13225,1910.14589,68,1,29,28,87,1492,1405,revision-added exploratory
qasper,qwen3,6014c2219d29bae17279625716e7c2a1f8a2bd05,1604.05559,19,13,13,0,478,478,0,revision-added exploratory
qasper,qwen3,610fc593638c5e9809ea9839912d0b282541d42d,1804.08000,37,11,11,0,718,718,0,revision-added exploratory
qasper,qwen3,6157567c5614e1954b801431fec680f044e102c6,1610.03807,23,1,23,22,45,1863,1818,revision-added exploratory
qasper,qwen3,6167618e0c53964f3a706758bdf5e807bc5d7760,1909.01860,23,1,1,0,140,140,0,revision-added exploratory
qasper,qwen3,61a2599acfbd3d75de58e97ecdba2d9cf0978324,1912.08084,68,2,26,24,137,1831,1694,revision-added exploratory
qasper,qwen3,61e96abdc924c34c6b82a587168ea3d14fe792d1,1911.10401,27,1,8,7,147,1180,1033,revision-added exploratory
qasper,qwen3,620b6c410a055295d137511d3c99207a47c03b5e,1908.09590,53,6,6,0,646,646,0,revision-added exploratory
qasper,qwen3,627ce8a1db08a732d5a8f7e1f8a72e3de89847e6,1911.09247,68,1,4,3,82,242,160,revision-added exploratory
qasper,qwen3,62edffd051d056cf60e17deafcc55a8c9af398cb,1908.10461,34,1,1,0,19,19,0,revision-added exploratory
qasper,qwen3,6371c6863fe9a14bf67560e754ce531d70de10ab,2002.04326,24,1,11,10,100,1561,1461,revision-added exploratory
qasper,qwen3,63cdac43a643fc1e06da44910458e89b2c7cd921,1904.03670,42,1,1,0,58,58,0,revision-added exploratory
qasper,qwen3,63d2e97657419a0185127534f4ff9d0039cb1a63,1804.05253,26,1,5,4,126,302,176,revision-added exploratory
qasper,qwen3,63eda2af88c35a507fbbfda0ec1082f58091883a,1711.11118,15,7,7,0,823,823,0,revision-added exploratory
qasper,qwen3,641fe5dc93611411582e6a4a0ea2d5773eaf0310,1802.03052,49,3,3,0,200,200,0,revision-added exploratory
qasper,qwen3,643527e94e8eed1e2229915fcf8cd74d769173fc,1908.09283,68,1,1,0,27,27,0,revision-added exploratory
qasper,qwen3,643645e02ffe8fde45918615ec92013a035d1b92,1704.03279,32,4,4,0,409,409,0,revision-added exploratory
qasper,qwen3,64632981279c7aa16ffc1a44ffc31f4520f5559e,1710.07695,63,1,1,0,51,51,0,revision-added exploratory
qasper,qwen3,647f6e6b168ec38fcdb737d3b276f78402282f9d,1910.13793,45,10,10,0,661,661,0,revision-added exploratory
qasper,qwen3,64c45fdb536ae294cf06716ac20d08b5fdb7944d,1710.01789,42,7,7,0,445,445,0,revision-added exploratory
qasper,qwen3,64f7337970e8d1989b2e1f7106d86f73c4a3d0af,1803.08419,61,8,23,15,731,2351,1620,revision-added exploratory
qasper,qwen3,654fe0109502f2ed2dc8dad359dbbce4393e03dc,1908.09892,31,7,27,20,588,2472,1884,revision-added exploratory
qasper,qwen3,6590055fb033cb32826f2afecb3d7f607dd97d57,1911.03642,42,2,2,0,166,166,0,revision-added exploratory
qasper,qwen3,65b39676db60f914f29f74b7c1264422ee42ad5c,1611.00440,28,15,22,7,1017,1668,651,revision-added exploratory
qasper,qwen3,65c7a2b734dab51c4c81f722527424ff33b023f8,1610.06510,53,31,31,0,2613,2613,0,revision-added exploratory
qasper,qwen3,65e26b15e087bedb6e8782d91596b35e7454b16b,1611.01116,26,4,18,14,743,2822,2079,revision-added exploratory
qasper,qwen3,6606160e210d05b94f7cbd9c5ff91947339f9d02,1902.08830,107,4,51,47,359,5273,4914,revision-added exploratory
qasper,qwen3,6656a9472499331f4eda45182ea697a4d63e943c,1805.09960,67,1,1,0,102,102,0,revision-added exploratory
qasper,qwen3,6657ece018b1455035421b822ea2d7961557c645,1906.05685,48,4,4,0,347,347,0,revision-added exploratory
qasper,qwen3,6683008e0a8c4583058d38e185e2e2e18ac6cf50,2002.08902,29,1,1,0,82,82,0,revision-added exploratory
qasper,qwen3,66dfcdab1db6a8fcdf392157a478b4cca0d87961,1910.12203,25,3,3,0,330,330,0,revision-added exploratory
qasper,qwen3,67672648e7ebcbef18921006e2c8787966f8cdf2,1901.09501,43,29,29,0,2174,2174,0,revision-added exploratory
qasper,qwen3,67c16ba64fe27838b1034d15194c07a9c98cdebe,1708.05482,73,8,29,21,382,1923,1541,revision-added exploratory
qasper,qwen3,67cb001f8ca122ea859724804b41529fea5faeef,1805.07882,79,19,19,0,1005,1005,0,revision-added exploratory
qasper,qwen3,67f1b8a9f72e62cd74ec42e9631ef763a9b098c7,1908.10001,38,1,1,0,87,87,0,revision-added exploratory
qasper,qwen3,6883767bbdf14e124c61df4f76335d3e91bfcb03,1902.06734,43,3,3,0,221,221,0,revision-added exploratory
qasper,qwen3,68aa460ad357b4228b16b31b2cbec986215813bf,1911.12893,61,14,37,23,532,2045,1513,revision-added exploratory
qasper,qwen3,68f1df3fb0703ff694a055d23e7ec3f6fb449b8d,1801.03615,65,11,15,4,417,671,254,revision-added exploratory
qasper,qwen3,69a46a227269c3aac9bf9d7c3d698c787642f806,1911.11025,66,1,1,0,91,91,0,revision-added exploratory
qasper,qwen3,6a20a3220c4edad758b912e2d3e5b99b0b295d96,1805.04579,94,6,84,78,213,2810,2597,revision-added exploratory
qasper,qwen3,6b1a6517b343fdb79f246955091ff25e440b9511,1902.04094,18,5,6,1,159,206,47,revision-added exploratory
qasper,qwen3,6b4006a90aeaaff8914052d72d28851a9c0c0146,1804.07445,34,1,1,0,147,147,0,revision-added exploratory
qasper,qwen3,6bce04570d4745dcfaca5cba64075242308b65cf,2002.08902,29,1,1,0,82,82,0,revision-added exploratory
qasper,qwen3,6c1614991647705265fb348d28ba60dd3b63b799,1908.10090,26,1,1,0,80,80,0,revision-added exploratory
qasper,qwen3,6cad6f074b0486210ffa4982c8d1632f5aa91d91,1912.10162,37,6,30,24,434,2135,1701,revision-added exploratory
qasper,qwen3,6cb3007a09ab0f1602cdad20cc0437fbdd4d7f3e,2003.07459,28,2,2,0,283,283,0,revision-added exploratory
qasper,qwen3,6d17dc00f7e5331128b6b585e78cac0b9082e13d,1911.12722,54,1,1,0,102,102,0,revision-added exploratory
qasper,qwen3,6d55e377335815b7ad134d1a2977d231ad34a25b,1701.03578,41,3,7,4,425,788,363,revision-added exploratory
qasper,qwen3,6d8a51e2790043497ed2637a1abc36bdffb39b71,1911.02747,29,1,9,8,30,862,832,revision-added exploratory
qasper,qwen3,6e134d51a795c385d72f38f36bca4259522bcf51,1703.10152,41,1,15,14,48,1203,1155,revision-added exploratory
qasper,qwen3,6e3e9818551fc2f8450bbf09b0fe82ac2506bc7a,1906.06349,200,32,32,0,1971,1971,0,revision-added exploratory
qasper,qwen3,6e63db22a2a34c20ad341eb33f3422f40d0001d3,1909.02855,31,1,1,0,161,161,0,revision-added exploratory
qasper,qwen3,6e80386b33fbfba8bc1ab811a597d844ae67c578,1910.12203,25,2,2,0,66,66,0,revision-added exploratory
qasper,qwen3,70512cc9dcd45157e40c8d1f85e82d21ade7645b,1603.01547,67,2,49,47,88,2553,2465,revision-added exploratory
qasper,qwen3,708f5f83a3c356b23b27a9175f5c35ac00cdf5db,1910.09916,50,2,2,0,114,114,0,revision-added exploratory
qasper,qwen3,70abb108c3170e81f8725ddc1a3f2357be5a4959,1708.09025,62,2,5,3,384,594,210,revision-added exploratory
qasper,qwen3,713e1c7b0ab17759ba85d7cd2041e387831661df,2002.06854,46,4,12,8,376,626,250,revision-added exploratory
qasper,qwen3,71413505d7d6579e2a453a1f09f4efd20197ab4b,1612.03762,133,10,36,26,671,3192,2521,revision-added exploratory
qasper,qwen3,718c0232b1f15ddb73d40c3afbd6c5c0d0354566,1806.09652,34,1,1,0,70,70,0,revision-added exploratory
qasper,qwen3,71b07d08fb6ac8732aa4060ae94ec7c0657bb1db,1910.01160,23,4,4,0,230,230,0,revision-added exploratory
qasper,qwen3,71b29ab3ddcdd11dcc63b0bb55e75914c07a2217,1908.06024,37,1,1,0,320,320,0,revision-added exploratory
qasper,qwen3,71fd0efea1b441d86d9a75255815ba3efe09779b,1905.07562,50,5,8,3,671,1202,531,revision-added exploratory
qasper,qwen3,7239c02a0dcc0c3c9d9cddb5e895bcf9cfcefee6,1602.03483,43,3,15,12,152,924,772,revision-added exploratory
qasper,qwen3,726c5c1b6951287f4bae22978f9a91d22d9bef61,1610.09722,69,26,26,0,1327,1327,0,revision-added exploratory
qasper,qwen3,72dbdd11b655b25b2b254e39689a7d912f334b71,1909.03553,54,53,53,0,2035,2035,0,revision-added exploratory
qasper,qwen3,732bd97ae34541f215c436e2a1b98db1649cba27,1809.03391,33,3,3,0,283,283,0,revision-added exploratory
qasper,qwen3,7380e62edcb11f728f6d617ee332dc8b5752b185,1612.07486,25,3,8,5,265,631,366,revision-added exploratory
qasper,qwen3,73c535a7b46f0c2408ea2b1da0a878b376a2bca5,1605.04278,123,2,2,0,151,151,0,revision-added exploratory
qasper,qwen3,740cc392c0c8bfadfe6b3a60c0be635c03e17f2a,2004.00809,34,3,3,0,387,387,0,revision-added exploratory
qasper,qwen3,742d5e182b57bfa5f589fde645717ed0ac3f49c2,1610.09722,69,4,4,0,204,204,0,revision-added exploratory
qasper,qwen3,74a17eb3bf1d4f36e2db1459a342c529b9785f6e,1805.09960,67,3,16,13,270,812,542,revision-added exploratory
qasper,qwen3,74acaa205a5998af4ad7edbed66837a6f2b5c58b,1712.00733,74,10,28,18,456,1844,1388,revision-added exploratory
qasper,qwen3,74cef0205e0f31d0ab28d0e4d96c1e8ef62d4cce,1903.04329,32,7,7,0,1113,1113,0,revision-added exploratory
qasper,qwen3,74ebfba06f37cc95dfe59c3790ebe6165e6be19c,1702.02584,18,1,3,2,51,243,192,revision-added exploratory
qasper,qwen3,74fcb741d29892918903702dbb145fef372d1de3,1909.02322,29,13,13,0,1137,1137,0,revision-added exploratory
qasper,qwen3,753a187c1dd8d96353187fbb193b5f86293a796c,1911.01214,74,3,28,25,297,2171,1874,revision-added exploratory
qasper,qwen3,754d7475b8bf50499ed77328b4b0eeedf9cb2623,1806.09652,34,1,1,0,98,98,0,revision-added exploratory
qasper,qwen3,7557f2c3424ae70e2a79c51f9752adc99a9bdd39,1901.05389,45,26,26,0,2964,2964,0,revision-added exploratory
qasper,qwen3,7561bd3b8ba7829b3a01ff07f9f3e93a7b8869cc,2002.06851,33,3,3,0,284,284,0,revision-added exploratory
qasper,qwen3,756a8a9125e6984e0ca768b653c6c760efa3db66,1905.00840,31,1,2,1,85,186,101,revision-added exploratory
qasper,qwen3,7572f6e68a2ed2c41b87c5088ba8680afa0c0a0b,1808.07231,39,8,20,12,584,1333,749,revision-added exploratory
qasper,qwen3,75b3e2d2caec56e5c8fbf6532070b98d70774b95,1911.12237,55,1,30,29,70,2107,2037,revision-added exploratory
qasper,qwen3,75c221920bee14a6153bd5f4c1179591b2f48d59,2004.02401,33,22,26,4,2230,2774,544,revision-added exploratory
qasper,qwen3,7625068cc22a095109580b83eff48616387167c2,2004.03090,28,2,10,8,139,840,701,revision-added exploratory
qasper,qwen3,76ae794ced3b5ae565f361451813f2f3bc85b214,1605.05156,26,3,24,21,272,2283,2011,revision-added exploratory
qasper,qwen3,76e17e648a4d1f386eb6bf61b0c24f134af872be,1808.07231,39,1,28,27,107,1823,1716,revision-added exploratory
qasper,qwen3,76f90c88926256e7f90d2104a88acfdd7fc5475e,1910.07154,36,8,8,0,549,549,0,revision-added exploratory
qasper,qwen3,7748c072e07d6c6db5a34be38b4a5e97ac6d7999,1905.00840,31,1,2,1,85,186,101,revision-added exploratory
qasper,qwen3,778c6a27182349dc5275282c3e9577bda2555c3d,1905.08067,27,10,10,0,1516,1516,0,revision-added exploratory
qasper,qwen3,77a331d4d909d92fab9552b429adde5379b2ae69,1706.02222,68,6,9,3,445,802,357,revision-added exploratory
qasper,qwen3,77bbe1698e001c5889217be3164982ea36e85752,1908.11046,58,12,25,13,1101,1910,809,revision-added exploratory
qasper,qwen3,77bc886478925c8e9fb369b1ba5d05c42b3cd79a,1804.00982,18,1,1,0,114,114,0,revision-added exploratory
qasper,qwen3,77c3416578b52994227bae7f2529600f02183e12,2003.11687,35,1,1,0,124,124,0,revision-added exploratory
qasper,qwen3,78c7318b2218b906a67d8854f3e511034075f79a,1909.03087,50,10,11,1,956,1043,87,revision-added exploratory
qasper,qwen3,78f8dad0f1acf024f69b3218b2d204b8019bb0d2,1901.05415,40,5,5,0,4098,4098,0,revision-added exploratory
qasper,qwen3,79258cea30cd6c0662df4bb712bf667589498a1f,1707.07568,38,6,6,0,233,233,0,revision-added exploratory
qasper,qwen3,7969b8d80e12aa3ebb89b5622bc564f44e98329f,1909.11706,31,9,14,5,1378,2098,720,revision-added exploratory
qasper,qwen3,79885526713cc16eb734c88ff1169ae802cad589,2002.00175,58,7,7,0,330,330,0,revision-added exploratory
qasper,qwen3,79e61134a6e29141cd19252571ffc92a0b4bc97f,1907.05338,25,5,5,0,877,877,0,revision-added exploratory
qasper,qwen3,7a212a34e9dbb0ba52c40471842b2e0e3e14f276,1908.09355,57,3,18,15,245,1329,1084,revision-added exploratory
qasper,qwen3,7a84fed904acc1e0380deb6e5a2e1daacfb5907a,2001.04346,61,1,1,0,172,172,0,revision-added exploratory
qasper,qwen3,7a8b24062a5bb63a8b4c729f6247a7fd2fec7f07,1907.08540,47,4,4,0,405,405,0,revision-added exploratory
qasper,qwen3,7ae95716977d39d96e871e552c35ca0753115229,1610.09722,69,1,1,0,73,73,0,revision-added exploratory
qasper,qwen3,7b76b8b69246525a48c0a8ca0c42db3319cd10a5,1704.08390,29,5,7,2,295,499,204,revision-added exploratory
qasper,qwen3,7ba6330d105f49c7f71dba148bb73245a8ef2966,1708.07690,42,5,5,0,205,205,0,revision-added exploratory
qasper,qwen3,7c2d6bc913523d77e8fdc82c60598ee95b445d84,1911.09709,79,1,6,5,38,495,457,revision-added exploratory
qasper,qwen3,7caeb5ef6f2985b2cf383cd01765d247c936605f,1910.01992,36,2,34,32,173,2229,2056,revision-added exploratory
qasper,qwen3,7cf44877dae8873139aede381fb9908dd0c546c4,1703.04357,16,1,3,2,61,160,99,revision-added exploratory
qasper,qwen3,7d34cdd9cb1c988e218ce0fd59ba6a3b5de2024a,1802.03052,49,7,7,0,790,790,0,revision-added exploratory
qasper,qwen3,7d503b3d4d415cf3e91ab08bd5a1a2474dd1047b,1909.08357,34,18,18,0,1020,1020,0,revision-added exploratory
qasper,qwen3,7d8cd7d6c86349ef0bd4fdbd84c8dc49c7678f46,1709.06365,75,68,68,0,5584,5584,0,revision-added exploratory
qasper,qwen3,7de0b2df60d3161dd581ed7915837d460020bc11,1909.06502,30,3,6,3,246,520,274,revision-added exploratory
qasper,qwen3,7e906dc00e92088a25df3719104d1750e5a27485,1909.13184,17,1,1,0,231,231,0,revision-added exploratory
qasper,qwen3,7e9aec2bdf4256c6249cad9887c168d395b35270,1909.00871,49,1,1,0,163,163,0,revision-added exploratory
qasper,qwen3,7ece07a84635269bb19796497847e4517d1e3e61,1709.06136,45,2,2,0,233,233,0,revision-added exploratory
qasper,qwen3,7ef7a5867060f91eac8ad857c186e51b767c734b,1908.06259,41,3,3,0,354,354,0,revision-added exploratory
qasper,qwen3,7f958017cbb08962c80e625c2fd7a1e2375f27a3,1809.08899,38,1,1,0,97,97,0,revision-added exploratory
qasper,qwen3,7ff7c286d3118a8be5688e2d18e9a56fe83679ad,1812.00382,22,3,7,4,379,763,384,revision-added exploratory
qasper,qwen3,800fcd8b08d36c5276f9e5e1013208d41b46de59,1805.04558,131,1,5,4,169,383,214,revision-added exploratory
qasper,qwen3,803babb71e1bdaf507847d6c712585f4128e9f47,1910.14589,68,2,2,0,116,116,0,revision-added exploratory
qasper,qwen3,804466848f4fa1c552f0d971dce226cd18b9edda,1908.11053,64,1,1,0,114,114,0,revision-added exploratory
qasper,qwen3,804bf5adc6dc5dd52f8079cf041ed3a710e03f8a,1805.04833,52,3,3,0,245,245,0,revision-added exploratory
qasper,qwen3,80bb07e553449bde9ac0ff35fcc718d7c161f2d4,2003.12660,26,1,1,0,68,68,0,revision-added exploratory
qasper,qwen3,80d6b9123a10358f57f259b8996a792cac08cb88,1809.06083,24,1,1,0,74,74,0,revision-added exploratory
qasper,qwen3,811b67460e65232b8f363dc3f329ffecdfcc4ab2,1911.12893,61,3,51,48,197,3069,2872,revision-added exploratory
qasper,qwen3,813a8156f9ed8ead53dda60ef54601f6ca8076e9,1607.00167,15,1,2,1,77,173,96,revision-added exploratory
qasper,qwen3,814e945668e2b6f31b088918758b120fb00ada7d,2003.11687,35,12,12,0,810,810,0,revision-added exploratory
qasper,qwen3,81e101b2c803257492d67a00e8a1d9a07cbab136,1909.05372,53,1,29,28,139,2591,2452,revision-added exploratory
qasper,qwen3,824629b36a75753b1500d9dcaee0fc3c758297b1,1905.08067,27,2,2,0,337,337,0,revision-added exploratory
qasper,qwen3,8246d1eee1482555d075127ac84f2e1d0781a446,1805.11598,24,6,6,0,471,471,0,revision-added exploratory
qasper,qwen3,8276671a4d4d1fbc097cd4a4b7f5e7fadd7b9833,2002.00175,58,17,17,0,1038,1038,0,revision-added exploratory
qasper,qwen3,82f8843b59668567bba09fc8f93963ca7d1fe107,1908.07491,30,12,12,0,852,852,0,revision-added exploratory
qasper,qwen3,83db51da819adf6faeb950fe04b4df942a887fb5,1809.08899,38,6,10,4,659,1285,626,revision-added exploratory
qasper,qwen3,845bdcd900c0f96b2ae091d086fb1ab8bb1063f0,2004.00809,34,2,11,9,222,1239,1017,revision-added exploratory
qasper,qwen3,84765903b8c7234ca2919d0a40e3c6a5bcedf45d,1911.04873,26,1,2,1,78,104,26,revision-added exploratory
qasper,qwen3,8599d6d14ac157169920c73b98a79737c7a68cf5,1909.00437,43,14,20,6,1141,1593,452,revision-added exploratory
qasper,qwen3,85e417231a4bbb6691f7a89bd81710525f8fec4c,1611.06322,49,1,45,44,49,4125,4076,revision-added exploratory
qasper,qwen3,860257956b83099cccf1359e5d960289d7d50265,1702.02367,39,15,15,0,1411,1411,0,revision-added exploratory
qasper,qwen3,863b3f29f8c59f224b4cbdb5f1097b45a25f1d88,2001.04346,61,2,40,38,62,3369,3307,revision-added exploratory
qasper,qwen3,865811dcf63a1dd3f22c62ec39ffbca4b182de31,1709.05295,35,2,24,22,192,2326,2134,revision-added exploratory
qasper,qwen3,86656aae3c27c6ea108f5600dd09ab7e421d876a,1906.01749,52,1,1,0,152,152,0,revision-added exploratory
qasper,qwen3,867b1bb1e6a38de525be7757d49928a132d0dbd8,1912.00342,115,3,13,10,250,1004,754,revision-added exploratory
qasper,qwen3,86c867b393db0ec4ad09abb48cc1353cac47ea4c,1806.07042,52,1,17,16,73,2256,2183,revision-added exploratory
qasper,qwen3,86d1c990c1639490c239c3dbf5492ecc44ab6652,1708.01065,53,3,3,0,198,198,0,revision-added exploratory
qasper,qwen3,8701ec7345ccc2c35eca4e132a8e16d58585cd63,1908.05731,25,1,7,6,136,711,575,revision-added exploratory
qasper,qwen3,871f7661f5a3da366b0b5feaa36f54fd3dedae8e,2003.09244,78,2,2,0,220,220,0,revision-added exploratory
qasper,qwen3,8795bb1f874e5f3337710d8c3d5be49e672ab43a,1908.05803,11,2,2,0,280,280,0,revision-added exploratory
qasper,qwen3,88757bc49ccab76e587fba7521f0981d6a1af2f7,1702.02584,18,3,3,0,308,308,0,revision-added exploratory
qasper,qwen3,887d7f3edf37ccc6bf2e755dae418b04d2309686,1805.11937,43,4,16,12,412,1555,1143,revision-added exploratory
qasper,qwen3,89373db8ced1fe420eae0093b2736f06b565616e,1901.02780,15,6,8,2,1076,1582,506,revision-added exploratory
qasper,qwen3,894bbb1e42540894deb31c04cba0e6cfb10ea912,1911.12237,55,1,17,16,171,1361,1190,revision-added exploratory
qasper,qwen3,8a0e1a298716698a305153c524bf03d18969b1c6,2001.11316,32,3,19,16,175,2363,2188,revision-added exploratory
qasper,qwen3,8ad5ebca2f69023b60ccfa3aac0ed426234437ac,1911.02747,29,10,10,0,842,842,0,revision-added exploratory
qasper,qwen3,8b1af67e3905244653b4cf66ba0acec8d6bff81f,1704.08390,29,7,23,16,433,1578,1145,revision-added exploratory
qasper,qwen3,8b49423b7d1fa834128aa5038aa16c6ef3fdfa32,1909.04242,41,1,1,0,15,15,0,revision-added exploratory
qasper,qwen3,8b8adb1d5a1824c8995b3eba668745c44f61c9c6,1903.04329,32,4,13,9,519,1599,1080,revision-added exploratory
qasper,qwen3,8c288120139615532838f21094bba62a77f92617,1802.06053,19,1,1,0,140,140,0,revision-added exploratory
qasper,qwen3,8c89f1d1b3c2a45c0254c4c8d6e700ab9a4b4ffb,1703.10090,27,25,25,0,2930,2930,0,revision-added exploratory
qasper,qwen3,8cbe3fa4ec0f66071e3d6b829b09b6395b631c44,1611.06322,49,19,19,0,1724,1724,0,revision-added exploratory
qasper,qwen3,8cf52ba480d372fc15024b3db704952f10fdca27,1802.02614,46,43,43,0,2756,2756,0,revision-added exploratory
qasper,qwen3,8cf5abf0126f19253930478b02f0839af28e4093,1805.04558,131,108,108,0,3899,3899,0,revision-added exploratory
qasper,qwen3,8d3f79620592d040f9f055b4fce0f73cc45aab63,1711.04964,74,1,14,13,137,1174,1037,revision-added exploratory
qasper,qwen3,8d683d2e1f46626ceab60ee4ab833b50b346c29e,1908.11053,64,3,3,0,251,251,0,revision-added exploratory
qasper,qwen3,8db11d9166474a0e98b99ac7f81d1f14539d79ec,1910.10487,47,1,5,4,72,438,366,revision-added exploratory
qasper,qwen3,8ddf78dbdc6ac964a7102ae84df18582841f2e3c,1605.05156,26,1,1,0,100,100,0,revision-added exploratory
qasper,qwen3,8de0e1fdcca81b49615a6839076f8d42226bf1fe,1908.07888,45,2,2,0,214,214,0,revision-added exploratory
qasper,qwen3,8dfdd1ed805bb23c774fbb032ef1d97c6802e07c,1706.02427,60,3,17,14,328,1665,1337,revision-added exploratory
qasper,qwen3,8e113fd9661bc8af97e30c75a20712f01fc4520a,1911.10401,27,2,2,0,404,404,0,revision-added exploratory
qasper,qwen3,8e26c471ca0ee1b9779da04c0b81918fd310d0f3,1906.05506,40,2,5,3,110,293,183,revision-added exploratory
qasper,qwen3,8f6b11413a19fe4639b3fba88fc6b3678286fa0c,1911.09241,57,2,2,0,154,154,0,revision-added exploratory
qasper,qwen3,8faec509406d33444bd620afc829adc9eae97644,1912.07940,30,22,23,1,1476,1556,80,revision-added exploratory
qasper,qwen3,8ffae517bc0efa453b7e316d41bd9f1b6679b158,1909.05372,53,4,5,1,175,254,79,revision-added exploratory
qasper,qwen3,903ac8686ed7e6e3269a5d863f06ff11c50e49e8,1907.00168,24,1,1,0,211,211,0,revision-added exploratory
qasper,qwen3,90756bdcd812b7ecc1c5df2298aa7561fd2eb02c,1804.01155,55,1,21,20,254,3066,2812,revision-added exploratory
qasper,qwen3,908ba58d26d15c14600623498d4e86c9b73b14b2,2004.02105,49,9,31,22,631,2922,2291,revision-added exploratory
qasper,qwen3,909ecf675f874421eecc926a9f7486475aa1423c,1908.07888,45,3,22,19,376,2534,2158,revision-added exploratory
qasper,qwen3,90aba75508aa145475d7cc9a501bbe987c0e8413,2004.02363,19,1,1,0,133,133,0,revision-added exploratory
qasper,qwen3,90dde59e1857a0d2b1ee4615ab017fee0741f29f,1911.12893,61,1,1,0,114,114,0,revision-added exploratory
qasper,qwen3,9119fbfba84d298014d1b74e0e3d30330320002c,1912.00239,42,6,6,0,741,741,0,revision-added exploratory
qasper,qwen3,91336f12ab94a844b66b607f8621eb8bbd209f32,1909.09070,59,1,2,1,100,201,101,revision-added exploratory
qasper,qwen3,9133a85730c4090fe8b8d08eb3d9146efe7d7037,1803.05160,71,20,21,1,1975,2091,116,revision-added exploratory
qasper,qwen3,915e4d0b3cb03789a20380ead961d473cb95bfc3,1710.11027,15,1,1,0,143,143,0,revision-added exploratory
qasper,qwen3,919681faa9731057b3fae5052b7da598abd3e04b,2004.04498,93,55,72,17,3089,3953,864,revision-added exploratory
qasper,qwen3,91e361e85c6d3884694f3c747d61bfcef171bab0,1909.12079,42,10,21,11,1092,2031,939,revision-added exploratory
qasper,qwen3,9207f19e65422bdf28f20e270ede6c725a38e5f9,1605.05156,26,1,5,4,100,580,480,revision-added exploratory
qasper,qwen3,92fc94a4999d1b25a0593904025eb7b8953bb28b,1909.06708,30,14,15,1,1048,1164,116,revision-added exploratory
qasper,qwen3,9489b0ecb643c1fc95c001c65d4e9771315989aa,1704.04451,71,3,3,0,67,67,0,revision-added exploratory
qasper,qwen3,949a2bc34176e47a4d895bcc3223f2a960f15a81,1708.09025,62,5,10,5,553,1104,551,revision-added exploratory
qasper,qwen3,95646d0ac798dcfc15b43fa97a1908df9f7b9681,1910.13793,45,5,5,0,370,370,0,revision-added exploratory
qasper,qwen3,9595fdf7b51251679cd39bc4f6befc81f09c853c,1901.05389,45,5,5,0,480,480,0,revision-added exploratory
qasper,qwen3,95af7aaea3ce9dab4cf64e2229ce9b98381dd050,1612.03762,133,2,109,107,91,9199,9108,revision-added exploratory
qasper,qwen3,95ef89dc29ff291bdbe48cb956329a6a06d36db8,1911.00461,29,1,17,16,25,1093,1068,revision-added exploratory
qasper,qwen3,961a97149127e1123c94fbf7e2021eb1aa580ecb,1911.09247,68,49,49,0,2965,2965,0,revision-added exploratory
qasper,qwen3,96459b02efa82993a0b413530ed0b517c6633eea,1908.10090,26,1,2,1,122,214,92,revision-added exploratory
qasper,qwen3,965e0ce975a0b8612a30cfc31bbfd4b8a57aa138,1706.02427,60,1,2,1,126,321,195,revision-added exploratory
qasper,qwen3,97055ab0227ed6ac7a8eba558b94f01867bb9562,1610.07149,72,3,3,0,117,117,0,revision-added exploratory
qasper,qwen3,97708d93bccc832ea671dc31a76dad6a121fcd60,1707.06875,59,41,43,2,3201,3402,201,revision-added exploratory
qasper,qwen3,9887ca3d25e2109f41d1da80eeea05c465053fbc,1911.12722,54,3,5,2,319,575,256,revision-added exploratory
qasper,qwen3,98b97d24f31e9c535997e9b6cb126eb99fc72a90,1910.01160,23,3,16,13,124,1324,1200,revision-added exploratory
qasper,qwen3,991ea04072b3412928be5e6e903cfa54eeac3951,1808.10006,50,2,9,7,265,850,585,revision-added exploratory
qasper,qwen3,9925e7d8757e8fd7411bcb5250bc08158a244fb3,1911.05652,34,1,1,0,194,194,0,revision-added exploratory
qasper,qwen3,992e67f706c728bc0e534f974c1656da10e7a724,1911.10401,27,2,2,0,297,297,0,revision-added exploratory
qasper,qwen3,998fa38634000f2d7b52d16518b9e18e898ce933,1908.05758,88,49,87,38,1962,3145,1183,revision-added exploratory
qasper,qwen3,99e99f2c25706085cd4de4d55afe0ac43213d7c8,2002.09616,65,3,3,0,140,140,0,revision-added exploratory
qasper,qwen3,99f898eb91538cb82bc9a00892d54ae2a740961e,1710.10380,65,1,1,0,74,74,0,revision-added exploratory
qasper,qwen3,9a7aeecbecf5e30ffa595c233fca31719c9b429f,1704.08390,29,2,2,0,103,103,0,revision-added exploratory
qasper,qwen3,9aabcba3d44ee7d0bbf6a2c019ab9e0f02fab244,1605.05195,46,1,5,4,80,296,216,revision-added exploratory
qasper,qwen3,9b05d5f723a8a452522907778a084b52e27fd924,1803.08614,41,4,12,8,152,586,434,revision-added exploratory
qasper,qwen3,9b1382b44dc69f7ee20acf952f7ceb1c3ef83965,1610.03955,49,14,16,2,968,1129,161,revision-added exploratory
qasper,qwen3,9b536f4428206ef7afabc4ff0a2ebcbabd68b985,2001.11316,32,1,5,4,125,531,406,revision-added exploratory
qasper,qwen3,9b6339e24f58b576143d2adf599cfc4a31fd3b0c,2003.11531,83,5,13,8,533,1129,596,revision-added exploratory
qasper,qwen3,9b868c7d17852f46a8fe725f24cb9548fdbd2b05,1903.02930,20,1,2,1,53,190,137,revision-added exploratory
qasper,qwen3,9baca9bdb8e7d5a750f8cbe3282beb371347c164,1901.05389,45,1,1,0,97,97,0,revision-added exploratory
qasper,qwen3,9be9354eeb2bb1827eeb1e23a20cfdca59fb349a,2002.03056,65,2,2,0,152,152,0,revision-added exploratory
qasper,qwen3,9c2cacf77041e02d38f92a4c490df1e04552f96f,1905.00472,30,1,5,4,145,571,426,revision-added exploratory
qasper,qwen3,9c529bd3f7565b2178a79aae01c98c90f9d372ad,1705.00571,30,1,1,0,73,73,0,revision-added exploratory
qasper,qwen3,9ca85242ebeeafa88a0246986aa760014f6094f2,1803.05160,71,15,15,0,1208,1208,0,revision-added exploratory
qasper,qwen3,9ce90f4132b34a328fa49a63e897f376a3ad3ca8,1909.00871,49,1,15,14,78,1509,1431,revision-added exploratory
qasper,qwen3,9d6b2672b11d49c37a6bfb06172d39742d48aef4,1705.10272,14,3,3,0,245,245,0,revision-added exploratory
qasper,qwen3,9d6d17120c42a834b2b5d96f2120d646218ed4bb,1706.02427,60,3,19,16,459,2017,1558,revision-added exploratory
qasper,qwen3,9d963d385bd495a7e193f8a498d64c1612e6c20c,1907.01339,23,3,3,0,145,145,0,revision-added exploratory
qasper,qwen3,9da181ac8f2600eb19364c1b1e3cdeb569811a11,1908.10001,38,12,22,10,619,1357,738,revision-added exploratory
qasper,qwen3,9dcc10a4a325d4c9cb3bb8134831ee470be47e93,1602.03483,43,6,6,0,583,583,0,revision-added exploratory
qasper,qwen3,9dd8ce48a2a59a63ae6366ab8b2b8828e5ae7f35,1904.02954,34,1,6,5,226,692,466,revision-added exploratory
qasper,qwen3,9e9aa8af4b49e2e1e8cd9995293a7982ea1aba0e,1910.09387,23,4,16,12,430,2410,1980,revision-added exploratory
qasper,qwen3,9ec0527bda2c302f4e82949cc0ae7f7769b7bfb8,2003.00864,31,1,1,0,100,100,0,revision-added exploratory
qasper,qwen3,9eec16e560f9ccafd7ba6f1e0db742b330b42ba9,1710.11334,14,1,4,3,149,429,280,revision-added exploratory
qasper,qwen3,9ef0d2365bde0d18054511fbb53cec5fa2cda5ee,1908.11049,45,4,14,10,335,1388,1053,revision-added exploratory
qasper,qwen3,9f065e787a0d40bb4550be1e0d64796925459005,1708.07252,62,10,30,20,888,3460,2572,revision-added exploratory
qasper,qwen3,9f1d81b2a6fe6835042a5229690e1951b97ff671,1806.04387,48,4,4,0,325,325,0,revision-added exploratory
qasper,qwen3,9f1e60ee86a5c46abe75b67ef369bf92a5090568,1911.11899,57,11,11,0,745,745,0,revision-added exploratory
qasper,qwen3,9f74f3991b8681619d95ab93a7c8733a843ddffe,1907.10676,24,2,17,15,205,2630,2425,revision-added exploratory
qasper,qwen3,a064337bafca8cf01e222950ea97ebc184c47bc0,1609.02075,85,17,24,7,1402,2205,803,revision-added exploratory
qasper,qwen3,a064d01d45a33814947161ff208abb88d4353b26,1711.03759,31,2,2,0,193,193,0,revision-added exploratory
qasper,qwen3,a0fd0c0fe042ad045b8d5095c81643ef3a352b81,1604.02038,55,1,48,47,55,3133,3078,revision-added exploratory
qasper,qwen3,a18d74109ed55ed14c33913efa62e12f207279c0,1802.09059,34,1,1,0,67,67,0,revision-added exploratory
qasper,qwen3,a1ac4463031bbc42c80893b57c0055b860f12e10,1908.06893,98,1,1,0,11,11,0,revision-added exploratory
qasper,qwen3,a24b2269b292fd0ee81d50303d1315383c594382,2004.03090,28,1,1,0,87,87,0,revision-added exploratory
qasper,qwen3,a28c73a6a8c46a43a1eec2b42b542dd7fde1e30e,1906.05506,40,1,1,0,63,63,0,revision-added exploratory
qasper,qwen3,a2baa8e266318f23f43321c4b2b9cf467718c94a,1611.00440,28,2,2,0,168,168,0,revision-added exploratory
qasper,qwen3,a2edd0454026811223b8f31512bdae91159677be,2002.03056,65,13,13,0,855,855,0,revision-added exploratory
qasper,qwen3,a3705b53c6710b41154c65327b7bbec175bdfae7,1910.03355,41,22,22,0,1196,1196,0,revision-added exploratory
qasper,qwen3,a398c9b061f28543bc77c2951d0dfc5d1bee9e87,1808.00957,28,4,4,0,201,201,0,revision-added exploratory
qasper,qwen3,a3a867f7b3557c168d05c517c468ff6c7337bff9,1701.03578,41,12,22,10,1154,2245,1091,revision-added exploratory
qasper,qwen3,a3ba21341f0cb79d068d24de33b23c36fa646752,2002.06851,33,1,1,0,96,96,0,revision-added exploratory
qasper,qwen3,a3e7d7389228a197c8c44e0c504a791b60f2c80d,1909.00091,35,3,17,14,264,1246,982,revision-added exploratory
qasper,qwen3,a464052fd11af1d2d99e407c11791269533d43d1,1802.06053,19,7,7,0,848,848,0,revision-added exploratory
qasper,qwen3,a4a9971799c8860b50f219c93f050ebf6a627b3d,1905.08067,27,22,22,0,3381,3381,0,revision-added exploratory
qasper,qwen3,a4b77a20e067789691e0ab246bc5b11913d77ae1,1703.04009,20,2,2,0,353,353,0,revision-added exploratory
qasper,qwen3,a4cf0cf372f62b2dbc7f31c600c6c66246263328,1912.11980,61,2,4,2,104,219,115,revision-added exploratory
qasper,qwen3,a59e86a15405c8a11890db072b99fda3173e5ab2,1704.04451,71,6,6,0,369,369,0,revision-added exploratory
qasper,qwen3,a5df7361ae37b9512fb57cb93efbece9ded8cab1,1710.11027,15,1,5,4,97,703,606,revision-added exploratory
qasper,qwen3,a606bffed3bfeebd1b66125be580f908244e5d92,1911.09753,45,4,8,4,468,833,365,revision-added exploratory
qasper,qwen3,a67a2d9acad1787b636ca2681330f4c29a0b0254,1606.07043,27,1,1,0,41,41,0,revision-added exploratory
qasper,qwen3,a71fb012631e6a8854d5945b6d0ab2ab8e7b7ee6,1611.04234,31,10,10,0,384,384,0,revision-added exploratory
qasper,qwen3,a7313c29b154e84b571322532f5cab08e9d49e51,2003.13028,66,2,2,0,96,96,0,revision-added exploratory
qasper,qwen3,a77d38427639d54461ae308f3045434f81e497d0,1906.08871,38,3,10,7,268,722,454,revision-added exploratory
qasper,qwen3,a786cceba4372f6041187c426432853eda03dca6,1910.02001,82,42,42,0,2221,2221,0,revision-added exploratory
qasper,qwen3,a79a23573d74ec62cbed5d5457a51419a66f6296,1906.04287,20,1,1,0,117,117,0,revision-added exploratory
qasper,qwen3,a7e1b13cc42bfe78d37b9c943de6288e5f00f01b,1608.01972,44,11,11,0,1108,1108,0,revision-added exploratory
qasper,qwen3,a836ab8eb5a72af4b0a0c83bf42a2a14d1b38763,1911.07620,51,5,16,11,429,1233,804,revision-added exploratory
qasper,qwen3,a837dcbd339e27a974e28944178c790a5b0b37c0,1910.02001,82,1,1,0,50,50,0,revision-added exploratory
qasper,qwen3,a8cc891bb8dccf0d32c1c9cd1699d5ead0eed711,1909.04251,58,31,31,0,2546,2546,0,revision-added exploratory
qasper,qwen3,a8e5e10d13b3f21dd11e8eb58e30cc25efc56e93,1708.09025,62,9,9,0,790,790,0,revision-added exploratory
qasper,qwen3,a8f189fad8b72f8b2b4d2da4ed8475d31642d9e7,1611.01116,26,2,3,1,351,540,189,revision-added exploratory
qasper,qwen3,a98ae529b47362f917a398015c8525af3646abf0,1912.11637,58,8,8,0,670,670,0,revision-added exploratory
qasper,qwen3,a994cc18046912a8c9328dc572f4e4310736c0e2,1704.03279,32,1,1,0,289,289,0,revision-added exploratory
qasper,qwen3,a9cae57f494deb0245b40217d699e9a22db0ea6e,1611.02378,52,2,2,0,182,182,0,revision-added exploratory
qasper,qwen3,a9d5f83f4b32c52105f2ae1c570f1c590ac52487,1909.08211,69,4,4,0,180,180,0,revision-added exploratory
qasper,qwen3,a9eb8039431e2cb885cfcf96eb58c0675b36b3bd,1908.05758,88,1,7,6,37,390,353,revision-added exploratory
qasper,qwen3,a9ff35f77615b3a4e7fd7b3a53d0b288a46f06ce,1911.11025,66,2,2,0,99,99,0,revision-added exploratory
qasper,qwen3,aa287673534fc05d8126c8e3486ca28821827034,1607.00167,15,9,13,4,600,968,368,revision-added exploratory
qasper,qwen3,aa7c5386aedfb13a361a2629b67cb54277e208d2,1911.04128,23,1,4,3,73,452,379,revision-added exploratory
qasper,qwen3,ab8b0e6912a7ca22cf39afdac5531371cda66514,1912.03010,28,1,6,5,146,748,602,revision-added exploratory
qasper,qwen3,ab975efc916c34f55e1144b1d28e7dfdc257e371,1804.03839,55,18,18,0,909,909,0,revision-added exploratory
qasper,qwen3,ac87dd34d28c3edd9419fa0145f3d38c87d696aa,1807.08089,47,35,35,0,3226,3226,0,revision-added exploratory
qasper,qwen3,acac0606aab83cae5d13047863c7af542d58e54c,1908.07491,30,24,24,0,1681,1681,0,revision-added exploratory
qasper,qwen3,ae1c4f9e33d0cd64d9a313c318ad635620303cdd,1906.11085,25,1,7,6,56,682,626,revision-added exploratory
qasper,qwen3,ae7c5cf9c2c121097eb00d389cfd7cc2a5a7d577,2004.02143,48,15,43,28,1243,3834,2591,revision-added exploratory
qasper,qwen3,ae89eed483c11ccd70a34795e9fe416af8a35da2,1911.01214,74,2,5,3,232,410,178,revision-added exploratory
qasper,qwen3,aebd1f0d728d0de5f76238844da044a44109f76f,1911.04474,68,7,62,55,523,3672,3149,revision-added exploratory
qasper,qwen3,af45ff2c4209f14235482329d0729864fb2bd4b0,1911.12893,61,1,11,10,194,925,731,revision-added exploratory
qasper,qwen3,af948ea91136c700957b438d927f58d9b051c97c,2004.02143,48,1,1,0,93,93,0,revision-added exploratory
qasper,qwen3,afad388a0141bdda5ca9586803ac53d5f10f41f6,1908.08917,43,20,35,15,3084,4166,1082,revision-added exploratory
qasper,qwen3,b012df09fa2a3d6b581032d68991768cf4bc9d7b,1908.10461,34,6,6,0,412,412,0,revision-added exploratory
qasper,qwen3,b03249984c26baffb67e7736458b320148675900,1901.05389,45,22,22,0,2306,2306,0,revision-added exploratory
qasper,qwen3,b065c2846817f3969b39e355d5d017e326d6f42e,1708.01065,53,3,3,0,199,199,0,revision-added exploratory
qasper,qwen3,b10388e343868ca8e5c7c601ebb903f52e756e61,1803.08419,61,2,4,2,126,311,185,revision-added exploratory
qasper,qwen3,b160bfb341f24ae42a268aa18641237a4b3a6457,2003.03728,34,5,5,0,200,200,0,revision-added exploratory
qasper,qwen3,b1fe6a39b474933038b44b6d45e5ca32af7c3e36,2004.04498,93,1,1,0,74,74,0,revision-added exploratory
qasper,qwen3,b210c3e48c15cdc8c47cf6f4b6eb1c29a1933654,1604.02201,29,9,10,1,1173,1269,96,revision-added exploratory
qasper,qwen3,b21245212244ad7adf7d321420f2239a0f0fe56b,1908.10149,30,10,17,7,1008,1702,694,revision-added exploratory
qasper,qwen3,b32de10d84b808886d7a91ab0c423d4fc751384c,1603.09381,27,1,1,0,86,86,0,revision-added exploratory
qasper,qwen3,b3432f52af0b95929e6723dd1f01ce029d90a268,1808.07733,21,1,4,3,102,326,224,revision-added exploratory
qasper,qwen3,b39b278aa1cf2f87ad4159725dff77b387f2df84,2003.11687,35,1,1,0,35,35,0,revision-added exploratory
qasper,qwen3,b3b9d7c8722e8ec41cbbae40e68458485a5ba25c,1910.07924,82,42,46,4,1542,1644,102,revision-added exploratory
qasper,qwen3,b3dc9a35e8c3ed7abcc4ca0bf308dea75be9c016,1708.01065,53,4,4,0,212,212,0,revision-added exploratory
qasper,qwen3,b424ad7f9214076b963a0077d7345d7bb5a7a205,2002.00175,58,24,42,18,1449,2505,1056,revision-added exploratory
qasper,qwen3,b4b7333805cb6fdde44907747887a971422dc298,2003.09244,78,1,1,0,77,77,0,revision-added exploratory
qasper,qwen3,b537832bba2eb6d34702a9d71138e661c05a7c3a,1906.01076,52,1,1,0,172,172,0,revision-added exploratory
qasper,qwen3,b57ad10468e1ba2a7a34396688dbb10a575d89f5,1706.02427,60,2,2,0,38,38,0,revision-added exploratory
qasper,qwen3,b59f3a58939f7ac007d3263a459c56ebefc4b49a,2003.09244,78,63,66,3,4692,4900,208,revision-added exploratory
qasper,qwen3,b62b7ec5128219f04be41854247d5af992797937,1910.03355,41,9,9,0,581,581,0,revision-added exploratory
qasper,qwen3,b6aa5665c981e3b582db4760759217e2979d5626,1909.10481,43,2,8,6,139,749,610,revision-added exploratory
qasper,qwen3,b6c2a391c4a94eaa768150f151040bb67872c0bf,1605.05195,46,1,14,13,155,1170,1015,revision-added exploratory
qasper,qwen3,b6e97d1b1565732b1b3f1d74e6d2800dd21be37a,1707.05589,47,18,38,20,1430,2599,1169,revision-added exploratory
qasper,qwen3,b70e4c49300dc3eab18e907ab903afd2a0c6075a,1909.00437,43,2,2,0,74,74,0,revision-added exploratory
qasper,qwen3,b783ec5cb9ad595da7db2c0ddf871152ae382c5f,1805.04833,52,1,5,4,88,295,207,revision-added exploratory
qasper,qwen3,b78bb6fe817c2d4bc69236df998f546e94c3ee21,1704.06851,45,26,26,0,2749,2749,0,revision-added exploratory
qasper,qwen3,b79c85fa84712d3028cb5be2af873c634e51140e,1605.05156,26,1,1,0,40,40,0,revision-added exploratory
qasper,qwen3,b79ff0a50bf9f361c5e5fed68525283856662076,1805.09960,67,1,8,7,79,538,459,revision-added exploratory
qasper,qwen3,b8b79a6123716cb9fabf751b31dff424235a2ee2,1812.05813,72,13,13,0,765,765,0,revision-added exploratory
qasper,qwen3,b8bbdc3987bb456739544426c6037c78ede01b77,1909.11980,29,18,18,0,950,950,0,revision-added exploratory
qasper,qwen3,b942d94e4187e4fdc706cfdf92e3a869fc294911,1909.05372,53,19,45,26,1724,4452,2728,revision-added exploratory
qasper,qwen3,b948bb86855b2c0bfc8fad88ff1e29cd94bb6ada,1905.05644,55,1,5,4,69,295,226,revision-added exploratory
qasper,qwen3,b968bd264995cd03d7aaad1baba1838c585ec909,1804.09692,49,35,37,2,3076,3199,123,revision-added exploratory
qasper,qwen3,b9d9803ba24127f91ba4d7cff4da11492da20f09,2004.03090,28,19,19,0,1644,1644,0,revision-added exploratory
qasper,qwen3,ba39317e918b4386765f88e8c8ae99f9a098c935,1703.04009,20,1,1,0,189,189,0,revision-added exploratory
qasper,qwen3,ba406e07c33a9161e29c75d292c82a15503beae5,1907.12984,107,1,5,4,180,691,511,revision-added exploratory
qasper,qwen3,ba7fea78b0b888a714cb7d89944b69c5038a1ef1,1806.03369,29,9,9,0,1094,1094,0,revision-added exploratory
qasper,qwen3,baaa6ad7148b785429a20f38786cd03ab9a2646e,1908.08917,43,2,13,11,479,2125,1646,revision-added exploratory
qasper,qwen3,baad4b6f834d5944f61bd12f30908e3cf3739dcd,1911.06815,26,9,9,0,613,613,0,revision-added exploratory
qasper,qwen3,bab4ae97afd598a11d1fc7c05c6fdb98c30cafe0,1711.03759,31,2,2,0,242,242,0,revision-added exploratory
qasper,qwen3,bab4e8881f4d75e266bce6fbfa4c3bcd3eacf30f,1708.03312,38,7,7,0,375,375,0,revision-added exploratory
qasper,qwen3,baec99756b80eec7c0234a08bc2855e6770bcaeb,1907.04072,44,7,7,0,152,152,0,revision-added exploratory
qasper,qwen3,bbfe7e131ed776c85f2359b748db1325386c1af5,1807.03674,23,6,6,0,440,440,0,revision-added exploratory
qasper,qwen3,bc6ad5964f444cf414b661a4b942dafb7640c564,1809.03680,47,5,5,0,621,621,0,revision-added exploratory
qasper,qwen3,bc8526d4805e2554adb2e9c01736d3f3a3b19895,1604.02038,55,35,52,17,1818,3228,1410,revision-added exploratory
qasper,qwen3,bcf222ad4bb537b01019ed354ea03cd6bf2c1f8e,1905.07562,50,1,7,6,123,1012,889,revision-added exploratory
qasper,qwen3,bd191d95806cee4cf80295e9ce1cd227aba100ab,1912.07076,55,9,48,39,771,4648,3877,revision-added exploratory
qasper,qwen3,bd255aadf099854541d06997f83a0e478f526120,1911.11025,66,19,19,0,917,917,0,revision-added exploratory
qasper,qwen3,bd3562d2b3c162e9d27404d56b77e15f707d8b0f,1705.00571,30,2,2,0,386,386,0,revision-added exploratory
qasper,qwen3,bd53399be8ff59060792da4c8e42a7fc1e6cbd85,2003.13028,66,2,3,1,67,151,84,revision-added exploratory
qasper,qwen3,bda21bfb2dd74085cbc355c70dab5984ef41dba7,1906.04236,58,11,11,0,905,905,0,revision-added exploratory
qasper,qwen3,bdae851d4cf1d05506cf3e8359786031ac4f756f,1911.12237,55,34,41,7,2211,2501,290,revision-added exploratory
qasper,qwen3,be632f0246c2e5f049d12e796812f496e083c33e,1908.10001,38,2,4,2,116,303,187,revision-added exploratory
qasper,qwen3,bfd55ae9630a08a9e287074fff3691dfbffc3258,1908.09283,68,28,37,9,1546,2244,698,revision-added exploratory
qasper,qwen3,c01a8b42fd27b0a3bec717ededd98b6d085a0f5c,1710.11027,15,1,2,1,86,274,188,revision-added exploratory
qasper,qwen3,c0355afc7871bf2e12260592873ffdb5c0c4c919,1909.10481,43,4,27,23,76,1943,1867,revision-added exploratory
qasper,qwen3,c035a011b737b0a10deeafc3abe6a282b389d48b,1707.07212,52,33,33,0,2052,2052,0,revision-added exploratory
qasper,qwen3,c0847af3958d791beaa14c4040ada2d364251c4d,2004.02105,49,6,6,0,401,401,0,revision-added exploratory
qasper,qwen3,c0af44ebd7cd81270d9b5b54d4a40feed162fa54,1801.05617,85,1,1,0,93,93,0,revision-added exploratory
qasper,qwen3,c0dbf3f1957f3bff3ced5b48aff60097f3eac7bb,1808.07231,39,10,10,0,759,759,0,revision-added exploratory
qasper,qwen3,c135e1f8ecaf7965f6a6d3e30b537eb37ad74230,1910.02001,82,1,9,8,87,551,464,revision-added exploratory
qasper,qwen3,c138a45301713c1a9f6edafeef338ba2f99220ce,1912.08084,68,11,32,21,730,2184,1454,revision-added exploratory
qasper,qwen3,c176eb1ccaa0e50fb7512153f0716e60bf74aa53,1910.01340,46,1,40,39,88,3413,3325,revision-added exploratory
qasper,qwen3,c17ece1dad42d92c78fca2e3d8afa9a20ff19598,1906.01010,25,1,2,1,327,462,135,revision-added exploratory
qasper,qwen3,c2037887945abbdf959389dc839a86bc82594505,1803.06745,41,1,13,12,30,1130,1100,revision-added exploratory
qasper,qwen3,c25014b7e57bb2949138d64d49f356d69838bc25,1908.10001,38,1,1,0,77,77,0,revision-added exploratory
qasper,qwen3,c2ce25878a17760c79031a426b6f38931cd854b2,2003.11528,61,20,33,13,1423,2210,787,revision-added exploratory
qasper,qwen3,c30b0d6b23f0f01573eea315176c5ffe4e0c6b5c,1910.02677,56,1,1,0,112,112,0,revision-added exploratory
qasper,qwen3,c3befe7006ca81ce64397df654c31c11482dafbe,1611.04887,45,1,7,6,299,727,428,revision-added exploratory
qasper,qwen3,c3ce95658eea1e62193570955f105839de3d7e2d,1911.03324,57,2,3,1,68,124,56,revision-added exploratory
qasper,qwen3,c47312f2ca834ee75fa9bfbf912ea04239064117,1907.00937,39,1,1,0,94,94,0,revision-added exploratory
qasper,qwen3,c4b621f573bbb411bdaa84a7562c9c4795a7eb3a,1808.09180,76,3,6,3,336,540,204,revision-added exploratory
qasper,qwen3,c5221bb28e58a4f13cf2eccce0e1b1bec7dd3c13,1909.09070,59,3,36,33,113,2849,2736,revision-added exploratory
qasper,qwen3,c53b036eff430a9d0449fb50b8d2dc9d2679d9fe,1706.02222,68,3,17,14,301,1414,1113,revision-added exploratory
qasper,qwen3,c589d83565f528b87e355b9280c1e7143a42401d,1909.07873,52,1,15,14,55,1274,1219,revision-added exploratory
qasper,qwen3,c59d67930edd3d369bd51a619849facdd0770644,1705.10272,14,3,3,0,297,297,0,revision-added exploratory
qasper,qwen3,c5ea4da3c760ba89194ad807bc1ef60e1761429f,1602.07563,120,4,4,0,234,234,0,revision-added exploratory
qasper,qwen3,c68946ae2e548ec8517c7902585c032b3f3876e6,1901.05389,45,2,26,24,374,3191,2817,revision-added exploratory
qasper,qwen3,c6f2598b85dc74123fe879bf23aafc7213853f5b,1911.12237,55,3,3,0,341,341,0,revision-added exploratory
qasper,qwen3,c72e05dd41ed5a85335ffeca5a03e71514e60e84,1911.12559,22,2,13,11,119,1254,1135,revision-added exploratory
qasper,qwen3,c79f168503a60d1b08bb2c9aac124199d210b06d,1904.02954,34,13,28,15,1172,2089,917,revision-added exploratory
qasper,qwen3,c7d3bccee59ab683e6bf047579bc6eab9de9d973,1705.10272,14,4,4,0,217,217,0,revision-added exploratory
qasper,qwen3,c7f43c95db3d0c870407cd0e7becdd802463683b,1910.09362,66,16,36,20,1545,2842,1297,revision-added exploratory
qasper,qwen3,c7ffef8bf0100eb6148bd932d0409b21759060b1,1707.06519,32,3,3,0,194,194,0,revision-added exploratory
qasper,qwen3,c845110efee2f633d47f5682573bc6091e8f5023,1911.05652,34,7,7,0,693,693,0,revision-added exploratory
qasper,qwen3,c87966e7f497975b76a60f6be50c33d296a4a4e7,2004.01820,92,3,56,53,260,4199,3939,revision-added exploratory
qasper,qwen3,c8f8ecac23a991bceb8387e68b3b3f2a5d8cf029,2003.12660,26,10,10,0,228,228,0,revision-added exploratory
qasper,qwen3,c97306c1be5d59cf27b1054adfa8f1da47d292ce,1810.02229,28,10,10,0,554,554,0,revision-added exploratory
qasper,qwen3,c9a323c152c5d9bc2d244e0ed10afbdb0f93062a,1909.00369,57,1,3,2,125,351,226,revision-added exploratory
qasper,qwen3,c9eae337edea0edb12030a7d4b01c3a3c73c16d3,1806.04387,48,1,26,25,27,1323,1296,revision-added exploratory
qasper,qwen3,caebea05935cae1f5d88749a2fc748e62976eab7,1710.11334,14,2,3,1,347,506,159,revision-added exploratory
qasper,qwen3,cb58605a7c230043bd0d6e8d5b068f8b533f45fe,1909.11706,31,4,11,7,449,1294,845,revision-added exploratory
qasper,qwen3,cb7a00233502c4b7801d34bc95d6d22d79776ae8,1603.08868,35,4,4,0,262,262,0,revision-added exploratory
qasper,qwen3,cbb3c1c1e6e1818b6480f929f1c299eaa5ffd07a,1907.10676,24,4,20,16,483,3118,2635,revision-added exploratory
qasper,qwen3,cbe42bf7c99ee248cdb2c5d6cf86b41106e66863,1908.02284,27,2,2,0,176,176,0,revision-added exploratory
qasper,qwen3,cc3dd701f3a674618de95a4196e9c7f4c8fbf1e5,1805.04833,52,1,1,0,119,119,0,revision-added exploratory
qasper,qwen3,cc78a08f5bfe233405c99cb3dac1f11f3a9268b1,1907.08540,47,7,7,0,809,809,0,revision-added exploratory
qasper,qwen3,cc8bcea4052bf92f249dda276acc5fd16cac6fb4,1809.03695,18,1,1,0,76,76,0,revision-added exploratory
qasper,qwen3,ccec4f8deff651858f44553f8daa5a19e8ed8d3b,1909.05190,59,15,25,10,960,1696,736,revision-added exploratory
qasper,qwen3,cd82bdaa0c94330f8cccfb1c59b4e6761a5a4f4d,1911.01214,74,2,2,0,229,229,0,revision-added exploratory
qasper,qwen3,cdbbba22e62bc9402aea74ac5960503f59e984ff,1805.04558,131,2,2,0,243,243,0,revision-added exploratory
qasper,qwen3,ce23849e9e9a22626965f1ca8ca948a5c87280e9,1909.01720,69,6,6,0,289,289,0,revision-added exploratory
qasper,qwen3,ce504a7ee2c1f068ef4dde8d435245b4e77bb0b5,1708.09025,62,13,62,49,1291,4536,3245,revision-added exploratory
qasper,qwen3,ce8d8de78a21a3ba280b658ac898f73d0b52bf1b,1910.10487,47,4,42,38,267,3889,3622,revision-added exploratory
qasper,qwen3,ced63053eb631c78a4ddd8c85ec0f3323a631a54,1708.05482,73,1,1,0,67,67,0,revision-added exploratory
qasper,qwen3,cf0b7d8a2449d04078f69ec9717a547adfb67d17,1801.04433,52,27,27,0,2503,2503,0,revision-added exploratory
qasper,qwen3,cf3fab54b2b289b66e7dba4706c47a62569627c5,1708.07690,42,35,36,1,1928,1952,24,revision-added exploratory
qasper,qwen3,cf58d25bfa2561a359fdd7b6b20aef0b41dc634e,1912.08084,68,3,8,5,155,552,397,revision-added exploratory
qasper,qwen3,cf68906b7d96ca0c13952a6597d1f23e5184c304,1710.10380,65,1,1,0,40,40,0,revision-added exploratory
qasper,qwen3,cf82251a6a5a77e29627560eb7c05c3eddc20825,2004.04498,93,11,11,0,765,765,0,revision-added exploratory
qasper,qwen3,cfa44bb587b0c05906d8325491ca9e0f024269e8,1708.01065,53,2,36,34,82,2392,2310,revision-added exploratory
qasper,qwen3,cfcf94b81589e7da215b4f743a3f8de92a6dda7a,1712.00733,74,9,9,0,801,801,0,revision-added exploratory
qasper,qwen3,cfdd583d01abaca923f5c466bb20e1d4b8c749ff,1810.02268,71,50,50,0,2940,2940,0,revision-added exploratory
qasper,qwen3,cfe21b979a6c851bdafb2e414622f61e62b1d98c,2003.13028,66,2,2,0,47,47,0,revision-added exploratory
qasper,qwen3,d0048ef1cba3f63b5d60c568d5d0ba62ac4d7e75,1901.01590,54,53,53,0,2461,2461,0,revision-added exploratory
qasper,qwen3,d0dc6729b689561370b6700b892c9de8871bb44d,1604.02201,29,14,14,0,1438,1438,0,revision-added exploratory
qasper,qwen3,d147117ef24217c43252d917d45dff6e66ff807c,1712.00733,74,33,33,0,2653,2653,0,revision-added exploratory
qasper,qwen3,d1a4529ea32aaab5ca3b9d9ae5c16f146c23af6b,1809.08935,10,5,5,0,309,309,0,revision-added exploratory
qasper,qwen3,d206f2cbcc3d2a6bd0ccaa3b57fece396159f609,1805.00195,63,2,12,10,174,1345,1171,revision-added exploratory
qasper,qwen3,d207f78beb6cd754268881bf575c8f98000667ea,1705.02023,22,3,3,0,205,205,0,revision-added exploratory
qasper,qwen3,d211a37830c59aeab4970fdb2e03d9b7368b421c,1805.04558,131,76,76,0,1866,1866,0,revision-added exploratory
qasper,qwen3,d2d9c7177728987d9e8b0c44549bbe03c8c00ef2,1906.05685,48,2,2,0,88,88,0,revision-added exploratory
qasper,qwen3,d2f91303cec132750a416192f67c8ac1d3cf6fc0,1708.07252,62,2,6,4,193,498,305,revision-added exploratory
qasper,qwen3,d323f0d65b57b30ae85fb9f24298927a3d1216e9,1810.12897,25,2,8,6,207,693,486,revision-added exploratory
qasper,qwen3,d36a6447bfe58204e0d29f9213d84be04d875624,1906.08871,38,3,34,31,116,2360,2244,revision-added exploratory
qasper,qwen3,d38b3e0896b105d171e69ce34c689e4a7e934522,1912.10162,37,1,10,9,134,719,585,revision-added exploratory
qasper,qwen3,d3cfbe497a30b750a8de3ea7f2cecf4753a4e1f9,1905.09439,22,1,1,0,72,72,0,revision-added exploratory
qasper,qwen3,d3fb0d84d763cb38f400b7de3daaa59ed2a1b0ab,1707.07212,52,23,23,0,1832,1832,0,revision-added exploratory
qasper,qwen3,d418bf6595b1b51a114f28ac8a6909c278838aeb,1908.10149,30,13,13,0,1568,1568,0,revision-added exploratory
qasper,qwen3,d4b84f48460517bc0a6d4e0c38f6853c58081166,1804.01155,55,1,21,20,59,3556,3497,revision-added exploratory
qasper,qwen3,d5c393df758dec6ea6827ae5b887eb6c303a4f4d,1612.05202,43,5,5,0,265,265,0,revision-added exploratory
qasper,qwen3,d622564b250cffbb9ebbe6636326b15ec3c622d9,1902.10246,24,1,1,0,50,50,0,revision-added exploratory
qasper,qwen3,d64fa192a7e9918c6a22d819abad581af0644c7d,1802.08969,106,6,43,37,342,2027,1685,revision-added exploratory
qasper,qwen3,d66550f65484696c1284903708b87809ea705786,1805.04833,52,38,38,0,2232,2232,0,revision-added exploratory
qasper,qwen3,d66c31f24f582c499309a435ec3c688dc3a41313,1907.00937,39,2,2,0,188,188,0,revision-added exploratory
qasper,qwen3,d68cc9aaf0466b97354600a5646c3be4512fc096,2004.03090,28,3,11,8,310,932,622,revision-added exploratory
qasper,qwen3,d6a815d24c46557827d8aca65d3ffd008ac1bc07,1803.02914,25,1,2,1,126,169,43,revision-added exploratory
qasper,qwen3,d6b0c71721ed24ef1d9bd31ed3a266b0c7fc9b57,1704.06960,64,5,10,5,307,647,340,revision-added exploratory
qasper,qwen3,d7799d26fe39302c4aff5b530aa691e8653fffe8,1803.09000,38,3,3,0,145,145,0,revision-added exploratory
qasper,qwen3,d8ae36ae1b4d3af5b59ebd24efe94796101c1c12,1802.02614,46,1,1,0,128,128,0,revision-added exploratory
qasper,qwen3,d9354c0bb32ec037ff2aacfed58d57887a713163,1707.07212,52,15,49,34,695,3214,2519,revision-added exploratory
qasper,qwen3,d976c22e9d068e4e31fb46e929023459f8290a63,1903.10548,7,1,1,0,70,70,0,revision-added exploratory
qasper,qwen3,d97843afec733410d2c580b4ec98ebca5abf2631,1607.00167,15,7,7,0,513,513,0,revision-added exploratory
qasper,qwen3,d98148f65d893101fa9e18aaf549058712485436,1709.04005,51,3,3,0,292,292,0,revision-added exploratory
qasper,qwen3,d9949dd4865e79c53284932d868ca8fd10d55e70,2003.07459,28,3,3,0,344,344,0,revision-added exploratory
qasper,qwen3,d9a45fea8539aac01dec01f29b7d04b44b9c2ca6,1909.01720,69,8,9,1,547,671,124,revision-added exploratory
qasper,qwen3,d9e7633004ed1bc1ee45be58409bcc1fa6db59b2,1908.11049,45,1,10,9,41,1077,1036,revision-added exploratory
qasper,qwen3,da077b385d619305033785af5b204696d6145bd8,1911.02747,29,6,8,2,733,974,241,revision-added exploratory
qasper,qwen3,da0a2195bbf6736119ff32493898d2aadffcbcb8,1605.05166,60,1,11,10,81,1117,1036,revision-added exploratory
qasper,qwen3,da21bcaa8e3a9eadc8a5194fd57ae797e93c3049,2004.01970,38,1,1,0,81,81,0,revision-added exploratory
qasper,qwen3,dc473819b196c0ea922773e173a6b283fa778791,1605.05156,26,1,2,1,138,196,58,revision-added exploratory
qasper,qwen3,dce27c49b9bf1919ca545e04663507d83bb42dbe,1808.10006,50,18,28,10,1645,2147,502,revision-added exploratory
qasper,qwen3,dd81f58c782169886235c48b8f9a08e0954dd3ae,2003.12660,26,5,8,3,165,262,97,revision-added exploratory
qasper,qwen3,de0154affd86c608c457bf83d888bbd1f879df93,1911.12722,54,2,40,38,292,3522,3230,revision-added exploratory
qasper,qwen3,de0d135b94ba3b3a4f4a0fb03df38a84f9dc9da4,1909.02322,29,1,1,0,116,116,0,revision-added exploratory
qasper,qwen3,de313b5061fc22e8ffef1706445728de298eae31,1811.01183,50,2,20,18,168,1310,1142,revision-added exploratory
qasper,qwen3,de344aeb089affebd15a8c370ae9ab5734e99203,1803.06745,41,2,2,0,208,208,0,revision-added exploratory
qasper,qwen3,de580e43614ee38d2d9fc6263ff96e6ca2b54eb5,1911.01214,74,23,23,0,1994,1994,0,revision-added exploratory
qasper,qwen3,de689a17b0b9fb6bbb80e9b85fb44b36b56de2fd,2003.07459,28,2,2,0,259,259,0,revision-added exploratory
qasper,qwen3,df01e98095ba8765d9ab0d40c9e8ef34b64d3700,2002.04815,30,4,7,3,120,214,94,revision-added exploratory
qasper,qwen3,df4895c6ae426006e75c511a304d56d37c42a1c7,1805.11850,17,1,1,0,140,140,0,revision-added exploratory
qasper,qwen3,df623717255ea2c9e0f846859d8a9ef51dc1102b,1606.02892,49,1,1,0,91,91,0,revision-added exploratory
qasper,qwen3,dfaeb8faf04505a4178945c933ba217e472979d8,1708.01065,53,35,46,11,1746,2669,923,revision-added exploratory
qasper,qwen3,dfdd309e56b71589b25412ba85b0a5d79a467ceb,1610.09722,69,1,1,0,73,73,0,revision-added exploratory
qasper,qwen3,e0b54906184a4ad87d127bed22194e62de38222b,1910.01340,46,11,23,12,847,1784,937,revision-added exploratory
qasper,qwen3,e0b8a2649e384bbdb17472f8da2c3df4134b1e57,1707.07568,38,15,15,0,906,906,0,revision-added exploratory
qasper,qwen3,e12166fa9d6f63c4e92252c95c6a7bc96977ebf4,1901.10619,68,1,1,0,98,98,0,revision-added exploratory
qasper,qwen3,e14e3e0944ec3290d1985e9a3da82a7df17575cd,1806.07042,52,3,25,22,404,2011,1607,revision-added exploratory
qasper,qwen3,e1ab241059ef1700738f885f051d724a7fcf283a,1707.09816,50,2,2,0,79,79,0,revision-added exploratory
qasper,qwen3,e381f1811774806be109f9b05896a2a3c5e1ef43,1710.11334,14,3,3,0,291,291,0,revision-added exploratory
qasper,qwen3,e3bafa432cd3e1225170ff04de2fdf1ede38c6ef,1805.11598,24,7,7,0,504,504,0,revision-added exploratory
qasper,qwen3,e3c44964eb6ddc554901244eb6595f26a9bae47e,1910.07154,36,6,6,0,200,200,0,revision-added exploratory
qasper,qwen3,e459760879f662b2205cbdc0f5396dbfe41323ae,1908.09590,53,1,15,14,117,1544,1427,revision-added exploratory
qasper,qwen3,e462efb58c71f186cd6b315a2d861cbb7171f65b,1906.04236,58,4,4,0,256,256,0,revision-added exploratory
qasper,qwen3,e56c1f0e9eabda41f929d0dfd5cfa50edd69fa89,1909.06708,30,1,1,0,49,49,0,revision-added exploratory
qasper,qwen3,e5b2eb6a49c163872054333f8670dd3f9563046a,2004.02334,53,1,1,0,69,69,0,revision-added exploratory
qasper,qwen3,e5be900e70ea86c019efb06438ba200e11773a7c,1909.13466,62,7,7,0,714,714,0,revision-added exploratory
qasper,qwen3,e5f8d2fc1332e982a54ee4b4c1f7f55e900d0b86,1811.04791,60,3,17,14,337,2145,1808,revision-added exploratory
qasper,qwen3,e6204daf4efeb752fdbd5c26e179efcb8ddd2807,1601.03313,57,1,1,0,120,120,0,revision-added exploratory
qasper,qwen3,e6bc11bd6cfd4b2138c29602b9b56fc5378a4293,1709.04491,19,2,2,0,434,434,0,revision-added exploratory
qasper,qwen3,e6f5444b7c08d79d4349e35d5298a63bb30e7004,1708.07252,62,10,19,9,641,1888,1247,revision-added exploratory
qasper,qwen3,e797634fa77e490783b349034f9e095ee570b7a9,1804.05253,26,5,5,0,446,446,0,revision-added exploratory
qasper,qwen3,e831ce6c406bf5d1c493162732e1b320abb71b6f,1908.07491,30,10,10,0,644,644,0,revision-added exploratory
qasper,qwen3,e8c3f59313df20db0cdd49b84a37c44da849fe17,2003.07459,28,2,2,0,283,283,0,revision-added exploratory
qasper,qwen3,e90425ac05a15dc145bbf3034e78b56e7cec36ac,1803.09000,38,4,4,0,150,150,0,revision-added exploratory
qasper,qwen3,e96b0d64c8d9fdd90235c499bf1ec562d2cbb8b2,1605.04278,123,30,30,0,1127,1127,0,revision-added exploratory
qasper,qwen3,e9a0a69eacd554141f56b60ab2d1912cc33f526a,1803.06745,41,1,1,0,37,37,0,revision-added exploratory
qasper,qwen3,ea6edf45f094586caf4684463287254d44b00e95,1907.12984,107,29,58,29,1992,4257,2265,revision-added exploratory
qasper,qwen3,eaacee4246f003d29a108fe857b5dd317287ecf1,1911.12559,22,3,19,16,170,1909,1739,revision-added exploratory
qasper,qwen3,eaae11ffd4ff955de2cd6389b888f5fd2c660a32,1910.14589,68,4,7,3,130,366,236,revision-added exploratory
qasper,qwen3,ead7704a64447dccd504951618d3be463eba86bf,1807.03674,23,1,1,0,119,119,0,revision-added exploratory
qasper,qwen3,eaed0b721cc3137b964f5265c7ecf76f565053e9,1806.03369,29,3,3,0,304,304,0,revision-added exploratory
qasper,qwen3,eafea4a24d103fdecf8f347c7d84daff6ef828a3,1611.01116,26,4,9,5,772,1370,598,revision-added exploratory
qasper,qwen3,eb653a5c59851eda313ece0bcd8c589b6155d73e,1908.02284,27,1,1,0,59,59,0,revision-added exploratory
qasper,qwen3,ebb4db9c24aa36db9954dd65ea079a798df80558,1908.09355,57,1,1,0,100,100,0,revision-added exploratory
qasper,qwen3,ebe1084a06abdabefffc66f029eeb0b69f114fd9,1810.02268,71,21,53,32,1088,2793,1705,revision-added exploratory
qasper,qwen3,ebe6b8ec141172f7fea66f0a896b3124276d4884,1911.11025,66,5,5,0,412,412,0,revision-added exploratory
qasper,qwen3,ec2045e0da92989642a5b5f2b1130c8bd765bcc5,1901.03253,68,2,2,0,70,70,0,revision-added exploratory
qasper,qwen3,ec39120fb879ae10452d3f244e1e32237047005a,2004.04060,39,11,31,20,654,1990,1336,revision-added exploratory
qasper,qwen3,ec54ae2f4811196fcaafa45e76130239e69995f9,1909.07158,55,1,1,0,72,72,0,revision-added exploratory
qasper,qwen3,ec62df859ad901bf0848f0a8b91eedc78dba5657,1909.05190,59,1,22,21,138,1523,1385,revision-added exploratory
qasper,qwen3,ec70c7c560e08cff2820bad93f5216bc0a469f5a,1908.11664,66,3,3,0,91,91,0,revision-added exploratory
qasper,qwen3,ec8f39d32084996ab825debd7113c71daac38b06,1606.07043,27,3,6,3,255,514,259,revision-added exploratory
qasper,qwen3,ecaa10a2d9927fa6ab6a954488f12aa6b42ddc1a,1909.04242,41,3,27,24,178,1817,1639,revision-added exploratory
qasper,qwen3,ed15a593d64a5ba58f63c021ae9fd8f50051a667,2001.05540,28,16,28,12,1655,2093,438,revision-added exploratory
qasper,qwen3,ed44f7e698d6124cb86791841d02fc6f8b4d862a,1908.11049,45,5,6,1,559,610,51,revision-added exploratory
qasper,qwen3,ed7ce13cd95f7664a5e4fc530dcf72dc3808dced,1712.02555,55,4,4,0,358,358,0,revision-added exploratory
qasper,qwen3,ee2c2fb01d67f4c58855bf23186cbd45cecbfa56,1606.07947,55,2,2,0,200,200,0,revision-added exploratory
qasper,qwen3,ef6304512652ba56bd13dbe282a5ce1d41a4f171,1909.03553,54,2,34,32,102,1602,1500,revision-added exploratory
qasper,qwen3,eff9192e05d23e9a67d10be0c89a7ab2b873995b,1910.09387,23,1,6,5,316,1156,840,revision-added exploratory
qasper,qwen3,f0404673085517eea708c5e91f32fb0f7728fa08,1607.03895,35,4,10,6,230,536,306,revision-added exploratory
qasper,qwen3,f0afc116809b70528226d37190e8e79e1e9cd11e,1906.05685,48,3,17,14,152,1180,1028,revision-added exploratory
qasper,qwen3,f11856814a57b86667179e1e275e4f99ff1bcad8,1707.06875,59,37,49,12,2956,3789,833,revision-added exploratory
qasper,qwen3,f15bc40960bd3f81bc791f43ab5c94c52378692d,1804.00982,18,1,14,13,89,1332,1243,revision-added exploratory
qasper,qwen3,f1a50f88898556ecdba8e9cac13ae54c11835945,1909.03553,54,16,16,0,1074,1074,0,revision-added exploratory
qasper,qwen3,f1d61b44105e651925d02a51e6d7ea10ea28ebd8,1909.00437,43,2,19,17,330,1836,1506,revision-added exploratory
qasper,qwen3,f1f7a040545c9501215d3391e267c7874f9a6004,1612.09535,60,5,10,5,363,598,235,revision-added exploratory
qasper,qwen3,f264612db9096caf938bd8ee4085848143b34f81,1605.05166,60,14,14,0,1445,1445,0,revision-added exploratory
qasper,qwen3,f2b1e87f61c65aaa99bcf9825de11ae237260270,1909.00786,57,24,24,0,1746,1746,0,revision-added exploratory
qasper,qwen3,f2b8a2ed5916d75cf568a931829a5a3cde2fc345,1801.05617,85,53,53,0,3845,3845,0,revision-added exploratory
qasper,qwen3,f2bcfdbebb418e7da165c19b8c7167719432ee48,1603.07252,50,7,19,12,512,1862,1350,revision-added exploratory
qasper,qwen3,f381b0ef693243d67657f6c34bbce015f6b1fd07,1603.08868,35,1,1,0,82,82,0,revision-added exploratory
qasper,qwen3,f3b4e52ba962a0004064132d123fd9b78d9e12e2,1907.12984,107,4,19,15,130,778,648,revision-added exploratory
qasper,qwen3,f3b851c9063192c86a3cc33b2328c02efa41b668,2003.08769,32,19,19,0,1229,1229,0,revision-added exploratory
qasper,qwen3,f40e23adc8245562c8677f0f86fa5175179b5422,1807.08089,47,13,25,12,1224,2005,781,revision-added exploratory
qasper,qwen3,f4e16b185b506713ff99acc4dbd9ec3208e4997b,1602.07563,120,22,67,45,1774,5771,3997,revision-added exploratory
qasper,qwen3,f52c9744a371104eb2677c181a7004f7a77d9dd3,1912.00342,115,38,38,0,2518,2518,0,revision-added exploratory
qasper,qwen3,f5513f9314b9d7b41518f98c6bc6d42b8555258d,1605.05166,60,39,56,17,2622,4085,1463,revision-added exploratory
qasper,qwen3,f5913e37039b9517a323ec700b712e898316161b,1711.03759,31,7,7,0,393,393,0,revision-added exploratory
qasper,qwen3,f5bc07df5c61dcb589a848bd36f4ce9c22abd46a,1703.10090,27,22,24,2,2658,2851,193,revision-added exploratory
qasper,qwen3,f61268905626c0b2a715282478a5e373adda516c,2003.07459,28,3,10,7,417,1423,1006,revision-added exploratory
qasper,qwen3,f637bba86cfb94ca8ac4b058faf839c257d5eaa0,1806.07042,52,14,14,0,1027,1027,0,revision-added exploratory
qasper,qwen3,f64449a21c452bc5395a0f0a49fb49825e6385f4,1909.04387,28,1,9,8,291,791,500,revision-added exploratory
qasper,qwen3,f71b95001dce46ee35cdbd8d177676de19ca2611,1911.07620,51,11,11,0,721,721,0,revision-added exploratory
qasper,qwen3,f741d32b92630328df30f674af16fbbefcad3f93,1805.09821,22,3,11,8,136,1023,887,revision-added exploratory
qasper,qwen3,f7662b11e87c1e051e13799413f3db459ac3e19c,1911.10742,54,9,53,44,537,5405,4868,revision-added exploratory
qasper,qwen3,f77d7cddef3e021d70e16b9e16cecfd4b8ee80d3,1606.07947,55,1,25,24,127,2015,1888,revision-added exploratory
qasper,qwen3,f7b91b99279833f9f489635eb8f77c6d13136098,1912.11980,61,3,26,23,306,2076,1770,revision-added exploratory
qasper,qwen3,f7d61648ae4bd46c603a271185c3adfac5fc5114,1909.00369,57,1,3,2,125,351,226,revision-added exploratory
qasper,qwen3,f7ee48dd32c666ef83a4ae4aa06bcde85dd8ec4b,1804.07445,34,23,23,0,1241,1241,0,revision-added exploratory
qasper,qwen3,f88f45ef563ea9e40c5767ab2eaa77f4700f95f8,2002.09616,65,3,3,0,123,123,0,revision-added exploratory
qasper,qwen3,f8bba20d1781ce2b14fad28d6eff024e5a6c2c02,1709.06365,75,1,5,4,187,717,530,revision-added exploratory
qasper,qwen3,f8f64da7172e72e684f0e024a19411b43629ff55,1804.05306,34,1,2,1,58,166,108,revision-added exploratory
qasper,qwen3,f92c344e9b1a986754277fd0f08a47dc3e5f9feb,1803.08419,61,4,5,1,311,524,213,revision-added exploratory
qasper,qwen3,f93bad406e004014618dd64f6c604b1a9ee6a371,1811.00127,64,29,29,0,1207,1207,0,revision-added exploratory
qasper,qwen3,f9ae1b31c1a60aacb9ef869e1cc6b0e70c6e5d8e,2002.04374,20,16,16,0,2085,2085,0,revision-added exploratory
qasper,qwen3,fa5f5f58f6277a1e433f80c9a92a5629d6d9a271,2002.09616,65,1,1,0,52,52,0,revision-added exploratory
qasper,qwen3,fa800a21469a70fa6490bfc67cabdcc8bf086fb5,1902.06734,43,5,5,0,425,425,0,revision-added exploratory
qasper,qwen3,fac273ecb3e72f2dc94cdbc797582d7225a8e070,1703.05320,60,14,28,14,1301,2340,1039,revision-added exploratory
qasper,qwen3,faffcc6ef27c1441e6528f924e320368430d8da3,1908.08917,43,1,10,9,214,2026,1812,revision-added exploratory
qasper,qwen3,fb06ed5cf9f04ff2039298af33384ca71ddbb461,1806.09652,34,3,3,0,200,200,0,revision-added exploratory
qasper,qwen3,fc62549a8f0922c09996a119b2b6a8b5e829e989,1701.03578,41,4,7,3,444,579,135,revision-added exploratory
qasper,qwen3,fcb0ac1934e2fd9f58f4b459e6853999a27844f9,2004.02214,55,1,1,0,37,37,0,revision-added exploratory
qasper,qwen3,fcdafaea5b1c9edee305b81f6865efc8b8dc50d3,1707.02892,71,7,7,0,169,169,0,revision-added exploratory
qasper,qwen3,fd651d19046966ca65d4bcf6f6ae9c66cdf13777,2002.10210,50,2,2,0,167,167,0,revision-added exploratory
qasper,qwen3,fd8a8eb69f07c584a76633f8802c2746f7236d64,1911.03642,42,2,2,0,242,242,0,revision-added exploratory
qasper,qwen3,fda47c68fd5f7b44bd539f83ded5882b96c36dd7,1704.03279,32,3,3,0,370,370,0,revision-added exploratory
qasper,qwen3,fe1a74449847755cd7a46647cc9d384abfee789e,1901.03253,68,1,1,0,23,23,0,revision-added exploratory
qasper,qwen3,fe52b093735bb456d7e699aa9a2b806d2b498ba0,1905.00840,31,3,6,3,262,751,489,revision-added exploratory
qasper,qwen3,fe6181ab0aecf5bc8c3def843f82e530347d918b,1911.09753,45,4,4,0,412,412,0,revision-added exploratory
qasper,qwen3,fea9b4d136156f23a88e5c7841874a467f2ba86d,1908.06259,41,1,1,0,86,86,0,revision-added exploratory
qasper,qwen3,fee498457774d9617068890ff29528e9fa05a2ac,2003.03728,34,2,22,20,53,1303,1250,revision-added exploratory
qasper,qwen3,fef5b65263c81299acc350a101dabaf5a8cb9c6e,1807.08089,47,1,1,0,60,60,0,revision-added exploratory
qasper,qwen3,ff36168caf48161db7039e3bd4732cef31d4de99,1909.11706,31,3,3,0,435,435,0,revision-added exploratory
scifact,bm25,100:4381486,100:4381486,8,1,1,0,20,20,0,revision-added exploratory
scifact,bm25,1012:9745001,1012:9745001,13,1,8,7,37,234,197,revision-added exploratory
scifact,bm25,1019:11603066,1019:11603066,8,2,2,0,52,52,0,revision-added exploratory
scifact,bm25,1020:9433958,1020:9433958,6,1,1,0,39,39,0,revision-added exploratory
scifact,bm25,1021:9433958,1020:9433958,6,1,1,0,39,39,0,revision-added exploratory
scifact,bm25,1024:5373138,1024:5373138,6,1,1,0,30,30,0,revision-added exploratory
scifact,bm25,1029:11899391,1029:11899391,8,1,1,0,55,55,0,revision-added exploratory
scifact,bm25,1029:13923140,1029:11899391,4,4,4,0,123,123,0,revision-added exploratory
scifact,bm25,1029:13940200,1029:11899391,4,2,2,0,98,98,0,revision-added exploratory
scifact,bm25,1041:25254425,1041:25254425,8,6,6,0,182,182,0,revision-added exploratory
scifact,bm25,1049:12486491,1049:12486491,7,5,5,0,117,117,0,revision-added exploratory
scifact,bm25,1062:20381484,1062:20381484,12,1,1,0,28,28,0,revision-added exploratory
scifact,bm25,1086:39281140,1086:39281140,11,1,6,5,27,166,139,revision-added exploratory
scifact,bm25,1088:37549932,1088:37549932,6,3,3,0,57,57,0,revision-added exploratory
scifact,bm25,1089:17628888,1089:17628888,9,3,3,0,88,88,0,revision-added exploratory
scifact,bm25,1104:3898784,1104:3898784,14,1,13,12,44,452,408,revision-added exploratory
scifact,bm25,1107:20532591,1107:20532591,7,2,2,0,29,29,0,revision-added exploratory
scifact,bm25,1110:13770184,1110:13770184,25,16,16,0,517,517,0,revision-added exploratory
scifact,bm25,1121:4456756,1121:4456756,8,5,5,0,151,151,0,revision-added exploratory
scifact,bm25,1130:17997584,1130:17997584,5,1,1,0,19,19,0,revision-added exploratory
scifact,bm25,1132:33499189,1132:33499189,6,5,5,0,108,108,0,revision-added exploratory
scifact,bm25,1137:33370,1137:33370,11,2,7,5,77,171,94,revision-added exploratory
scifact,bm25,113:6157837,113:6157837,10,2,3,1,61,100,39,revision-added exploratory
scifact,bm25,1140:12009265,1140:12009265,17,6,8,2,127,271,144,revision-added exploratory
scifact,bm25,1144:10071552,1144:10071552,9,2,7,5,45,284,239,revision-added exploratory
scifact,bm25,1146:13906581,1146:13906581,15,1,6,5,16,171,155,revision-added exploratory
scifact,bm25,1150:11369420,1150:11369420,8,4,6,2,90,126,36,revision-added exploratory
scifact,bm25,115:33872649,115:33872649,8,3,3,0,93,93,0,revision-added exploratory
scifact,bm25,1163:15305881,1163:15305881,8,1,1,0,28,28,0,revision-added exploratory
scifact,bm25,1180:31272411,1180:31272411,6,1,1,0,28,28,0,revision-added exploratory
scifact,bm25,1185:16737210,1185:16737210,13,1,1,0,27,27,0,revision-added exploratory
scifact,bm25,1187:52873726,1187:52873726,9,1,1,0,24,24,0,revision-added exploratory
scifact,bm25,118:6372244,118:6372244,5,1,3,2,21,71,50,revision-added exploratory
scifact,bm25,1202:3475317,1202:3475317,9,2,2,0,50,50,0,revision-added exploratory
scifact,bm25,1216:24142891,1216:24142891,8,1,1,0,19,19,0,revision-added exploratory
scifact,bm25,1221:19736671,1221:19736671,6,3,3,0,106,106,0,revision-added exploratory
scifact,bm25,1225:9650982,1225:9650982,5,1,1,0,65,65,0,revision-added exploratory
scifact,bm25,1232:13905670,1232:13905670,6,1,1,0,43,43,0,revision-added exploratory
scifact,bm25,1241:4427392,1241:4427392,8,8,8,0,260,260,0,revision-added exploratory
scifact,bm25,124:4883040,124:4883040,13,1,5,4,19,186,167,revision-added exploratory
scifact,bm25,1259:24341590,1259:24341590,14,3,12,9,96,348,252,revision-added exploratory
scifact,bm25,1262:44172171,1262:44172171,8,2,2,0,35,35,0,revision-added exploratory
scifact,bm25,1266:37480103,1266:37480103,14,1,2,1,12,102,90,revision-added exploratory
scifact,bm25,1270:13900610,1270:13900610,18,1,6,5,16,168,152,revision-added exploratory
scifact,bm25,1271:13768432,1271:13768432,13,4,7,3,79,185,106,revision-added exploratory
scifact,bm25,1273:11041152,1273:11041152,9,1,1,0,24,24,0,revision-added exploratory
scifact,bm25,1274:4406819,1274:4406819,8,4,7,3,112,188,76,revision-added exploratory
scifact,bm25,1290:4687948,1290:4687948,17,1,9,8,20,341,321,revision-added exploratory
scifact,bm25,1298:11718220,1298:11718220,16,1,6,5,22,142,120,revision-added exploratory
scifact,bm25,129:27768226,129:27768226,42,2,25,23,39,717,678,revision-added exploratory
scifact,bm25,1303:12631697,1303:12631697,6,1,2,1,24,58,34,revision-added exploratory
scifact,bm25,130:27768226,129:27768226,42,1,25,24,20,717,697,revision-added exploratory
scifact,bm25,1319:16284655,1319:16284655,7,3,3,0,71,71,0,revision-added exploratory
scifact,bm25,1320:16284655,1319:16284655,7,6,6,0,140,140,0,revision-added exploratory
scifact,bm25,1335:27910499,1335:27910499,7,4,4,0,105,105,0,revision-added exploratory
scifact,bm25,1336:27910499,1335:27910499,7,3,3,0,80,80,0,revision-added exploratory
scifact,bm25,1337:20231138,1337:20231138,8,1,1,0,27,27,0,revision-added exploratory
scifact,bm25,1339:15482274,1339:15482274,12,3,8,5,119,230,111,revision-added exploratory
scifact,bm25,133:16280642,133:16280642,8,3,3,0,91,91,0,revision-added exploratory
scifact,bm25,1352:12885341,1352:12885341,7,3,4,1,75,100,25,revision-added exploratory
scifact,bm25,1359:11614737,1359:11614737,16,5,5,0,139,139,0,revision-added exploratory
scifact,bm25,1368:2425364,1368:2425364,13,1,10,9,21,247,226,revision-added exploratory
scifact,bm25,1370:2425364,1368:2425364,13,3,13,10,64,274,210,revision-added exploratory
scifact,bm25,1379:16322674,1379:16322674,12,1,6,5,90,274,184,revision-added exploratory
scifact,bm25,1379:17450673,1379:16322674,10,1,1,0,88,88,0,revision-added exploratory
scifact,bm25,1379:23557241,1379:16322674,11,2,2,0,62,62,0,revision-added exploratory
scifact,bm25,1379:27123743,1379:16322674,9,1,2,1,37,54,17,revision-added exploratory
scifact,bm25,137:26016929,137:26016929,13,3,3,0,68,68,0,revision-added exploratory
scifact,bm25,1382:17755060,1382:17755060,6,4,6,2,113,145,32,revision-added exploratory
scifact,bm25,1385:306006,1385:306006,6,1,1,0,19,19,0,revision-added exploratory
scifact,bm25,1389:23895668,1389:23895668,5,2,2,0,49,49,0,revision-added exploratory
scifact,bm25,141:14437255,141:14437255,15,1,13,12,25,320,295,revision-added exploratory
scifact,bm25,142:10582939,142:10582939,14,1,1,0,76,76,0,revision-added exploratory
scifact,bm25,143:10582939,142:10582939,14,1,1,0,76,76,0,revision-added exploratory
scifact,bm25,146:10582939,142:10582939,14,1,7,6,76,263,187,revision-added exploratory
scifact,bm25,148:1084345,148:1084345,6,1,1,0,41,41,0,revision-added exploratory
scifact,bm25,163:18872233,163:18872233,13,7,12,5,179,304,125,revision-added exploratory
scifact,bm25,171:12670680,171:12670680,5,2,5,3,55,165,110,revision-added exploratory
scifact,bm25,179:16322674,1379:16322674,12,1,11,10,90,390,300,revision-added exploratory
scifact,bm25,179:17450673,1379:16322674,10,1,7,6,88,277,189,revision-added exploratory
scifact,bm25,179:23557241,1379:16322674,11,1,1,0,47,47,0,revision-added exploratory
scifact,bm25,179:27123743,1379:16322674,9,1,4,3,37,76,39,revision-added exploratory
scifact,bm25,180:16966326,180:16966326,7,2,2,0,61,61,0,revision-added exploratory
scifact,bm25,183:12827098,183:12827098,6,1,1,0,23,23,0,revision-added exploratory
scifact,bm25,185:18340282,185:18340282,8,3,5,2,82,198,116,revision-added exploratory
scifact,bm25,208:13519661,208:13519661,10,1,1,0,31,31,0,revision-added exploratory
scifact,bm25,212:22038539,212:22038539,9,1,9,8,29,205,176,revision-added exploratory
scifact,bm25,216:21366394,216:21366394,7,1,1,0,38,38,0,revision-added exploratory
scifact,bm25,217:21366394,216:21366394,7,1,1,0,38,38,0,revision-added exploratory
scifact,bm25,218:21366394,216:21366394,7,1,6,5,23,169,146,revision-added exploratory
scifact,bm25,219:21366394,216:21366394,7,2,6,4,57,169,112,revision-added exploratory
scifact,bm25,230:3067015,230:3067015,10,2,2,0,58,58,0,revision-added exploratory
scifact,bm25,233:4388470,233:4388470,8,1,5,4,22,132,110,revision-added exploratory
scifact,bm25,236:4388470,233:4388470,8,1,5,4,22,132,110,revision-added exploratory
scifact,bm25,239:14079881,239:14079881,12,11,12,1,201,242,41,revision-added exploratory
scifact,bm25,248:1568684,248:1568684,7,1,4,3,10,78,68,revision-added exploratory
scifact,bm25,249:1568684,248:1568684,7,1,4,3,10,78,68,revision-added exploratory
scifact,bm25,261:10697096,261:10697096,13,3,3,0,65,65,0,revision-added exploratory
scifact,bm25,261:1122279,261:10697096,11,9,9,0,235,235,0,revision-added exploratory
scifact,bm25,274:11614737,1359:11614737,16,2,4,2,30,142,112,revision-added exploratory
scifact,bm25,275:14241418,275:14241418,11,4,4,0,100,100,0,revision-added exploratory
scifact,bm25,275:4961038,275:14241418,9,1,2,1,27,60,33,revision-added exploratory
scifact,bm25,279:14376683,279:14376683,10,2,2,0,59,59,0,revision-added exploratory
scifact,bm25,295:20310709,295:20310709,7,4,5,1,102,127,25,revision-added exploratory
scifact,bm25,298:39381118,298:39381118,5,1,1,0,28,28,0,revision-added exploratory
scifact,bm25,314:4347374,314:4347374,7,6,6,0,179,179,0,revision-added exploratory
scifact,bm25,327:17997584,1130:17997584,5,1,1,0,30,30,0,revision-added exploratory
scifact,bm25,338:23349986,338:23349986,17,1,12,11,26,273,247,revision-added exploratory
scifact,bm25,343:5884524,343:5884524,10,9,9,0,273,273,0,revision-added exploratory
scifact,bm25,380:19005293,380:19005293,5,1,1,0,38,38,0,revision-added exploratory
scifact,bm25,385:9955779,385:9955779,6,3,3,0,86,86,0,revision-added exploratory
scifact,bm25,386:16495649,386:16495649,12,1,7,6,16,131,115,revision-added exploratory
scifact,bm25,399:791050,399:791050,13,2,8,6,45,275,230,revision-added exploratory
scifact,bm25,3:14717500,3:14717500,8,2,6,4,68,233,165,revision-added exploratory
scifact,bm25,415:6309659,415:6309659,14,3,3,0,132,132,0,revision-added exploratory
scifact,bm25,42:18174210,42:18174210,14,2,8,6,57,262,205,revision-added exploratory
scifact,bm25,431:28937856,431:28937856,6,2,2,0,39,39,0,revision-added exploratory
scifact,bm25,436:14637235,436:14637235,6,1,2,1,25,53,28,revision-added exploratory
scifact,bm25,443:10165258,443:10165258,7,7,7,0,176,176,0,revision-added exploratory
scifact,bm25,452:12804937,452:12804937,4,3,3,0,69,69,0,revision-added exploratory
scifact,bm25,452:464511,452:12804937,7,1,1,0,11,11,0,revision-added exploratory
scifact,bm25,475:18678095,475:18678095,8,1,1,0,11,11,0,revision-added exploratory
scifact,bm25,48:13734012,48:13734012,9,8,8,0,296,296,0,revision-added exploratory
scifact,bm25,49:5953485,49:5953485,5,1,5,4,37,145,108,revision-added exploratory
scifact,bm25,501:17930286,501:17930286,16,1,1,0,15,15,0,revision-added exploratory
scifact,bm25,50:12580014,50:12580014,4,1,1,0,36,36,0,revision-added exploratory
scifact,bm25,513:13230773,513:13230773,12,2,2,0,49,49,0,revision-added exploratory
scifact,bm25,516:29564505,516:29564505,15,3,9,6,123,340,217,revision-added exploratory
scifact,bm25,51:45638119,51:45638119,6,1,1,0,17,17,0,revision-added exploratory
scifact,bm25,521:34873974,521:34873974,17,1,1,0,27,27,0,revision-added exploratory
scifact,bm25,525:13639330,525:13639330,4,2,2,0,61,61,0,revision-added exploratory
scifact,bm25,528:5476778,528:5476778,15,2,2,0,55,55,0,revision-added exploratory
scifact,bm25,532:12991445,532:12991445,13,6,13,7,138,341,203,revision-added exploratory
scifact,bm25,533:12991445,532:12991445,13,6,13,7,138,341,203,revision-added exploratory
scifact,bm25,536:16056514,536:16056514,7,3,3,0,112,112,0,revision-added exploratory
scifact,bm25,539:13282296,539:13282296,13,7,10,3,212,356,144,revision-added exploratory
scifact,bm25,53:45638119,51:45638119,6,1,1,0,17,17,0,revision-added exploratory
scifact,bm25,540:11886686,540:11886686,8,7,7,0,147,147,0,revision-added exploratory
scifact,bm25,549:9433958,1020:9433958,6,1,1,0,39,39,0,revision-added exploratory
scifact,bm25,54:49556906,54:49556906,8,1,4,3,27,94,67,revision-added exploratory
scifact,bm25,569:23460562,569:23460562,7,1,1,0,39,39,0,revision-added exploratory
scifact,bm25,56:4709641,56:4709641,6,1,1,0,58,58,0,revision-added exploratory
scifact,bm25,578:8764879,578:8764879,9,1,6,5,21,175,154,revision-added exploratory
scifact,bm25,57:4709641,56:4709641,6,1,1,0,58,58,0,revision-added exploratory
scifact,bm25,589:10984005,589:10984005,14,1,9,8,31,263,232,revision-added exploratory
scifact,bm25,593:19675911,593:19675911,10,7,7,0,226,226,0,revision-added exploratory
scifact,bm25,597:12779444,597:12779444,3,1,1,0,85,85,0,revision-added exploratory
scifact,bm25,597:25742130,597:12779444,12,2,2,0,25,25,0,revision-added exploratory
scifact,bm25,597:36355784,597:12779444,15,14,14,0,204,204,0,revision-added exploratory
scifact,bm25,598:25742130,597:12779444,12,3,8,5,58,163,105,revision-added exploratory
scifact,bm25,5:13734012,48:13734012,9,5,5,0,134,134,0,revision-added exploratory
scifact,bm25,613:9638032,613:9638032,7,2,2,0,63,63,0,revision-added exploratory
scifact,bm25,619:20888849,619:20888849,5,2,2,0,58,58,0,revision-added exploratory
scifact,bm25,636:24294572,636:24294572,8,3,3,0,80,80,0,revision-added exploratory
scifact,bm25,641:5912283,641:5912283,14,5,8,3,146,231,85,revision-added exploratory
scifact,bm25,674:2095573,674:2095573,12,1,1,0,13,13,0,revision-added exploratory
scifact,bm25,692:24088502,692:24088502,11,1,11,10,30,313,283,revision-added exploratory
scifact,bm25,693:24088502,692:24088502,11,1,11,10,30,313,283,revision-added exploratory
scifact,bm25,70:4414547,70:4414547,9,2,2,0,62,62,0,revision-added exploratory
scifact,bm25,70:5956380,70:4414547,8,2,2,0,42,42,0,revision-added exploratory
scifact,bm25,718:17587795,718:17587795,8,3,3,0,61,61,0,revision-added exploratory
scifact,bm25,721:1834762,721:1834762,6,1,1,0,23,23,0,revision-added exploratory
scifact,bm25,723:5531479,723:5531479,7,1,7,6,14,140,126,revision-added exploratory
scifact,bm25,728:36444198,728:36444198,12,2,6,4,59,112,53,revision-added exploratory
scifact,bm25,729:26851674,729:26851674,6,2,2,0,54,54,0,revision-added exploratory
scifact,bm25,742:32159283,742:32159283,11,1,1,0,15,15,0,revision-added exploratory
scifact,bm25,743:32159283,742:32159283,11,2,2,0,44,44,0,revision-added exploratory
scifact,bm25,744:8460275,744:8460275,8,2,2,0,34,34,0,revision-added exploratory
scifact,bm25,756:2831620,756:2831620,5,5,5,0,140,140,0,revision-added exploratory
scifact,bm25,759:1805641,759:1805641,16,7,7,0,209,209,0,revision-added exploratory
scifact,bm25,770:15476777,770:15476777,20,3,3,0,62,62,0,revision-added exploratory
scifact,bm25,781:24338780,781:24338780,7,1,5,4,35,110,75,revision-added exploratory
scifact,bm25,784:2356950,784:2356950,7,4,4,0,91,91,0,revision-added exploratory
scifact,bm25,793:8551160,793:8551160,6,2,2,0,21,21,0,revision-added exploratory
scifact,bm25,805:22180793,805:22180793,8,1,5,4,13,93,80,revision-added exploratory
scifact,bm25,808:36606083,808:36606083,5,1,1,0,31,31,0,revision-added exploratory
scifact,bm25,811:19799455,811:19799455,11,2,3,1,41,76,35,revision-added exploratory
scifact,bm25,823:15319019,823:15319019,16,4,4,0,106,106,0,revision-added exploratory
scifact,bm25,832:30303335,832:30303335,8,1,6,5,23,125,102,revision-added exploratory
scifact,bm25,837:15928989,837:15928989,10,1,6,5,31,133,102,revision-added exploratory
scifact,bm25,839:1469751,839:1469751,4,2,4,2,76,153,77,revision-added exploratory
scifact,bm25,845:17741440,845:17741440,3,1,1,0,29,29,0,revision-added exploratory
scifact,bm25,847:16787954,847:16787954,7,2,2,0,52,52,0,revision-added exploratory
scifact,bm25,852:13843341,852:13843341,11,1,5,4,20,151,131,revision-added exploratory
scifact,bm25,859:1982286,859:1982286,6,1,1,0,36,36,0,revision-added exploratory
scifact,bm25,873:1180972,873:1180972,8,1,8,7,33,204,171,revision-added exploratory
scifact,bm25,873:19307912,873:1180972,10,2,3,1,52,72,20,revision-added exploratory
scifact,bm25,873:27393799,873:1180972,10,9,9,0,237,237,0,revision-added exploratory
scifact,bm25,873:29025270,873:1180972,6,3,6,3,111,197,86,revision-added exploratory
scifact,bm25,873:3315558,873:1180972,6,2,6,4,31,112,81,revision-added exploratory
scifact,bm25,879:8426046,879:8426046,7,3,3,0,76,76,0,revision-added exploratory
scifact,bm25,880:8426046,879:8426046,7,1,1,0,32,32,0,revision-added exploratory
scifact,bm25,882:14803797,882:14803797,8,2,2,0,43,43,0,revision-added exploratory
scifact,bm25,903:10648422,903:10648422,6,1,2,1,27,63,36,revision-added exploratory
scifact,bm25,904:7370282,904:7370282,7,1,1,0,20,20,0,revision-added exploratory
scifact,bm25,911:11254556,911:11254556,10,1,2,1,24,72,48,revision-added exploratory
scifact,bm25,921:1642727,921:1642727,15,4,11,7,90,317,227,revision-added exploratory
scifact,bm25,922:17077004,922:17077004,10,1,3,2,22,101,79,revision-added exploratory
scifact,bm25,936:5483793,936:5483793,6,1,1,0,21,21,0,revision-added exploratory
scifact,bm25,957:123859,957:123859,7,5,5,0,121,121,0,revision-added exploratory
scifact,bm25,960:8780599,960:8780599,9,2,3,1,57,84,27,revision-added exploratory
scifact,bm25,967:8997410,967:8997410,6,6,6,0,193,193,0,revision-added exploratory
scifact,bm25,971:27873158,971:27873158,24,1,7,6,22,227,205,revision-added exploratory
scifact,bm25,971:28617573,971:27873158,17,6,6,0,219,219,0,revision-added exploratory
scifact,bm25,971:46695481,971:27873158,11,1,2,1,47,86,39,revision-added exploratory
scifact,bm25,971:9764256,971:27873158,20,11,11,0,371,371,0,revision-added exploratory
scifact,bm25,982:2988714,982:2988714,8,4,4,0,87,87,0,revision-added exploratory
scifact,bm25,985:6828370,985:6828370,8,3,3,0,74,74,0,revision-added exploratory
scifact,bm25,993:16472469,993:16472469,8,2,2,0,43,43,0,revision-added exploratory
scifact,tfidf,100:4381486,100:4381486,8,1,1,0,20,20,0,revision-added exploratory
scifact,tfidf,1012:9745001,1012:9745001,13,2,9,7,59,248,189,revision-added exploratory
scifact,tfidf,1019:11603066,1019:11603066,8,2,2,0,52,52,0,revision-added exploratory
scifact,tfidf,1020:9433958,1020:9433958,6,1,1,0,39,39,0,revision-added exploratory
scifact,tfidf,1021:9433958,1020:9433958,6,1,1,0,39,39,0,revision-added exploratory
scifact,tfidf,1024:5373138,1024:5373138,6,2,2,0,60,60,0,revision-added exploratory
scifact,tfidf,1029:11899391,1029:11899391,8,1,1,0,55,55,0,revision-added exploratory
scifact,tfidf,1029:13923140,1029:11899391,4,4,4,0,123,123,0,revision-added exploratory
scifact,tfidf,1029:13940200,1029:11899391,4,2,2,0,98,98,0,revision-added exploratory
scifact,tfidf,1041:25254425,1041:25254425,8,5,5,0,130,130,0,revision-added exploratory
scifact,tfidf,1049:12486491,1049:12486491,7,5,5,0,117,117,0,revision-added exploratory
scifact,tfidf,1062:20381484,1062:20381484,12,1,1,0,28,28,0,revision-added exploratory
scifact,tfidf,1086:39281140,1086:39281140,11,1,6,5,27,166,139,revision-added exploratory
scifact,tfidf,1088:37549932,1088:37549932,6,4,4,0,77,77,0,revision-added exploratory
scifact,tfidf,1089:17628888,1089:17628888,9,5,5,0,154,154,0,revision-added exploratory
scifact,tfidf,1104:3898784,1104:3898784,14,1,13,12,19,452,433,revision-added exploratory
scifact,tfidf,1107:20532591,1107:20532591,7,1,1,0,16,16,0,revision-added exploratory
scifact,tfidf,1110:13770184,1110:13770184,25,16,16,0,517,517,0,revision-added exploratory
scifact,tfidf,1121:4456756,1121:4456756,8,5,5,0,151,151,0,revision-added exploratory
scifact,tfidf,1130:17997584,1130:17997584,5,1,1,0,19,19,0,revision-added exploratory
scifact,tfidf,1132:33499189,1132:33499189,6,6,6,0,138,138,0,revision-added exploratory
scifact,tfidf,1137:33370,1137:33370,11,2,7,5,77,171,94,revision-added exploratory
scifact,tfidf,113:6157837,113:6157837,10,2,3,1,61,100,39,revision-added exploratory
scifact,tfidf,1140:12009265,1140:12009265,17,5,12,7,104,360,256,revision-added exploratory
scifact,tfidf,1144:10071552,1144:10071552,9,2,9,7,45,362,317,revision-added exploratory
scifact,tfidf,1146:13906581,1146:13906581,15,1,6,5,16,171,155,revision-added exploratory
scifact,tfidf,1150:11369420,1150:11369420,8,4,6,2,90,126,36,revision-added exploratory
scifact,tfidf,115:33872649,115:33872649,8,2,2,0,59,59,0,revision-added exploratory
scifact,tfidf,1163:15305881,1163:15305881,8,2,2,0,49,49,0,revision-added exploratory
scifact,tfidf,1180:31272411,1180:31272411,6,1,1,0,28,28,0,revision-added exploratory
scifact,tfidf,1185:16737210,1185:16737210,13,1,1,0,27,27,0,revision-added exploratory
scifact,tfidf,1187:52873726,1187:52873726,9,1,1,0,24,24,0,revision-added exploratory
scifact,tfidf,118:6372244,118:6372244,5,1,3,2,21,71,50,revision-added exploratory
scifact,tfidf,1202:3475317,1202:3475317,9,3,3,0,88,88,0,revision-added exploratory
scifact,tfidf,1216:24142891,1216:24142891,8,1,1,0,19,19,0,revision-added exploratory
scifact,tfidf,1221:19736671,1221:19736671,6,3,3,0,95,95,0,revision-added exploratory
scifact,tfidf,1225:9650982,1225:9650982,5,1,1,0,65,65,0,revision-added exploratory
scifact,tfidf,1232:13905670,1232:13905670,6,1,1,0,43,43,0,revision-added exploratory
scifact,tfidf,1241:4427392,1241:4427392,8,8,8,0,260,260,0,revision-added exploratory
scifact,tfidf,124:4883040,124:4883040,13,1,8,7,19,253,234,revision-added exploratory
scifact,tfidf,1259:24341590,1259:24341590,14,4,12,8,111,348,237,revision-added exploratory
scifact,tfidf,1262:44172171,1262:44172171,8,1,1,0,10,10,0,revision-added exploratory
scifact,tfidf,1266:37480103,1266:37480103,14,1,4,3,12,169,157,revision-added exploratory
scifact,tfidf,1270:13900610,1270:13900610,18,1,5,4,16,124,108,revision-added exploratory
scifact,tfidf,1271:13768432,1271:13768432,13,5,8,3,103,196,93,revision-added exploratory
scifact,tfidf,1273:11041152,1273:11041152,9,1,1,0,24,24,0,revision-added exploratory
scifact,tfidf,1274:4406819,1274:4406819,8,5,6,1,131,167,36,revision-added exploratory
scifact,tfidf,1290:4687948,1290:4687948,17,1,10,9,20,373,353,revision-added exploratory
scifact,tfidf,1298:11718220,1298:11718220,16,1,6,5,22,142,120,revision-added exploratory
scifact,tfidf,129:27768226,129:27768226,42,2,23,21,39,672,633,revision-added exploratory
scifact,tfidf,1303:12631697,1303:12631697,6,1,2,1,34,58,24,revision-added exploratory
scifact,tfidf,130:27768226,129:27768226,42,1,23,22,20,672,652,revision-added exploratory
scifact,tfidf,1319:16284655,1319:16284655,7,3,3,0,71,71,0,revision-added exploratory
scifact,tfidf,1320:16284655,1319:16284655,7,6,6,0,140,140,0,revision-added exploratory
scifact,tfidf,1335:27910499,1335:27910499,7,4,4,0,105,105,0,revision-added exploratory
scifact,tfidf,1336:27910499,1335:27910499,7,3,3,0,80,80,0,revision-added exploratory
scifact,tfidf,1337:20231138,1337:20231138,8,1,1,0,27,27,0,revision-added exploratory
scifact,tfidf,1339:15482274,1339:15482274,12,2,9,7,62,255,193,revision-added exploratory
scifact,tfidf,133:16280642,133:16280642,8,3,3,0,91,91,0,revision-added exploratory
scifact,tfidf,1352:12885341,1352:12885341,7,3,4,1,75,100,25,revision-added exploratory
scifact,tfidf,1359:11614737,1359:11614737,16,5,5,0,139,139,0,revision-added exploratory
scifact,tfidf,1368:2425364,1368:2425364,13,1,10,9,21,247,226,revision-added exploratory
scifact,tfidf,1370:2425364,1368:2425364,13,4,13,9,103,274,171,revision-added exploratory
scifact,tfidf,1379:16322674,1379:16322674,12,5,6,1,220,274,54,revision-added exploratory
scifact,tfidf,1379:17450673,1379:16322674,10,1,1,0,88,88,0,revision-added exploratory
scifact,tfidf,1379:23557241,1379:16322674,11,3,3,0,74,74,0,revision-added exploratory
scifact,tfidf,1379:27123743,1379:16322674,9,1,3,2,37,60,23,revision-added exploratory
scifact,tfidf,137:26016929,137:26016929,13,3,3,0,68,68,0,revision-added exploratory
scifact,tfidf,1382:17755060,1382:17755060,6,4,6,2,113,145,32,revision-added exploratory
scifact,tfidf,1385:306006,1385:306006,6,1,1,0,19,19,0,revision-added exploratory
scifact,tfidf,1389:23895668,1389:23895668,5,2,2,0,49,49,0,revision-added exploratory
scifact,tfidf,141:14437255,141:14437255,15,1,14,13,25,345,320,revision-added exploratory
scifact,tfidf,142:10582939,142:10582939,14,1,1,0,76,76,0,revision-added exploratory
scifact,tfidf,143:10582939,142:10582939,14,1,1,0,76,76,0,revision-added exploratory
scifact,tfidf,146:10582939,142:10582939,14,1,7,6,76,293,217,revision-added exploratory
scifact,tfidf,148:1084345,148:1084345,6,1,1,0,41,41,0,revision-added exploratory
scifact,tfidf,163:18872233,163:18872233,13,9,12,3,227,304,77,revision-added exploratory
scifact,tfidf,171:12670680,171:12670680,5,2,5,3,55,165,110,revision-added exploratory
scifact,tfidf,179:16322674,1379:16322674,12,1,11,10,28,390,362,revision-added exploratory
scifact,tfidf,179:17450673,1379:16322674,10,1,7,6,88,277,189,revision-added exploratory
scifact,tfidf,179:23557241,1379:16322674,11,2,2,0,77,77,0,revision-added exploratory
scifact,tfidf,179:27123743,1379:16322674,9,1,4,3,37,76,39,revision-added exploratory
scifact,tfidf,180:16966326,180:16966326,7,2,2,0,61,61,0,revision-added exploratory
scifact,tfidf,183:12827098,183:12827098,6,1,1,0,23,23,0,revision-added exploratory
scifact,tfidf,185:18340282,185:18340282,8,3,5,2,82,198,116,revision-added exploratory
scifact,tfidf,208:13519661,208:13519661,10,1,1,0,31,31,0,revision-added exploratory
scifact,tfidf,212:22038539,212:22038539,9,1,9,8,29,205,176,revision-added exploratory
scifact,tfidf,216:21366394,216:21366394,7,1,1,0,38,38,0,revision-added exploratory
scifact,tfidf,217:21366394,216:21366394,7,1,1,0,38,38,0,revision-added exploratory
scifact,tfidf,218:21366394,216:21366394,7,1,6,5,34,169,135,revision-added exploratory
scifact,tfidf,219:21366394,216:21366394,7,1,6,5,34,169,135,revision-added exploratory
scifact,tfidf,230:3067015,230:3067015,10,2,2,0,58,58,0,revision-added exploratory
scifact,tfidf,233:4388470,233:4388470,8,1,6,5,22,166,144,revision-added exploratory
scifact,tfidf,236:4388470,233:4388470,8,1,6,5,22,166,144,revision-added exploratory
scifact,tfidf,239:14079881,239:14079881,12,11,12,1,201,242,41,revision-added exploratory
scifact,tfidf,248:1568684,248:1568684,7,1,4,3,10,78,68,revision-added exploratory
scifact,tfidf,249:1568684,248:1568684,7,1,4,3,10,78,68,revision-added exploratory
scifact,tfidf,261:10697096,261:10697096,13,3,3,0,65,65,0,revision-added exploratory
scifact,tfidf,261:1122279,261:10697096,11,9,9,0,235,235,0,revision-added exploratory
scifact,tfidf,274:11614737,1359:11614737,16,3,6,3,42,143,101,revision-added exploratory
scifact,tfidf,275:14241418,275:14241418,11,4,4,0,100,100,0,revision-added exploratory
scifact,tfidf,275:4961038,275:14241418,9,1,2,1,27,60,33,revision-added exploratory
scifact,tfidf,279:14376683,279:14376683,10,2,2,0,59,59,0,revision-added exploratory
scifact,tfidf,295:20310709,295:20310709,7,4,5,1,102,127,25,revision-added exploratory
scifact,tfidf,298:39381118,298:39381118,5,1,1,0,28,28,0,revision-added exploratory
scifact,tfidf,314:4347374,314:4347374,7,6,6,0,179,179,0,revision-added exploratory
scifact,tfidf,327:17997584,1130:17997584,5,1,1,0,30,30,0,revision-added exploratory
scifact,tfidf,338:23349986,338:23349986,17,1,11,10,26,249,223,revision-added exploratory
scifact,tfidf,343:5884524,343:5884524,10,9,9,0,273,273,0,revision-added exploratory
scifact,tfidf,380:19005293,380:19005293,5,1,1,0,38,38,0,revision-added exploratory
scifact,tfidf,385:9955779,385:9955779,6,3,3,0,86,86,0,revision-added exploratory
scifact,tfidf,386:16495649,386:16495649,12,1,9,8,16,159,143,revision-added exploratory
scifact,tfidf,399:791050,399:791050,13,3,9,6,108,291,183,revision-added exploratory
scifact,tfidf,3:14717500,3:14717500,8,1,6,5,33,233,200,revision-added exploratory
scifact,tfidf,415:6309659,415:6309659,14,2,2,0,83,83,0,revision-added exploratory
scifact,tfidf,42:18174210,42:18174210,14,3,9,6,100,299,199,revision-added exploratory
scifact,tfidf,431:28937856,431:28937856,6,2,2,0,39,39,0,revision-added exploratory
scifact,tfidf,436:14637235,436:14637235,6,1,2,1,25,53,28,revision-added exploratory
scifact,tfidf,443:10165258,443:10165258,7,7,7,0,176,176,0,revision-added exploratory
scifact,tfidf,452:12804937,452:12804937,4,3,3,0,69,69,0,revision-added exploratory
scifact,tfidf,452:464511,452:12804937,7,1,1,0,11,11,0,revision-added exploratory
scifact,tfidf,475:18678095,475:18678095,8,1,1,0,11,11,0,revision-added exploratory
scifact,tfidf,48:13734012,48:13734012,9,7,7,0,247,247,0,revision-added exploratory
scifact,tfidf,49:5953485,49:5953485,5,1,5,4,37,145,108,revision-added exploratory
scifact,tfidf,501:17930286,501:17930286,16,1,1,0,15,15,0,revision-added exploratory
scifact,tfidf,50:12580014,50:12580014,4,1,1,0,36,36,0,revision-added exploratory
scifact,tfidf,513:13230773,513:13230773,12,2,2,0,49,49,0,revision-added exploratory
scifact,tfidf,516:29564505,516:29564505,15,2,10,8,57,390,333,revision-added exploratory
scifact,tfidf,51:45638119,51:45638119,6,1,1,0,17,17,0,revision-added exploratory
scifact,tfidf,521:34873974,521:34873974,17,1,1,0,27,27,0,revision-added exploratory
scifact,tfidf,525:13639330,525:13639330,4,2,2,0,61,61,0,revision-added exploratory
scifact,tfidf,528:5476778,528:5476778,15,2,2,0,55,55,0,revision-added exploratory
scifact,tfidf,532:12991445,532:12991445,13,7,13,6,169,341,172,revision-added exploratory
scifact,tfidf,533:12991445,532:12991445,13,7,13,6,169,341,172,revision-added exploratory
scifact,tfidf,536:16056514,536:16056514,7,3,3,0,112,112,0,revision-added exploratory
scifact,tfidf,539:13282296,539:13282296,13,5,12,7,133,426,293,revision-added exploratory
scifact,tfidf,53:45638119,51:45638119,6,1,1,0,17,17,0,revision-added exploratory
scifact,tfidf,540:11886686,540:11886686,8,7,7,0,147,147,0,revision-added exploratory
scifact,tfidf,549:9433958,1020:9433958,6,1,1,0,39,39,0,revision-added exploratory
scifact,tfidf,54:49556906,54:49556906,8,1,4,3,23,94,71,revision-added exploratory
scifact,tfidf,569:23460562,569:23460562,7,1,1,0,39,39,0,revision-added exploratory
scifact,tfidf,56:4709641,56:4709641,6,1,1,0,58,58,0,revision-added exploratory
scifact,tfidf,578:8764879,578:8764879,9,1,6,5,21,175,154,revision-added exploratory
scifact,tfidf,57:4709641,56:4709641,6,1,1,0,58,58,0,revision-added exploratory
scifact,tfidf,589:10984005,589:10984005,14,1,5,4,31,137,106,revision-added exploratory
scifact,tfidf,593:19675911,593:19675911,10,7,7,0,226,226,0,revision-added exploratory
scifact,tfidf,597:12779444,597:12779444,3,1,1,0,85,85,0,revision-added exploratory
scifact,tfidf,597:25742130,597:12779444,12,1,1,0,9,9,0,revision-added exploratory
scifact,tfidf,597:36355784,597:12779444,15,14,14,0,204,204,0,revision-added exploratory
scifact,tfidf,598:25742130,597:12779444,12,4,6,2,91,139,48,revision-added exploratory
scifact,tfidf,5:13734012,48:13734012,9,5,5,0,134,134,0,revision-added exploratory
scifact,tfidf,613:9638032,613:9638032,7,2,2,0,63,63,0,revision-added exploratory
scifact,tfidf,619:20888849,619:20888849,5,2,2,0,58,58,0,revision-added exploratory
scifact,tfidf,636:24294572,636:24294572,8,3,3,0,80,80,0,revision-added exploratory
scifact,tfidf,641:5912283,641:5912283,14,5,8,3,140,231,91,revision-added exploratory
scifact,tfidf,674:2095573,674:2095573,12,1,1,0,13,13,0,revision-added exploratory
scifact,tfidf,692:24088502,692:24088502,11,1,11,10,30,313,283,revision-added exploratory
scifact,tfidf,693:24088502,692:24088502,11,1,11,10,30,313,283,revision-added exploratory
scifact,tfidf,70:4414547,70:4414547,9,2,2,0,62,62,0,revision-added exploratory
scifact,tfidf,70:5956380,70:4414547,8,2,2,0,42,42,0,revision-added exploratory
scifact,tfidf,718:17587795,718:17587795,8,2,2,0,33,33,0,revision-added exploratory
scifact,tfidf,721:1834762,721:1834762,6,1,1,0,23,23,0,revision-added exploratory
scifact,tfidf,723:5531479,723:5531479,7,1,7,6,14,140,126,revision-added exploratory
scifact,tfidf,728:36444198,728:36444198,12,2,6,4,59,112,53,revision-added exploratory
scifact,tfidf,729:26851674,729:26851674,6,2,2,0,54,54,0,revision-added exploratory
scifact,tfidf,742:32159283,742:32159283,11,1,1,0,15,15,0,revision-added exploratory
scifact,tfidf,743:32159283,742:32159283,11,2,2,0,44,44,0,revision-added exploratory
scifact,tfidf,744:8460275,744:8460275,8,4,4,0,72,72,0,revision-added exploratory
scifact,tfidf,756:2831620,756:2831620,5,4,4,0,121,121,0,revision-added exploratory
scifact,tfidf,759:1805641,759:1805641,16,5,5,0,146,146,0,revision-added exploratory
scifact,tfidf,770:15476777,770:15476777,20,4,4,0,87,87,0,revision-added exploratory
scifact,tfidf,781:24338780,781:24338780,7,1,5,4,35,110,75,revision-added exploratory
scifact,tfidf,784:2356950,784:2356950,7,4,4,0,91,91,0,revision-added exploratory
scifact,tfidf,793:8551160,793:8551160,6,2,2,0,21,21,0,revision-added exploratory
scifact,tfidf,805:22180793,805:22180793,8,1,5,4,13,93,80,revision-added exploratory
scifact,tfidf,808:36606083,808:36606083,5,1,1,0,31,31,0,revision-added exploratory
scifact,tfidf,811:19799455,811:19799455,11,2,3,1,41,76,35,revision-added exploratory
scifact,tfidf,823:15319019,823:15319019,16,3,3,0,69,69,0,revision-added exploratory
scifact,tfidf,832:30303335,832:30303335,8,1,6,5,23,125,102,revision-added exploratory
scifact,tfidf,837:15928989,837:15928989,10,1,5,4,31,109,78,revision-added exploratory
scifact,tfidf,839:1469751,839:1469751,4,2,4,2,76,153,77,revision-added exploratory
scifact,tfidf,845:17741440,845:17741440,3,1,1,0,29,29,0,revision-added exploratory
scifact,tfidf,847:16787954,847:16787954,7,5,5,0,153,153,0,revision-added exploratory
scifact,tfidf,852:13843341,852:13843341,11,1,5,4,20,151,131,revision-added exploratory
scifact,tfidf,859:1982286,859:1982286,6,1,1,0,36,36,0,revision-added exploratory
scifact,tfidf,873:1180972,873:1180972,8,1,8,7,33,204,171,revision-added exploratory
scifact,tfidf,873:19307912,873:1180972,10,2,4,2,53,94,41,revision-added exploratory
scifact,tfidf,873:27393799,873:1180972,10,9,9,0,237,237,0,revision-added exploratory
scifact,tfidf,873:29025270,873:1180972,6,3,6,3,111,197,86,revision-added exploratory
scifact,tfidf,873:3315558,873:1180972,6,2,6,4,31,112,81,revision-added exploratory
scifact,tfidf,879:8426046,879:8426046,7,3,3,0,76,76,0,revision-added exploratory
scifact,tfidf,880:8426046,879:8426046,7,1,1,0,32,32,0,revision-added exploratory
scifact,tfidf,882:14803797,882:14803797,8,2,2,0,43,43,0,revision-added exploratory
scifact,tfidf,903:10648422,903:10648422,6,1,2,1,27,63,36,revision-added exploratory
scifact,tfidf,904:7370282,904:7370282,7,1,1,0,20,20,0,revision-added exploratory
scifact,tfidf,911:11254556,911:11254556,10,1,2,1,24,72,48,revision-added exploratory
scifact,tfidf,921:1642727,921:1642727,15,3,11,8,68,317,249,revision-added exploratory
scifact,tfidf,922:17077004,922:17077004,10,1,3,2,22,101,79,revision-added exploratory
scifact,tfidf,936:5483793,936:5483793,6,1,1,0,21,21,0,revision-added exploratory
scifact,tfidf,957:123859,957:123859,7,5,5,0,121,121,0,revision-added exploratory
scifact,tfidf,960:8780599,960:8780599,9,2,3,1,57,84,27,revision-added exploratory
scifact,tfidf,967:8997410,967:8997410,6,6,6,0,193,193,0,revision-added exploratory
scifact,tfidf,971:27873158,971:27873158,24,1,6,5,22,174,152,revision-added exploratory
scifact,tfidf,971:28617573,971:27873158,17,8,8,0,268,268,0,revision-added exploratory
scifact,tfidf,971:46695481,971:27873158,11,1,2,1,47,86,39,revision-added exploratory
scifact,tfidf,971:9764256,971:27873158,20,11,11,0,371,371,0,revision-added exploratory
scifact,tfidf,982:2988714,982:2988714,8,5,5,0,109,109,0,revision-added exploratory
scifact,tfidf,985:6828370,985:6828370,8,3,3,0,74,74,0,revision-added exploratory
scifact,tfidf,993:16472469,993:16472469,8,2,2,0,43,43,0,revision-added exploratory
scifact,dense,100:4381486,100:4381486,8,4,4,0,98,98,0,revision-added exploratory
scifact,dense,1012:9745001,1012:9745001,13,1,5,4,37,168,131,revision-added exploratory
scifact,dense,1019:11603066,1019:11603066,8,5,5,0,158,158,0,revision-added exploratory
scifact,dense,1020:9433958,1020:9433958,6,1,1,0,39,39,0,revision-added exploratory
scifact,dense,1021:9433958,1020:9433958,6,1,1,0,39,39,0,revision-added exploratory
scifact,dense,1024:5373138,1024:5373138,6,1,1,0,30,30,0,revision-added exploratory
scifact,dense,1029:11899391,1029:11899391,8,3,3,0,117,117,0,revision-added exploratory
scifact,dense,1029:13923140,1029:11899391,4,2,2,0,81,81,0,revision-added exploratory
scifact,dense,1029:13940200,1029:11899391,4,2,2,0,98,98,0,revision-added exploratory
scifact,dense,1041:25254425,1041:25254425,8,7,7,0,200,200,0,revision-added exploratory
scifact,dense,1049:12486491,1049:12486491,7,6,6,0,136,136,0,revision-added exploratory
scifact,dense,1062:20381484,1062:20381484,12,1,1,0,28,28,0,revision-added exploratory
scifact,dense,1086:39281140,1086:39281140,11,1,4,3,27,103,76,revision-added exploratory
scifact,dense,1088:37549932,1088:37549932,6,1,1,0,24,24,0,revision-added exploratory
scifact,dense,1089:17628888,1089:17628888,9,9,9,0,243,243,0,revision-added exploratory
scifact,dense,1104:3898784,1104:3898784,14,2,10,8,106,410,304,revision-added exploratory
scifact,dense,1107:20532591,1107:20532591,7,1,1,0,16,16,0,revision-added exploratory
scifact,dense,1110:13770184,1110:13770184,25,3,3,0,187,187,0,revision-added exploratory
scifact,dense,1121:4456756,1121:4456756,8,4,4,0,116,116,0,revision-added exploratory
scifact,dense,1130:17997584,1130:17997584,5,1,1,0,19,19,0,revision-added exploratory
scifact,dense,1132:33499189,1132:33499189,6,6,6,0,138,138,0,revision-added exploratory
scifact,dense,1137:33370,1137:33370,11,5,7,2,144,209,65,revision-added exploratory
scifact,dense,113:6157837,113:6157837,10,2,7,5,61,231,170,revision-added exploratory
scifact,dense,1140:12009265,1140:12009265,17,2,4,2,49,145,96,revision-added exploratory
scifact,dense,1144:10071552,1144:10071552,9,2,6,4,45,249,204,revision-added exploratory
scifact,dense,1146:13906581,1146:13906581,15,2,5,3,64,150,86,revision-added exploratory
scifact,dense,1150:11369420,1150:11369420,8,1,4,3,18,80,62,revision-added exploratory
scifact,dense,115:33872649,115:33872649,8,3,3,0,79,79,0,revision-added exploratory
scifact,dense,1163:15305881,1163:15305881,8,4,4,0,121,121,0,revision-added exploratory
scifact,dense,1180:31272411,1180:31272411,6,1,1,0,28,28,0,revision-added exploratory
scifact,dense,1185:16737210,1185:16737210,13,1,1,0,27,27,0,revision-added exploratory
scifact,dense,1187:52873726,1187:52873726,9,1,1,0,24,24,0,revision-added exploratory
scifact,dense,118:6372244,118:6372244,5,1,3,2,21,71,50,revision-added exploratory
scifact,dense,1202:3475317,1202:3475317,9,1,1,0,28,28,0,revision-added exploratory
scifact,dense,1216:24142891,1216:24142891,8,1,1,0,19,19,0,revision-added exploratory
scifact,dense,1221:19736671,1221:19736671,6,4,4,0,136,136,0,revision-added exploratory
scifact,dense,1225:9650982,1225:9650982,5,2,2,0,84,84,0,revision-added exploratory
scifact,dense,1232:13905670,1232:13905670,6,1,1,0,43,43,0,revision-added exploratory
scifact,dense,1241:4427392,1241:4427392,8,7,7,0,238,238,0,revision-added exploratory
scifact,dense,124:4883040,124:4883040,13,1,2,1,19,105,86,revision-added exploratory
scifact,dense,1259:24341590,1259:24341590,14,1,8,7,46,268,222,revision-added exploratory
scifact,dense,1262:44172171,1262:44172171,8,7,7,0,131,131,0,revision-added exploratory
scifact,dense,1266:37480103,1266:37480103,14,1,2,1,12,102,90,revision-added exploratory
scifact,dense,1270:13900610,1270:13900610,18,1,2,1,16,48,32,revision-added exploratory
scifact,dense,1271:13768432,1271:13768432,13,4,6,2,79,175,96,revision-added exploratory
scifact,dense,1273:11041152,1273:11041152,9,1,1,0,24,24,0,revision-added exploratory
scifact,dense,1274:4406819,1274:4406819,8,7,8,1,182,218,36,revision-added exploratory
scifact,dense,1290:4687948,1290:4687948,17,2,11,9,35,380,345,revision-added exploratory
scifact,dense,1298:11718220,1298:11718220,16,2,5,3,38,105,67,revision-added exploratory
scifact,dense,129:27768226,129:27768226,42,1,30,29,20,802,782,revision-added exploratory
scifact,dense,1303:12631697,1303:12631697,6,4,6,2,122,187,65,revision-added exploratory
scifact,dense,130:27768226,129:27768226,42,1,27,26,20,705,685,revision-added exploratory
scifact,dense,1319:16284655,1319:16284655,7,2,2,0,41,41,0,revision-added exploratory
scifact,dense,1320:16284655,1319:16284655,7,6,6,0,143,143,0,revision-added exploratory
scifact,dense,1335:27910499,1335:27910499,7,2,2,0,68,68,0,revision-added exploratory
scifact,dense,1336:27910499,1335:27910499,7,2,2,0,68,68,0,revision-added exploratory
scifact,dense,1337:20231138,1337:20231138,8,1,1,0,27,27,0,revision-added exploratory
scifact,dense,1339:15482274,1339:15482274,12,2,10,8,83,265,182,revision-added exploratory
scifact,dense,133:16280642,133:16280642,8,4,4,0,107,107,0,revision-added exploratory
scifact,dense,1352:12885341,1352:12885341,7,1,3,2,25,67,42,revision-added exploratory
scifact,dense,1359:11614737,1359:11614737,16,5,5,0,207,207,0,revision-added exploratory
scifact,dense,1368:2425364,1368:2425364,13,1,6,5,21,174,153,revision-added exploratory
scifact,dense,1370:2425364,1368:2425364,13,3,4,1,64,89,25,revision-added exploratory
scifact,dense,1379:16322674,1379:16322674,12,1,8,7,90,341,251,revision-added exploratory
scifact,dense,1379:17450673,1379:16322674,10,1,1,0,88,88,0,revision-added exploratory
scifact,dense,1379:23557241,1379:16322674,11,1,1,0,47,47,0,revision-added exploratory
scifact,dense,1379:27123743,1379:16322674,9,2,3,1,33,70,37,revision-added exploratory
scifact,dense,137:26016929,137:26016929,13,8,8,0,163,163,0,revision-added exploratory
scifact,dense,1382:17755060,1382:17755060,6,2,3,1,60,77,17,revision-added exploratory
scifact,dense,1385:306006,1385:306006,6,1,1,0,19,19,0,revision-added exploratory
scifact,dense,1389:23895668,1389:23895668,5,3,3,0,75,75,0,revision-added exploratory
scifact,dense,141:14437255,141:14437255,15,1,14,13,32,353,321,revision-added exploratory
scifact,dense,142:10582939,142:10582939,14,1,1,0,76,76,0,revision-added exploratory
scifact,dense,143:10582939,142:10582939,14,1,1,0,76,76,0,revision-added exploratory
scifact,dense,146:10582939,142:10582939,14,2,7,5,88,263,175,revision-added exploratory
scifact,dense,148:1084345,148:1084345,6,2,2,0,73,73,0,revision-added exploratory
scifact,dense,163:18872233,163:18872233,13,5,6,1,157,172,15,revision-added exploratory
scifact,dense,171:12670680,171:12670680,5,2,4,2,48,144,96,revision-added exploratory
scifact,dense,179:16322674,1379:16322674,12,1,8,7,90,341,251,revision-added exploratory
scifact,dense,179:17450673,1379:16322674,10,1,5,4,88,203,115,revision-added exploratory
scifact,dense,179:23557241,1379:16322674,11,1,1,0,47,47,0,revision-added exploratory
scifact,dense,179:27123743,1379:16322674,9,2,3,1,33,70,37,revision-added exploratory
scifact,dense,180:16966326,180:16966326,7,4,4,0,96,96,0,revision-added exploratory
scifact,dense,183:12827098,183:12827098,6,1,1,0,23,23,0,revision-added exploratory
scifact,dense,185:18340282,185:18340282,8,2,4,2,119,168,49,revision-added exploratory
scifact,dense,208:13519661,208:13519661,10,2,2,0,56,56,0,revision-added exploratory
scifact,dense,212:22038539,212:22038539,9,1,9,8,29,205,176,revision-added exploratory
scifact,dense,216:21366394,216:21366394,7,2,2,0,61,61,0,revision-added exploratory
scifact,dense,217:21366394,216:21366394,7,2,2,0,61,61,0,revision-added exploratory
scifact,dense,218:21366394,216:21366394,7,1,6,5,23,164,141,revision-added exploratory
scifact,dense,219:21366394,216:21366394,7,2,6,4,57,164,107,revision-added exploratory
scifact,dense,230:3067015,230:3067015,10,3,3,0,67,67,0,revision-added exploratory
scifact,dense,233:4388470,233:4388470,8,1,4,3,22,104,82,revision-added exploratory
scifact,dense,236:4388470,233:4388470,8,1,4,3,22,104,82,revision-added exploratory
scifact,dense,239:14079881,239:14079881,12,2,3,1,55,78,23,revision-added exploratory
scifact,dense,248:1568684,248:1568684,7,1,6,5,10,135,125,revision-added exploratory
scifact,dense,249:1568684,248:1568684,7,1,6,5,10,135,125,revision-added exploratory
scifact,dense,261:10697096,261:10697096,13,1,1,0,28,28,0,revision-added exploratory
scifact,dense,261:1122279,261:10697096,11,5,5,0,123,123,0,revision-added exploratory
scifact,dense,274:11614737,1359:11614737,16,4,15,11,203,409,206,revision-added exploratory
scifact,dense,275:14241418,275:14241418,11,4,4,0,90,90,0,revision-added exploratory
scifact,dense,275:4961038,275:14241418,9,1,2,1,33,60,27,revision-added exploratory
scifact,dense,279:14376683,279:14376683,10,5,5,0,128,128,0,revision-added exploratory
scifact,dense,295:20310709,295:20310709,7,3,5,2,68,127,59,revision-added exploratory
scifact,dense,298:39381118,298:39381118,5,1,1,0,28,28,0,revision-added exploratory
scifact,dense,314:4347374,314:4347374,7,6,6,0,144,144,0,revision-added exploratory
scifact,dense,327:17997584,1130:17997584,5,1,1,0,30,30,0,revision-added exploratory
scifact,dense,338:23349986,338:23349986,17,1,17,16,23,356,333,revision-added exploratory
scifact,dense,343:5884524,343:5884524,10,7,7,0,208,208,0,revision-added exploratory
scifact,dense,380:19005293,380:19005293,5,1,1,0,38,38,0,revision-added exploratory
scifact,dense,385:9955779,385:9955779,6,2,2,0,48,48,0,revision-added exploratory
scifact,dense,386:16495649,386:16495649,12,1,4,3,16,81,65,revision-added exploratory
scifact,dense,399:791050,399:791050,13,2,6,4,45,230,185,revision-added exploratory
scifact,dense,3:14717500,3:14717500,8,1,5,4,33,196,163,revision-added exploratory
scifact,dense,415:6309659,415:6309659,14,1,1,0,60,60,0,revision-added exploratory
scifact,dense,42:18174210,42:18174210,14,2,8,6,33,222,189,revision-added exploratory
scifact,dense,431:28937856,431:28937856,6,3,3,0,87,87,0,revision-added exploratory
scifact,dense,436:14637235,436:14637235,6,1,2,1,28,53,25,revision-added exploratory
scifact,dense,443:10165258,443:10165258,7,4,4,0,94,94,0,revision-added exploratory
scifact,dense,452:12804937,452:12804937,4,1,1,0,24,24,0,revision-added exploratory
scifact,dense,452:464511,452:12804937,7,1,1,0,11,11,0,revision-added exploratory
scifact,dense,475:18678095,475:18678095,8,1,1,0,11,11,0,revision-added exploratory
scifact,dense,48:13734012,48:13734012,9,3,3,0,110,110,0,revision-added exploratory
scifact,dense,49:5953485,49:5953485,5,1,4,3,37,123,86,revision-added exploratory
scifact,dense,501:17930286,501:17930286,16,2,2,0,36,36,0,revision-added exploratory
scifact,dense,50:12580014,50:12580014,4,2,2,0,97,97,0,revision-added exploratory
scifact,dense,513:13230773,513:13230773,12,3,3,0,83,83,0,revision-added exploratory
scifact,dense,516:29564505,516:29564505,15,1,11,10,37,426,389,revision-added exploratory
scifact,dense,51:45638119,51:45638119,6,1,1,0,17,17,0,revision-added exploratory
scifact,dense,521:34873974,521:34873974,17,7,7,0,279,279,0,revision-added exploratory
scifact,dense,525:13639330,525:13639330,4,3,3,0,119,119,0,revision-added exploratory
scifact,dense,528:5476778,528:5476778,15,2,2,0,55,55,0,revision-added exploratory
scifact,dense,532:12991445,532:12991445,13,3,8,5,74,220,146,revision-added exploratory
scifact,dense,533:12991445,532:12991445,13,3,8,5,74,220,146,revision-added exploratory
scifact,dense,536:16056514,536:16056514,7,2,2,0,79,79,0,revision-added exploratory
scifact,dense,539:13282296,539:13282296,13,5,9,4,133,332,199,revision-added exploratory
scifact,dense,53:45638119,51:45638119,6,1,1,0,17,17,0,revision-added exploratory
scifact,dense,540:11886686,540:11886686,8,7,7,0,142,142,0,revision-added exploratory
scifact,dense,549:9433958,1020:9433958,6,1,1,0,39,39,0,revision-added exploratory
scifact,dense,54:49556906,54:49556906,8,3,7,4,73,169,96,revision-added exploratory
scifact,dense,569:23460562,569:23460562,7,1,1,0,39,39,0,revision-added exploratory
scifact,dense,56:4709641,56:4709641,6,1,1,0,58,58,0,revision-added exploratory
scifact,dense,578:8764879,578:8764879,9,1,7,6,21,197,176,revision-added exploratory
scifact,dense,57:4709641,56:4709641,6,1,1,0,58,58,0,revision-added exploratory
scifact,dense,589:10984005,589:10984005,14,1,6,5,31,144,113,revision-added exploratory
scifact,dense,593:19675911,593:19675911,10,4,4,0,150,150,0,revision-added exploratory
scifact,dense,597:12779444,597:12779444,3,1,1,0,85,85,0,revision-added exploratory
scifact,dense,597:25742130,597:12779444,12,3,3,0,75,75,0,revision-added exploratory
scifact,dense,597:36355784,597:12779444,15,10,10,0,164,164,0,revision-added exploratory
scifact,dense,598:25742130,597:12779444,12,8,9,1,179,188,9,revision-added exploratory
scifact,dense,5:13734012,48:13734012,9,1,1,0,30,30,0,revision-added exploratory
scifact,dense,613:9638032,613:9638032,7,3,3,0,89,89,0,revision-added exploratory
scifact,dense,619:20888849,619:20888849,5,3,3,0,72,72,0,revision-added exploratory
scifact,dense,636:24294572,636:24294572,8,1,1,0,21,21,0,revision-added exploratory
scifact,dense,641:5912283,641:5912283,14,3,11,8,95,316,221,revision-added exploratory
scifact,dense,674:2095573,674:2095573,12,1,1,0,13,13,0,revision-added exploratory
scifact,dense,692:24088502,692:24088502,11,1,7,6,30,202,172,revision-added exploratory
scifact,dense,693:24088502,692:24088502,11,1,6,5,30,165,135,revision-added exploratory
scifact,dense,70:4414547,70:4414547,9,1,1,0,27,27,0,revision-added exploratory
scifact,dense,70:5956380,70:4414547,8,3,3,0,76,76,0,revision-added exploratory
scifact,dense,718:17587795,718:17587795,8,2,2,0,39,39,0,revision-added exploratory
scifact,dense,721:1834762,721:1834762,6,1,1,0,23,23,0,revision-added exploratory
scifact,dense,723:5531479,723:5531479,7,4,5,1,85,107,22,revision-added exploratory
scifact,dense,728:36444198,728:36444198,12,1,4,3,12,86,74,revision-added exploratory
scifact,dense,729:26851674,729:26851674,6,1,1,0,21,21,0,revision-added exploratory
scifact,dense,742:32159283,742:32159283,11,1,1,0,15,15,0,revision-added exploratory
scifact,dense,743:32159283,742:32159283,11,2,2,0,38,38,0,revision-added exploratory
scifact,dense,744:8460275,744:8460275,8,1,1,0,15,15,0,revision-added exploratory
scifact,dense,756:2831620,756:2831620,5,1,1,0,48,48,0,revision-added exploratory
scifact,dense,759:1805641,759:1805641,16,6,6,0,167,167,0,revision-added exploratory
scifact,dense,770:15476777,770:15476777,20,6,6,0,163,163,0,revision-added exploratory
scifact,dense,781:24338780,781:24338780,7,1,3,2,31,82,51,revision-added exploratory
scifact,dense,784:2356950,784:2356950,7,6,6,0,141,141,0,revision-added exploratory
scifact,dense,793:8551160,793:8551160,6,5,5,0,68,68,0,revision-added exploratory
scifact,dense,805:22180793,805:22180793,8,6,7,1,134,159,25,revision-added exploratory
scifact,dense,808:36606083,808:36606083,5,1,1,0,31,31,0,revision-added exploratory
scifact,dense,811:19799455,811:19799455,11,2,7,5,41,155,114,revision-added exploratory
scifact,dense,823:15319019,823:15319019,16,1,1,0,31,31,0,revision-added exploratory
scifact,dense,832:30303335,832:30303335,8,1,6,5,23,125,102,revision-added exploratory
scifact,dense,837:15928989,837:15928989,10,1,4,3,31,100,69,revision-added exploratory
scifact,dense,839:1469751,839:1469751,4,2,3,1,76,122,46,revision-added exploratory
scifact,dense,845:17741440,845:17741440,3,1,1,0,29,29,0,revision-added exploratory
scifact,dense,847:16787954,847:16787954,7,7,7,0,200,200,0,revision-added exploratory
scifact,dense,852:13843341,852:13843341,11,1,4,3,20,128,108,revision-added exploratory
scifact,dense,859:1982286,859:1982286,6,1,1,0,36,36,0,revision-added exploratory
scifact,dense,873:1180972,873:1180972,8,1,6,5,33,160,127,revision-added exploratory
scifact,dense,873:19307912,873:1180972,10,1,4,3,19,103,84,revision-added exploratory
scifact,dense,873:27393799,873:1180972,10,1,1,0,20,20,0,revision-added exploratory
scifact,dense,873:29025270,873:1180972,6,1,6,5,24,197,173,revision-added exploratory
scifact,dense,873:3315558,873:1180972,6,4,5,1,89,102,13,revision-added exploratory
scifact,dense,879:8426046,879:8426046,7,1,1,0,32,32,0,revision-added exploratory
scifact,dense,880:8426046,879:8426046,7,1,1,0,32,32,0,revision-added exploratory
scifact,dense,882:14803797,882:14803797,8,1,1,0,21,21,0,revision-added exploratory
scifact,dense,903:10648422,903:10648422,6,1,3,2,27,100,73,revision-added exploratory
scifact,dense,904:7370282,904:7370282,7,1,1,0,20,20,0,revision-added exploratory
scifact,dense,911:11254556,911:11254556,10,3,4,1,98,146,48,revision-added exploratory
scifact,dense,921:1642727,921:1642727,15,1,15,14,30,376,346,revision-added exploratory
scifact,dense,922:17077004,922:17077004,10,1,3,2,22,101,79,revision-added exploratory
scifact,dense,936:5483793,936:5483793,6,1,1,0,21,21,0,revision-added exploratory
scifact,dense,957:123859,957:123859,7,1,1,0,21,21,0,revision-added exploratory
scifact,dense,960:8780599,960:8780599,9,1,4,3,27,112,85,revision-added exploratory
scifact,dense,967:8997410,967:8997410,6,1,1,0,44,44,0,revision-added exploratory
scifact,dense,971:27873158,971:27873158,24,1,8,7,28,235,207,revision-added exploratory
scifact,dense,971:28617573,971:27873158,17,7,7,0,263,263,0,revision-added exploratory
scifact,dense,971:46695481,971:27873158,11,1,2,1,47,86,39,revision-added exploratory
scifact,dense,971:9764256,971:27873158,20,14,14,0,644,644,0,revision-added exploratory
scifact,dense,982:2988714,982:2988714,8,4,4,0,94,94,0,revision-added exploratory
scifact,dense,985:6828370,985:6828370,8,1,1,0,21,21,0,revision-added exploratory
scifact,dense,993:16472469,993:16472469,8,1,1,0,22,22,0,revision-added exploratory
scifact,lead,100:4381486,100:4381486,8,6,6,0,199,199,0,revision-added exploratory
scifact,lead,1012:9745001,1012:9745001,13,7,13,6,197,322,125,revision-added exploratory
scifact,lead,1019:11603066,1019:11603066,8,8,8,0,242,242,0,revision-added exploratory
scifact,lead,1020:9433958,1020:9433958,6,4,4,0,119,119,0,revision-added exploratory
scifact,lead,1021:9433958,1020:9433958,6,4,4,0,119,119,0,revision-added exploratory
scifact,lead,1024:5373138,1024:5373138,6,5,5,0,126,126,0,revision-added exploratory
scifact,lead,1029:11899391,1029:11899391,8,7,7,0,192,192,0,revision-added exploratory
scifact,lead,1029:13923140,1029:11899391,4,4,4,0,123,123,0,revision-added exploratory
scifact,lead,1029:13940200,1029:11899391,4,4,4,0,138,138,0,revision-added exploratory
scifact,lead,1041:25254425,1041:25254425,8,4,4,0,107,107,0,revision-added exploratory
scifact,lead,1049:12486491,1049:12486491,7,7,7,0,156,156,0,revision-added exploratory
scifact,lead,1062:20381484,1062:20381484,12,11,11,0,191,191,0,revision-added exploratory
scifact,lead,1086:39281140,1086:39281140,11,7,10,3,243,307,64,revision-added exploratory
scifact,lead,1088:37549932,1088:37549932,6,4,4,0,77,77,0,revision-added exploratory
scifact,lead,1089:17628888,1089:17628888,9,8,8,0,201,201,0,revision-added exploratory
scifact,lead,1104:3898784,1104:3898784,14,9,14,5,238,504,266,revision-added exploratory
scifact,lead,1107:20532591,1107:20532591,7,4,4,0,53,53,0,revision-added exploratory
scifact,lead,1110:13770184,1110:13770184,25,14,14,0,464,464,0,revision-added exploratory
scifact,lead,1121:4456756,1121:4456756,8,8,8,0,226,226,0,revision-added exploratory
scifact,lead,1130:17997584,1130:17997584,5,4,4,0,107,107,0,revision-added exploratory
scifact,lead,1132:33499189,1132:33499189,6,5,5,0,107,107,0,revision-added exploratory
scifact,lead,1137:33370,1137:33370,11,7,10,3,191,274,83,revision-added exploratory
scifact,lead,113:6157837,113:6157837,10,3,8,5,93,258,165,revision-added exploratory
scifact,lead,1140:12009265,1140:12009265,17,10,15,5,282,440,158,revision-added exploratory
scifact,lead,1144:10071552,1144:10071552,9,5,9,4,211,362,151,revision-added exploratory
scifact,lead,1146:13906581,1146:13906581,15,7,14,7,177,315,138,revision-added exploratory
scifact,lead,1150:11369420,1150:11369420,8,5,8,3,94,156,62,revision-added exploratory
scifact,lead,115:33872649,115:33872649,8,7,7,0,186,186,0,revision-added exploratory
scifact,lead,1163:15305881,1163:15305881,8,6,6,0,120,120,0,revision-added exploratory
scifact,lead,1180:31272411,1180:31272411,6,1,1,0,28,28,0,revision-added exploratory
scifact,lead,1185:16737210,1185:16737210,13,11,11,0,282,282,0,revision-added exploratory
scifact,lead,1187:52873726,1187:52873726,9,4,4,0,86,86,0,revision-added exploratory
scifact,lead,118:6372244,118:6372244,5,1,5,4,21,148,127,revision-added exploratory
scifact,lead,1202:3475317,1202:3475317,9,5,5,0,85,85,0,revision-added exploratory
scifact,lead,1216:24142891,1216:24142891,8,4,4,0,74,74,0,revision-added exploratory
scifact,lead,1221:19736671,1221:19736671,6,3,3,0,105,105,0,revision-added exploratory
scifact,lead,1225:9650982,1225:9650982,5,4,4,0,147,147,0,revision-added exploratory
scifact,lead,1232:13905670,1232:13905670,6,4,4,0,97,97,0,revision-added exploratory
scifact,lead,1241:4427392,1241:4427392,8,5,5,0,192,192,0,revision-added exploratory
scifact,lead,124:4883040,124:4883040,13,9,11,2,262,299,37,revision-added exploratory
scifact,lead,1259:24341590,1259:24341590,14,12,14,2,285,391,106,revision-added exploratory
scifact,lead,1262:44172171,1262:44172171,8,5,5,0,92,92,0,revision-added exploratory
scifact,lead,1266:37480103,1266:37480103,14,11,13,2,307,361,54,revision-added exploratory
scifact,lead,1270:13900610,1270:13900610,18,8,9,1,196,212,16,revision-added exploratory
scifact,lead,1271:13768432,1271:13768432,13,8,12,4,207,294,87,revision-added exploratory
scifact,lead,1273:11041152,1273:11041152,9,6,6,0,123,123,0,revision-added exploratory
scifact,lead,1274:4406819,1274:4406819,8,6,8,2,161,218,57,revision-added exploratory
scifact,lead,1290:4687948,1290:4687948,17,8,14,6,246,438,192,revision-added exploratory
scifact,lead,1298:11718220,1298:11718220,16,12,14,2,231,292,61,revision-added exploratory
scifact,lead,129:27768226,129:27768226,42,3,41,38,39,1084,1045,revision-added exploratory
scifact,lead,1303:12631697,1303:12631697,6,2,3,1,66,90,24,revision-added exploratory
scifact,lead,130:27768226,129:27768226,42,3,41,38,39,1084,1045,revision-added exploratory
scifact,lead,1319:16284655,1319:16284655,7,3,3,0,64,64,0,revision-added exploratory
scifact,lead,1320:16284655,1319:16284655,7,5,5,0,127,127,0,revision-added exploratory
scifact,lead,1335:27910499,1335:27910499,7,5,5,0,124,124,0,revision-added exploratory
scifact,lead,1336:27910499,1335:27910499,7,5,5,0,124,124,0,revision-added exploratory
scifact,lead,1337:20231138,1337:20231138,8,5,5,0,92,92,0,revision-added exploratory
scifact,lead,1339:15482274,1339:15482274,12,10,11,1,263,289,26,revision-added exploratory
scifact,lead,133:16280642,133:16280642,8,5,5,0,105,105,0,revision-added exploratory
scifact,lead,1352:12885341,1352:12885341,7,4,6,2,110,149,39,revision-added exploratory
scifact,lead,1359:11614737,1359:11614737,16,9,9,0,215,215,0,revision-added exploratory
scifact,lead,1368:2425364,1368:2425364,13,10,13,3,203,274,71,revision-added exploratory
scifact,lead,1370:2425364,1368:2425364,13,11,13,2,228,274,46,revision-added exploratory
scifact,lead,1379:16322674,1379:16322674,12,6,7,1,189,243,54,revision-added exploratory
scifact,lead,1379:17450673,1379:16322674,10,6,6,0,198,198,0,revision-added exploratory
scifact,lead,1379:23557241,1379:16322674,11,7,7,0,173,173,0,revision-added exploratory
scifact,lead,1379:27123743,1379:16322674,9,4,5,1,50,87,37,revision-added exploratory
scifact,lead,137:26016929,137:26016929,13,10,10,0,183,183,0,revision-added exploratory
scifact,lead,1382:17755060,1382:17755060,6,4,6,2,113,145,32,revision-added exploratory
scifact,lead,1385:306006,1385:306006,6,5,5,0,98,98,0,revision-added exploratory
scifact,lead,1389:23895668,1389:23895668,5,4,4,0,94,94,0,revision-added exploratory
scifact,lead,141:14437255,141:14437255,15,1,14,13,16,353,337,revision-added exploratory
scifact,lead,142:10582939,142:10582939,14,13,13,0,447,447,0,revision-added exploratory
scifact,lead,143:10582939,142:10582939,14,13,13,0,447,447,0,revision-added exploratory
scifact,lead,146:10582939,142:10582939,14,9,13,4,265,447,182,revision-added exploratory
scifact,lead,148:1084345,148:1084345,6,2,2,0,70,70,0,revision-added exploratory
scifact,lead,163:18872233,163:18872233,13,10,13,3,268,318,50,revision-added exploratory
scifact,lead,171:12670680,171:12670680,5,2,5,3,71,165,94,revision-added exploratory
scifact,lead,179:16322674,1379:16322674,12,6,12,6,189,404,215,revision-added exploratory
scifact,lead,179:17450673,1379:16322674,10,6,10,4,198,324,126,revision-added exploratory
scifact,lead,179:23557241,1379:16322674,11,7,7,0,173,173,0,revision-added exploratory
scifact,lead,179:27123743,1379:16322674,9,4,5,1,50,87,37,revision-added exploratory
scifact,lead,180:16966326,180:16966326,7,6,6,0,150,150,0,revision-added exploratory
scifact,lead,183:12827098,183:12827098,6,4,4,0,108,108,0,revision-added exploratory
scifact,lead,185:18340282,185:18340282,8,3,7,4,146,276,130,revision-added exploratory
scifact,lead,208:13519661,208:13519661,10,8,8,0,180,180,0,revision-added exploratory
scifact,lead,212:22038539,212:22038539,9,2,9,7,38,205,167,revision-added exploratory
scifact,lead,216:21366394,216:21366394,7,5,5,0,146,146,0,revision-added exploratory
scifact,lead,217:21366394,216:21366394,7,5,5,0,146,146,0,revision-added exploratory
scifact,lead,218:21366394,216:21366394,7,3,6,3,74,169,95,revision-added exploratory
scifact,lead,219:21366394,216:21366394,7,3,4,1,74,108,34,revision-added exploratory
scifact,lead,230:3067015,230:3067015,10,5,5,0,108,108,0,revision-added exploratory
scifact,lead,233:4388470,233:4388470,8,4,8,4,102,203,101,revision-added exploratory
scifact,lead,236:4388470,233:4388470,8,4,8,4,102,203,101,revision-added exploratory
scifact,lead,239:14079881,239:14079881,12,11,12,1,201,242,41,revision-added exploratory
scifact,lead,248:1568684,248:1568684,7,4,5,1,94,104,10,revision-added exploratory
scifact,lead,249:1568684,248:1568684,7,4,5,1,94,104,10,revision-added exploratory
scifact,lead,261:10697096,261:10697096,13,13,13,0,329,329,0,revision-added exploratory
scifact,lead,261:1122279,261:10697096,11,11,11,0,266,266,0,revision-added exploratory
scifact,lead,274:11614737,1359:11614737,16,11,14,3,327,389,62,revision-added exploratory
scifact,lead,275:14241418,275:14241418,11,11,11,0,263,263,0,revision-added exploratory
scifact,lead,275:4961038,275:14241418,9,8,9,1,190,223,33,revision-added exploratory
scifact,lead,279:14376683,279:14376683,10,5,5,0,118,118,0,revision-added exploratory
scifact,lead,295:20310709,295:20310709,7,5,7,2,115,164,49,revision-added exploratory
scifact,lead,298:39381118,298:39381118,5,1,1,0,28,28,0,revision-added exploratory
scifact,lead,314:4347374,314:4347374,7,6,6,0,158,158,0,revision-added exploratory
scifact,lead,327:17997584,1130:17997584,5,3,3,0,88,88,0,revision-added exploratory
scifact,lead,338:23349986,338:23349986,17,12,16,4,277,350,73,revision-added exploratory
scifact,lead,343:5884524,343:5884524,10,6,6,0,168,168,0,revision-added exploratory
scifact,lead,380:19005293,380:19005293,5,3,3,0,70,70,0,revision-added exploratory
scifact,lead,385:9955779,385:9955779,6,5,5,0,135,135,0,revision-added exploratory
scifact,lead,386:16495649,386:16495649,12,9,12,3,126,179,53,revision-added exploratory
scifact,lead,399:791050,399:791050,13,8,12,4,251,323,72,revision-added exploratory
scifact,lead,3:14717500,3:14717500,8,6,8,2,194,277,83,revision-added exploratory
scifact,lead,415:6309659,415:6309659,14,13,13,0,369,369,0,revision-added exploratory
scifact,lead,42:18174210,42:18174210,14,10,11,1,301,322,21,revision-added exploratory
scifact,lead,431:28937856,431:28937856,6,6,6,0,155,155,0,revision-added exploratory
scifact,lead,436:14637235,436:14637235,6,2,3,1,60,88,28,revision-added exploratory
scifact,lead,443:10165258,443:10165258,7,7,7,0,176,176,0,revision-added exploratory
scifact,lead,452:12804937,452:12804937,4,1,1,0,24,24,0,revision-added exploratory
scifact,lead,452:464511,452:12804937,7,1,1,0,11,11,0,revision-added exploratory
scifact,lead,475:18678095,475:18678095,8,2,2,0,29,29,0,revision-added exploratory
scifact,lead,48:13734012,48:13734012,9,5,5,0,159,159,0,revision-added exploratory
scifact,lead,49:5953485,49:5953485,5,2,3,1,54,91,37,revision-added exploratory
scifact,lead,501:17930286,501:17930286,16,13,13,0,266,266,0,revision-added exploratory
scifact,lead,50:12580014,50:12580014,4,2,2,0,62,62,0,revision-added exploratory
scifact,lead,513:13230773,513:13230773,12,12,12,0,363,363,0,revision-added exploratory
scifact,lead,516:29564505,516:29564505,15,9,14,5,292,508,216,revision-added exploratory
scifact,lead,51:45638119,51:45638119,6,5,5,0,123,123,0,revision-added exploratory
scifact,lead,521:34873974,521:34873974,17,15,15,0,442,442,0,revision-added exploratory
scifact,lead,525:13639330,525:13639330,4,3,3,0,126,126,0,revision-added exploratory
scifact,lead,528:5476778,528:5476778,15,11,11,0,173,173,0,revision-added exploratory
scifact,lead,532:12991445,532:12991445,13,6,13,7,146,341,195,revision-added exploratory
scifact,lead,533:12991445,532:12991445,13,6,13,7,146,341,195,revision-added exploratory
scifact,lead,536:16056514,536:16056514,7,5,5,0,157,157,0,revision-added exploratory
scifact,lead,539:13282296,539:13282296,13,8,12,4,309,435,126,revision-added exploratory
scifact,lead,53:45638119,51:45638119,6,5,5,0,123,123,0,revision-added exploratory
scifact,lead,540:11886686,540:11886686,8,6,6,0,124,124,0,revision-added exploratory
scifact,lead,549:9433958,1020:9433958,6,4,4,0,119,119,0,revision-added exploratory
scifact,lead,54:49556906,54:49556906,8,6,8,2,124,180,56,revision-added exploratory
scifact,lead,569:23460562,569:23460562,7,5,5,0,146,146,0,revision-added exploratory
scifact,lead,56:4709641,56:4709641,6,2,2,0,90,90,0,revision-added exploratory
scifact,lead,578:8764879,578:8764879,9,6,9,3,147,225,78,revision-added exploratory
scifact,lead,57:4709641,56:4709641,6,2,2,0,90,90,0,revision-added exploratory
scifact,lead,589:10984005,589:10984005,14,11,13,2,320,422,102,revision-added exploratory
scifact,lead,593:19675911,593:19675911,10,6,6,0,170,170,0,revision-added exploratory
scifact,lead,597:12779444,597:12779444,3,1,1,0,85,85,0,revision-added exploratory
scifact,lead,597:25742130,597:12779444,12,7,7,0,142,142,0,revision-added exploratory
scifact,lead,597:36355784,597:12779444,15,8,8,0,114,114,0,revision-added exploratory
scifact,lead,598:25742130,597:12779444,12,7,10,3,142,226,84,revision-added exploratory
scifact,lead,5:13734012,48:13734012,9,5,5,0,159,159,0,revision-added exploratory
scifact,lead,613:9638032,613:9638032,7,5,5,0,122,122,0,revision-added exploratory
scifact,lead,619:20888849,619:20888849,5,4,4,0,115,115,0,revision-added exploratory
scifact,lead,636:24294572,636:24294572,8,5,5,0,91,91,0,revision-added exploratory
scifact,lead,641:5912283,641:5912283,14,8,13,5,217,342,125,revision-added exploratory
scifact,lead,674:2095573,674:2095573,12,1,1,0,13,13,0,revision-added exploratory
scifact,lead,692:24088502,692:24088502,11,9,11,2,250,313,63,revision-added exploratory
scifact,lead,693:24088502,692:24088502,11,9,11,2,250,313,63,revision-added exploratory
scifact,lead,70:4414547,70:4414547,9,6,6,0,209,209,0,revision-added exploratory
scifact,lead,70:5956380,70:4414547,8,7,7,0,137,137,0,revision-added exploratory
scifact,lead,718:17587795,718:17587795,8,5,5,0,87,87,0,revision-added exploratory
scifact,lead,721:1834762,721:1834762,6,5,5,0,119,119,0,revision-added exploratory
scifact,lead,723:5531479,723:5531479,7,2,6,4,37,110,73,revision-added exploratory
scifact,lead,728:36444198,728:36444198,12,10,11,1,192,204,12,revision-added exploratory
scifact,lead,729:26851674,729:26851674,6,2,2,0,54,54,0,revision-added exploratory
scifact,lead,742:32159283,742:32159283,11,9,9,0,204,204,0,revision-added exploratory
scifact,lead,743:32159283,742:32159283,11,9,9,0,204,204,0,revision-added exploratory
scifact,lead,744:8460275,744:8460275,8,3,3,0,49,49,0,revision-added exploratory
scifact,lead,756:2831620,756:2831620,5,1,1,0,48,48,0,revision-added exploratory
scifact,lead,759:1805641,759:1805641,16,14,14,0,384,384,0,revision-added exploratory
scifact,lead,770:15476777,770:15476777,20,17,17,0,430,430,0,revision-added exploratory
scifact,lead,781:24338780,781:24338780,7,3,7,4,63,171,108,revision-added exploratory
scifact,lead,784:2356950,784:2356950,7,4,4,0,86,86,0,revision-added exploratory
scifact,lead,793:8551160,793:8551160,6,2,2,0,21,21,0,revision-added exploratory
scifact,lead,805:22180793,805:22180793,8,5,8,3,113,178,65,revision-added exploratory
scifact,lead,808:36606083,808:36606083,5,2,2,0,65,65,0,revision-added exploratory
scifact,lead,811:19799455,811:19799455,11,5,9,4,87,173,86,revision-added exploratory
scifact,lead,823:15319019,823:15319019,16,15,15,0,454,454,0,revision-added exploratory
scifact,lead,832:30303335,832:30303335,8,3,8,5,55,155,100,revision-added exploratory
scifact,lead,837:15928989,837:15928989,10,8,9,1,172,196,24,revision-added exploratory
scifact,lead,839:1469751,839:1469751,4,3,4,1,118,153,35,revision-added exploratory
scifact,lead,845:17741440,845:17741440,3,2,2,0,44,44,0,revision-added exploratory
scifact,lead,847:16787954,847:16787954,7,3,3,0,78,78,0,revision-added exploratory
scifact,lead,852:13843341,852:13843341,11,10,11,1,237,257,20,revision-added exploratory
scifact,lead,859:1982286,859:1982286,6,4,4,0,102,102,0,revision-added exploratory
scifact,lead,873:1180972,873:1180972,8,5,8,3,116,204,88,revision-added exploratory
scifact,lead,873:19307912,873:1180972,10,4,8,4,130,275,145,revision-added exploratory
scifact,lead,873:27393799,873:1180972,10,9,9,0,237,237,0,revision-added exploratory
scifact,lead,873:29025270,873:1180972,6,2,6,4,79,197,118,revision-added exploratory
scifact,lead,873:3315558,873:1180972,6,5,6,1,99,112,13,revision-added exploratory
scifact,lead,879:8426046,879:8426046,7,4,4,0,89,89,0,revision-added exploratory
scifact,lead,880:8426046,879:8426046,7,4,4,0,89,89,0,revision-added exploratory
scifact,lead,882:14803797,882:14803797,8,3,3,0,69,69,0,revision-added exploratory
scifact,lead,903:10648422,903:10648422,6,5,6,1,149,185,36,revision-added exploratory
scifact,lead,904:7370282,904:7370282,7,7,7,0,161,161,0,revision-added exploratory
scifact,lead,911:11254556,911:11254556,10,4,10,6,116,323,207,revision-added exploratory
scifact,lead,921:1642727,921:1642727,15,10,14,4,220,369,149,revision-added exploratory
scifact,lead,922:17077004,922:17077004,10,8,10,2,202,273,71,revision-added exploratory
scifact,lead,936:5483793,936:5483793,6,4,4,0,109,109,0,revision-added exploratory
scifact,lead,957:123859,957:123859,7,3,3,0,77,77,0,revision-added exploratory
scifact,lead,960:8780599,960:8780599,9,7,9,2,164,205,41,revision-added exploratory
scifact,lead,967:8997410,967:8997410,6,3,3,0,108,108,0,revision-added exploratory
scifact,lead,971:27873158,971:27873158,24,1,22,21,22,555,533,revision-added exploratory
scifact,lead,971:28617573,971:27873158,17,9,9,0,297,297,0,revision-added exploratory
scifact,lead,971:46695481,971:27873158,11,1,10,9,47,375,328,revision-added exploratory
scifact,lead,971:9764256,971:27873158,20,14,14,0,457,457,0,revision-added exploratory
scifact,lead,982:2988714,982:2988714,8,5,5,0,87,87,0,revision-added exploratory
scifact,lead,985:6828370,985:6828370,8,4,4,0,108,108,0,revision-added exploratory
scifact,lead,993:16472469,993:16472469,8,5,5,0,89,89,0,revision-added exploratory
scifact,random,100:4381486,100:4381486,8,2,2,0,55,55,0,revision-added exploratory
scifact,random,1012:9745001,1012:9745001,13,5,7,2,107,181,74,revision-added exploratory
scifact,random,1019:11603066,1019:11603066,8,3,3,0,103,103,0,revision-added exploratory
scifact,random,1020:9433958,1020:9433958,6,3,3,0,90,90,0,revision-added exploratory
scifact,random,1021:9433958,1020:9433958,6,4,4,0,113,113,0,revision-added exploratory
scifact,random,1024:5373138,1024:5373138,6,5,5,0,126,126,0,revision-added exploratory
scifact,random,1029:11899391,1029:11899391,8,6,6,0,171,171,0,revision-added exploratory
scifact,random,1029:13923140,1029:11899391,4,4,4,0,123,123,0,revision-added exploratory
scifact,random,1029:13940200,1029:11899391,4,2,2,0,98,98,0,revision-added exploratory
scifact,random,1041:25254425,1041:25254425,8,1,1,0,29,29,0,revision-added exploratory
scifact,random,1049:12486491,1049:12486491,7,4,4,0,84,84,0,revision-added exploratory
scifact,random,1062:20381484,1062:20381484,12,6,6,0,102,102,0,revision-added exploratory
scifact,random,1086:39281140,1086:39281140,11,4,9,5,112,260,148,revision-added exploratory
scifact,random,1088:37549932,1088:37549932,6,5,5,0,115,115,0,revision-added exploratory
scifact,random,1089:17628888,1089:17628888,9,2,2,0,47,47,0,revision-added exploratory
scifact,random,1104:3898784,1104:3898784,14,8,14,6,216,504,288,revision-added exploratory
scifact,random,1107:20532591,1107:20532591,7,7,7,0,103,103,0,revision-added exploratory
scifact,random,1110:13770184,1110:13770184,25,22,22,0,590,590,0,revision-added exploratory
scifact,random,1121:4456756,1121:4456756,8,5,5,0,130,130,0,revision-added exploratory
scifact,random,1130:17997584,1130:17997584,5,1,1,0,19,19,0,revision-added exploratory
scifact,random,1132:33499189,1132:33499189,6,5,5,0,124,124,0,revision-added exploratory
scifact,random,1137:33370,1137:33370,11,4,5,1,83,128,45,revision-added exploratory
scifact,random,113:6157837,113:6157837,10,3,5,2,117,191,74,revision-added exploratory
scifact,random,1140:12009265,1140:12009265,17,5,6,1,105,180,75,revision-added exploratory
scifact,random,1144:10071552,1144:10071552,9,2,8,6,65,314,249,revision-added exploratory
scifact,random,1146:13906581,1146:13906581,15,4,15,11,113,328,215,revision-added exploratory
scifact,random,1150:11369420,1150:11369420,8,3,8,5,60,156,96,revision-added exploratory
scifact,random,115:33872649,115:33872649,8,1,1,0,42,42,0,revision-added exploratory
scifact,random,1163:15305881,1163:15305881,8,5,5,0,117,117,0,revision-added exploratory
scifact,random,1180:31272411,1180:31272411,6,3,3,0,64,64,0,revision-added exploratory
scifact,random,1185:16737210,1185:16737210,13,8,8,0,243,243,0,revision-added exploratory
scifact,random,1187:52873726,1187:52873726,9,1,1,0,24,24,0,revision-added exploratory
scifact,random,118:6372244,118:6372244,5,3,5,2,98,148,50,revision-added exploratory
scifact,random,1202:3475317,1202:3475317,9,7,7,0,147,147,0,revision-added exploratory
scifact,random,1216:24142891,1216:24142891,8,5,5,0,97,97,0,revision-added exploratory
scifact,random,1221:19736671,1221:19736671,6,4,4,0,132,132,0,revision-added exploratory
scifact,random,1225:9650982,1225:9650982,5,2,2,0,84,84,0,revision-added exploratory
scifact,random,1232:13905670,1232:13905670,6,6,6,0,155,155,0,revision-added exploratory
scifact,random,1241:4427392,1241:4427392,8,4,4,0,166,166,0,revision-added exploratory
scifact,random,124:4883040,124:4883040,13,2,9,7,108,243,135,revision-added exploratory
scifact,random,1259:24341590,1259:24341590,14,6,12,6,150,334,184,revision-added exploratory
scifact,random,1262:44172171,1262:44172171,8,8,8,0,156,156,0,revision-added exploratory
scifact,random,1266:37480103,1266:37480103,14,1,9,8,12,264,252,revision-added exploratory
scifact,random,1270:13900610,1270:13900610,18,3,5,2,83,121,38,revision-added exploratory
scifact,random,1271:13768432,1271:13768432,13,8,11,3,183,284,101,revision-added exploratory
scifact,random,1273:11041152,1273:11041152,9,1,1,0,24,24,0,revision-added exploratory
scifact,random,1274:4406819,1274:4406819,8,7,8,1,193,218,25,revision-added exploratory
scifact,random,1290:4687948,1290:4687948,17,1,15,14,31,440,409,revision-added exploratory
scifact,random,1298:11718220,1298:11718220,16,2,6,4,57,161,104,revision-added exploratory
scifact,random,129:27768226,129:27768226,42,1,25,24,25,690,665,revision-added exploratory
scifact,random,1303:12631697,1303:12631697,6,1,3,2,34,99,65,revision-added exploratory
scifact,random,130:27768226,129:27768226,42,1,33,32,20,882,862,revision-added exploratory
scifact,random,1319:16284655,1319:16284655,7,1,1,0,18,18,0,revision-added exploratory
scifact,random,1320:16284655,1319:16284655,7,3,3,0,67,67,0,revision-added exploratory
scifact,random,1335:27910499,1335:27910499,7,2,2,0,56,56,0,revision-added exploratory
scifact,random,1336:27910499,1335:27910499,7,6,6,0,137,137,0,revision-added exploratory
scifact,random,1337:20231138,1337:20231138,8,8,8,0,155,155,0,revision-added exploratory
scifact,random,1339:15482274,1339:15482274,12,4,9,5,96,246,150,revision-added exploratory
scifact,random,133:16280642,133:16280642,8,7,7,0,162,162,0,revision-added exploratory
scifact,random,1352:12885341,1352:12885341,7,3,4,1,74,99,25,revision-added exploratory
scifact,random,1359:11614737,1359:11614737,16,1,1,0,61,61,0,revision-added exploratory
scifact,random,1368:2425364,1368:2425364,13,2,10,8,33,215,182,revision-added exploratory
scifact,random,1370:2425364,1368:2425364,13,2,11,9,64,245,181,revision-added exploratory
scifact,random,1379:16322674,1379:16322674,12,7,9,2,204,308,104,revision-added exploratory
scifact,random,1379:17450673,1379:16322674,10,7,7,0,218,218,0,revision-added exploratory
scifact,random,1379:23557241,1379:16322674,11,10,10,0,230,230,0,revision-added exploratory
scifact,random,1379:27123743,1379:16322674,9,2,3,1,48,65,17,revision-added exploratory
scifact,random,137:26016929,137:26016929,13,13,13,0,221,221,0,revision-added exploratory
scifact,random,1382:17755060,1382:17755060,6,3,4,1,57,88,31,revision-added exploratory
scifact,random,1385:306006,1385:306006,6,3,3,0,57,57,0,revision-added exploratory
scifact,random,1389:23895668,1389:23895668,5,5,5,0,115,115,0,revision-added exploratory
scifact,random,141:14437255,141:14437255,15,1,15,14,23,372,349,revision-added exploratory
scifact,random,142:10582939,142:10582939,14,1,1,0,76,76,0,revision-added exploratory
scifact,random,143:10582939,142:10582939,14,3,3,0,150,150,0,revision-added exploratory
scifact,random,146:10582939,142:10582939,14,4,8,4,172,313,141,revision-added exploratory
scifact,random,148:1084345,148:1084345,6,5,5,0,173,173,0,revision-added exploratory
scifact,random,163:18872233,163:18872233,13,1,11,10,30,272,242,revision-added exploratory
scifact,random,171:12670680,171:12670680,5,2,4,2,55,151,96,revision-added exploratory
scifact,random,179:16322674,1379:16322674,12,3,7,4,122,247,125,revision-added exploratory
scifact,random,179:17450673,1379:16322674,10,4,5,1,126,214,88,revision-added exploratory
scifact,random,179:23557241,1379:16322674,11,2,2,0,59,59,0,revision-added exploratory
scifact,random,179:27123743,1379:16322674,9,3,7,4,44,161,117,revision-added exploratory
scifact,random,180:16966326,180:16966326,7,3,3,0,107,107,0,revision-added exploratory
scifact,random,183:12827098,183:12827098,6,1,1,0,23,23,0,revision-added exploratory
scifact,random,185:18340282,185:18340282,8,7,8,1,197,286,89,revision-added exploratory
scifact,random,208:13519661,208:13519661,10,6,6,0,151,151,0,revision-added exploratory
scifact,random,212:22038539,212:22038539,9,3,9,6,51,205,154,revision-added exploratory
scifact,random,216:21366394,216:21366394,7,5,5,0,130,130,0,revision-added exploratory
scifact,random,217:21366394,216:21366394,7,7,7,0,180,180,0,revision-added exploratory
scifact,random,218:21366394,216:21366394,7,1,3,2,23,84,61,revision-added exploratory
scifact,random,219:21366394,216:21366394,7,2,5,3,72,153,81,revision-added exploratory
scifact,random,230:3067015,230:3067015,10,9,9,0,274,274,0,revision-added exploratory
scifact,random,233:4388470,233:4388470,8,1,8,7,30,203,173,revision-added exploratory
scifact,random,236:4388470,233:4388470,8,2,7,5,56,169,113,revision-added exploratory
scifact,random,239:14079881,239:14079881,12,3,6,3,56,118,62,revision-added exploratory
scifact,random,248:1568684,248:1568684,7,6,7,1,138,148,10,revision-added exploratory
scifact,random,249:1568684,248:1568684,7,4,7,3,88,148,60,revision-added exploratory
scifact,random,261:10697096,261:10697096,13,9,9,0,220,220,0,revision-added exploratory
scifact,random,261:1122279,261:10697096,11,8,8,0,216,216,0,revision-added exploratory
scifact,random,274:11614737,1359:11614737,16,7,11,4,236,346,110,revision-added exploratory
scifact,random,275:14241418,275:14241418,11,1,1,0,27,27,0,revision-added exploratory
scifact,random,275:4961038,275:14241418,9,5,6,1,111,138,27,revision-added exploratory
scifact,random,279:14376683,279:14376683,10,5,5,0,141,141,0,revision-added exploratory
scifact,random,295:20310709,295:20310709,7,6,7,1,139,164,25,revision-added exploratory
scifact,random,298:39381118,298:39381118,5,2,2,0,51,51,0,revision-added exploratory
scifact,random,314:4347374,314:4347374,7,6,6,0,171,171,0,revision-added exploratory
scifact,random,327:17997584,1130:17997584,5,2,2,0,62,62,0,revision-added exploratory
scifact,random,338:23349986,338:23349986,17,9,15,6,144,332,188,revision-added exploratory
scifact,random,343:5884524,343:5884524,10,2,2,0,55,55,0,revision-added exploratory
scifact,random,380:19005293,380:19005293,5,5,5,0,148,148,0,revision-added exploratory
scifact,random,385:9955779,385:9955779,6,2,2,0,46,46,0,revision-added exploratory
scifact,random,386:16495649,386:16495649,12,4,9,5,74,131,57,revision-added exploratory
scifact,random,399:791050,399:791050,13,8,13,5,170,347,177,revision-added exploratory
scifact,random,3:14717500,3:14717500,8,5,7,2,167,227,60,revision-added exploratory
scifact,random,415:6309659,415:6309659,14,11,11,0,327,327,0,revision-added exploratory
scifact,random,42:18174210,42:18174210,14,11,13,2,322,379,57,revision-added exploratory
scifact,random,431:28937856,431:28937856,6,3,3,0,87,87,0,revision-added exploratory
scifact,random,436:14637235,436:14637235,6,4,6,2,121,168,47,revision-added exploratory
scifact,random,443:10165258,443:10165258,7,6,6,0,147,147,0,revision-added exploratory
scifact,random,452:12804937,452:12804937,4,2,2,0,39,39,0,revision-added exploratory
scifact,random,452:464511,452:12804937,7,3,3,0,66,66,0,revision-added exploratory
scifact,random,475:18678095,475:18678095,8,5,5,0,92,92,0,revision-added exploratory
scifact,random,48:13734012,48:13734012,9,1,1,0,30,30,0,revision-added exploratory
scifact,random,49:5953485,49:5953485,5,2,4,2,55,123,68,revision-added exploratory
scifact,random,501:17930286,501:17930286,16,15,15,0,300,300,0,revision-added exploratory
scifact,random,50:12580014,50:12580014,4,2,2,0,97,97,0,revision-added exploratory
scifact,random,513:13230773,513:13230773,12,2,2,0,78,78,0,revision-added exploratory
scifact,random,516:29564505,516:29564505,15,1,13,12,37,469,432,revision-added exploratory
scifact,random,51:45638119,51:45638119,6,2,2,0,40,40,0,revision-added exploratory
scifact,random,521:34873974,521:34873974,17,3,3,0,86,86,0,revision-added exploratory
scifact,random,525:13639330,525:13639330,4,2,2,0,68,68,0,revision-added exploratory
scifact,random,528:5476778,528:5476778,15,6,6,0,101,101,0,revision-added exploratory
scifact,random,532:12991445,532:12991445,13,1,13,12,30,341,311,revision-added exploratory
scifact,random,533:12991445,532:12991445,13,1,11,10,16,296,280,revision-added exploratory
scifact,random,536:16056514,536:16056514,7,1,1,0,44,44,0,revision-added exploratory
scifact,random,539:13282296,539:13282296,13,5,9,4,176,307,131,revision-added exploratory
scifact,random,53:45638119,51:45638119,6,5,5,0,121,121,0,revision-added exploratory
scifact,random,540:11886686,540:11886686,8,2,2,0,46,46,0,revision-added exploratory
scifact,random,549:9433958,1020:9433958,6,3,3,0,83,83,0,revision-added exploratory
scifact,random,54:49556906,54:49556906,8,2,8,6,50,180,130,revision-added exploratory
scifact,random,569:23460562,569:23460562,7,2,2,0,67,67,0,revision-added exploratory
scifact,random,56:4709641,56:4709641,6,1,1,0,58,58,0,revision-added exploratory
scifact,random,578:8764879,578:8764879,9,2,9,7,57,225,168,revision-added exploratory
scifact,random,57:4709641,56:4709641,6,6,6,0,178,178,0,revision-added exploratory
scifact,random,589:10984005,589:10984005,14,6,8,2,164,217,53,revision-added exploratory
scifact,random,593:19675911,593:19675911,10,5,5,0,139,139,0,revision-added exploratory
scifact,random,597:12779444,597:12779444,3,2,2,0,109,109,0,revision-added exploratory
scifact,random,597:25742130,597:12779444,12,11,11,0,242,242,0,revision-added exploratory
scifact,random,597:36355784,597:12779444,15,10,10,0,146,146,0,revision-added exploratory
scifact,random,598:25742130,597:12779444,12,2,6,4,42,115,73,revision-added exploratory
scifact,random,5:13734012,48:13734012,9,2,2,0,79,79,0,revision-added exploratory
scifact,random,613:9638032,613:9638032,7,7,7,0,157,157,0,revision-added exploratory
scifact,random,619:20888849,619:20888849,5,4,4,0,93,93,0,revision-added exploratory
scifact,random,636:24294572,636:24294572,8,1,1,0,21,21,0,revision-added exploratory
scifact,random,641:5912283,641:5912283,14,1,9,8,34,223,189,revision-added exploratory
scifact,random,674:2095573,674:2095573,12,9,9,0,274,274,0,revision-added exploratory
scifact,random,692:24088502,692:24088502,11,2,5,3,52,136,84,revision-added exploratory
scifact,random,693:24088502,692:24088502,11,3,8,5,136,257,121,revision-added exploratory
scifact,random,70:4414547,70:4414547,9,7,7,0,198,198,0,revision-added exploratory
scifact,random,70:5956380,70:4414547,8,4,4,0,78,78,0,revision-added exploratory
scifact,random,718:17587795,718:17587795,8,1,1,0,16,16,0,revision-added exploratory
scifact,random,721:1834762,721:1834762,6,6,6,0,151,151,0,revision-added exploratory
scifact,random,723:5531479,723:5531479,7,1,3,2,22,54,32,revision-added exploratory
scifact,random,728:36444198,728:36444198,12,5,12,7,107,228,121,revision-added exploratory
scifact,random,729:26851674,729:26851674,6,3,3,0,57,57,0,revision-added exploratory
scifact,random,742:32159283,742:32159283,11,9,9,0,229,229,0,revision-added exploratory
scifact,random,743:32159283,742:32159283,11,7,7,0,154,154,0,revision-added exploratory
scifact,random,744:8460275,744:8460275,8,3,3,0,51,51,0,revision-added exploratory
scifact,random,756:2831620,756:2831620,5,2,2,0,67,67,0,revision-added exploratory
scifact,random,759:1805641,759:1805641,16,1,1,0,33,33,0,revision-added exploratory
scifact,random,770:15476777,770:15476777,20,3,3,0,48,48,0,revision-added exploratory
scifact,random,781:24338780,781:24338780,7,1,4,3,16,114,98,revision-added exploratory
scifact,random,784:2356950,784:2356950,7,6,6,0,134,134,0,revision-added exploratory
scifact,random,793:8551160,793:8551160,6,2,2,0,22,22,0,revision-added exploratory
scifact,random,805:22180793,805:22180793,8,3,7,4,50,159,109,revision-added exploratory
scifact,random,808:36606083,808:36606083,5,4,4,0,124,124,0,revision-added exploratory
scifact,random,811:19799455,811:19799455,11,3,6,3,54,130,76,revision-added exploratory
scifact,random,823:15319019,823:15319019,16,12,12,0,342,342,0,revision-added exploratory
scifact,random,832:30303335,832:30303335,8,5,8,3,104,155,51,revision-added exploratory
scifact,random,837:15928989,837:15928989,10,1,6,5,31,129,98,revision-added exploratory
scifact,random,839:1469751,839:1469751,4,2,4,2,87,153,66,revision-added exploratory
scifact,random,845:17741440,845:17741440,3,1,1,0,29,29,0,revision-added exploratory
scifact,random,847:16787954,847:16787954,7,6,6,0,154,154,0,revision-added exploratory
scifact,random,852:13843341,852:13843341,11,2,9,7,57,224,167,revision-added exploratory
scifact,random,859:1982286,859:1982286,6,1,1,0,36,36,0,revision-added exploratory
scifact,random,873:1180972,873:1180972,8,2,8,6,46,204,158,revision-added exploratory
scifact,random,873:19307912,873:1180972,10,4,6,2,102,177,75,revision-added exploratory
scifact,random,873:27393799,873:1180972,10,10,10,0,251,251,0,revision-added exploratory
scifact,random,873:29025270,873:1180972,6,1,4,3,42,123,81,revision-added exploratory
scifact,random,873:3315558,873:1180972,6,2,3,1,31,44,13,revision-added exploratory
scifact,random,879:8426046,879:8426046,7,6,6,0,132,132,0,revision-added exploratory
scifact,random,880:8426046,879:8426046,7,1,1,0,32,32,0,revision-added exploratory
scifact,random,882:14803797,882:14803797,8,2,2,0,47,47,0,revision-added exploratory
scifact,random,903:10648422,903:10648422,6,1,2,1,36,63,27,revision-added exploratory
scifact,random,904:7370282,904:7370282,7,3,3,0,73,73,0,revision-added exploratory
scifact,random,911:11254556,911:11254556,10,3,8,5,94,249,155,revision-added exploratory
scifact,random,921:1642727,921:1642727,15,6,12,6,149,299,150,revision-added exploratory
scifact,random,922:17077004,922:17077004,10,1,4,3,22,109,87,revision-added exploratory
scifact,random,936:5483793,936:5483793,6,1,1,0,21,21,0,revision-added exploratory
scifact,random,957:123859,957:123859,7,3,3,0,55,55,0,revision-added exploratory
scifact,random,960:8780599,960:8780599,9,2,4,2,40,97,57,revision-added exploratory
scifact,random,967:8997410,967:8997410,6,2,2,0,77,77,0,revision-added exploratory
scifact,random,971:27873158,971:27873158,24,3,18,15,99,452,353,revision-added exploratory
scifact,random,971:28617573,971:27873158,17,13,13,0,424,424,0,revision-added exploratory
scifact,random,971:46695481,971:27873158,11,3,8,5,107,297,190,revision-added exploratory
scifact,random,971:9764256,971:27873158,20,20,20,0,794,794,0,revision-added exploratory
scifact,random,982:2988714,982:2988714,8,6,6,0,105,105,0,revision-added exploratory
scifact,random,985:6828370,985:6828370,8,2,2,0,37,37,0,revision-added exploratory
scifact,random,993:16472469,993:16472469,8,6,6,0,111,111,0,revision-added exploratory
scifact,qwen3,100:4381486,100:4381486,8,1,1,0,20,20,0,revision-added exploratory
scifact,qwen3,1012:9745001,1012:9745001,13,1,5,4,37,165,128,revision-added exploratory
scifact,qwen3,1019:11603066,1019:11603066,8,4,4,0,133,133,0,revision-added exploratory
scifact,qwen3,1020:9433958,1020:9433958,6,1,1,0,39,39,0,revision-added exploratory
scifact,qwen3,1021:9433958,1020:9433958,6,1,1,0,39,39,0,revision-added exploratory
scifact,qwen3,1024:5373138,1024:5373138,6,1,1,0,30,30,0,revision-added exploratory
scifact,qwen3,1029:11899391,1029:11899391,8,2,2,0,95,95,0,revision-added exploratory
scifact,qwen3,1029:13923140,1029:11899391,4,3,3,0,109,109,0,revision-added exploratory
scifact,qwen3,1029:13940200,1029:11899391,4,1,1,0,33,33,0,revision-added exploratory
scifact,qwen3,1041:25254425,1041:25254425,8,5,5,0,137,137,0,revision-added exploratory
scifact,qwen3,1049:12486491,1049:12486491,7,5,5,0,111,111,0,revision-added exploratory
scifact,qwen3,1062:20381484,1062:20381484,12,1,1,0,28,28,0,revision-added exploratory
scifact,qwen3,1086:39281140,1086:39281140,11,1,4,3,27,103,76,revision-added exploratory
scifact,qwen3,1088:37549932,1088:37549932,6,1,1,0,24,24,0,revision-added exploratory
scifact,qwen3,1089:17628888,1089:17628888,9,4,4,0,127,127,0,revision-added exploratory
scifact,qwen3,1104:3898784,1104:3898784,14,1,6,5,81,214,133,revision-added exploratory
scifact,qwen3,1107:20532591,1107:20532591,7,1,1,0,16,16,0,revision-added exploratory
scifact,qwen3,1110:13770184,1110:13770184,25,5,5,0,249,249,0,revision-added exploratory
scifact,qwen3,1121:4456756,1121:4456756,8,3,3,0,84,84,0,revision-added exploratory
scifact,qwen3,1130:17997584,1130:17997584,5,1,1,0,19,19,0,revision-added exploratory
scifact,qwen3,1132:33499189,1132:33499189,6,4,4,0,93,93,0,revision-added exploratory
scifact,qwen3,1137:33370,1137:33370,11,3,5,2,133,171,38,revision-added exploratory
scifact,qwen3,113:6157837,113:6157837,10,1,2,1,44,83,39,revision-added exploratory
scifact,qwen3,1140:12009265,1140:12009265,17,2,4,2,96,145,49,revision-added exploratory
scifact,qwen3,1144:10071552,1144:10071552,9,1,5,4,25,201,176,revision-added exploratory
scifact,qwen3,1146:13906581,1146:13906581,15,2,6,4,64,185,121,revision-added exploratory
scifact,qwen3,1150:11369420,1150:11369420,8,1,4,3,18,80,62,revision-added exploratory
scifact,qwen3,115:33872649,115:33872649,8,1,1,0,42,42,0,revision-added exploratory
scifact,qwen3,1163:15305881,1163:15305881,8,3,3,0,93,93,0,revision-added exploratory
scifact,qwen3,1180:31272411,1180:31272411,6,1,1,0,28,28,0,revision-added exploratory
scifact,qwen3,1185:16737210,1185:16737210,13,1,1,0,27,27,0,revision-added exploratory
scifact,qwen3,1187:52873726,1187:52873726,9,1,1,0,24,24,0,revision-added exploratory
scifact,qwen3,118:6372244,118:6372244,5,2,3,1,50,71,21,revision-added exploratory
scifact,qwen3,1202:3475317,1202:3475317,9,1,1,0,28,28,0,revision-added exploratory
scifact,qwen3,1216:24142891,1216:24142891,8,1,1,0,19,19,0,revision-added exploratory
scifact,qwen3,1221:19736671,1221:19736671,6,1,1,0,36,36,0,revision-added exploratory
scifact,qwen3,1225:9650982,1225:9650982,5,1,1,0,65,65,0,revision-added exploratory
scifact,qwen3,1232:13905670,1232:13905670,6,1,1,0,43,43,0,revision-added exploratory
scifact,qwen3,1241:4427392,1241:4427392,8,6,6,0,211,211,0,revision-added exploratory
scifact,qwen3,124:4883040,124:4883040,13,1,2,1,19,105,86,revision-added exploratory
scifact,qwen3,1259:24341590,1259:24341590,14,1,11,10,46,353,307,revision-added exploratory
scifact,qwen3,1262:44172171,1262:44172171,8,6,6,0,118,118,0,revision-added exploratory
scifact,qwen3,1266:37480103,1266:37480103,14,1,2,1,12,102,90,revision-added exploratory
scifact,qwen3,1270:13900610,1270:13900610,18,1,2,1,16,48,32,revision-added exploratory
scifact,qwen3,1271:13768432,1271:13768432,13,1,3,2,12,105,93,revision-added exploratory
scifact,qwen3,1273:11041152,1273:11041152,9,1,1,0,24,24,0,revision-added exploratory
scifact,qwen3,1274:4406819,1274:4406819,8,6,8,2,163,218,55,revision-added exploratory
scifact,qwen3,1290:4687948,1290:4687948,17,2,10,8,86,367,281,revision-added exploratory
scifact,qwen3,1298:11718220,1298:11718220,16,3,4,1,51,93,42,revision-added exploratory
scifact,qwen3,129:27768226,129:27768226,42,1,15,14,20,461,441,revision-added exploratory
scifact,qwen3,1303:12631697,1303:12631697,6,1,4,3,24,114,90,revision-added exploratory
scifact,qwen3,130:27768226,129:27768226,42,1,16,15,20,480,460,revision-added exploratory
scifact,qwen3,1319:16284655,1319:16284655,7,3,3,0,71,71,0,revision-added exploratory
scifact,qwen3,1320:16284655,1319:16284655,7,4,4,0,104,104,0,revision-added exploratory
scifact,qwen3,1335:27910499,1335:27910499,7,1,1,0,39,39,0,revision-added exploratory
scifact,qwen3,1336:27910499,1335:27910499,7,1,1,0,39,39,0,revision-added exploratory
scifact,qwen3,1337:20231138,1337:20231138,8,1,1,0,27,27,0,revision-added exploratory
scifact,qwen3,1339:15482274,1339:15482274,12,2,9,7,83,242,159,revision-added exploratory
scifact,qwen3,133:16280642,133:16280642,8,2,2,0,58,58,0,revision-added exploratory
scifact,qwen3,1352:12885341,1352:12885341,7,1,3,2,25,73,48,revision-added exploratory
scifact,qwen3,1359:11614737,1359:11614737,16,1,1,0,61,61,0,revision-added exploratory
scifact,qwen3,1368:2425364,1368:2425364,13,1,5,4,21,135,114,revision-added exploratory
scifact,qwen3,1370:2425364,1368:2425364,13,3,4,1,64,89,25,revision-added exploratory
scifact,qwen3,1379:16322674,1379:16322674,12,1,4,3,90,212,122,revision-added exploratory
scifact,qwen3,1379:17450673,1379:16322674,10,1,1,0,88,88,0,revision-added exploratory
scifact,qwen3,1379:23557241,1379:16322674,11,1,1,0,47,47,0,revision-added exploratory
scifact,qwen3,1379:27123743,1379:16322674,9,1,3,2,37,70,33,revision-added exploratory
scifact,qwen3,137:26016929,137:26016929,13,4,4,0,86,86,0,revision-added exploratory
scifact,qwen3,1382:17755060,1382:17755060,6,2,3,1,46,77,31,revision-added exploratory
scifact,qwen3,1385:306006,1385:306006,6,1,1,0,19,19,0,revision-added exploratory
scifact,qwen3,1389:23895668,1389:23895668,5,3,3,0,75,75,0,revision-added exploratory
scifact,qwen3,141:14437255,141:14437255,15,1,12,11,25,312,287,revision-added exploratory
scifact,qwen3,142:10582939,142:10582939,14,1,1,0,76,76,0,revision-added exploratory
scifact,qwen3,143:10582939,142:10582939,14,1,1,0,76,76,0,revision-added exploratory
scifact,qwen3,146:10582939,142:10582939,14,2,4,2,108,204,96,revision-added exploratory
scifact,qwen3,148:1084345,148:1084345,6,2,2,0,73,73,0,revision-added exploratory
scifact,qwen3,163:18872233,163:18872233,13,2,5,3,66,145,79,revision-added exploratory
scifact,qwen3,171:12670680,171:12670680,5,2,4,2,48,144,96,revision-added exploratory
scifact,qwen3,179:16322674,1379:16322674,12,1,7,6,90,293,203,revision-added exploratory
scifact,qwen3,179:17450673,1379:16322674,10,1,7,6,88,277,189,revision-added exploratory
scifact,qwen3,179:23557241,1379:16322674,11,1,1,0,47,47,0,revision-added exploratory
scifact,qwen3,179:27123743,1379:16322674,9,2,3,1,33,70,37,revision-added exploratory
scifact,qwen3,180:16966326,180:16966326,7,2,2,0,61,61,0,revision-added exploratory
scifact,qwen3,183:12827098,183:12827098,6,1,1,0,23,23,0,revision-added exploratory
scifact,qwen3,185:18340282,185:18340282,8,2,3,1,52,141,89,revision-added exploratory
scifact,qwen3,208:13519661,208:13519661,10,3,3,0,77,77,0,revision-added exploratory
scifact,qwen3,212:22038539,212:22038539,9,1,8,7,30,196,166,revision-added exploratory
scifact,qwen3,216:21366394,216:21366394,7,2,2,0,61,61,0,revision-added exploratory
scifact,qwen3,217:21366394,216:21366394,7,2,2,0,61,61,0,revision-added exploratory
scifact,qwen3,218:21366394,216:21366394,7,2,6,4,61,164,103,revision-added exploratory
scifact,qwen3,219:21366394,216:21366394,7,3,5,2,95,133,38,revision-added exploratory
scifact,qwen3,230:3067015,230:3067015,10,1,1,0,28,28,0,revision-added exploratory
scifact,qwen3,233:4388470,233:4388470,8,1,6,5,22,166,144,revision-added exploratory
scifact,qwen3,236:4388470,233:4388470,8,1,6,5,22,166,144,revision-added exploratory
scifact,qwen3,239:14079881,239:14079881,12,1,2,1,41,64,23,revision-added exploratory
scifact,qwen3,248:1568684,248:1568684,7,1,6,5,10,122,112,revision-added exploratory
scifact,qwen3,249:1568684,248:1568684,7,1,6,5,10,122,112,revision-added exploratory
scifact,qwen3,261:10697096,261:10697096,13,1,1,0,28,28,0,revision-added exploratory
scifact,qwen3,261:1122279,261:10697096,11,4,4,0,108,108,0,revision-added exploratory
scifact,qwen3,274:11614737,1359:11614737,16,2,14,12,86,399,313,revision-added exploratory
scifact,qwen3,275:14241418,275:14241418,11,6,6,0,158,158,0,revision-added exploratory
scifact,qwen3,275:4961038,275:14241418,9,1,2,1,33,60,27,revision-added exploratory
scifact,qwen3,279:14376683,279:14376683,10,8,8,0,226,226,0,revision-added exploratory
scifact,qwen3,295:20310709,295:20310709,7,3,5,2,75,127,52,revision-added exploratory
scifact,qwen3,298:39381118,298:39381118,5,1,1,0,28,28,0,revision-added exploratory
scifact,qwen3,314:4347374,314:4347374,7,6,6,0,144,144,0,revision-added exploratory
scifact,qwen3,327:17997584,1130:17997584,5,1,1,0,30,30,0,revision-added exploratory
scifact,qwen3,338:23349986,338:23349986,17,1,16,15,23,350,327,revision-added exploratory
scifact,qwen3,343:5884524,343:5884524,10,5,5,0,135,135,0,revision-added exploratory
scifact,qwen3,380:19005293,380:19005293,5,1,1,0,38,38,0,revision-added exploratory
scifact,qwen3,385:9955779,385:9955779,6,2,2,0,48,48,0,revision-added exploratory
scifact,qwen3,386:16495649,386:16495649,12,1,5,4,16,101,85,revision-added exploratory
scifact,qwen3,399:791050,399:791050,13,1,3,2,26,105,79,revision-added exploratory
scifact,qwen3,3:14717500,3:14717500,8,2,6,4,68,233,165,revision-added exploratory
scifact,qwen3,415:6309659,415:6309659,14,1,1,0,60,60,0,revision-added exploratory
scifact,qwen3,42:18174210,42:18174210,14,2,10,8,33,290,257,revision-added exploratory
scifact,qwen3,431:28937856,431:28937856,6,3,3,0,87,87,0,revision-added exploratory
scifact,qwen3,436:14637235,436:14637235,6,1,2,1,25,53,28,revision-added exploratory
scifact,qwen3,443:10165258,443:10165258,7,5,5,0,123,123,0,revision-added exploratory
scifact,qwen3,452:12804937,452:12804937,4,1,1,0,24,24,0,revision-added exploratory
scifact,qwen3,452:464511,452:12804937,7,1,1,0,11,11,0,revision-added exploratory
scifact,qwen3,475:18678095,475:18678095,8,1,1,0,11,11,0,revision-added exploratory
scifact,qwen3,48:13734012,48:13734012,9,4,4,0,174,174,0,revision-added exploratory
scifact,qwen3,49:5953485,49:5953485,5,1,2,1,37,69,32,revision-added exploratory
scifact,qwen3,501:17930286,501:17930286,16,2,2,0,36,36,0,revision-added exploratory
scifact,qwen3,50:12580014,50:12580014,4,1,1,0,36,36,0,revision-added exploratory
scifact,qwen3,513:13230773,513:13230773,12,4,4,0,112,112,0,revision-added exploratory
scifact,qwen3,516:29564505,516:29564505,15,1,9,8,37,352,315,revision-added exploratory
scifact,qwen3,51:45638119,51:45638119,6,1,1,0,17,17,0,revision-added exploratory
scifact,qwen3,521:34873974,521:34873974,17,7,7,0,279,279,0,revision-added exploratory
scifact,qwen3,525:13639330,525:13639330,4,1,1,0,34,34,0,revision-added exploratory
scifact,qwen3,528:5476778,528:5476778,15,1,1,0,21,21,0,revision-added exploratory
scifact,qwen3,532:12991445,532:12991445,13,2,7,5,58,196,138,revision-added exploratory
scifact,qwen3,533:12991445,532:12991445,13,2,7,5,58,196,138,revision-added exploratory
scifact,qwen3,536:16056514,536:16056514,7,1,1,0,44,44,0,revision-added exploratory
scifact,qwen3,539:13282296,539:13282296,13,3,9,6,86,332,246,revision-added exploratory
scifact,qwen3,53:45638119,51:45638119,6,1,1,0,17,17,0,revision-added exploratory
scifact,qwen3,540:11886686,540:11886686,8,7,7,0,142,142,0,revision-added exploratory
scifact,qwen3,549:9433958,1020:9433958,6,1,1,0,39,39,0,revision-added exploratory
scifact,qwen3,54:49556906,54:49556906,8,1,4,3,27,118,91,revision-added exploratory
scifact,qwen3,569:23460562,569:23460562,7,1,1,0,39,39,0,revision-added exploratory
scifact,qwen3,56:4709641,56:4709641,6,1,1,0,58,58,0,revision-added exploratory
scifact,qwen3,578:8764879,578:8764879,9,1,7,6,21,197,176,revision-added exploratory
scifact,qwen3,57:4709641,56:4709641,6,1,1,0,58,58,0,revision-added exploratory
scifact,qwen3,589:10984005,589:10984005,14,1,4,3,31,104,73,revision-added exploratory
scifact,qwen3,593:19675911,593:19675911,10,2,2,0,77,77,0,revision-added exploratory
scifact,qwen3,597:12779444,597:12779444,3,1,1,0,85,85,0,revision-added exploratory
scifact,qwen3,597:25742130,597:12779444,12,5,5,0,121,121,0,revision-added exploratory
scifact,qwen3,597:36355784,597:12779444,15,5,5,0,76,76,0,revision-added exploratory
scifact,qwen3,598:25742130,597:12779444,12,5,11,6,130,238,108,revision-added exploratory
scifact,qwen3,5:13734012,48:13734012,9,1,1,0,30,30,0,revision-added exploratory
scifact,qwen3,613:9638032,613:9638032,7,2,2,0,63,63,0,revision-added exploratory
scifact,qwen3,619:20888849,619:20888849,5,3,3,0,94,94,0,revision-added exploratory
scifact,qwen3,636:24294572,636:24294572,8,1,1,0,21,21,0,revision-added exploratory
scifact,qwen3,641:5912283,641:5912283,14,2,8,6,50,211,161,revision-added exploratory
scifact,qwen3,674:2095573,674:2095573,12,1,1,0,13,13,0,revision-added exploratory
scifact,qwen3,692:24088502,692:24088502,11,1,4,3,30,137,107,revision-added exploratory
scifact,qwen3,693:24088502,692:24088502,11,1,4,3,30,137,107,revision-added exploratory
scifact,qwen3,70:4414547,70:4414547,9,1,1,0,27,27,0,revision-added exploratory
scifact,qwen3,70:5956380,70:4414547,8,2,2,0,42,42,0,revision-added exploratory
scifact,qwen3,718:17587795,718:17587795,8,2,2,0,39,39,0,revision-added exploratory
scifact,qwen3,721:1834762,721:1834762,6,1,1,0,23,23,0,revision-added exploratory
scifact,qwen3,723:5531479,723:5531479,7,2,3,1,44,66,22,revision-added exploratory
scifact,qwen3,728:36444198,728:36444198,12,2,5,3,60,111,51,revision-added exploratory
scifact,qwen3,729:26851674,729:26851674,6,1,1,0,21,21,0,revision-added exploratory
scifact,qwen3,742:32159283,742:32159283,11,1,1,0,15,15,0,revision-added exploratory
scifact,qwen3,743:32159283,742:32159283,11,1,1,0,15,15,0,revision-added exploratory
scifact,qwen3,744:8460275,744:8460275,8,1,1,0,15,15,0,revision-added exploratory
scifact,qwen3,756:2831620,756:2831620,5,1,1,0,48,48,0,revision-added exploratory
scifact,qwen3,759:1805641,759:1805641,16,3,3,0,98,98,0,revision-added exploratory
scifact,qwen3,770:15476777,770:15476777,20,1,1,0,21,21,0,revision-added exploratory
scifact,qwen3,781:24338780,781:24338780,7,1,3,2,16,82,66,revision-added exploratory
scifact,qwen3,784:2356950,784:2356950,7,3,3,0,68,68,0,revision-added exploratory
scifact,qwen3,793:8551160,793:8551160,6,3,3,0,45,45,0,revision-added exploratory
scifact,qwen3,805:22180793,805:22180793,8,6,7,1,146,159,13,revision-added exploratory
scifact,qwen3,808:36606083,808:36606083,5,1,1,0,31,31,0,revision-added exploratory
scifact,qwen3,811:19799455,811:19799455,11,1,7,6,16,155,139,revision-added exploratory
scifact,qwen3,823:15319019,823:15319019,16,3,3,0,112,112,0,revision-added exploratory
scifact,qwen3,832:30303335,832:30303335,8,1,6,5,23,125,102,revision-added exploratory
scifact,qwen3,837:15928989,837:15928989,10,1,3,2,31,76,45,revision-added exploratory
scifact,qwen3,839:1469751,839:1469751,4,2,4,2,76,153,77,revision-added exploratory
scifact,qwen3,845:17741440,845:17741440,3,1,1,0,29,29,0,revision-added exploratory
scifact,qwen3,847:16787954,847:16787954,7,2,2,0,47,47,0,revision-added exploratory
scifact,qwen3,852:13843341,852:13843341,11,2,5,3,43,151,108,revision-added exploratory
scifact,qwen3,859:1982286,859:1982286,6,1,1,0,36,36,0,revision-added exploratory
scifact,qwen3,873:1180972,873:1180972,8,1,6,5,33,160,127,revision-added exploratory
scifact,qwen3,873:19307912,873:1180972,10,1,2,1,19,39,20,revision-added exploratory
scifact,qwen3,873:27393799,873:1180972,10,1,1,0,20,20,0,revision-added exploratory
scifact,qwen3,873:29025270,873:1180972,6,1,5,4,24,177,153,revision-added exploratory
scifact,qwen3,873:3315558,873:1180972,6,4,5,1,89,102,13,revision-added exploratory
scifact,qwen3,879:8426046,879:8426046,7,2,2,0,59,59,0,revision-added exploratory
scifact,qwen3,880:8426046,879:8426046,7,1,1,0,32,32,0,revision-added exploratory
scifact,qwen3,882:14803797,882:14803797,8,1,1,0,21,21,0,revision-added exploratory
scifact,qwen3,903:10648422,903:10648422,6,1,2,1,27,63,36,revision-added exploratory
scifact,qwen3,904:7370282,904:7370282,7,1,1,0,20,20,0,revision-added exploratory
scifact,qwen3,911:11254556,911:11254556,10,2,5,3,85,183,98,revision-added exploratory
scifact,qwen3,921:1642727,921:1642727,15,1,13,12,30,347,317,revision-added exploratory
scifact,qwen3,922:17077004,922:17077004,10,1,2,1,22,79,57,revision-added exploratory
scifact,qwen3,936:5483793,936:5483793,6,1,1,0,21,21,0,revision-added exploratory
scifact,qwen3,957:123859,957:123859,7,2,2,0,47,47,0,revision-added exploratory
scifact,qwen3,960:8780599,960:8780599,9,2,3,1,41,84,43,revision-added exploratory
scifact,qwen3,967:8997410,967:8997410,6,1,1,0,44,44,0,revision-added exploratory
scifact,qwen3,971:27873158,971:27873158,24,2,6,4,81,198,117,revision-added exploratory
scifact,qwen3,971:28617573,971:27873158,17,3,3,0,97,97,0,revision-added exploratory
scifact,qwen3,971:46695481,971:27873158,11,1,2,1,47,86,39,revision-added exploratory
scifact,qwen3,971:9764256,971:27873158,20,11,11,0,574,574,0,revision-added exploratory
scifact,qwen3,982:2988714,982:2988714,8,4,4,0,94,94,0,revision-added exploratory
scifact,qwen3,985:6828370,985:6828370,8,2,2,0,58,58,0,revision-added exploratory
scifact,qwen3,993:16472469,993:16472469,8,1,1,0,22,22,0,revision-added exploratory
